article_id,model,run_id,topic_id,membership_strength
300,bertopic,n30_c25_s42,-1,0.0
551,bertopic,n30_c25_s42,-1,0.0
574,bertopic,n30_c25_s42,16,1.0
593,bertopic,n30_c25_s42,36,0.8071451783802484
1739,bertopic,n30_c25_s42,32,1.0
1755,bertopic,n30_c25_s42,-1,0.0
2835,bertopic,n30_c25_s42,15,0.46974704203260803
3594,bertopic,n30_c25_s42,2,1.0
3635,bertopic,n30_c25_s42,0,1.0
3656,bertopic,n30_c25_s42,-1,0.0
3708,bertopic,n30_c25_s42,12,0.5684062408025523
3798,bertopic,n30_c25_s42,48,1.0
4089,bertopic,n30_c25_s42,59,1.0
4710,bertopic,n30_c25_s42,5,1.0
4830,bertopic,n30_c25_s42,43,1.0
5276,bertopic,n30_c25_s42,-1,0.0
5586,bertopic,n30_c25_s42,55,1.0
5683,bertopic,n30_c25_s42,-1,0.0
5693,bertopic,n30_c25_s42,7,1.0
6435,bertopic,n30_c25_s42,5,0.9796853364376392
6544,bertopic,n30_c25_s42,8,0.40959245497001195
7082,bertopic,n30_c25_s42,4,1.0
7244,bertopic,n30_c25_s42,1,1.0
7574,bertopic,n30_c25_s42,48,1.0
7681,bertopic,n30_c25_s42,23,0.7618754412656162
7854,bertopic,n30_c25_s42,9,0.2452865497811506
7868,bertopic,n30_c25_s42,13,0.5663498743092431
7879,bertopic,n30_c25_s42,4,1.0
7921,bertopic,n30_c25_s42,61,1.0
7959,bertopic,n30_c25_s42,4,1.0
8530,bertopic,n30_c25_s42,15,0.47884632835417995
8844,bertopic,n30_c25_s42,5,0.3971294798088092
9037,bertopic,n30_c25_s42,2,1.0
9349,bertopic,n30_c25_s42,3,0.9581690971300784
10235,bertopic,n30_c25_s42,55,1.0
10296,bertopic,n30_c25_s42,-1,0.0
10939,bertopic,n30_c25_s42,61,1.0
11348,bertopic,n30_c25_s42,2,0.7405515387401128
12099,bertopic,n30_c25_s42,34,1.0
12364,bertopic,n30_c25_s42,14,0.4278209251907251
12399,bertopic,n30_c25_s42,2,0.7405515387401128
12685,bertopic,n30_c25_s42,3,0.8367861847877801
12801,bertopic,n30_c25_s42,-1,0.0
12810,bertopic,n30_c25_s42,28,1.0
12858,bertopic,n30_c25_s42,1,1.0
13084,bertopic,n30_c25_s42,34,1.0
13205,bertopic,n30_c25_s42,25,1.0
13274,bertopic,n30_c25_s42,5,0.6422582791253291
13403,bertopic,n30_c25_s42,-1,0.0
13594,bertopic,n30_c25_s42,13,0.5880012604633589
13768,bertopic,n30_c25_s42,-1,0.0
13851,bertopic,n30_c25_s42,-1,0.0
14117,bertopic,n30_c25_s42,8,0.38338020057223066
14506,bertopic,n30_c25_s42,2,1.0
14528,bertopic,n30_c25_s42,-1,0.0
14529,bertopic,n30_c25_s42,2,1.0
14599,bertopic,n30_c25_s42,0,1.0
14858,bertopic,n30_c25_s42,0,1.0
15016,bertopic,n30_c25_s42,24,0.47800768483231404
15506,bertopic,n30_c25_s42,2,1.0
15759,bertopic,n30_c25_s42,-1,0.0
15792,bertopic,n30_c25_s42,36,0.8137174355722007
15993,bertopic,n30_c25_s42,-1,0.0
16083,bertopic,n30_c25_s42,37,1.0
16274,bertopic,n30_c25_s42,68,1.0
16458,bertopic,n30_c25_s42,5,1.0
16762,bertopic,n30_c25_s42,4,1.0
16814,bertopic,n30_c25_s42,3,0.8280829012237023
17264,bertopic,n30_c25_s42,6,0.4368903472736906
17329,bertopic,n30_c25_s42,7,0.9020701296000845
17922,bertopic,n30_c25_s42,4,1.0
18543,bertopic,n30_c25_s42,30,1.0
19690,bertopic,n30_c25_s42,4,1.0
20012,bertopic,n30_c25_s42,4,1.0
20127,bertopic,n30_c25_s42,4,1.0
20668,bertopic,n30_c25_s42,15,0.6655528304760246
20712,bertopic,n30_c25_s42,39,0.6046871513451577
20941,bertopic,n30_c25_s42,0,1.0
21460,bertopic,n30_c25_s42,-1,0.0
21530,bertopic,n30_c25_s42,15,0.5144594072075581
21659,bertopic,n30_c25_s42,0,1.0
21782,bertopic,n30_c25_s42,2,1.0
21917,bertopic,n30_c25_s42,7,0.36270641027042444
22065,bertopic,n30_c25_s42,-1,0.0
22132,bertopic,n30_c25_s42,44,1.0
22159,bertopic,n30_c25_s42,2,1.0
22390,bertopic,n30_c25_s42,34,1.0
22705,bertopic,n30_c25_s42,-1,0.0
23217,bertopic,n30_c25_s42,2,0.9344131371851926
23962,bertopic,n30_c25_s42,10,0.37193287308103173
24198,bertopic,n30_c25_s42,-1,0.0
24286,bertopic,n30_c25_s42,1,1.0
24876,bertopic,n30_c25_s42,4,0.6856970339769093
24965,bertopic,n30_c25_s42,-1,0.0
25431,bertopic,n30_c25_s42,14,0.4819497528320691
25458,bertopic,n30_c25_s42,-1,0.0
25974,bertopic,n30_c25_s42,46,1.0
26212,bertopic,n30_c25_s42,38,0.634032706284886
26434,bertopic,n30_c25_s42,10,0.37193287308103173
27038,bertopic,n30_c25_s42,9,1.0
27122,bertopic,n30_c25_s42,-1,0.0
27189,bertopic,n30_c25_s42,46,1.0
27469,bertopic,n30_c25_s42,32,0.39802135239249103
27920,bertopic,n30_c25_s42,35,0.4470531154598808
28510,bertopic,n30_c25_s42,3,1.0
28661,bertopic,n30_c25_s42,17,0.5799977954126201
28781,bertopic,n30_c25_s42,-1,0.0
28784,bertopic,n30_c25_s42,4,1.0
28936,bertopic,n30_c25_s42,4,1.0
29129,bertopic,n30_c25_s42,-1,0.0
30097,bertopic,n30_c25_s42,6,0.30280196482191785
30107,bertopic,n30_c25_s42,2,1.0
30257,bertopic,n30_c25_s42,2,1.0
30703,bertopic,n30_c25_s42,-1,0.0
30778,bertopic,n30_c25_s42,59,1.0
30997,bertopic,n30_c25_s42,33,1.0
31478,bertopic,n30_c25_s42,2,0.9745018975394314
31594,bertopic,n30_c25_s42,-1,0.0
31664,bertopic,n30_c25_s42,3,0.85662394313394
31875,bertopic,n30_c25_s42,61,0.7221547551034498
31919,bertopic,n30_c25_s42,3,0.939028357837962
32030,bertopic,n30_c25_s42,4,1.0
32072,bertopic,n30_c25_s42,0,0.8576551969776055
32140,bertopic,n30_c25_s42,5,1.0
33141,bertopic,n30_c25_s42,61,1.0
33193,bertopic,n30_c25_s42,4,1.0
33255,bertopic,n30_c25_s42,14,0.3318452791925992
33651,bertopic,n30_c25_s42,4,1.0
33732,bertopic,n30_c25_s42,36,1.0
33907,bertopic,n30_c25_s42,63,1.0
34443,bertopic,n30_c25_s42,1,1.0
35047,bertopic,n30_c25_s42,10,0.8483078821759821
35309,bertopic,n30_c25_s42,1,0.505309894426839
35903,bertopic,n30_c25_s42,21,0.49721486137965976
35925,bertopic,n30_c25_s42,-1,0.0
36149,bertopic,n30_c25_s42,-1,0.0
36372,bertopic,n30_c25_s42,3,0.8938208258715801
36523,bertopic,n30_c25_s42,4,1.0
36957,bertopic,n30_c25_s42,2,1.0
37122,bertopic,n30_c25_s42,1,1.0
37241,bertopic,n30_c25_s42,25,0.3411250921243406
37289,bertopic,n30_c25_s42,39,0.23807583266788762
38068,bertopic,n30_c25_s42,11,1.0
38130,bertopic,n30_c25_s42,5,0.7459961000130259
38397,bertopic,n30_c25_s42,4,0.7399393348187792
38774,bertopic,n30_c25_s42,5,0.5099974817641187
38952,bertopic,n30_c25_s42,8,0.32518469615863854
39053,bertopic,n30_c25_s42,7,0.8969831756532828
39204,bertopic,n30_c25_s42,4,0.7316149059782392
39234,bertopic,n30_c25_s42,3,0.9821327444376828
40130,bertopic,n30_c25_s42,33,1.0
40296,bertopic,n30_c25_s42,2,1.0
40454,bertopic,n30_c25_s42,4,1.0
40807,bertopic,n30_c25_s42,22,0.12985260022761944
41150,bertopic,n30_c25_s42,15,0.5144594072075581
41235,bertopic,n30_c25_s42,-1,0.0
41649,bertopic,n30_c25_s42,5,0.9139219656127607
41765,bertopic,n30_c25_s42,4,1.0
41883,bertopic,n30_c25_s42,6,1.0
42206,bertopic,n30_c25_s42,61,1.0
42360,bertopic,n30_c25_s42,61,1.0
42454,bertopic,n30_c25_s42,-1,0.0
43243,bertopic,n30_c25_s42,34,0.8971092375410867
43481,bertopic,n30_c25_s42,-1,0.0
43606,bertopic,n30_c25_s42,48,0.4359403381368256
43636,bertopic,n30_c25_s42,14,0.41837224746747614
44273,bertopic,n30_c25_s42,3,0.9099758505338046
44421,bertopic,n30_c25_s42,-1,0.0
44459,bertopic,n30_c25_s42,0,1.0
44507,bertopic,n30_c25_s42,43,1.0
44761,bertopic,n30_c25_s42,27,0.47142499616138905
44828,bertopic,n30_c25_s42,4,1.0
44886,bertopic,n30_c25_s42,38,1.0
44926,bertopic,n30_c25_s42,-1,0.0
45170,bertopic,n30_c25_s42,-1,0.0
45318,bertopic,n30_c25_s42,-1,0.0
45333,bertopic,n30_c25_s42,39,0.2301567881205974
45594,bertopic,n30_c25_s42,23,0.7270735644289203
45601,bertopic,n30_c25_s42,8,0.3155529149139443
45666,bertopic,n30_c25_s42,36,1.0
45929,bertopic,n30_c25_s42,0,1.0
46773,bertopic,n30_c25_s42,-1,0.0
46798,bertopic,n30_c25_s42,2,1.0
47374,bertopic,n30_c25_s42,21,1.0
47878,bertopic,n30_c25_s42,65,1.0
48013,bertopic,n30_c25_s42,-1,0.0
48054,bertopic,n30_c25_s42,61,0.8917727272732663
48189,bertopic,n30_c25_s42,4,1.0
48429,bertopic,n30_c25_s42,3,0.969589876961123
48523,bertopic,n30_c25_s42,0,1.0
48645,bertopic,n30_c25_s42,50,0.6765610781904119
48719,bertopic,n30_c25_s42,4,1.0
48986,bertopic,n30_c25_s42,18,0.6710914141838864
49147,bertopic,n30_c25_s42,-1,0.0
49182,bertopic,n30_c25_s42,26,1.0
49242,bertopic,n30_c25_s42,26,1.0
49457,bertopic,n30_c25_s42,-1,0.0
49694,bertopic,n30_c25_s42,4,1.0
50156,bertopic,n30_c25_s42,17,1.0
50396,bertopic,n30_c25_s42,32,1.0
50448,bertopic,n30_c25_s42,1,1.0
50669,bertopic,n30_c25_s42,28,1.0
51001,bertopic,n30_c25_s42,-1,0.0
51195,bertopic,n30_c25_s42,16,1.0
51957,bertopic,n30_c25_s42,36,1.0
52032,bertopic,n30_c25_s42,4,0.790602142340422
52281,bertopic,n30_c25_s42,4,1.0
52788,bertopic,n30_c25_s42,23,0.7618754412656162
52904,bertopic,n30_c25_s42,32,0.929107015041684
53033,bertopic,n30_c25_s42,41,1.0
53036,bertopic,n30_c25_s42,55,1.0
53127,bertopic,n30_c25_s42,4,0.9944870377496015
53281,bertopic,n30_c25_s42,27,0.6075566203514629
53378,bertopic,n30_c25_s42,10,0.6780440603656903
53444,bertopic,n30_c25_s42,7,0.46700910953807345
53522,bertopic,n30_c25_s42,61,0.9514759124972536
53977,bertopic,n30_c25_s42,23,0.7618754412656162
54284,bertopic,n30_c25_s42,0,1.0
54295,bertopic,n30_c25_s42,32,0.8250849104434461
55518,bertopic,n30_c25_s42,4,1.0
55684,bertopic,n30_c25_s42,-1,0.0
55997,bertopic,n30_c25_s42,14,0.5244145220758819
56047,bertopic,n30_c25_s42,4,1.0
56383,bertopic,n30_c25_s42,-1,0.0
56427,bertopic,n30_c25_s42,-1,0.0
56476,bertopic,n30_c25_s42,2,0.8988997069411222
56477,bertopic,n30_c25_s42,33,1.0
56571,bertopic,n30_c25_s42,2,1.0
56582,bertopic,n30_c25_s42,33,1.0
56617,bertopic,n30_c25_s42,63,0.4679061151427426
56838,bertopic,n30_c25_s42,20,0.5412660443175031
57121,bertopic,n30_c25_s42,12,0.6781512472735574
57340,bertopic,n30_c25_s42,50,0.980692196778183
57357,bertopic,n30_c25_s42,-1,0.0
57436,bertopic,n30_c25_s42,61,0.918865389390246
57487,bertopic,n30_c25_s42,61,1.0
59278,bertopic,n30_c25_s42,0,1.0
59330,bertopic,n30_c25_s42,2,0.9991105134855838
60166,bertopic,n30_c25_s42,-1,0.0
60190,bertopic,n30_c25_s42,25,0.5322868912366112
60525,bertopic,n30_c25_s42,1,1.0
60772,bertopic,n30_c25_s42,44,1.0
60790,bertopic,n30_c25_s42,6,1.0
60943,bertopic,n30_c25_s42,-1,0.0
60989,bertopic,n30_c25_s42,30,1.0
61037,bertopic,n30_c25_s42,2,1.0
61392,bertopic,n30_c25_s42,52,1.0
61399,bertopic,n30_c25_s42,10,1.0
61433,bertopic,n30_c25_s42,7,0.32753355126912387
61614,bertopic,n30_c25_s42,11,0.4196320860225056
61618,bertopic,n30_c25_s42,13,0.7864150126030447
61634,bertopic,n30_c25_s42,2,1.0
61874,bertopic,n30_c25_s42,4,1.0
62010,bertopic,n30_c25_s42,-1,0.0
62225,bertopic,n30_c25_s42,3,1.0
62396,bertopic,n30_c25_s42,1,1.0
62514,bertopic,n30_c25_s42,1,1.0
62536,bertopic,n30_c25_s42,1,0.640974735318759
62561,bertopic,n30_c25_s42,43,1.0
62909,bertopic,n30_c25_s42,1,1.0
63202,bertopic,n30_c25_s42,1,1.0
63485,bertopic,n30_c25_s42,2,0.9686349851004983
63812,bertopic,n30_c25_s42,49,0.7319709038199315
64049,bertopic,n30_c25_s42,-1,0.0
64159,bertopic,n30_c25_s42,1,1.0
64288,bertopic,n30_c25_s42,14,1.0
64460,bertopic,n30_c25_s42,0,1.0
64660,bertopic,n30_c25_s42,10,0.3717927676145669
65325,bertopic,n30_c25_s42,5,1.0
66799,bertopic,n30_c25_s42,-1,0.0
67010,bertopic,n30_c25_s42,55,1.0
67102,bertopic,n30_c25_s42,55,1.0
67221,bertopic,n30_c25_s42,1,1.0
67486,bertopic,n30_c25_s42,3,0.9044995985344274
67860,bertopic,n30_c25_s42,63,1.0
68053,bertopic,n30_c25_s42,34,0.17249877707290306
68520,bertopic,n30_c25_s42,2,1.0
68807,bertopic,n30_c25_s42,3,1.0
69068,bertopic,n30_c25_s42,61,1.0
69258,bertopic,n30_c25_s42,11,1.0
70036,bertopic,n30_c25_s42,4,0.7242669492836489
70485,bertopic,n30_c25_s42,1,1.0
70557,bertopic,n30_c25_s42,10,0.8483078821759821
70943,bertopic,n30_c25_s42,17,0.5799977954126201
71054,bertopic,n30_c25_s42,20,1.0
71331,bertopic,n30_c25_s42,-1,0.0
71519,bertopic,n30_c25_s42,-1,0.0
71879,bertopic,n30_c25_s42,-1,0.0
71942,bertopic,n30_c25_s42,-1,0.0
72159,bertopic,n30_c25_s42,-1,0.0
72242,bertopic,n30_c25_s42,61,1.0
72412,bertopic,n30_c25_s42,4,0.9841463742883693
72552,bertopic,n30_c25_s42,14,0.397319827970513
72770,bertopic,n30_c25_s42,21,0.3395382653613673
73421,bertopic,n30_c25_s42,-1,0.0
73478,bertopic,n30_c25_s42,11,0.4447710982536015
73841,bertopic,n30_c25_s42,42,0.9086774334148727
73919,bertopic,n30_c25_s42,-1,0.0
74002,bertopic,n30_c25_s42,34,1.0
74128,bertopic,n30_c25_s42,-1,0.0
74554,bertopic,n30_c25_s42,27,0.44835397198657784
75484,bertopic,n30_c25_s42,-1,0.0
76050,bertopic,n30_c25_s42,11,1.0
76152,bertopic,n30_c25_s42,25,1.0
76171,bertopic,n30_c25_s42,5,1.0
76296,bertopic,n30_c25_s42,4,1.0
76323,bertopic,n30_c25_s42,63,1.0
76379,bertopic,n30_c25_s42,33,1.0
77023,bertopic,n30_c25_s42,36,1.0
78009,bertopic,n30_c25_s42,1,1.0
78179,bertopic,n30_c25_s42,2,1.0
78211,bertopic,n30_c25_s42,56,1.0
78357,bertopic,n30_c25_s42,7,0.46700910953807345
78501,bertopic,n30_c25_s42,-1,0.0
78524,bertopic,n30_c25_s42,10,0.8483078821759821
78603,bertopic,n30_c25_s42,2,1.0
79028,bertopic,n30_c25_s42,4,1.0
79129,bertopic,n30_c25_s42,29,0.5631991756762497
79661,bertopic,n30_c25_s42,0,0.9951848298047337
80282,bertopic,n30_c25_s42,2,0.9272053376024454
80316,bertopic,n30_c25_s42,2,0.9081442961712346
80570,bertopic,n30_c25_s42,10,1.0
80631,bertopic,n30_c25_s42,2,1.0
80746,bertopic,n30_c25_s42,3,1.0
81605,bertopic,n30_c25_s42,61,1.0
81713,bertopic,n30_c25_s42,61,1.0
81755,bertopic,n30_c25_s42,37,1.0
81778,bertopic,n30_c25_s42,-1,0.0
82147,bertopic,n30_c25_s42,0,0.9701402806276902
82319,bertopic,n30_c25_s42,7,0.46700910953807345
82733,bertopic,n30_c25_s42,-1,0.0
82814,bertopic,n30_c25_s42,35,1.0
83020,bertopic,n30_c25_s42,43,1.0
83321,bertopic,n30_c25_s42,0,1.0
83391,bertopic,n30_c25_s42,37,0.8050243363407954
83576,bertopic,n30_c25_s42,14,1.0
84049,bertopic,n30_c25_s42,0,1.0
84779,bertopic,n30_c25_s42,0,1.0
84812,bertopic,n30_c25_s42,2,1.0
85969,bertopic,n30_c25_s42,6,1.0
86321,bertopic,n30_c25_s42,18,0.9705480016715773
86508,bertopic,n30_c25_s42,7,0.737115360786535
87000,bertopic,n30_c25_s42,5,0.6499011594103695
87049,bertopic,n30_c25_s42,15,0.6051289809948608
87587,bertopic,n30_c25_s42,36,1.0
87874,bertopic,n30_c25_s42,-1,0.0
88070,bertopic,n30_c25_s42,1,1.0
88079,bertopic,n30_c25_s42,-1,0.0
88571,bertopic,n30_c25_s42,30,1.0
88657,bertopic,n30_c25_s42,2,1.0
89301,bertopic,n30_c25_s42,16,0.5927480299061842
89410,bertopic,n30_c25_s42,-1,0.0
89624,bertopic,n30_c25_s42,-1,0.0
89801,bertopic,n30_c25_s42,5,0.7862449962522648
89830,bertopic,n30_c25_s42,0,1.0
89847,bertopic,n30_c25_s42,14,0.6897577238360543
89873,bertopic,n30_c25_s42,7,0.3526431270263156
89919,bertopic,n30_c25_s42,-1,0.0
89926,bertopic,n30_c25_s42,6,0.6408718071969115
89957,bertopic,n30_c25_s42,61,1.0
90406,bertopic,n30_c25_s42,42,0.9942960768050044
90724,bertopic,n30_c25_s42,55,1.0
91137,bertopic,n30_c25_s42,22,0.7145994414858272
91212,bertopic,n30_c25_s42,-1,0.0
91317,bertopic,n30_c25_s42,0,1.0
91669,bertopic,n30_c25_s42,38,0.9133151170615986
91911,bertopic,n30_c25_s42,42,1.0
92331,bertopic,n30_c25_s42,-1,0.0
92399,bertopic,n30_c25_s42,1,1.0
92447,bertopic,n30_c25_s42,2,1.0
92485,bertopic,n30_c25_s42,-1,0.0
92507,bertopic,n30_c25_s42,0,0.6604185300810952
92521,bertopic,n30_c25_s42,3,1.0
92660,bertopic,n30_c25_s42,48,1.0
92766,bertopic,n30_c25_s42,2,1.0
92962,bertopic,n30_c25_s42,18,0.9535433234187681
94288,bertopic,n30_c25_s42,3,0.969589876961123
94315,bertopic,n30_c25_s42,4,1.0
95209,bertopic,n30_c25_s42,4,1.0
95243,bertopic,n30_c25_s42,4,0.7552336899581735
95502,bertopic,n30_c25_s42,1,0.9149111601985812
95503,bertopic,n30_c25_s42,49,0.9488797475598384
95505,bertopic,n30_c25_s42,15,1.0
95887,bertopic,n30_c25_s42,4,1.0
96093,bertopic,n30_c25_s42,-1,0.0
96587,bertopic,n30_c25_s42,61,1.0
97339,bertopic,n30_c25_s42,11,0.19230169681706707
97796,bertopic,n30_c25_s42,1,1.0
97953,bertopic,n30_c25_s42,4,1.0
98192,bertopic,n30_c25_s42,-1,0.0
98320,bertopic,n30_c25_s42,2,1.0
98372,bertopic,n30_c25_s42,-1,0.0
98422,bertopic,n30_c25_s42,-1,0.0
98649,bertopic,n30_c25_s42,4,1.0
98692,bertopic,n30_c25_s42,-1,0.0
98812,bertopic,n30_c25_s42,3,1.0
98882,bertopic,n30_c25_s42,34,0.13051199808659758
99053,bertopic,n30_c25_s42,25,1.0
99311,bertopic,n30_c25_s42,-1,0.0
99362,bertopic,n30_c25_s42,26,1.0
99429,bertopic,n30_c25_s42,61,1.0
99690,bertopic,n30_c25_s42,5,1.0
99888,bertopic,n30_c25_s42,0,1.0
100550,bertopic,n30_c25_s42,-1,0.0
100730,bertopic,n30_c25_s42,33,1.0
100962,bertopic,n30_c25_s42,17,0.5799977954126201
101231,bertopic,n30_c25_s42,7,0.8073630108588306
101764,bertopic,n30_c25_s42,8,0.4328782348994354
101775,bertopic,n30_c25_s42,17,0.5799977954126201
101854,bertopic,n30_c25_s42,4,1.0
101901,bertopic,n30_c25_s42,0,0.879706684069113
102431,bertopic,n30_c25_s42,3,0.9662373771053901
102601,bertopic,n30_c25_s42,-1,0.0
102738,bertopic,n30_c25_s42,4,1.0
102885,bertopic,n30_c25_s42,60,1.0
102902,bertopic,n30_c25_s42,0,1.0
103750,bertopic,n30_c25_s42,1,1.0
104233,bertopic,n30_c25_s42,3,1.0
104546,bertopic,n30_c25_s42,61,1.0
104601,bertopic,n30_c25_s42,2,0.887752514605469
104855,bertopic,n30_c25_s42,43,1.0
105357,bertopic,n30_c25_s42,61,1.0
105490,bertopic,n30_c25_s42,5,1.0
106202,bertopic,n30_c25_s42,-1,0.0
106439,bertopic,n30_c25_s42,2,0.7037305833990841
106717,bertopic,n30_c25_s42,-1,0.0
107060,bertopic,n30_c25_s42,28,1.0
107314,bertopic,n30_c25_s42,23,0.9739735555682532
107334,bertopic,n30_c25_s42,-1,0.0
107625,bertopic,n30_c25_s42,2,1.0
108455,bertopic,n30_c25_s42,-1,0.0
108461,bertopic,n30_c25_s42,0,1.0
109175,bertopic,n30_c25_s42,52,0.6433186663894619
109347,bertopic,n30_c25_s42,3,1.0
109367,bertopic,n30_c25_s42,7,1.0
109381,bertopic,n30_c25_s42,61,0.9701945374171274
109470,bertopic,n30_c25_s42,0,0.8074517351221551
109503,bertopic,n30_c25_s42,36,1.0
110123,bertopic,n30_c25_s42,5,0.9445722895654303
110274,bertopic,n30_c25_s42,37,1.0
110368,bertopic,n30_c25_s42,4,1.0
110828,bertopic,n30_c25_s42,3,0.8418687338974612
110861,bertopic,n30_c25_s42,25,0.3832907827443178
110923,bertopic,n30_c25_s42,-1,0.0
110945,bertopic,n30_c25_s42,1,1.0
111432,bertopic,n30_c25_s42,54,1.0
111618,bertopic,n30_c25_s42,49,1.0
112184,bertopic,n30_c25_s42,61,0.757755177720515
112673,bertopic,n30_c25_s42,59,1.0
113785,bertopic,n30_c25_s42,5,0.5711625505620682
113818,bertopic,n30_c25_s42,61,1.0
113906,bertopic,n30_c25_s42,-1,0.0
114291,bertopic,n30_c25_s42,61,1.0
114519,bertopic,n30_c25_s42,-1,0.0
115008,bertopic,n30_c25_s42,5,1.0
115166,bertopic,n30_c25_s42,2,1.0
115239,bertopic,n30_c25_s42,-1,0.0
115378,bertopic,n30_c25_s42,18,0.7806480367010762
115416,bertopic,n30_c25_s42,35,0.47828554972001386
115482,bertopic,n30_c25_s42,1,1.0
115506,bertopic,n30_c25_s42,28,1.0
115561,bertopic,n30_c25_s42,61,1.0
115935,bertopic,n30_c25_s42,16,0.8568048235575157
116580,bertopic,n30_c25_s42,52,1.0
117070,bertopic,n30_c25_s42,35,0.6604170604059402
117354,bertopic,n30_c25_s42,1,1.0
117646,bertopic,n30_c25_s42,-1,0.0
117905,bertopic,n30_c25_s42,38,0.5202706331387869
118371,bertopic,n30_c25_s42,8,0.48620200073516273
119090,bertopic,n30_c25_s42,5,1.0
119115,bertopic,n30_c25_s42,-1,0.0
119777,bertopic,n30_c25_s42,6,1.0
120054,bertopic,n30_c25_s42,41,1.0
120126,bertopic,n30_c25_s42,9,0.588338147019847
120781,bertopic,n30_c25_s42,36,1.0
121300,bertopic,n30_c25_s42,3,0.8353275171200947
122087,bertopic,n30_c25_s42,-1,0.0
122128,bertopic,n30_c25_s42,4,1.0
123233,bertopic,n30_c25_s42,54,1.0
123354,bertopic,n30_c25_s42,14,0.38780385958020136
123513,bertopic,n30_c25_s42,25,1.0
123677,bertopic,n30_c25_s42,0,1.0
124291,bertopic,n30_c25_s42,2,1.0
124504,bertopic,n30_c25_s42,4,1.0
124924,bertopic,n30_c25_s42,33,0.37317888057787046
124998,bertopic,n30_c25_s42,5,0.6181882227531709
125146,bertopic,n30_c25_s42,0,0.8368817898056246
125299,bertopic,n30_c25_s42,-1,0.0
125714,bertopic,n30_c25_s42,4,0.9489763863495062
125811,bertopic,n30_c25_s42,33,1.0
125862,bertopic,n30_c25_s42,4,1.0
126305,bertopic,n30_c25_s42,5,1.0
126787,bertopic,n30_c25_s42,-1,0.0
127076,bertopic,n30_c25_s42,-1,0.0
127077,bertopic,n30_c25_s42,31,0.9904620226699136
127252,bertopic,n30_c25_s42,42,1.0
127382,bertopic,n30_c25_s42,-1,0.0
127780,bertopic,n30_c25_s42,38,1.0
127807,bertopic,n30_c25_s42,38,0.856455370121278
128077,bertopic,n30_c25_s42,24,1.0
128329,bertopic,n30_c25_s42,6,1.0
128668,bertopic,n30_c25_s42,60,1.0
129453,bertopic,n30_c25_s42,7,0.9020701296000845
129521,bertopic,n30_c25_s42,-1,0.0
129697,bertopic,n30_c25_s42,1,1.0
130075,bertopic,n30_c25_s42,5,1.0
130193,bertopic,n30_c25_s42,37,0.42489885626023577
130229,bertopic,n30_c25_s42,22,0.12388238228761399
130247,bertopic,n30_c25_s42,27,0.6099419751943161
130332,bertopic,n30_c25_s42,16,0.743013605116212
130373,bertopic,n30_c25_s42,35,1.0
130542,bertopic,n30_c25_s42,-1,0.0
131018,bertopic,n30_c25_s42,-1,0.0
131134,bertopic,n30_c25_s42,2,0.7947189752314209
131630,bertopic,n30_c25_s42,5,1.0
131655,bertopic,n30_c25_s42,-1,0.0
131953,bertopic,n30_c25_s42,-1,0.0
132216,bertopic,n30_c25_s42,16,0.6758291535889278
132343,bertopic,n30_c25_s42,57,1.0
132371,bertopic,n30_c25_s42,49,1.0
132580,bertopic,n30_c25_s42,61,1.0
132689,bertopic,n30_c25_s42,-1,0.0
133011,bertopic,n30_c25_s42,2,0.9740435791215866
133390,bertopic,n30_c25_s42,4,0.8872037316436869
133467,bertopic,n30_c25_s42,6,1.0
133776,bertopic,n30_c25_s42,-1,0.0
134147,bertopic,n30_c25_s42,0,1.0
134265,bertopic,n30_c25_s42,32,0.39493646784672864
134759,bertopic,n30_c25_s42,-1,0.0
134864,bertopic,n30_c25_s42,4,0.6359449769588592
135098,bertopic,n30_c25_s42,28,1.0
137255,bertopic,n30_c25_s42,21,1.0
137501,bertopic,n30_c25_s42,0,1.0
137526,bertopic,n30_c25_s42,14,0.98080796706702
137788,bertopic,n30_c25_s42,4,1.0
138059,bertopic,n30_c25_s42,-1,0.0
138257,bertopic,n30_c25_s42,4,1.0
138447,bertopic,n30_c25_s42,21,1.0
138458,bertopic,n30_c25_s42,61,1.0
139177,bertopic,n30_c25_s42,13,0.9496576272010585
139181,bertopic,n30_c25_s42,40,1.0
139355,bertopic,n30_c25_s42,10,0.8825747091000611
140134,bertopic,n30_c25_s42,14,0.7708950024122941
140242,bertopic,n30_c25_s42,32,0.904189431124071
140319,bertopic,n30_c25_s42,3,1.0
140433,bertopic,n30_c25_s42,18,0.7086780931547824
140479,bertopic,n30_c25_s42,2,1.0
140865,bertopic,n30_c25_s42,8,0.4655294985970514
141179,bertopic,n30_c25_s42,5,0.6456047464150247
141257,bertopic,n30_c25_s42,61,1.0
141399,bertopic,n30_c25_s42,36,0.9149234503575097
141429,bertopic,n30_c25_s42,4,0.8139159529611459
141861,bertopic,n30_c25_s42,5,1.0
141920,bertopic,n30_c25_s42,41,1.0
142165,bertopic,n30_c25_s42,-1,0.0
142216,bertopic,n30_c25_s42,1,1.0
142280,bertopic,n30_c25_s42,-1,0.0
142354,bertopic,n30_c25_s42,61,1.0
142857,bertopic,n30_c25_s42,1,1.0
142874,bertopic,n30_c25_s42,42,1.0
143292,bertopic,n30_c25_s42,14,0.3879340024324936
143578,bertopic,n30_c25_s42,9,0.5884016933498218
143689,bertopic,n30_c25_s42,38,1.0
143832,bertopic,n30_c25_s42,2,1.0
144024,bertopic,n30_c25_s42,37,1.0
144692,bertopic,n30_c25_s42,2,1.0
144696,bertopic,n30_c25_s42,4,0.637150341669351
144709,bertopic,n30_c25_s42,2,0.9081442961712346
144921,bertopic,n30_c25_s42,-1,0.0
145458,bertopic,n30_c25_s42,15,0.46974704203260803
145466,bertopic,n30_c25_s42,5,0.9612635710102974
145515,bertopic,n30_c25_s42,4,1.0
146165,bertopic,n30_c25_s42,0,0.5867573323316173
146804,bertopic,n30_c25_s42,-1,0.0
147134,bertopic,n30_c25_s42,-1,0.0
147174,bertopic,n30_c25_s42,-1,0.0
147259,bertopic,n30_c25_s42,1,1.0
147557,bertopic,n30_c25_s42,34,0.2395022977021933
147902,bertopic,n30_c25_s42,5,0.4813658818261247
148461,bertopic,n30_c25_s42,4,1.0
148586,bertopic,n30_c25_s42,6,0.3460682715221426
149077,bertopic,n30_c25_s42,11,0.5405313352145081
149365,bertopic,n30_c25_s42,-1,0.0
149398,bertopic,n30_c25_s42,1,1.0
150163,bertopic,n30_c25_s42,-1,0.0
150607,bertopic,n30_c25_s42,50,1.0
150859,bertopic,n30_c25_s42,3,1.0
150907,bertopic,n30_c25_s42,49,1.0
151426,bertopic,n30_c25_s42,40,0.9904415676252648
151602,bertopic,n30_c25_s42,-1,0.0
151703,bertopic,n30_c25_s42,4,0.7831605652305773
152273,bertopic,n30_c25_s42,18,0.8506697305758257
152390,bertopic,n30_c25_s42,17,0.5799977954126201
152618,bertopic,n30_c25_s42,32,1.0
152738,bertopic,n30_c25_s42,0,1.0
152759,bertopic,n30_c25_s42,52,1.0
152861,bertopic,n30_c25_s42,3,1.0
153163,bertopic,n30_c25_s42,-1,0.0
153367,bertopic,n30_c25_s42,8,0.3525053642531617
153749,bertopic,n30_c25_s42,8,0.37319286745413893
153782,bertopic,n30_c25_s42,55,1.0
153794,bertopic,n30_c25_s42,5,0.4489209895429319
154435,bertopic,n30_c25_s42,4,0.7392857671096288
154829,bertopic,n30_c25_s42,4,1.0
155138,bertopic,n30_c25_s42,59,1.0
155572,bertopic,n30_c25_s42,-1,0.0
155577,bertopic,n30_c25_s42,8,0.9952567073714615
155990,bertopic,n30_c25_s42,4,1.0
156160,bertopic,n30_c25_s42,5,0.45934493748214167
156667,bertopic,n30_c25_s42,-1,0.0
157217,bertopic,n30_c25_s42,33,1.0
157293,bertopic,n30_c25_s42,5,1.0
158049,bertopic,n30_c25_s42,4,1.0
158118,bertopic,n30_c25_s42,54,0.42774356015409726
158288,bertopic,n30_c25_s42,33,0.37317888057787046
158417,bertopic,n30_c25_s42,5,0.5067263165773441
159915,bertopic,n30_c25_s42,5,1.0
160084,bertopic,n30_c25_s42,46,1.0
160307,bertopic,n30_c25_s42,25,1.0
160391,bertopic,n30_c25_s42,27,0.36602898106437526
160458,bertopic,n30_c25_s42,2,1.0
160910,bertopic,n30_c25_s42,2,1.0
161335,bertopic,n30_c25_s42,1,1.0
162325,bertopic,n30_c25_s42,11,0.4127251645095256
162406,bertopic,n30_c25_s42,32,1.0
162493,bertopic,n30_c25_s42,-1,0.0
162892,bertopic,n30_c25_s42,-1,0.0
163252,bertopic,n30_c25_s42,5,0.45824676516878055
163289,bertopic,n30_c25_s42,15,0.46974704203260803
163539,bertopic,n30_c25_s42,14,0.23033150781454476
163860,bertopic,n30_c25_s42,2,0.8189050547073572
164027,bertopic,n30_c25_s42,14,0.3371579215444955
164048,bertopic,n30_c25_s42,49,1.0
164182,bertopic,n30_c25_s42,-1,0.0
165132,bertopic,n30_c25_s42,61,1.0
165165,bertopic,n30_c25_s42,6,1.0
165310,bertopic,n30_c25_s42,1,1.0
165624,bertopic,n30_c25_s42,4,1.0
165839,bertopic,n30_c25_s42,2,1.0
165905,bertopic,n30_c25_s42,8,0.44692428322282984
166141,bertopic,n30_c25_s42,-1,0.0
166267,bertopic,n30_c25_s42,38,1.0
166775,bertopic,n30_c25_s42,4,0.8462522275700834
167316,bertopic,n30_c25_s42,7,0.5223977875083068
167433,bertopic,n30_c25_s42,18,0.3848016350028784
167700,bertopic,n30_c25_s42,4,1.0
168453,bertopic,n30_c25_s42,59,1.0
168675,bertopic,n30_c25_s42,10,0.5563978909356151
168754,bertopic,n30_c25_s42,-1,0.0
169040,bertopic,n30_c25_s42,-1,0.0
169672,bertopic,n30_c25_s42,-1,0.0
169919,bertopic,n30_c25_s42,8,0.6103994901192119
170023,bertopic,n30_c25_s42,5,1.0
170430,bertopic,n30_c25_s42,3,1.0
170588,bertopic,n30_c25_s42,4,1.0
170812,bertopic,n30_c25_s42,42,1.0
171269,bertopic,n30_c25_s42,30,1.0
171494,bertopic,n30_c25_s42,23,0.7270735644289203
171532,bertopic,n30_c25_s42,-1,0.0
171818,bertopic,n30_c25_s42,34,1.0
172291,bertopic,n30_c25_s42,40,1.0
172331,bertopic,n30_c25_s42,10,0.37193287308103173
172404,bertopic,n30_c25_s42,18,0.952680616052364
172528,bertopic,n30_c25_s42,-1,0.0
172930,bertopic,n30_c25_s42,1,0.7062276854799986
173021,bertopic,n30_c25_s42,15,0.46974704203260803
173150,bertopic,n30_c25_s42,33,0.32425596147739744
173485,bertopic,n30_c25_s42,24,0.5220252259690473
174372,bertopic,n30_c25_s42,28,1.0
174898,bertopic,n30_c25_s42,40,0.64015891930191
175083,bertopic,n30_c25_s42,2,1.0
175137,bertopic,n30_c25_s42,13,0.5415531333888697
175451,bertopic,n30_c25_s42,29,0.31871935977057214
176208,bertopic,n30_c25_s42,1,1.0
176213,bertopic,n30_c25_s42,62,0.7202773370748038
176495,bertopic,n30_c25_s42,1,1.0
176558,bertopic,n30_c25_s42,1,1.0
176645,bertopic,n30_c25_s42,2,1.0
177277,bertopic,n30_c25_s42,37,0.16945459582738306
177542,bertopic,n30_c25_s42,2,0.9081442961712346
177670,bertopic,n30_c25_s42,-1,0.0
177858,bertopic,n30_c25_s42,15,0.9368514417638766
178414,bertopic,n30_c25_s42,10,0.8837712413955615
178516,bertopic,n30_c25_s42,-1,0.0
178592,bertopic,n30_c25_s42,-1,0.0
179281,bertopic,n30_c25_s42,-1,0.0
179475,bertopic,n30_c25_s42,15,0.5559482636276133
179482,bertopic,n30_c25_s42,4,1.0
179615,bertopic,n30_c25_s42,10,1.0
179786,bertopic,n30_c25_s42,9,0.30613161290789886
179849,bertopic,n30_c25_s42,-1,0.0
179980,bertopic,n30_c25_s42,27,1.0
180088,bertopic,n30_c25_s42,1,1.0
180264,bertopic,n30_c25_s42,-1,0.0
180517,bertopic,n30_c25_s42,61,1.0
180989,bertopic,n30_c25_s42,60,1.0
181421,bertopic,n30_c25_s42,17,0.5799977954126201
181562,bertopic,n30_c25_s42,2,1.0
182387,bertopic,n30_c25_s42,49,0.6421319884797487
183087,bertopic,n30_c25_s42,1,1.0
183185,bertopic,n30_c25_s42,5,1.0
183539,bertopic,n30_c25_s42,7,0.6313056882553146
184365,bertopic,n30_c25_s42,0,1.0
185076,bertopic,n30_c25_s42,16,1.0
185482,bertopic,n30_c25_s42,11,1.0
185781,bertopic,n30_c25_s42,5,1.0
185801,bertopic,n30_c25_s42,12,1.0
185802,bertopic,n30_c25_s42,32,1.0
186200,bertopic,n30_c25_s42,-1,0.0
186413,bertopic,n30_c25_s42,21,0.23910798932476168
186552,bertopic,n30_c25_s42,24,1.0
186860,bertopic,n30_c25_s42,1,1.0
186920,bertopic,n30_c25_s42,4,0.832458640934726
187624,bertopic,n30_c25_s42,38,0.6568792395077494
187862,bertopic,n30_c25_s42,1,1.0
189272,bertopic,n30_c25_s42,6,1.0
189826,bertopic,n30_c25_s42,61,1.0
190212,bertopic,n30_c25_s42,26,1.0
190440,bertopic,n30_c25_s42,1,1.0
207249,bertopic,n30_c25_s42,4,0.832458640934726
209101,bertopic,n30_c25_s42,45,1.0
209823,bertopic,n30_c25_s42,-1,0.0
210477,bertopic,n30_c25_s42,-1,0.0
212525,bertopic,n30_c25_s42,-1,0.0
213476,bertopic,n30_c25_s42,2,1.0
213637,bertopic,n30_c25_s42,31,1.0
213962,bertopic,n30_c25_s42,21,0.36099504782206604
214506,bertopic,n30_c25_s42,17,0.5203367032137328
215622,bertopic,n30_c25_s42,46,1.0
216046,bertopic,n30_c25_s42,11,0.4467668210790566
216745,bertopic,n30_c25_s42,41,0.4066984037066698
217405,bertopic,n30_c25_s42,14,0.4972421922265574
218059,bertopic,n30_c25_s42,4,1.0
219205,bertopic,n30_c25_s42,4,1.0
220070,bertopic,n30_c25_s42,20,1.0
220219,bertopic,n30_c25_s42,3,0.9377124225518111
221300,bertopic,n30_c25_s42,10,0.7914387550578122
221543,bertopic,n30_c25_s42,10,0.8483078821759821
225193,bertopic,n30_c25_s42,3,0.9906893484312855
225537,bertopic,n30_c25_s42,36,0.8263190605423849
227916,bertopic,n30_c25_s42,21,0.4633517350352763
228098,bertopic,n30_c25_s42,9,1.0
229464,bertopic,n30_c25_s42,28,1.0
229766,bertopic,n30_c25_s42,21,1.0
229873,bertopic,n30_c25_s42,17,0.7318575280112704
230044,bertopic,n30_c25_s42,1,1.0
230646,bertopic,n30_c25_s42,21,0.23650707355014897
230697,bertopic,n30_c25_s42,42,1.0
233108,bertopic,n30_c25_s42,21,0.5162964809443876
234038,bertopic,n30_c25_s42,2,0.7259172441020549
234150,bertopic,n30_c25_s42,28,1.0
235588,bertopic,n30_c25_s42,0,1.0
236783,bertopic,n30_c25_s42,8,1.0
237316,bertopic,n30_c25_s42,8,1.0
238020,bertopic,n30_c25_s42,63,1.0
239910,bertopic,n30_c25_s42,11,0.36695340479009686
241459,bertopic,n30_c25_s42,4,1.0
243015,bertopic,n30_c25_s42,45,1.0
243273,bertopic,n30_c25_s42,24,1.0
243516,bertopic,n30_c25_s42,67,1.0
244200,bertopic,n30_c25_s42,-1,0.0
244286,bertopic,n30_c25_s42,7,0.4449462328843982
245122,bertopic,n30_c25_s42,-1,0.0
245414,bertopic,n30_c25_s42,45,1.0
247430,bertopic,n30_c25_s42,24,1.0
247452,bertopic,n30_c25_s42,55,0.1934807798094169
250503,bertopic,n30_c25_s42,-1,0.0
250800,bertopic,n30_c25_s42,-1,0.0
251285,bertopic,n30_c25_s42,-1,0.0
252444,bertopic,n30_c25_s42,-1,0.0
252534,bertopic,n30_c25_s42,3,1.0
252606,bertopic,n30_c25_s42,0,1.0
253527,bertopic,n30_c25_s42,21,0.9034384376756188
253602,bertopic,n30_c25_s42,21,1.0
254843,bertopic,n30_c25_s42,25,0.8369666006171814
255266,bertopic,n30_c25_s42,21,0.221055281370604
256590,bertopic,n30_c25_s42,-1,0.0
257094,bertopic,n30_c25_s42,10,0.3717927676145669
257363,bertopic,n30_c25_s42,10,0.8293628738163065
258851,bertopic,n30_c25_s42,2,1.0
259508,bertopic,n30_c25_s42,-1,0.0
259930,bertopic,n30_c25_s42,-1,0.0
260872,bertopic,n30_c25_s42,11,0.2886713956642138
261067,bertopic,n30_c25_s42,67,1.0
261162,bertopic,n30_c25_s42,3,1.0
263520,bertopic,n30_c25_s42,3,1.0
264399,bertopic,n30_c25_s42,-1,0.0
265775,bertopic,n30_c25_s42,12,1.0
265994,bertopic,n30_c25_s42,39,1.0
266635,bertopic,n30_c25_s42,-1,0.0
267879,bertopic,n30_c25_s42,31,1.0
267886,bertopic,n30_c25_s42,55,1.0
268006,bertopic,n30_c25_s42,16,1.0
268436,bertopic,n30_c25_s42,8,0.8126216514067675
268538,bertopic,n30_c25_s42,55,1.0
268614,bertopic,n30_c25_s42,-1,0.0
268716,bertopic,n30_c25_s42,2,1.0
268915,bertopic,n30_c25_s42,-1,0.0
269115,bertopic,n30_c25_s42,20,0.5948841025409127
269723,bertopic,n30_c25_s42,14,0.4108086382176839
269982,bertopic,n30_c25_s42,-1,0.0
270478,bertopic,n30_c25_s42,19,0.22286171624475068
270535,bertopic,n30_c25_s42,8,0.34406343402170825
270654,bertopic,n30_c25_s42,1,1.0
270679,bertopic,n30_c25_s42,30,0.6177638641003679
271016,bertopic,n30_c25_s42,56,1.0
271079,bertopic,n30_c25_s42,-1,0.0
271364,bertopic,n30_c25_s42,13,0.5141091487174574
271402,bertopic,n30_c25_s42,-1,0.0
271430,bertopic,n30_c25_s42,19,0.23536295509776367
271554,bertopic,n30_c25_s42,10,0.37193287308103173
271922,bertopic,n30_c25_s42,10,0.9166834867233363
271963,bertopic,n30_c25_s42,1,1.0
272040,bertopic,n30_c25_s42,-1,0.0
272157,bertopic,n30_c25_s42,-1,0.0
272186,bertopic,n30_c25_s42,9,0.9933309537044793
272194,bertopic,n30_c25_s42,3,0.953648263813124
272278,bertopic,n30_c25_s42,-1,0.0
272405,bertopic,n30_c25_s42,26,0.7203686394343476
272438,bertopic,n30_c25_s42,22,0.5374800670337035
272459,bertopic,n30_c25_s42,-1,0.0
272469,bertopic,n30_c25_s42,13,0.6413111542907531
272515,bertopic,n30_c25_s42,47,1.0
272564,bertopic,n30_c25_s42,-1,0.0
272655,bertopic,n30_c25_s42,-1,0.0
272699,bertopic,n30_c25_s42,6,1.0
272704,bertopic,n30_c25_s42,-1,0.0
272878,bertopic,n30_c25_s42,2,0.7405515387401128
272913,bertopic,n30_c25_s42,56,1.0
272980,bertopic,n30_c25_s42,20,0.5948841025409127
273050,bertopic,n30_c25_s42,-1,0.0
273357,bertopic,n30_c25_s42,4,1.0
273409,bertopic,n30_c25_s42,54,1.0
273533,bertopic,n30_c25_s42,2,0.9081442961712346
273554,bertopic,n30_c25_s42,37,1.0
273650,bertopic,n30_c25_s42,2,1.0
273681,bertopic,n30_c25_s42,17,0.4624079260871455
273939,bertopic,n30_c25_s42,4,1.0
274379,bertopic,n30_c25_s42,9,0.4616572852199564
274594,bertopic,n30_c25_s42,27,1.0
274895,bertopic,n30_c25_s42,24,0.47800768483231404
274977,bertopic,n30_c25_s42,22,0.13452021506481712
275252,bertopic,n30_c25_s42,-1,0.0
275282,bertopic,n30_c25_s42,1,1.0
275570,bertopic,n30_c25_s42,8,0.3155529149139443
275737,bertopic,n30_c25_s42,22,1.0
275952,bertopic,n30_c25_s42,12,0.6800183310567169
276099,bertopic,n30_c25_s42,15,0.47944076625499166
276592,bertopic,n30_c25_s42,5,0.8071634401968317
276980,bertopic,n30_c25_s42,63,1.0
277723,bertopic,n30_c25_s42,1,1.0
277836,bertopic,n30_c25_s42,59,1.0
277972,bertopic,n30_c25_s42,-1,0.0
278112,bertopic,n30_c25_s42,4,0.832458640934726
278170,bertopic,n30_c25_s42,43,1.0
278500,bertopic,n30_c25_s42,0,1.0
278699,bertopic,n30_c25_s42,-1,0.0
278876,bertopic,n30_c25_s42,20,1.0
278930,bertopic,n30_c25_s42,21,0.8857254581914338
278968,bertopic,n30_c25_s42,63,1.0
279066,bertopic,n30_c25_s42,-1,0.0
279107,bertopic,n30_c25_s42,-1,0.0
279342,bertopic,n30_c25_s42,5,0.6017206837761562
279487,bertopic,n30_c25_s42,22,0.9956145961202912
279624,bertopic,n30_c25_s42,22,1.0
279773,bertopic,n30_c25_s42,21,0.3906589653486176
279801,bertopic,n30_c25_s42,-1,0.0
279842,bertopic,n30_c25_s42,-1,0.0
280414,bertopic,n30_c25_s42,43,1.0
280476,bertopic,n30_c25_s42,-1,0.0
280938,bertopic,n30_c25_s42,22,0.6669625135790462
281139,bertopic,n30_c25_s42,-1,0.0
281215,bertopic,n30_c25_s42,-1,0.0
281244,bertopic,n30_c25_s42,7,0.8980615082144664
281296,bertopic,n30_c25_s42,-1,0.0
281469,bertopic,n30_c25_s42,28,1.0
281526,bertopic,n30_c25_s42,2,1.0
282008,bertopic,n30_c25_s42,-1,0.0
282105,bertopic,n30_c25_s42,1,1.0
282502,bertopic,n30_c25_s42,25,0.9461370387642829
282508,bertopic,n30_c25_s42,12,0.582232449888961
282696,bertopic,n30_c25_s42,3,1.0
282727,bertopic,n30_c25_s42,0,1.0
282743,bertopic,n30_c25_s42,29,0.3462800714904124
283226,bertopic,n30_c25_s42,8,0.3137884562978313
283308,bertopic,n30_c25_s42,0,0.36824908532147643
283323,bertopic,n30_c25_s42,24,1.0
283337,bertopic,n30_c25_s42,-1,0.0
283403,bertopic,n30_c25_s42,11,0.47864523608199033
283427,bertopic,n30_c25_s42,7,0.46700910953807345
283649,bertopic,n30_c25_s42,-1,0.0
283716,bertopic,n30_c25_s42,-1,0.0
284006,bertopic,n30_c25_s42,16,0.48605819716935467
284035,bertopic,n30_c25_s42,43,0.7846677365841007
284262,bertopic,n30_c25_s42,15,0.5144594072075581
284378,bertopic,n30_c25_s42,2,1.0
284391,bertopic,n30_c25_s42,25,0.9292158663442228
284496,bertopic,n30_c25_s42,-1,0.0
284573,bertopic,n30_c25_s42,16,1.0
284716,bertopic,n30_c25_s42,5,1.0
285007,bertopic,n30_c25_s42,26,0.6657599896019701
285032,bertopic,n30_c25_s42,0,0.8293958407988011
285141,bertopic,n30_c25_s42,1,1.0
285322,bertopic,n30_c25_s42,-1,0.0
285389,bertopic,n30_c25_s42,10,0.9815514426651842
285400,bertopic,n30_c25_s42,1,1.0
285480,bertopic,n30_c25_s42,-1,0.0
285595,bertopic,n30_c25_s42,53,1.0
285731,bertopic,n30_c25_s42,0,0.3914731079325007
285945,bertopic,n30_c25_s42,63,1.0
285958,bertopic,n30_c25_s42,3,1.0
286008,bertopic,n30_c25_s42,2,1.0
286093,bertopic,n30_c25_s42,5,0.7755946313751867
286250,bertopic,n30_c25_s42,-1,0.0
286485,bertopic,n30_c25_s42,41,1.0
286607,bertopic,n30_c25_s42,17,0.5799977954126201
286784,bertopic,n30_c25_s42,2,1.0
287079,bertopic,n30_c25_s42,6,1.0
287116,bertopic,n30_c25_s42,60,0.8223786918208559
287307,bertopic,n30_c25_s42,44,1.0
287325,bertopic,n30_c25_s42,54,0.5524481405461086
287328,bertopic,n30_c25_s42,28,1.0
287500,bertopic,n30_c25_s42,26,1.0
287635,bertopic,n30_c25_s42,1,1.0
287701,bertopic,n30_c25_s42,-1,0.0
287807,bertopic,n30_c25_s42,13,0.9909795390324465
287881,bertopic,n30_c25_s42,14,0.948363651846962
287927,bertopic,n30_c25_s42,-1,0.0
287999,bertopic,n30_c25_s42,-1,0.0
288070,bertopic,n30_c25_s42,-1,0.0
288524,bertopic,n30_c25_s42,2,1.0
288652,bertopic,n30_c25_s42,2,1.0
288688,bertopic,n30_c25_s42,25,1.0
288709,bertopic,n30_c25_s42,6,1.0
288752,bertopic,n30_c25_s42,2,1.0
288928,bertopic,n30_c25_s42,52,1.0
288948,bertopic,n30_c25_s42,22,1.0
289081,bertopic,n30_c25_s42,0,1.0
289279,bertopic,n30_c25_s42,9,1.0
289310,bertopic,n30_c25_s42,2,1.0
289482,bertopic,n30_c25_s42,-1,0.0
289554,bertopic,n30_c25_s42,42,0.9334946097446407
289750,bertopic,n30_c25_s42,12,0.4977610505091954
289753,bertopic,n30_c25_s42,13,0.8988921164400753
289819,bertopic,n30_c25_s42,15,0.45300956490930616
289928,bertopic,n30_c25_s42,19,0.19970579169066188
289949,bertopic,n30_c25_s42,62,1.0
290103,bertopic,n30_c25_s42,46,1.0
290240,bertopic,n30_c25_s42,55,1.0
290286,bertopic,n30_c25_s42,2,1.0
290433,bertopic,n30_c25_s42,2,1.0
290447,bertopic,n30_c25_s42,9,0.48136332447526536
290670,bertopic,n30_c25_s42,7,0.6179448826236728
290728,bertopic,n30_c25_s42,9,0.5065116254129085
290740,bertopic,n30_c25_s42,-1,0.0
290799,bertopic,n30_c25_s42,24,0.5220252259690473
290847,bertopic,n30_c25_s42,2,1.0
290951,bertopic,n30_c25_s42,2,1.0
290971,bertopic,n30_c25_s42,14,1.0
291003,bertopic,n30_c25_s42,1,0.6913349253875282
291311,bertopic,n30_c25_s42,-1,0.0
291465,bertopic,n30_c25_s42,2,1.0
291469,bertopic,n30_c25_s42,47,1.0
291644,bertopic,n30_c25_s42,-1,0.0
291740,bertopic,n30_c25_s42,2,1.0
291787,bertopic,n30_c25_s42,1,1.0
291865,bertopic,n30_c25_s42,27,1.0
291971,bertopic,n30_c25_s42,-1,0.0
292278,bertopic,n30_c25_s42,-1,0.0
292381,bertopic,n30_c25_s42,9,0.5431286014682702
292625,bertopic,n30_c25_s42,67,1.0
292777,bertopic,n30_c25_s42,-1,0.0
292944,bertopic,n30_c25_s42,15,0.9982114284134018
293006,bertopic,n30_c25_s42,16,1.0
293055,bertopic,n30_c25_s42,-1,0.0
293144,bertopic,n30_c25_s42,8,0.3155529149139443
293149,bertopic,n30_c25_s42,16,0.6387505947593989
293442,bertopic,n30_c25_s42,16,0.6742028451752948
293482,bertopic,n30_c25_s42,22,0.7145994414858272
293571,bertopic,n30_c25_s42,15,0.5814844276379733
293607,bertopic,n30_c25_s42,6,1.0
293754,bertopic,n30_c25_s42,24,0.788153579755963
293904,bertopic,n30_c25_s42,9,1.0
293916,bertopic,n30_c25_s42,5,1.0
293943,bertopic,n30_c25_s42,2,1.0
293980,bertopic,n30_c25_s42,2,1.0
294024,bertopic,n30_c25_s42,24,1.0
294181,bertopic,n30_c25_s42,2,1.0
294214,bertopic,n30_c25_s42,2,1.0
294306,bertopic,n30_c25_s42,46,1.0
294412,bertopic,n30_c25_s42,21,0.42277815458820434
294513,bertopic,n30_c25_s42,33,1.0
294516,bertopic,n30_c25_s42,52,1.0
294540,bertopic,n30_c25_s42,30,0.7990075210711303
294595,bertopic,n30_c25_s42,44,0.6847501132726598
294697,bertopic,n30_c25_s42,7,0.5400009208202963
294717,bertopic,n30_c25_s42,54,1.0
294871,bertopic,n30_c25_s42,2,1.0
294959,bertopic,n30_c25_s42,4,1.0
295238,bertopic,n30_c25_s42,0,1.0
295253,bertopic,n30_c25_s42,-1,0.0
295275,bertopic,n30_c25_s42,7,0.8436018862234144
295347,bertopic,n30_c25_s42,16,0.9762596066470961
295405,bertopic,n30_c25_s42,2,1.0
295441,bertopic,n30_c25_s42,-1,0.0
295462,bertopic,n30_c25_s42,-1,0.0
295506,bertopic,n30_c25_s42,1,1.0
295555,bertopic,n30_c25_s42,9,0.624308701498632
296047,bertopic,n30_c25_s42,16,1.0
296462,bertopic,n30_c25_s42,15,1.0
296558,bertopic,n30_c25_s42,26,0.743326272005728
296601,bertopic,n30_c25_s42,-1,0.0
296717,bertopic,n30_c25_s42,47,1.0
296721,bertopic,n30_c25_s42,9,0.410909238309037
297015,bertopic,n30_c25_s42,42,1.0
297137,bertopic,n30_c25_s42,47,1.0
297138,bertopic,n30_c25_s42,44,1.0
297149,bertopic,n30_c25_s42,14,0.40033535226914263
297435,bertopic,n30_c25_s42,39,0.17897212685590252
297577,bertopic,n30_c25_s42,11,0.8506132785582068
297705,bertopic,n30_c25_s42,0,0.7491563060750464
297813,bertopic,n30_c25_s42,2,0.9115465277901144
297824,bertopic,n30_c25_s42,15,0.5144594072075581
297878,bertopic,n30_c25_s42,-1,0.0
297905,bertopic,n30_c25_s42,-1,0.0
298230,bertopic,n30_c25_s42,24,0.5220252259690473
298271,bertopic,n30_c25_s42,0,0.5041651173221762
298300,bertopic,n30_c25_s42,2,1.0
298532,bertopic,n30_c25_s42,2,1.0
298582,bertopic,n30_c25_s42,2,1.0
298583,bertopic,n30_c25_s42,3,1.0
298652,bertopic,n30_c25_s42,16,1.0
298717,bertopic,n30_c25_s42,-1,0.0
298775,bertopic,n30_c25_s42,2,1.0
298935,bertopic,n30_c25_s42,9,0.5065116254129085
299073,bertopic,n30_c25_s42,-1,0.0
299082,bertopic,n30_c25_s42,8,0.4080335906715618
299154,bertopic,n30_c25_s42,45,1.0
299159,bertopic,n30_c25_s42,-1,0.0
299373,bertopic,n30_c25_s42,26,0.964177429059229
299586,bertopic,n30_c25_s42,-1,0.0
299631,bertopic,n30_c25_s42,2,1.0
299915,bertopic,n30_c25_s42,-1,0.0
299994,bertopic,n30_c25_s42,10,1.0
300016,bertopic,n30_c25_s42,0,1.0
300047,bertopic,n30_c25_s42,-1,0.0
300086,bertopic,n30_c25_s42,-1,0.0
300101,bertopic,n30_c25_s42,2,1.0
300397,bertopic,n30_c25_s42,14,0.5198856402126814
300514,bertopic,n30_c25_s42,16,1.0
300559,bertopic,n30_c25_s42,54,1.0
300570,bertopic,n30_c25_s42,7,0.8505434369559757
300624,bertopic,n30_c25_s42,24,1.0
301071,bertopic,n30_c25_s42,47,1.0
301249,bertopic,n30_c25_s42,9,0.3125263341882332
301330,bertopic,n30_c25_s42,26,1.0
301671,bertopic,n30_c25_s42,-1,0.0
301907,bertopic,n30_c25_s42,47,1.0
302217,bertopic,n30_c25_s42,2,1.0
302281,bertopic,n30_c25_s42,4,1.0
302405,bertopic,n30_c25_s42,39,1.0
302408,bertopic,n30_c25_s42,42,0.9576197477804006
302599,bertopic,n30_c25_s42,11,0.38427071054015544
302663,bertopic,n30_c25_s42,7,0.3526431270263156
302705,bertopic,n30_c25_s42,2,0.98985791034646
302791,bertopic,n30_c25_s42,8,1.0
302848,bertopic,n30_c25_s42,4,0.7963976983772336
303160,bertopic,n30_c25_s42,20,0.5948841025409127
303179,bertopic,n30_c25_s42,1,1.0
303299,bertopic,n30_c25_s42,2,1.0
303375,bertopic,n30_c25_s42,22,1.0
303382,bertopic,n30_c25_s42,1,1.0
303394,bertopic,n30_c25_s42,9,0.44281503665382704
303521,bertopic,n30_c25_s42,4,0.6222524749501971
303529,bertopic,n30_c25_s42,0,0.36824908532147643
303560,bertopic,n30_c25_s42,1,1.0
303629,bertopic,n30_c25_s42,66,0.9257663531662181
303704,bertopic,n30_c25_s42,22,0.745754128437465
303767,bertopic,n30_c25_s42,10,0.37193287308103173
303901,bertopic,n30_c25_s42,47,1.0
303912,bertopic,n30_c25_s42,-1,0.0
304183,bertopic,n30_c25_s42,2,1.0
304215,bertopic,n30_c25_s42,1,1.0
304595,bertopic,n30_c25_s42,49,0.5094417674554067
304662,bertopic,n30_c25_s42,55,1.0
305079,bertopic,n30_c25_s42,49,1.0
305231,bertopic,n30_c25_s42,26,1.0
305320,bertopic,n30_c25_s42,49,1.0
305337,bertopic,n30_c25_s42,2,1.0
305647,bertopic,n30_c25_s42,0,0.5041651173221762
305707,bertopic,n30_c25_s42,2,1.0
306128,bertopic,n30_c25_s42,67,1.0
306196,bertopic,n30_c25_s42,6,0.19472600883482155
306237,bertopic,n30_c25_s42,10,0.8954149545929474
306352,bertopic,n30_c25_s42,45,0.9895721077177266
306457,bertopic,n30_c25_s42,62,1.0
306580,bertopic,n30_c25_s42,1,1.0
306934,bertopic,n30_c25_s42,-1,0.0
307195,bertopic,n30_c25_s42,35,1.0
307481,bertopic,n30_c25_s42,2,1.0
307846,bertopic,n30_c25_s42,49,1.0
307852,bertopic,n30_c25_s42,49,1.0
308189,bertopic,n30_c25_s42,-1,0.0
308198,bertopic,n30_c25_s42,1,1.0
308290,bertopic,n30_c25_s42,57,1.0
308415,bertopic,n30_c25_s42,3,1.0
308424,bertopic,n30_c25_s42,0,1.0
308545,bertopic,n30_c25_s42,42,0.9848013324063933
308877,bertopic,n30_c25_s42,2,1.0
308967,bertopic,n30_c25_s42,6,0.34518720702860795
308992,bertopic,n30_c25_s42,22,0.5045478151242341
309067,bertopic,n30_c25_s42,42,1.0
309411,bertopic,n30_c25_s42,-1,0.0
309482,bertopic,n30_c25_s42,50,1.0
309687,bertopic,n30_c25_s42,2,1.0
309756,bertopic,n30_c25_s42,52,1.0
310163,bertopic,n30_c25_s42,50,1.0
310334,bertopic,n30_c25_s42,44,1.0
310375,bertopic,n30_c25_s42,45,1.0
310529,bertopic,n30_c25_s42,7,1.0
310598,bertopic,n30_c25_s42,9,1.0
310642,bertopic,n30_c25_s42,60,0.5954551858026527
310732,bertopic,n30_c25_s42,9,1.0
310742,bertopic,n30_c25_s42,25,0.6812384263366252
310752,bertopic,n30_c25_s42,-1,0.0
310869,bertopic,n30_c25_s42,0,1.0
310995,bertopic,n30_c25_s42,36,0.9001485810590771
311481,bertopic,n30_c25_s42,0,1.0
311548,bertopic,n30_c25_s42,5,1.0
311781,bertopic,n30_c25_s42,55,1.0
311805,bertopic,n30_c25_s42,59,1.0
312254,bertopic,n30_c25_s42,36,1.0
312348,bertopic,n30_c25_s42,2,1.0
312498,bertopic,n30_c25_s42,2,1.0
312612,bertopic,n30_c25_s42,22,0.5129428455183824
312634,bertopic,n30_c25_s42,2,0.9081442961712346
312658,bertopic,n30_c25_s42,52,1.0
312769,bertopic,n30_c25_s42,2,1.0
312837,bertopic,n30_c25_s42,2,1.0
312987,bertopic,n30_c25_s42,-1,0.0
313259,bertopic,n30_c25_s42,-1,0.0
313318,bertopic,n30_c25_s42,40,1.0
313507,bertopic,n30_c25_s42,6,1.0
313981,bertopic,n30_c25_s42,-1,0.0
314101,bertopic,n30_c25_s42,56,1.0
314390,bertopic,n30_c25_s42,0,1.0
314446,bertopic,n30_c25_s42,-1,0.0
314671,bertopic,n30_c25_s42,-1,0.0
314706,bertopic,n30_c25_s42,-1,0.0
315542,bertopic,n30_c25_s42,8,0.3814403141970516
315673,bertopic,n30_c25_s42,-1,0.0
315877,bertopic,n30_c25_s42,-1,0.0
316052,bertopic,n30_c25_s42,-1,0.0
316171,bertopic,n30_c25_s42,11,0.49115401060466135
316231,bertopic,n30_c25_s42,-1,0.0
316234,bertopic,n30_c25_s42,-1,0.0
316449,bertopic,n30_c25_s42,3,0.9071492201892822
316451,bertopic,n30_c25_s42,59,0.8984100664124925
316457,bertopic,n30_c25_s42,28,1.0
316465,bertopic,n30_c25_s42,-1,0.0
316477,bertopic,n30_c25_s42,47,1.0
316531,bertopic,n30_c25_s42,8,0.8237081956389734
316772,bertopic,n30_c25_s42,59,1.0
316929,bertopic,n30_c25_s42,0,1.0
316952,bertopic,n30_c25_s42,4,1.0
316989,bertopic,n30_c25_s42,11,0.4409154923106658
317007,bertopic,n30_c25_s42,9,1.0
317029,bertopic,n30_c25_s42,47,1.0
318527,bertopic,n30_c25_s42,-1,0.0
318923,bertopic,n30_c25_s42,27,1.0
319099,bertopic,n30_c25_s42,6,1.0
319625,bertopic,n30_c25_s42,1,1.0
319687,bertopic,n30_c25_s42,0,1.0
319944,bertopic,n30_c25_s42,7,0.3254667450082557
320180,bertopic,n30_c25_s42,0,0.5331143606819239
320374,bertopic,n30_c25_s42,0,1.0
320404,bertopic,n30_c25_s42,25,1.0
320542,bertopic,n30_c25_s42,-1,0.0
320592,bertopic,n30_c25_s42,25,0.3204008603517258
321221,bertopic,n30_c25_s42,23,0.7618754412656162
321544,bertopic,n30_c25_s42,23,0.7387590878979117
321565,bertopic,n30_c25_s42,-1,0.0
321694,bertopic,n30_c25_s42,-1,0.0
321707,bertopic,n30_c25_s42,15,0.6655528304760246
321762,bertopic,n30_c25_s42,3,1.0
321777,bertopic,n30_c25_s42,-1,0.0
321831,bertopic,n30_c25_s42,3,1.0
322070,bertopic,n30_c25_s42,36,1.0
322214,bertopic,n30_c25_s42,22,0.4503501638080943
322428,bertopic,n30_c25_s42,23,0.7378819737520274
322442,bertopic,n30_c25_s42,-1,0.0
322618,bertopic,n30_c25_s42,17,0.5799977954126201
322884,bertopic,n30_c25_s42,20,0.5948841025409127
323085,bertopic,n30_c25_s42,62,1.0
323182,bertopic,n30_c25_s42,53,0.9140869363395663
323509,bertopic,n30_c25_s42,-1,0.0
324094,bertopic,n30_c25_s42,1,1.0
324551,bertopic,n30_c25_s42,36,0.8741798206261712
325167,bertopic,n30_c25_s42,3,1.0
325597,bertopic,n30_c25_s42,8,0.32784311311169345
326466,bertopic,n30_c25_s42,9,1.0
326500,bertopic,n30_c25_s42,20,1.0
326560,bertopic,n30_c25_s42,26,1.0
326616,bertopic,n30_c25_s42,-1,0.0
326789,bertopic,n30_c25_s42,8,0.4679054314137364
326794,bertopic,n30_c25_s42,1,1.0
326797,bertopic,n30_c25_s42,22,0.747020487328962
326822,bertopic,n30_c25_s42,8,0.6700840001792592
326969,bertopic,n30_c25_s42,4,1.0
326987,bertopic,n30_c25_s42,25,1.0
327071,bertopic,n30_c25_s42,-1,0.0
327155,bertopic,n30_c25_s42,9,0.5065116254129085
327629,bertopic,n30_c25_s42,-1,0.0
328646,bertopic,n30_c25_s42,7,0.34001106256641667
328851,bertopic,n30_c25_s42,44,1.0
328868,bertopic,n30_c25_s42,22,0.17910424234133238
329041,bertopic,n30_c25_s42,-1,0.0
329043,bertopic,n30_c25_s42,37,0.1375735325292406
329447,bertopic,n30_c25_s42,6,1.0
329479,bertopic,n30_c25_s42,1,0.9753855308371578
329613,bertopic,n30_c25_s42,6,1.0
329624,bertopic,n30_c25_s42,11,0.622584365484086
329829,bertopic,n30_c25_s42,27,1.0
330378,bertopic,n30_c25_s42,20,0.5948841025409127
330757,bertopic,n30_c25_s42,14,0.4162427667394185
331768,bertopic,n30_c25_s42,15,0.6655528304760246
331820,bertopic,n30_c25_s42,4,1.0
331878,bertopic,n30_c25_s42,-1,0.0
331937,bertopic,n30_c25_s42,-1,0.0
331985,bertopic,n30_c25_s42,2,0.8719707190207625
332045,bertopic,n30_c25_s42,41,0.23650204834920627
332413,bertopic,n30_c25_s42,3,0.9545057606203089
332451,bertopic,n30_c25_s42,0,1.0
332482,bertopic,n30_c25_s42,1,1.0
332513,bertopic,n30_c25_s42,1,1.0
332617,bertopic,n30_c25_s42,54,1.0
332966,bertopic,n30_c25_s42,62,0.9442702691987118
332986,bertopic,n30_c25_s42,45,1.0
333021,bertopic,n30_c25_s42,11,0.9373935672076854
333260,bertopic,n30_c25_s42,1,1.0
333571,bertopic,n30_c25_s42,-1,0.0
333687,bertopic,n30_c25_s42,2,1.0
334172,bertopic,n30_c25_s42,-1,0.0
334243,bertopic,n30_c25_s42,46,1.0
334550,bertopic,n30_c25_s42,12,0.29862223243297076
334772,bertopic,n30_c25_s42,1,1.0
335061,bertopic,n30_c25_s42,63,1.0
335114,bertopic,n30_c25_s42,22,1.0
335173,bertopic,n30_c25_s42,20,0.5948841025409127
335239,bertopic,n30_c25_s42,33,1.0
335401,bertopic,n30_c25_s42,-1,0.0
335766,bertopic,n30_c25_s42,0,1.0
335884,bertopic,n30_c25_s42,8,0.34533752253135647
336033,bertopic,n30_c25_s42,-1,0.0
336178,bertopic,n30_c25_s42,3,1.0
336531,bertopic,n30_c25_s42,38,0.5368031509735243
336535,bertopic,n30_c25_s42,0,0.9299984050818729
336591,bertopic,n30_c25_s42,47,1.0
336692,bertopic,n30_c25_s42,63,1.0
336733,bertopic,n30_c25_s42,30,1.0
336896,bertopic,n30_c25_s42,22,0.7190038708439886
337401,bertopic,n30_c25_s42,3,0.8919449695796564
337596,bertopic,n30_c25_s42,-1,0.0
337610,bertopic,n30_c25_s42,-1,0.0
337631,bertopic,n30_c25_s42,24,1.0
337681,bertopic,n30_c25_s42,36,0.8263190605423849
337828,bertopic,n30_c25_s42,59,1.0
338070,bertopic,n30_c25_s42,1,1.0
338209,bertopic,n30_c25_s42,-1,0.0
338319,bertopic,n30_c25_s42,4,1.0
338777,bertopic,n30_c25_s42,4,1.0
338781,bertopic,n30_c25_s42,22,0.36670100390399374
339209,bertopic,n30_c25_s42,35,1.0
339230,bertopic,n30_c25_s42,26,0.6289372687069054
339345,bertopic,n30_c25_s42,8,0.6099764315853512
339780,bertopic,n30_c25_s42,-1,0.0
340103,bertopic,n30_c25_s42,6,0.19472600883482155
340376,bertopic,n30_c25_s42,-1,0.0
340571,bertopic,n30_c25_s42,8,0.4018330099376061
341178,bertopic,n30_c25_s42,53,0.8956467088736358
341476,bertopic,n30_c25_s42,11,1.0
341738,bertopic,n30_c25_s42,52,1.0
342345,bertopic,n30_c25_s42,0,1.0
342417,bertopic,n30_c25_s42,8,0.4080335906715618
342509,bertopic,n30_c25_s42,25,1.0
342627,bertopic,n30_c25_s42,47,1.0
342826,bertopic,n30_c25_s42,2,1.0
342831,bertopic,n30_c25_s42,63,1.0
343034,bertopic,n30_c25_s42,7,1.0
343735,bertopic,n30_c25_s42,-1,0.0
343816,bertopic,n30_c25_s42,8,0.3067853041247277
343921,bertopic,n30_c25_s42,30,0.844143153108388
344002,bertopic,n30_c25_s42,3,1.0
344068,bertopic,n30_c25_s42,4,1.0
344195,bertopic,n30_c25_s42,3,1.0
344196,bertopic,n30_c25_s42,3,0.823055623577858
344864,bertopic,n30_c25_s42,20,0.5457270251360361
345405,bertopic,n30_c25_s42,45,1.0
345444,bertopic,n30_c25_s42,-1,0.0
345565,bertopic,n30_c25_s42,9,0.5431286014682702
345699,bertopic,n30_c25_s42,57,0.3757123586543824
345783,bertopic,n30_c25_s42,-1,0.0
345794,bertopic,n30_c25_s42,17,1.0
345883,bertopic,n30_c25_s42,54,1.0
345946,bertopic,n30_c25_s42,-1,0.0
346371,bertopic,n30_c25_s42,-1,0.0
346497,bertopic,n30_c25_s42,-1,0.0
346840,bertopic,n30_c25_s42,3,0.8586618846312398
346847,bertopic,n30_c25_s42,-1,0.0
346872,bertopic,n30_c25_s42,3,1.0
346929,bertopic,n30_c25_s42,-1,0.0
347086,bertopic,n30_c25_s42,-1,0.0
347156,bertopic,n30_c25_s42,60,1.0
347335,bertopic,n30_c25_s42,-1,0.0
347407,bertopic,n30_c25_s42,9,1.0
347424,bertopic,n30_c25_s42,0,1.0
347437,bertopic,n30_c25_s42,40,1.0
347523,bertopic,n30_c25_s42,24,0.8385822015155096
347559,bertopic,n30_c25_s42,7,0.46700910953807345
347605,bertopic,n30_c25_s42,-1,0.0
347990,bertopic,n30_c25_s42,0,1.0
347991,bertopic,n30_c25_s42,62,1.0
348236,bertopic,n30_c25_s42,-1,0.0
348757,bertopic,n30_c25_s42,23,0.7618754412656162
349002,bertopic,n30_c25_s42,0,1.0
349026,bertopic,n30_c25_s42,59,1.0
349135,bertopic,n30_c25_s42,1,1.0
349140,bertopic,n30_c25_s42,26,0.2958229691886261
349185,bertopic,n30_c25_s42,-1,0.0
349223,bertopic,n30_c25_s42,3,1.0
349359,bertopic,n30_c25_s42,-1,0.0
349388,bertopic,n30_c25_s42,-1,0.0
349460,bertopic,n30_c25_s42,27,0.7626575887924782
349636,bertopic,n30_c25_s42,3,1.0
349639,bertopic,n30_c25_s42,-1,0.0
349700,bertopic,n30_c25_s42,-1,0.0
349833,bertopic,n30_c25_s42,3,0.969589876961123
349844,bertopic,n30_c25_s42,-1,0.0
349959,bertopic,n30_c25_s42,9,0.3805440012964935
350083,bertopic,n30_c25_s42,8,1.0
350165,bertopic,n30_c25_s42,2,0.9345038608579525
350181,bertopic,n30_c25_s42,-1,0.0
350222,bertopic,n30_c25_s42,63,1.0
350316,bertopic,n30_c25_s42,3,1.0
350352,bertopic,n30_c25_s42,62,1.0
350557,bertopic,n30_c25_s42,3,0.9687185459867529
350743,bertopic,n30_c25_s42,8,0.399325107611221
350829,bertopic,n30_c25_s42,7,0.46700910953807345
351208,bertopic,n30_c25_s42,17,0.5799977954126201
351226,bertopic,n30_c25_s42,31,0.10826409892278382
351568,bertopic,n30_c25_s42,25,1.0
352192,bertopic,n30_c25_s42,9,0.5431286014682702
352193,bertopic,n30_c25_s42,-1,0.0
352236,bertopic,n30_c25_s42,3,0.8953834321732206
352407,bertopic,n30_c25_s42,12,0.6027574565559892
352440,bertopic,n30_c25_s42,7,0.7021423081812234
352743,bertopic,n30_c25_s42,62,1.0
352773,bertopic,n30_c25_s42,52,1.0
352880,bertopic,n30_c25_s42,53,1.0
353145,bertopic,n30_c25_s42,16,0.4487596817991207
353146,bertopic,n30_c25_s42,3,0.8596811333012656
353420,bertopic,n30_c25_s42,27,1.0
353637,bertopic,n30_c25_s42,-1,0.0
353654,bertopic,n30_c25_s42,20,0.5948841025409127
353673,bertopic,n30_c25_s42,3,1.0
353749,bertopic,n30_c25_s42,3,1.0
353850,bertopic,n30_c25_s42,27,0.4215259120334359
354103,bertopic,n30_c25_s42,30,0.7934382223061142
354136,bertopic,n30_c25_s42,3,1.0
354258,bertopic,n30_c25_s42,-1,0.0
354378,bertopic,n30_c25_s42,-1,0.0
354406,bertopic,n30_c25_s42,30,1.0
354527,bertopic,n30_c25_s42,-1,0.0
354544,bertopic,n30_c25_s42,0,0.7593571882993493
354997,bertopic,n30_c25_s42,21,1.0
355001,bertopic,n30_c25_s42,10,0.6003944755481522
355024,bertopic,n30_c25_s42,28,1.0
355166,bertopic,n30_c25_s42,24,1.0
355343,bertopic,n30_c25_s42,3,0.969589876961123
355357,bertopic,n30_c25_s42,53,1.0
355382,bertopic,n30_c25_s42,-1,0.0
355616,bertopic,n30_c25_s42,3,1.0
355630,bertopic,n30_c25_s42,3,1.0
355774,bertopic,n30_c25_s42,20,0.5412660443175031
355792,bertopic,n30_c25_s42,1,1.0
355796,bertopic,n30_c25_s42,-1,0.0
356281,bertopic,n30_c25_s42,8,0.31402486222259146
356855,bertopic,n30_c25_s42,17,1.0
356857,bertopic,n30_c25_s42,13,0.8816085816245789
358357,bertopic,n30_c25_s42,-1,0.0
358395,bertopic,n30_c25_s42,3,0.8827782894860541
358889,bertopic,n30_c25_s42,42,0.9071268717236978
358925,bertopic,n30_c25_s42,21,0.94840231379753
358977,bertopic,n30_c25_s42,8,0.3137884562978313
359100,bertopic,n30_c25_s42,62,1.0
359205,bertopic,n30_c25_s42,9,1.0
359210,bertopic,n30_c25_s42,1,0.9753855308371578
359607,bertopic,n30_c25_s42,27,1.0
359623,bertopic,n30_c25_s42,60,1.0
359729,bertopic,n30_c25_s42,13,0.7082533140040689
359944,bertopic,n30_c25_s42,40,1.0
360267,bertopic,n30_c25_s42,3,0.8860028365400828
360683,bertopic,n30_c25_s42,62,1.0
360913,bertopic,n30_c25_s42,25,1.0
361045,bertopic,n30_c25_s42,14,1.0
361123,bertopic,n30_c25_s42,-1,0.0
361392,bertopic,n30_c25_s42,4,0.8611289878943775
361594,bertopic,n30_c25_s42,-1,0.0
361804,bertopic,n30_c25_s42,58,1.0
361821,bertopic,n30_c25_s42,0,1.0
361869,bertopic,n30_c25_s42,-1,0.0
361975,bertopic,n30_c25_s42,9,0.5065116254129085
362027,bertopic,n30_c25_s42,65,1.0
362116,bertopic,n30_c25_s42,24,0.5220252259690473
362266,bertopic,n30_c25_s42,-1,0.0
362434,bertopic,n30_c25_s42,-1,0.0
362435,bertopic,n30_c25_s42,54,0.2209964297599094
362600,bertopic,n30_c25_s42,8,0.3106760412122124
362613,bertopic,n30_c25_s42,-1,0.0
362730,bertopic,n30_c25_s42,3,1.0
362890,bertopic,n30_c25_s42,-1,0.0
362994,bertopic,n30_c25_s42,60,1.0
363081,bertopic,n30_c25_s42,1,1.0
363240,bertopic,n30_c25_s42,48,0.958257460366715
363272,bertopic,n30_c25_s42,36,1.0
363322,bertopic,n30_c25_s42,0,0.8293988423858983
363461,bertopic,n30_c25_s42,-1,0.0
363508,bertopic,n30_c25_s42,8,0.32118197373343055
363524,bertopic,n30_c25_s42,-1,0.0
363606,bertopic,n30_c25_s42,25,0.3929848292181543
363617,bertopic,n30_c25_s42,30,0.8693457619209122
363767,bertopic,n30_c25_s42,40,1.0
363817,bertopic,n30_c25_s42,-1,0.0
363954,bertopic,n30_c25_s42,32,1.0
363959,bertopic,n30_c25_s42,-1,0.0
363969,bertopic,n30_c25_s42,32,1.0
364193,bertopic,n30_c25_s42,12,1.0
364226,bertopic,n30_c25_s42,-1,0.0
364252,bertopic,n30_c25_s42,59,0.38695478318326815
364285,bertopic,n30_c25_s42,0,0.7370153618331977
364293,bertopic,n30_c25_s42,-1,0.0
364313,bertopic,n30_c25_s42,12,1.0
364340,bertopic,n30_c25_s42,8,0.31728691495429456
364349,bertopic,n30_c25_s42,-1,0.0
364369,bertopic,n30_c25_s42,-1,0.0
364415,bertopic,n30_c25_s42,8,0.3940193125609135
364554,bertopic,n30_c25_s42,3,0.9480268769844447
364562,bertopic,n30_c25_s42,43,1.0
364587,bertopic,n30_c25_s42,3,0.8219267965087577
364612,bertopic,n30_c25_s42,-1,0.0
364613,bertopic,n30_c25_s42,0,0.8168395591726897
364845,bertopic,n30_c25_s42,35,0.9159857360407626
364986,bertopic,n30_c25_s42,3,0.9159543669105439
365176,bertopic,n30_c25_s42,5,0.43131285494413596
365354,bertopic,n30_c25_s42,3,1.0
365449,bertopic,n30_c25_s42,43,1.0
365468,bertopic,n30_c25_s42,15,1.0
365730,bertopic,n30_c25_s42,22,1.0
365767,bertopic,n30_c25_s42,11,1.0
365801,bertopic,n30_c25_s42,14,0.4819497528320691
365804,bertopic,n30_c25_s42,0,1.0
365926,bertopic,n30_c25_s42,5,0.4675716841657599
366285,bertopic,n30_c25_s42,14,1.0
366460,bertopic,n30_c25_s42,50,0.5651488020520226
366529,bertopic,n30_c25_s42,24,0.8991660397792183
366938,bertopic,n30_c25_s42,8,0.44692428322282984
366960,bertopic,n30_c25_s42,1,1.0
367212,bertopic,n30_c25_s42,30,1.0
367554,bertopic,n30_c25_s42,-1,0.0
367848,bertopic,n30_c25_s42,14,0.44820012529518133
367851,bertopic,n30_c25_s42,0,1.0
367852,bertopic,n30_c25_s42,0,1.0
368018,bertopic,n30_c25_s42,3,0.9757683567923252
368020,bertopic,n30_c25_s42,-1,0.0
368530,bertopic,n30_c25_s42,0,1.0
368560,bertopic,n30_c25_s42,5,1.0
368648,bertopic,n30_c25_s42,-1,0.0
368729,bertopic,n30_c25_s42,17,1.0
368776,bertopic,n30_c25_s42,3,0.9076240872574614
368900,bertopic,n30_c25_s42,43,1.0
369104,bertopic,n30_c25_s42,32,1.0
369148,bertopic,n30_c25_s42,0,1.0
369697,bertopic,n30_c25_s42,-1,0.0
370001,bertopic,n30_c25_s42,14,1.0
370438,bertopic,n30_c25_s42,-1,0.0
370542,bertopic,n30_c25_s42,26,1.0
370556,bertopic,n30_c25_s42,26,0.9714962590188763
370979,bertopic,n30_c25_s42,-1,0.0
370995,bertopic,n30_c25_s42,41,0.2337211212822254
371086,bertopic,n30_c25_s42,0,1.0
371300,bertopic,n30_c25_s42,3,0.8984856991300656
371747,bertopic,n30_c25_s42,8,0.8619367018409025
371976,bertopic,n30_c25_s42,3,1.0
371981,bertopic,n30_c25_s42,-1,0.0
372026,bertopic,n30_c25_s42,3,1.0
372075,bertopic,n30_c25_s42,-1,0.0
372130,bertopic,n30_c25_s42,7,0.46700910953807345
372378,bertopic,n30_c25_s42,1,0.7514120662824653
372396,bertopic,n30_c25_s42,-1,0.0
372397,bertopic,n30_c25_s42,58,1.0
372435,bertopic,n30_c25_s42,3,0.8876989264908866
372668,bertopic,n30_c25_s42,45,1.0
372672,bertopic,n30_c25_s42,0,1.0
372699,bertopic,n30_c25_s42,32,1.0
372804,bertopic,n30_c25_s42,9,1.0
372987,bertopic,n30_c25_s42,9,1.0
373063,bertopic,n30_c25_s42,1,1.0
373168,bertopic,n30_c25_s42,-1,0.0
373318,bertopic,n30_c25_s42,-1,0.0
373359,bertopic,n30_c25_s42,42,0.9460744268997612
373373,bertopic,n30_c25_s42,6,1.0
373419,bertopic,n30_c25_s42,7,0.9437605677664825
373440,bertopic,n30_c25_s42,2,1.0
373453,bertopic,n30_c25_s42,44,1.0
373536,bertopic,n30_c25_s42,2,1.0
373541,bertopic,n30_c25_s42,26,1.0
373567,bertopic,n30_c25_s42,47,1.0
373686,bertopic,n30_c25_s42,68,1.0
373970,bertopic,n30_c25_s42,3,1.0
374413,bertopic,n30_c25_s42,7,1.0
374489,bertopic,n30_c25_s42,1,1.0
374496,bertopic,n30_c25_s42,1,1.0
374611,bertopic,n30_c25_s42,24,1.0
374634,bertopic,n30_c25_s42,3,1.0
374666,bertopic,n30_c25_s42,4,0.784458187337505
374801,bertopic,n30_c25_s42,44,0.6395294655425222
375062,bertopic,n30_c25_s42,6,0.3878822815151645
375111,bertopic,n30_c25_s42,31,0.10826409892278382
375119,bertopic,n30_c25_s42,38,1.0
375210,bertopic,n30_c25_s42,3,0.9934321707823623
375223,bertopic,n30_c25_s42,2,0.7661394879992849
375243,bertopic,n30_c25_s42,47,1.0
375381,bertopic,n30_c25_s42,3,1.0
375590,bertopic,n30_c25_s42,-1,0.0
375608,bertopic,n30_c25_s42,3,1.0
375682,bertopic,n30_c25_s42,-1,0.0
375820,bertopic,n30_c25_s42,21,0.2831076721666236
375824,bertopic,n30_c25_s42,8,0.32958339273091913
376330,bertopic,n30_c25_s42,11,0.2434489435921675
376554,bertopic,n30_c25_s42,55,1.0
376828,bertopic,n30_c25_s42,9,0.7713780363785993
376939,bertopic,n30_c25_s42,-1,0.0
377253,bertopic,n30_c25_s42,1,1.0
377373,bertopic,n30_c25_s42,0,1.0
377897,bertopic,n30_c25_s42,-1,0.0
377918,bertopic,n30_c25_s42,33,0.31889532655205666
377955,bertopic,n30_c25_s42,6,1.0
378167,bertopic,n30_c25_s42,1,1.0
378248,bertopic,n30_c25_s42,48,1.0
378413,bertopic,n30_c25_s42,-1,0.0
378472,bertopic,n30_c25_s42,-1,0.0
378868,bertopic,n30_c25_s42,0,1.0
379171,bertopic,n30_c25_s42,3,1.0
379369,bertopic,n30_c25_s42,-1,0.0
379568,bertopic,n30_c25_s42,-1,0.0
379757,bertopic,n30_c25_s42,42,1.0
379842,bertopic,n30_c25_s42,-1,0.0
379954,bertopic,n30_c25_s42,23,1.0
380168,bertopic,n30_c25_s42,2,0.7405515387401128
380169,bertopic,n30_c25_s42,42,0.8861776120308328
380170,bertopic,n30_c25_s42,3,0.9477610912349541
380179,bertopic,n30_c25_s42,5,1.0
380361,bertopic,n30_c25_s42,5,1.0
380406,bertopic,n30_c25_s42,28,1.0
380732,bertopic,n30_c25_s42,3,1.0
381397,bertopic,n30_c25_s42,1,0.9753855308371578
381731,bertopic,n30_c25_s42,35,1.0
382628,bertopic,n30_c25_s42,-1,0.0
382913,bertopic,n30_c25_s42,-1,0.0
383177,bertopic,n30_c25_s42,10,0.3717927676145669
383402,bertopic,n30_c25_s42,35,1.0
383442,bertopic,n30_c25_s42,54,1.0
383664,bertopic,n30_c25_s42,9,0.5469309370443883
384102,bertopic,n30_c25_s42,2,0.7523799427976285
384199,bertopic,n30_c25_s42,3,1.0
384438,bertopic,n30_c25_s42,11,0.24050409760315472
384749,bertopic,n30_c25_s42,2,1.0
384797,bertopic,n30_c25_s42,41,0.23650204834920627
384900,bertopic,n30_c25_s42,2,1.0
385053,bertopic,n30_c25_s42,26,1.0
385102,bertopic,n30_c25_s42,62,0.873041690066432
385220,bertopic,n30_c25_s42,42,0.9681548707833727
385277,bertopic,n30_c25_s42,9,0.5065116254129085
385397,bertopic,n30_c25_s42,7,0.4379597796676586
385591,bertopic,n30_c25_s42,8,0.3155529149139443
385771,bertopic,n30_c25_s42,58,1.0
385791,bertopic,n30_c25_s42,2,1.0
385819,bertopic,n30_c25_s42,-1,0.0
385918,bertopic,n30_c25_s42,6,1.0
386722,bertopic,n30_c25_s42,-1,0.0
387235,bertopic,n30_c25_s42,0,1.0
389475,bertopic,n30_c25_s42,6,1.0
390533,bertopic,n30_c25_s42,8,1.0
390564,bertopic,n30_c25_s42,14,1.0
392330,bertopic,n30_c25_s42,60,1.0
393831,bertopic,n30_c25_s42,12,0.7315289597641431
394655,bertopic,n30_c25_s42,0,1.0
395842,bertopic,n30_c25_s42,3,0.8412334860811347
397292,bertopic,n30_c25_s42,-1,0.0
397671,bertopic,n30_c25_s42,19,0.2457242745632556
398523,bertopic,n30_c25_s42,70,1.0
399236,bertopic,n30_c25_s42,57,1.0
399758,bertopic,n30_c25_s42,62,1.0
399794,bertopic,n30_c25_s42,1,1.0
399796,bertopic,n30_c25_s42,-1,0.0
399896,bertopic,n30_c25_s42,26,0.5430259903926858
399942,bertopic,n30_c25_s42,11,0.5184644644503245
399951,bertopic,n30_c25_s42,47,1.0
400011,bertopic,n30_c25_s42,7,1.0
400030,bertopic,n30_c25_s42,20,0.5948841025409127
400052,bertopic,n30_c25_s42,-1,0.0
400095,bertopic,n30_c25_s42,9,1.0
400125,bertopic,n30_c25_s42,-1,0.0
400335,bertopic,n30_c25_s42,60,1.0
400337,bertopic,n30_c25_s42,52,1.0
400390,bertopic,n30_c25_s42,-1,0.0
400458,bertopic,n30_c25_s42,-1,0.0
400841,bertopic,n30_c25_s42,54,1.0
400868,bertopic,n30_c25_s42,1,1.0
400956,bertopic,n30_c25_s42,30,0.6242344385742925
400994,bertopic,n30_c25_s42,62,1.0
401406,bertopic,n30_c25_s42,0,1.0
401542,bertopic,n30_c25_s42,26,1.0
401596,bertopic,n30_c25_s42,53,0.9301500835861404
402065,bertopic,n30_c25_s42,-1,0.0
402458,bertopic,n30_c25_s42,10,0.4169787192777864
402907,bertopic,n30_c25_s42,8,0.3029691201496444
403133,bertopic,n30_c25_s42,-1,0.0
403359,bertopic,n30_c25_s42,1,1.0
403437,bertopic,n30_c25_s42,5,1.0
403993,bertopic,n30_c25_s42,47,1.0
404356,bertopic,n30_c25_s42,35,1.0
404748,bertopic,n30_c25_s42,28,1.0
405026,bertopic,n30_c25_s42,-1,0.0
405270,bertopic,n30_c25_s42,22,1.0
405488,bertopic,n30_c25_s42,35,1.0
405909,bertopic,n30_c25_s42,-1,0.0
406072,bertopic,n30_c25_s42,-1,0.0
406162,bertopic,n30_c25_s42,6,1.0
406192,bertopic,n30_c25_s42,7,0.4589011104491465
406273,bertopic,n30_c25_s42,-1,0.0
406310,bertopic,n30_c25_s42,-1,0.0
406331,bertopic,n30_c25_s42,23,0.7488751384031398
406364,bertopic,n30_c25_s42,34,1.0
406509,bertopic,n30_c25_s42,1,1.0
406638,bertopic,n30_c25_s42,42,1.0
406642,bertopic,n30_c25_s42,27,0.4680317377984421
406712,bertopic,n30_c25_s42,7,0.626031143725608
406733,bertopic,n30_c25_s42,39,0.3710947358940952
406856,bertopic,n30_c25_s42,4,0.7300947523214014
406872,bertopic,n30_c25_s42,9,0.5431286014682702
407706,bertopic,n30_c25_s42,47,1.0
408607,bertopic,n30_c25_s42,1,1.0
409005,bertopic,n30_c25_s42,-1,0.0
409869,bertopic,n30_c25_s42,21,0.28279456629697663
410378,bertopic,n30_c25_s42,2,0.7405515387401128
410422,bertopic,n30_c25_s42,38,0.6929025912851757
410469,bertopic,n30_c25_s42,54,0.4579131913100218
410583,bertopic,n30_c25_s42,22,1.0
410601,bertopic,n30_c25_s42,-1,0.0
410602,bertopic,n30_c25_s42,4,0.80708879789061
410639,bertopic,n30_c25_s42,-1,0.0
410714,bertopic,n30_c25_s42,47,1.0
410730,bertopic,n30_c25_s42,23,1.0
410770,bertopic,n30_c25_s42,7,1.0
410793,bertopic,n30_c25_s42,22,1.0
410812,bertopic,n30_c25_s42,56,0.5478206875442523
410824,bertopic,n30_c25_s42,38,1.0
410850,bertopic,n30_c25_s42,23,0.7084853986126068
410941,bertopic,n30_c25_s42,3,0.969589876961123
410967,bertopic,n30_c25_s42,0,1.0
411099,bertopic,n30_c25_s42,22,0.12257434824623445
411227,bertopic,n30_c25_s42,12,0.4212374218336317
411242,bertopic,n30_c25_s42,62,1.0
411446,bertopic,n30_c25_s42,0,1.0
411475,bertopic,n30_c25_s42,4,1.0
411549,bertopic,n30_c25_s42,30,0.8744004359946321
411566,bertopic,n30_c25_s42,47,1.0
411571,bertopic,n30_c25_s42,-1,0.0
411583,bertopic,n30_c25_s42,1,1.0
411584,bertopic,n30_c25_s42,56,1.0
411605,bertopic,n30_c25_s42,11,0.474591155759017
411714,bertopic,n30_c25_s42,54,1.0
412054,bertopic,n30_c25_s42,15,0.46974704203260803
412209,bertopic,n30_c25_s42,14,0.26373381601065515
412276,bertopic,n30_c25_s42,13,0.9909795390324465
412349,bertopic,n30_c25_s42,9,0.5065116254129085
413027,bertopic,n30_c25_s42,6,1.0
413813,bertopic,n30_c25_s42,-1,0.0
413883,bertopic,n30_c25_s42,65,1.0
414006,bertopic,n30_c25_s42,1,1.0
414031,bertopic,n30_c25_s42,0,1.0
414299,bertopic,n30_c25_s42,31,0.9821569571836207
414612,bertopic,n30_c25_s42,11,0.44153150191748264
414743,bertopic,n30_c25_s42,68,1.0
415423,bertopic,n30_c25_s42,2,1.0
415781,bertopic,n30_c25_s42,2,1.0
415795,bertopic,n30_c25_s42,7,1.0
415888,bertopic,n30_c25_s42,36,0.8263190605423849
415973,bertopic,n30_c25_s42,4,1.0
416061,bertopic,n30_c25_s42,-1,0.0
416180,bertopic,n30_c25_s42,24,0.47800768483231404
416309,bertopic,n30_c25_s42,31,0.10826409892278382
416588,bertopic,n30_c25_s42,9,1.0
416664,bertopic,n30_c25_s42,-1,0.0
416737,bertopic,n30_c25_s42,-1,0.0
416743,bertopic,n30_c25_s42,25,0.43466446673584
416754,bertopic,n30_c25_s42,54,1.0
416785,bertopic,n30_c25_s42,-1,0.0
416805,bertopic,n30_c25_s42,47,0.8514668154515284
416814,bertopic,n30_c25_s42,59,1.0
416834,bertopic,n30_c25_s42,0,1.0
416863,bertopic,n30_c25_s42,1,1.0
417199,bertopic,n30_c25_s42,-1,0.0
417221,bertopic,n30_c25_s42,39,1.0
417252,bertopic,n30_c25_s42,2,0.9428642611615556
417296,bertopic,n30_c25_s42,-1,0.0
417325,bertopic,n30_c25_s42,20,0.88565452048992
417779,bertopic,n30_c25_s42,9,1.0
417863,bertopic,n30_c25_s42,19,0.3131308347110139
418042,bertopic,n30_c25_s42,26,0.4457820903100483
418249,bertopic,n30_c25_s42,1,0.9753855308371578
418389,bertopic,n30_c25_s42,8,1.0
418544,bertopic,n30_c25_s42,54,1.0
418940,bertopic,n30_c25_s42,11,0.3697629963657422
419092,bertopic,n30_c25_s42,19,0.25779780302295735
419200,bertopic,n30_c25_s42,13,1.0
419293,bertopic,n30_c25_s42,62,1.0
419579,bertopic,n30_c25_s42,44,1.0
419946,bertopic,n30_c25_s42,3,1.0
420359,bertopic,n30_c25_s42,-1,0.0
421213,bertopic,n30_c25_s42,14,0.4819497528320691
421370,bertopic,n30_c25_s42,-1,0.0
421384,bertopic,n30_c25_s42,54,1.0
421399,bertopic,n30_c25_s42,20,0.7202535696751048
421523,bertopic,n30_c25_s42,1,1.0
421641,bertopic,n30_c25_s42,-1,0.0
421682,bertopic,n30_c25_s42,0,0.5041651173221762
421828,bertopic,n30_c25_s42,15,0.4462335505870301
421981,bertopic,n30_c25_s42,26,0.9550055806928033
422047,bertopic,n30_c25_s42,9,0.5431286014682702
422084,bertopic,n30_c25_s42,25,1.0
422272,bertopic,n30_c25_s42,-1,0.0
422645,bertopic,n30_c25_s42,24,0.47800768483231404
424106,bertopic,n30_c25_s42,47,1.0
424374,bertopic,n30_c25_s42,22,0.9619044444221125
424711,bertopic,n30_c25_s42,-1,0.0
425154,bertopic,n30_c25_s42,0,1.0
425202,bertopic,n30_c25_s42,-1,0.0
425300,bertopic,n30_c25_s42,62,0.9921597428248853
425664,bertopic,n30_c25_s42,15,0.6473482162996985
425830,bertopic,n30_c25_s42,10,0.3717927676145669
426180,bertopic,n30_c25_s42,-1,0.0
426210,bertopic,n30_c25_s42,0,1.0
426230,bertopic,n30_c25_s42,-1,0.0
426323,bertopic,n30_c25_s42,4,0.832458640934726
426452,bertopic,n30_c25_s42,-1,0.0
426476,bertopic,n30_c25_s42,67,1.0
426614,bertopic,n30_c25_s42,24,0.47800768483231404
426646,bertopic,n30_c25_s42,-1,0.0
426700,bertopic,n30_c25_s42,23,1.0
427023,bertopic,n30_c25_s42,7,1.0
427185,bertopic,n30_c25_s42,4,1.0
427552,bertopic,n30_c25_s42,15,0.9590957569487318
427604,bertopic,n30_c25_s42,23,0.732136220141865
427932,bertopic,n30_c25_s42,46,1.0
427942,bertopic,n30_c25_s42,24,1.0
428456,bertopic,n30_c25_s42,7,1.0
428710,bertopic,n30_c25_s42,30,1.0
429070,bertopic,n30_c25_s42,-1,0.0
429410,bertopic,n30_c25_s42,6,1.0
429420,bertopic,n30_c25_s42,23,0.7618754412656162
429948,bertopic,n30_c25_s42,41,0.23650204834920627
429993,bertopic,n30_c25_s42,54,1.0
430143,bertopic,n30_c25_s42,2,1.0
430348,bertopic,n30_c25_s42,-1,0.0
430368,bertopic,n30_c25_s42,47,1.0
430380,bertopic,n30_c25_s42,-1,0.0
430542,bertopic,n30_c25_s42,4,1.0
430739,bertopic,n30_c25_s42,-1,0.0
430874,bertopic,n30_c25_s42,17,0.7412454112431281
431240,bertopic,n30_c25_s42,11,0.20330335247614922
431280,bertopic,n30_c25_s42,36,0.8263190605423849
431405,bertopic,n30_c25_s42,0,1.0
431716,bertopic,n30_c25_s42,-1,0.0
431737,bertopic,n30_c25_s42,1,0.8140399177021518
431838,bertopic,n30_c25_s42,1,1.0
431928,bertopic,n30_c25_s42,-1,0.0
431987,bertopic,n30_c25_s42,63,1.0
432036,bertopic,n30_c25_s42,7,0.4563128314390016
432064,bertopic,n30_c25_s42,-1,0.0
432081,bertopic,n30_c25_s42,7,1.0
432128,bertopic,n30_c25_s42,5,0.4752904190808425
432142,bertopic,n30_c25_s42,1,1.0
432188,bertopic,n30_c25_s42,11,0.23416123331458727
432201,bertopic,n30_c25_s42,-1,0.0
432273,bertopic,n30_c25_s42,2,1.0
432282,bertopic,n30_c25_s42,6,0.40219203122799
432293,bertopic,n30_c25_s42,-1,0.0
432308,bertopic,n30_c25_s42,32,1.0
432405,bertopic,n30_c25_s42,26,1.0
432500,bertopic,n30_c25_s42,-1,0.0
432573,bertopic,n30_c25_s42,-1,0.0
432874,bertopic,n30_c25_s42,8,0.363298197767383
432956,bertopic,n30_c25_s42,52,1.0
433026,bertopic,n30_c25_s42,62,1.0
433050,bertopic,n30_c25_s42,58,1.0
433217,bertopic,n30_c25_s42,47,1.0
433539,bertopic,n30_c25_s42,2,1.0
433811,bertopic,n30_c25_s42,17,0.5799977954126201
433844,bertopic,n30_c25_s42,-1,0.0
433901,bertopic,n30_c25_s42,7,0.3135874058058187
434863,bertopic,n30_c25_s42,10,0.8483078821759821
435016,bertopic,n30_c25_s42,1,1.0
435344,bertopic,n30_c25_s42,9,0.3455954298629112
435632,bertopic,n30_c25_s42,52,1.0
435705,bertopic,n30_c25_s42,-1,0.0
435972,bertopic,n30_c25_s42,-1,0.0
435994,bertopic,n30_c25_s42,3,0.9130332746138108
436015,bertopic,n30_c25_s42,32,0.8547789984894665
436192,bertopic,n30_c25_s42,-1,0.0
436354,bertopic,n30_c25_s42,4,1.0
436430,bertopic,n30_c25_s42,52,1.0
436472,bertopic,n30_c25_s42,35,0.7784510388066908
436500,bertopic,n30_c25_s42,3,0.9545057606203089
436545,bertopic,n30_c25_s42,-1,0.0
436747,bertopic,n30_c25_s42,47,1.0
436820,bertopic,n30_c25_s42,56,1.0
436919,bertopic,n30_c25_s42,6,1.0
436961,bertopic,n30_c25_s42,-1,0.0
436965,bertopic,n30_c25_s42,4,1.0
437039,bertopic,n30_c25_s42,45,1.0
437146,bertopic,n30_c25_s42,-1,0.0
437291,bertopic,n30_c25_s42,-1,0.0
437371,bertopic,n30_c25_s42,1,1.0
437429,bertopic,n30_c25_s42,20,0.5412660443175031
437446,bertopic,n30_c25_s42,1,1.0
437461,bertopic,n30_c25_s42,-1,0.0
437471,bertopic,n30_c25_s42,5,1.0
437519,bertopic,n30_c25_s42,11,0.3354231292552738
437537,bertopic,n30_c25_s42,4,0.9213726560047222
437582,bertopic,n30_c25_s42,11,0.47482072165103795
438876,bertopic,n30_c25_s42,2,1.0
438905,bertopic,n30_c25_s42,9,0.5431286014682702
438920,bertopic,n30_c25_s42,60,1.0
439044,bertopic,n30_c25_s42,9,0.21089941313739308
439481,bertopic,n30_c25_s42,22,0.500724982559672
439601,bertopic,n30_c25_s42,-1,0.0
439609,bertopic,n30_c25_s42,11,1.0
439833,bertopic,n30_c25_s42,-1,0.0
439902,bertopic,n30_c25_s42,4,0.9260046681336213
440280,bertopic,n30_c25_s42,15,0.5144594072075581
440299,bertopic,n30_c25_s42,13,0.530754062150258
440355,bertopic,n30_c25_s42,-1,0.0
440418,bertopic,n30_c25_s42,2,1.0
440443,bertopic,n30_c25_s42,9,0.4181237703339677
440529,bertopic,n30_c25_s42,22,0.186612278945315
440690,bertopic,n30_c25_s42,4,0.9581634154633458
440719,bertopic,n30_c25_s42,1,1.0
440801,bertopic,n30_c25_s42,35,1.0
440806,bertopic,n30_c25_s42,11,0.3761770965889606
440908,bertopic,n30_c25_s42,-1,0.0
440919,bertopic,n30_c25_s42,27,0.3360241656065806
440924,bertopic,n30_c25_s42,-1,0.0
440955,bertopic,n30_c25_s42,3,1.0
441037,bertopic,n30_c25_s42,8,0.36764990341739484
441127,bertopic,n30_c25_s42,0,1.0
441312,bertopic,n30_c25_s42,20,1.0
441314,bertopic,n30_c25_s42,14,0.4819497528320691
441480,bertopic,n30_c25_s42,25,0.5538051464485799
441491,bertopic,n30_c25_s42,30,1.0
441563,bertopic,n30_c25_s42,9,1.0
441624,bertopic,n30_c25_s42,25,0.892482658693084
441717,bertopic,n30_c25_s42,15,0.6655528304760246
441964,bertopic,n30_c25_s42,24,0.47800768483231404
442031,bertopic,n30_c25_s42,2,1.0
442054,bertopic,n30_c25_s42,6,1.0
442293,bertopic,n30_c25_s42,-1,0.0
442316,bertopic,n30_c25_s42,-1,0.0
442463,bertopic,n30_c25_s42,8,1.0
442476,bertopic,n30_c25_s42,4,1.0
442486,bertopic,n30_c25_s42,1,1.0
442635,bertopic,n30_c25_s42,48,0.39066017087500965
442647,bertopic,n30_c25_s42,12,1.0
442817,bertopic,n30_c25_s42,42,0.9738036243113871
442842,bertopic,n30_c25_s42,7,0.4563128314390016
442873,bertopic,n30_c25_s42,0,0.7926269156262562
442900,bertopic,n30_c25_s42,3,0.821920454166488
443029,bertopic,n30_c25_s42,19,0.19495248563309925
443179,bertopic,n30_c25_s42,-1,0.0
443180,bertopic,n30_c25_s42,-1,0.0
443196,bertopic,n30_c25_s42,-1,0.0
443393,bertopic,n30_c25_s42,2,0.9755264045498532
443401,bertopic,n30_c25_s42,42,1.0
443405,bertopic,n30_c25_s42,13,0.9909795390324465
443462,bertopic,n30_c25_s42,5,1.0
443555,bertopic,n30_c25_s42,1,1.0
443618,bertopic,n30_c25_s42,35,1.0
443777,bertopic,n30_c25_s42,21,0.23761188081029155
443843,bertopic,n30_c25_s42,9,0.32966501674917775
443870,bertopic,n30_c25_s42,1,1.0
443871,bertopic,n30_c25_s42,1,1.0
444055,bertopic,n30_c25_s42,27,0.41671685309132905
444057,bertopic,n30_c25_s42,42,1.0
444104,bertopic,n30_c25_s42,-1,0.0
444181,bertopic,n30_c25_s42,37,1.0
444344,bertopic,n30_c25_s42,-1,0.0
444371,bertopic,n30_c25_s42,-1,0.0
444439,bertopic,n30_c25_s42,23,0.7618754412656162
444561,bertopic,n30_c25_s42,24,0.47800768483231404
444803,bertopic,n30_c25_s42,70,1.0
444832,bertopic,n30_c25_s42,9,0.8132230966995146
445494,bertopic,n30_c25_s42,3,1.0
445857,bertopic,n30_c25_s42,5,1.0
445867,bertopic,n30_c25_s42,-1,0.0
445956,bertopic,n30_c25_s42,6,1.0
446064,bertopic,n30_c25_s42,4,0.956356715158476
446319,bertopic,n30_c25_s42,-1,0.0
446324,bertopic,n30_c25_s42,-1,0.0
446379,bertopic,n30_c25_s42,1,1.0
446490,bertopic,n30_c25_s42,11,0.8136801929920976
446522,bertopic,n30_c25_s42,47,1.0
446581,bertopic,n30_c25_s42,-1,0.0
446623,bertopic,n30_c25_s42,-1,0.0
446710,bertopic,n30_c25_s42,-1,0.0
446777,bertopic,n30_c25_s42,1,1.0
446902,bertopic,n30_c25_s42,12,0.6781512472735574
446927,bertopic,n30_c25_s42,12,0.2737488279728618
446956,bertopic,n30_c25_s42,31,0.10826409892278382
446957,bertopic,n30_c25_s42,70,1.0
446958,bertopic,n30_c25_s42,33,0.2647632490147202
447010,bertopic,n30_c25_s42,28,1.0
447073,bertopic,n30_c25_s42,47,0.9644147103573736
447095,bertopic,n30_c25_s42,42,1.0
447123,bertopic,n30_c25_s42,9,0.5990951942865124
447125,bertopic,n30_c25_s42,8,0.3277107092008026
447429,bertopic,n30_c25_s42,1,1.0
449355,bertopic,n30_c25_s42,26,1.0
449680,bertopic,n30_c25_s42,19,0.27749479498125557
450038,bertopic,n30_c25_s42,1,1.0
450056,bertopic,n30_c25_s42,54,1.0
450066,bertopic,n30_c25_s42,70,1.0
450128,bertopic,n30_c25_s42,-1,0.0
450227,bertopic,n30_c25_s42,30,1.0
450231,bertopic,n30_c25_s42,46,1.0
450272,bertopic,n30_c25_s42,-1,0.0
450292,bertopic,n30_c25_s42,39,1.0
450360,bertopic,n30_c25_s42,2,0.9081442961712346
450364,bertopic,n30_c25_s42,8,0.8818143748910847
450446,bertopic,n30_c25_s42,0,0.8606445462373702
450553,bertopic,n30_c25_s42,-1,0.0
450596,bertopic,n30_c25_s42,31,1.0
450715,bertopic,n30_c25_s42,3,1.0
450766,bertopic,n30_c25_s42,36,1.0
450804,bertopic,n30_c25_s42,21,0.2688511764946167
450805,bertopic,n30_c25_s42,63,1.0
451002,bertopic,n30_c25_s42,3,0.9545057606203089
451025,bertopic,n30_c25_s42,-1,0.0
451077,bertopic,n30_c25_s42,3,0.9371536373310516
451223,bertopic,n30_c25_s42,15,1.0
453369,bertopic,n30_c25_s42,12,0.41018687508414575
453386,bertopic,n30_c25_s42,12,1.0
453392,bertopic,n30_c25_s42,7,0.5968357406234204
453457,bertopic,n30_c25_s42,-1,0.0
453459,bertopic,n30_c25_s42,47,1.0
453483,bertopic,n30_c25_s42,11,0.5276725872308449
453595,bertopic,n30_c25_s42,46,1.0
453643,bertopic,n30_c25_s42,0,1.0
453678,bertopic,n30_c25_s42,23,0.6988510400518777
453699,bertopic,n30_c25_s42,-1,0.0
453721,bertopic,n30_c25_s42,-1,0.0
453738,bertopic,n30_c25_s42,-1,0.0
453778,bertopic,n30_c25_s42,-1,0.0
453786,bertopic,n30_c25_s42,47,1.0
453843,bertopic,n30_c25_s42,4,0.7725593496072422
453858,bertopic,n30_c25_s42,37,1.0
454168,bertopic,n30_c25_s42,-1,0.0
454675,bertopic,n30_c25_s42,31,0.49686394440299314
455316,bertopic,n30_c25_s42,62,1.0
455374,bertopic,n30_c25_s42,7,0.6777245744311549
455404,bertopic,n30_c25_s42,49,1.0
455502,bertopic,n30_c25_s42,8,0.3578244982334374
455676,bertopic,n30_c25_s42,4,1.0
455693,bertopic,n30_c25_s42,11,0.20836830854546487
456011,bertopic,n30_c25_s42,38,1.0
456920,bertopic,n30_c25_s42,57,1.0
457247,bertopic,n30_c25_s42,-1,0.0
457271,bertopic,n30_c25_s42,11,1.0
457301,bertopic,n30_c25_s42,30,1.0
457323,bertopic,n30_c25_s42,1,1.0
457352,bertopic,n30_c25_s42,8,0.32217771085119984
457417,bertopic,n30_c25_s42,-1,0.0
457430,bertopic,n30_c25_s42,22,1.0
457438,bertopic,n30_c25_s42,2,1.0
457513,bertopic,n30_c25_s42,6,0.4040520448086677
457530,bertopic,n30_c25_s42,-1,0.0
457574,bertopic,n30_c25_s42,14,1.0
457646,bertopic,n30_c25_s42,7,0.43452335123387875
457650,bertopic,n30_c25_s42,31,1.0
457678,bertopic,n30_c25_s42,-1,0.0
457682,bertopic,n30_c25_s42,4,0.8586228614140651
457758,bertopic,n30_c25_s42,45,1.0
458664,bertopic,n30_c25_s42,15,1.0
459503,bertopic,n30_c25_s42,-1,0.0
459535,bertopic,n30_c25_s42,13,1.0
459544,bertopic,n30_c25_s42,5,1.0
459576,bertopic,n30_c25_s42,14,1.0
459584,bertopic,n30_c25_s42,-1,0.0
459605,bertopic,n30_c25_s42,3,1.0
459618,bertopic,n30_c25_s42,9,0.45723300788954147
459658,bertopic,n30_c25_s42,-1,0.0
459684,bertopic,n30_c25_s42,12,0.6781512472735574
459724,bertopic,n30_c25_s42,19,0.24002812941868687
459733,bertopic,n30_c25_s42,11,0.6673021603642936
459735,bertopic,n30_c25_s42,37,0.7008652654609988
459768,bertopic,n30_c25_s42,44,1.0
459774,bertopic,n30_c25_s42,9,0.5065116254129085
459887,bertopic,n30_c25_s42,4,1.0
459888,bertopic,n30_c25_s42,52,0.872011693751916
459900,bertopic,n30_c25_s42,-1,0.0
459918,bertopic,n30_c25_s42,5,1.0
459969,bertopic,n30_c25_s42,-1,0.0
460287,bertopic,n30_c25_s42,0,1.0
461040,bertopic,n30_c25_s42,17,1.0
461287,bertopic,n30_c25_s42,6,1.0
461333,bertopic,n30_c25_s42,1,1.0
461337,bertopic,n30_c25_s42,70,1.0
461387,bertopic,n30_c25_s42,2,1.0
461399,bertopic,n30_c25_s42,-1,0.0
461405,bertopic,n30_c25_s42,9,0.6059255986403931
461467,bertopic,n30_c25_s42,54,0.5337438620647875
461530,bertopic,n30_c25_s42,4,0.8299327728415187
461544,bertopic,n30_c25_s42,-1,0.0
461612,bertopic,n30_c25_s42,24,0.47800768483231404
461658,bertopic,n30_c25_s42,-1,0.0
461704,bertopic,n30_c25_s42,27,0.9147372996019383
461751,bertopic,n30_c25_s42,4,1.0
461759,bertopic,n30_c25_s42,17,0.6334542364303362
462095,bertopic,n30_c25_s42,6,0.19472600883482155
463196,bertopic,n30_c25_s42,0,1.0
463323,bertopic,n30_c25_s42,1,1.0
463443,bertopic,n30_c25_s42,28,0.9628559414890652
463533,bertopic,n30_c25_s42,30,1.0
463575,bertopic,n30_c25_s42,31,1.0
463653,bertopic,n30_c25_s42,14,0.9066102640141702
463679,bertopic,n30_c25_s42,67,0.8599584303658928
463689,bertopic,n30_c25_s42,-1,0.0
463804,bertopic,n30_c25_s42,42,0.8981427331888886
463935,bertopic,n30_c25_s42,-1,0.0
464032,bertopic,n30_c25_s42,15,0.6477523139224813
464041,bertopic,n30_c25_s42,-1,0.0
464042,bertopic,n30_c25_s42,12,0.4289035303880466
464082,bertopic,n30_c25_s42,12,0.6083978132219343
464092,bertopic,n30_c25_s42,4,1.0
464100,bertopic,n30_c25_s42,2,0.7836270025546153
464111,bertopic,n30_c25_s42,35,0.48529508747283173
464208,bertopic,n30_c25_s42,26,1.0
464536,bertopic,n30_c25_s42,62,1.0
465432,bertopic,n30_c25_s42,17,0.8280829868283744
465781,bertopic,n30_c25_s42,-1,0.0
465844,bertopic,n30_c25_s42,46,0.9724310741897626
465866,bertopic,n30_c25_s42,-1,0.0
465913,bertopic,n30_c25_s42,-1,0.0
465926,bertopic,n30_c25_s42,37,1.0
465945,bertopic,n30_c25_s42,51,0.7330192875385239
466029,bertopic,n30_c25_s42,4,1.0
466125,bertopic,n30_c25_s42,1,1.0
466164,bertopic,n30_c25_s42,54,1.0
466207,bertopic,n30_c25_s42,4,0.7341521351476629
466216,bertopic,n30_c25_s42,1,1.0
466336,bertopic,n30_c25_s42,15,0.8172970948846934
466399,bertopic,n30_c25_s42,1,0.9753855308371578
466437,bertopic,n30_c25_s42,1,1.0
466467,bertopic,n30_c25_s42,8,0.3750450881018688
466476,bertopic,n30_c25_s42,-1,0.0
466492,bertopic,n30_c25_s42,4,1.0
466520,bertopic,n30_c25_s42,62,1.0
467327,bertopic,n30_c25_s42,37,0.15862099365887838
467945,bertopic,n30_c25_s42,47,1.0
468316,bertopic,n30_c25_s42,15,1.0
468557,bertopic,n30_c25_s42,11,0.6045199494798295
468562,bertopic,n30_c25_s42,25,0.41850637903086707
468595,bertopic,n30_c25_s42,57,1.0
468651,bertopic,n30_c25_s42,14,0.24944587137365953
468652,bertopic,n30_c25_s42,0,0.7216410902451207
469100,bertopic,n30_c25_s42,1,1.0
469225,bertopic,n30_c25_s42,3,0.9578973468541419
469920,bertopic,n30_c25_s42,-1,0.0
471063,bertopic,n30_c25_s42,-1,0.0
471085,bertopic,n30_c25_s42,40,1.0
471416,bertopic,n30_c25_s42,4,1.0
471430,bertopic,n30_c25_s42,5,0.8644599252470159
471445,bertopic,n30_c25_s42,45,1.0
471638,bertopic,n30_c25_s42,12,1.0
471661,bertopic,n30_c25_s42,-1,0.0
471675,bertopic,n30_c25_s42,-1,0.0
471703,bertopic,n30_c25_s42,58,1.0
471759,bertopic,n30_c25_s42,0,1.0
471912,bertopic,n30_c25_s42,8,0.3155529149139443
471933,bertopic,n30_c25_s42,-1,0.0
471939,bertopic,n30_c25_s42,67,1.0
471973,bertopic,n30_c25_s42,4,1.0
473216,bertopic,n30_c25_s42,-1,0.0
473286,bertopic,n30_c25_s42,33,0.34166107007323726
473793,bertopic,n30_c25_s42,46,1.0
474289,bertopic,n30_c25_s42,58,1.0
474337,bertopic,n30_c25_s42,23,1.0
474487,bertopic,n30_c25_s42,52,0.7123648444398292
474538,bertopic,n30_c25_s42,3,0.8999240778921035
474898,bertopic,n30_c25_s42,22,0.9277099567319889
475795,bertopic,n30_c25_s42,1,0.9753855308371578
476332,bertopic,n30_c25_s42,15,0.5608223722800534
476927,bertopic,n30_c25_s42,6,1.0
476963,bertopic,n30_c25_s42,-1,0.0
476968,bertopic,n30_c25_s42,17,0.5232920640536669
476978,bertopic,n30_c25_s42,28,1.0
477077,bertopic,n30_c25_s42,43,1.0
477088,bertopic,n30_c25_s42,7,1.0
477101,bertopic,n30_c25_s42,25,1.0
477106,bertopic,n30_c25_s42,19,0.33780558106423747
477235,bertopic,n30_c25_s42,-1,0.0
477305,bertopic,n30_c25_s42,8,1.0
477370,bertopic,n30_c25_s42,22,0.251116808141212
477437,bertopic,n30_c25_s42,-1,0.0
477459,bertopic,n30_c25_s42,11,0.3906957417843832
477539,bertopic,n30_c25_s42,17,0.6964205263841419
477635,bertopic,n30_c25_s42,31,0.10826409892278382
477658,bertopic,n30_c25_s42,33,1.0
477660,bertopic,n30_c25_s42,41,0.43216275744810184
477682,bertopic,n30_c25_s42,15,1.0
478016,bertopic,n30_c25_s42,9,0.5431286014682702
478817,bertopic,n30_c25_s42,7,0.38771066154887895
478943,bertopic,n30_c25_s42,63,1.0
479036,bertopic,n30_c25_s42,44,1.0
479099,bertopic,n30_c25_s42,68,1.0
479410,bertopic,n30_c25_s42,7,0.9279326910894711
479415,bertopic,n30_c25_s42,3,0.969589876961123
479431,bertopic,n30_c25_s42,-1,0.0
479438,bertopic,n30_c25_s42,47,1.0
479522,bertopic,n30_c25_s42,13,0.6255943954620157
479581,bertopic,n30_c25_s42,-1,0.0
479583,bertopic,n30_c25_s42,2,1.0
479614,bertopic,n30_c25_s42,5,0.7115756445005392
479619,bertopic,n30_c25_s42,5,0.4752904190808425
479651,bertopic,n30_c25_s42,59,0.8566421827008405
479838,bertopic,n30_c25_s42,1,0.9753855308371578
479873,bertopic,n30_c25_s42,62,1.0
479921,bertopic,n30_c25_s42,24,0.6208939967153047
479926,bertopic,n30_c25_s42,17,0.5799977954126201
479980,bertopic,n30_c25_s42,20,0.5948841025409127
479986,bertopic,n30_c25_s42,42,0.9940381960140806
480028,bertopic,n30_c25_s42,-1,0.0
480768,bertopic,n30_c25_s42,70,1.0
480783,bertopic,n30_c25_s42,-1,0.0
481646,bertopic,n30_c25_s42,0,1.0
481749,bertopic,n30_c25_s42,1,1.0
481767,bertopic,n30_c25_s42,26,1.0
481820,bertopic,n30_c25_s42,-1,0.0
482152,bertopic,n30_c25_s42,3,0.9099758505338046
482238,bertopic,n30_c25_s42,3,0.9829738349812418
482241,bertopic,n30_c25_s42,1,1.0
482319,bertopic,n30_c25_s42,-1,0.0
482353,bertopic,n30_c25_s42,62,1.0
482421,bertopic,n30_c25_s42,42,0.9775755964248227
482627,bertopic,n30_c25_s42,3,1.0
483784,bertopic,n30_c25_s42,14,1.0
483838,bertopic,n30_c25_s42,14,0.3736010726229927
483988,bertopic,n30_c25_s42,-1,0.0
484073,bertopic,n30_c25_s42,-1,0.0
484079,bertopic,n30_c25_s42,-1,0.0
484115,bertopic,n30_c25_s42,9,0.3665239426457284
484157,bertopic,n30_c25_s42,1,0.505309894426839
484220,bertopic,n30_c25_s42,10,0.37193287308103173
484288,bertopic,n30_c25_s42,7,1.0
484435,bertopic,n30_c25_s42,-1,0.0
484439,bertopic,n30_c25_s42,11,0.6045199494798295
484456,bertopic,n30_c25_s42,22,1.0
484608,bertopic,n30_c25_s42,44,1.0
484629,bertopic,n30_c25_s42,1,1.0
484751,bertopic,n30_c25_s42,21,0.36200286545949656
484858,bertopic,n30_c25_s42,11,0.14819647421036033
485518,bertopic,n30_c25_s42,-1,0.0
486011,bertopic,n30_c25_s42,9,1.0
486798,bertopic,n30_c25_s42,22,0.1089946290899872
486860,bertopic,n30_c25_s42,3,1.0
486861,bertopic,n30_c25_s42,24,0.47800768483231404
486877,bertopic,n30_c25_s42,0,1.0
486978,bertopic,n30_c25_s42,28,1.0
487012,bertopic,n30_c25_s42,-1,0.0
487016,bertopic,n30_c25_s42,7,0.3526431270263156
487085,bertopic,n30_c25_s42,-1,0.0
487216,bertopic,n30_c25_s42,-1,0.0
487977,bertopic,n30_c25_s42,11,0.8946930065893561
488172,bertopic,n30_c25_s42,2,1.0
488824,bertopic,n30_c25_s42,17,0.6332696284928498
488825,bertopic,n30_c25_s42,65,1.0
488844,bertopic,n30_c25_s42,-1,0.0
488874,bertopic,n30_c25_s42,38,1.0
488913,bertopic,n30_c25_s42,1,1.0
489064,bertopic,n30_c25_s42,1,1.0
489107,bertopic,n30_c25_s42,16,0.7917027926193112
489114,bertopic,n30_c25_s42,41,1.0
489163,bertopic,n30_c25_s42,38,0.8774566939288052
489221,bertopic,n30_c25_s42,-1,0.0
489234,bertopic,n30_c25_s42,-1,0.0
489263,bertopic,n30_c25_s42,3,0.9545057606203089
489337,bertopic,n30_c25_s42,-1,0.0
489439,bertopic,n30_c25_s42,52,0.6429020990523339
489482,bertopic,n30_c25_s42,-1,0.0
489530,bertopic,n30_c25_s42,41,1.0
489559,bertopic,n30_c25_s42,-1,0.0
489653,bertopic,n30_c25_s42,32,0.4135289618930185
489735,bertopic,n30_c25_s42,-1,0.0
489819,bertopic,n30_c25_s42,41,1.0
491067,bertopic,n30_c25_s42,-1,0.0
491375,bertopic,n30_c25_s42,-1,0.0
491428,bertopic,n30_c25_s42,2,1.0
491542,bertopic,n30_c25_s42,9,1.0
491548,bertopic,n30_c25_s42,-1,0.0
491598,bertopic,n30_c25_s42,1,0.9081829229616061
491620,bertopic,n30_c25_s42,13,0.57907238517227
491822,bertopic,n30_c25_s42,6,0.7390826165679704
492212,bertopic,n30_c25_s42,0,1.0
493979,bertopic,n30_c25_s42,2,1.0
494027,bertopic,n30_c25_s42,-1,0.0
494031,bertopic,n30_c25_s42,-1,0.0
494115,bertopic,n30_c25_s42,4,0.9944870377496015
494161,bertopic,n30_c25_s42,5,0.8854695817320494
494229,bertopic,n30_c25_s42,13,1.0
494282,bertopic,n30_c25_s42,5,0.5655453050495145
494525,bertopic,n30_c25_s42,2,0.9351445972309452
494626,bertopic,n30_c25_s42,62,1.0
494723,bertopic,n30_c25_s42,20,0.6336339654832304
496131,bertopic,n30_c25_s42,44,1.0
496220,bertopic,n30_c25_s42,-1,0.0
496252,bertopic,n30_c25_s42,7,0.7727932139347895
496366,bertopic,n30_c25_s42,63,1.0
496445,bertopic,n30_c25_s42,26,1.0
496447,bertopic,n30_c25_s42,54,1.0
496606,bertopic,n30_c25_s42,7,0.3526431270263156
496752,bertopic,n30_c25_s42,-1,0.0
496800,bertopic,n30_c25_s42,-1,0.0
496813,bertopic,n30_c25_s42,-1,0.0
496913,bertopic,n30_c25_s42,20,0.800977671900179
496952,bertopic,n30_c25_s42,14,0.5654769561628289
496962,bertopic,n30_c25_s42,-1,0.0
497038,bertopic,n30_c25_s42,26,1.0
497100,bertopic,n30_c25_s42,31,1.0
497255,bertopic,n30_c25_s42,-1,0.0
497274,bertopic,n30_c25_s42,5,1.0
497296,bertopic,n30_c25_s42,-1,0.0
497304,bertopic,n30_c25_s42,39,1.0
497322,bertopic,n30_c25_s42,9,0.5055361947022526
497392,bertopic,n30_c25_s42,-1,0.0
497413,bertopic,n30_c25_s42,-1,0.0
497497,bertopic,n30_c25_s42,32,0.904189431124071
497505,bertopic,n30_c25_s42,4,1.0
497555,bertopic,n30_c25_s42,-1,0.0
497666,bertopic,n30_c25_s42,15,0.5827106883595252
497718,bertopic,n30_c25_s42,63,1.0
497727,bertopic,n30_c25_s42,47,1.0
497750,bertopic,n30_c25_s42,-1,0.0
497856,bertopic,n30_c25_s42,-1,0.0
497874,bertopic,n30_c25_s42,15,0.5144594072075581
497890,bertopic,n30_c25_s42,8,0.3155529149139443
497893,bertopic,n30_c25_s42,22,0.9440261129970596
498063,bertopic,n30_c25_s42,35,0.6021947771900393
498085,bertopic,n30_c25_s42,3,0.9545057606203089
498088,bertopic,n30_c25_s42,24,0.47800768483231404
498101,bertopic,n30_c25_s42,-1,0.0
498246,bertopic,n30_c25_s42,11,0.1310483861490314
498337,bertopic,n30_c25_s42,8,0.9688829012222311
498671,bertopic,n30_c25_s42,19,0.3869784211660229
498912,bertopic,n30_c25_s42,54,1.0
498918,bertopic,n30_c25_s42,2,1.0
498964,bertopic,n30_c25_s42,11,0.660979303324302
498969,bertopic,n30_c25_s42,1,1.0
499000,bertopic,n30_c25_s42,12,0.29862223243297076
499097,bertopic,n30_c25_s42,15,1.0
499113,bertopic,n30_c25_s42,12,0.6781512472735574
499154,bertopic,n30_c25_s42,2,1.0
499189,bertopic,n30_c25_s42,55,1.0
499248,bertopic,n30_c25_s42,-1,0.0
499278,bertopic,n30_c25_s42,1,1.0
499333,bertopic,n30_c25_s42,47,1.0
499356,bertopic,n30_c25_s42,11,0.14030780450423555
499390,bertopic,n30_c25_s42,17,0.39184973335213397
499418,bertopic,n30_c25_s42,-1,0.0
499439,bertopic,n30_c25_s42,-1,0.0
499463,bertopic,n30_c25_s42,-1,0.0
500081,bertopic,n30_c25_s42,-1,0.0
500196,bertopic,n30_c25_s42,0,1.0
500279,bertopic,n30_c25_s42,-1,0.0
500333,bertopic,n30_c25_s42,-1,0.0
500345,bertopic,n30_c25_s42,-1,0.0
500537,bertopic,n30_c25_s42,31,0.10826409892278382
502006,bertopic,n30_c25_s42,28,1.0
503632,bertopic,n30_c25_s42,-1,0.0
503778,bertopic,n30_c25_s42,53,0.9629828162066196
505906,bertopic,n30_c25_s42,10,0.37193287308103173
506635,bertopic,n30_c25_s42,1,1.0
506955,bertopic,n30_c25_s42,8,0.32118197373343055
507122,bertopic,n30_c25_s42,23,0.7618754412656162
508115,bertopic,n30_c25_s42,65,1.0
508869,bertopic,n30_c25_s42,11,0.19735506249325063
508937,bertopic,n30_c25_s42,2,1.0
509506,bertopic,n30_c25_s42,16,1.0
511170,bertopic,n30_c25_s42,15,0.5144594072075581
511179,bertopic,n30_c25_s42,11,0.37315680020058223
511252,bertopic,n30_c25_s42,63,0.812141705393116
511331,bertopic,n30_c25_s42,9,0.3455954298629112
511345,bertopic,n30_c25_s42,27,0.8880271944918141
511399,bertopic,n30_c25_s42,22,0.33028062186634594
511565,bertopic,n30_c25_s42,13,0.5000205052683457
511588,bertopic,n30_c25_s42,15,0.5144594072075581
511730,bertopic,n30_c25_s42,-1,0.0
511777,bertopic,n30_c25_s42,-1,0.0
511797,bertopic,n30_c25_s42,50,1.0
511823,bertopic,n30_c25_s42,1,1.0
511827,bertopic,n30_c25_s42,-1,0.0
511961,bertopic,n30_c25_s42,33,0.15313655167440215
511962,bertopic,n30_c25_s42,10,0.8324033214058546
512005,bertopic,n30_c25_s42,10,0.8513847494819516
512013,bertopic,n30_c25_s42,10,0.8988154257854994
512039,bertopic,n30_c25_s42,1,1.0
512057,bertopic,n30_c25_s42,10,0.3985964282032649
512300,bertopic,n30_c25_s42,-1,0.0
512473,bertopic,n30_c25_s42,0,1.0
512660,bertopic,n30_c25_s42,-1,0.0
512733,bertopic,n30_c25_s42,33,0.2931626395051855
512832,bertopic,n30_c25_s42,1,0.505309894426839
512852,bertopic,n30_c25_s42,-1,0.0
512924,bertopic,n30_c25_s42,60,0.8674019299162593
513063,bertopic,n30_c25_s42,-1,0.0
513118,bertopic,n30_c25_s42,-1,0.0
513363,bertopic,n30_c25_s42,5,0.696986863996025
513460,bertopic,n30_c25_s42,67,1.0
513500,bertopic,n30_c25_s42,3,0.969589876961123
513642,bertopic,n30_c25_s42,8,0.44692428322282984
513775,bertopic,n30_c25_s42,1,1.0
513805,bertopic,n30_c25_s42,-1,0.0
513841,bertopic,n30_c25_s42,14,1.0
514057,bertopic,n30_c25_s42,4,1.0
514133,bertopic,n30_c25_s42,33,1.0
514176,bertopic,n30_c25_s42,19,0.21534955238218054
514182,bertopic,n30_c25_s42,33,1.0
514664,bertopic,n30_c25_s42,33,1.0
514787,bertopic,n30_c25_s42,10,1.0
514805,bertopic,n30_c25_s42,39,0.4900381197751097
514832,bertopic,n30_c25_s42,7,0.9020701296000845
514860,bertopic,n30_c25_s42,8,1.0
514938,bertopic,n30_c25_s42,4,1.0
514960,bertopic,n30_c25_s42,-1,0.0
514974,bertopic,n30_c25_s42,4,1.0
515042,bertopic,n30_c25_s42,16,0.43902636025539576
515080,bertopic,n30_c25_s42,4,1.0
515136,bertopic,n30_c25_s42,8,0.44692428322282984
515159,bertopic,n30_c25_s42,26,0.979512372649182
515219,bertopic,n30_c25_s42,12,0.38456327805612733
515272,bertopic,n30_c25_s42,-1,0.0
515699,bertopic,n30_c25_s42,-1,0.0
515842,bertopic,n30_c25_s42,5,0.8823469044821861
515927,bertopic,n30_c25_s42,67,1.0
515958,bertopic,n30_c25_s42,14,1.0
516092,bertopic,n30_c25_s42,12,0.6245960998814788
516109,bertopic,n30_c25_s42,0,1.0
516293,bertopic,n30_c25_s42,22,1.0
516330,bertopic,n30_c25_s42,28,1.0
516367,bertopic,n30_c25_s42,12,0.7487355801785399
516403,bertopic,n30_c25_s42,-1,0.0
516408,bertopic,n30_c25_s42,24,0.4817686541779622
516409,bertopic,n30_c25_s42,1,0.505309894426839
516421,bertopic,n30_c25_s42,13,0.9586424944483652
516440,bertopic,n30_c25_s42,14,0.39170470116782574
516488,bertopic,n30_c25_s42,16,0.33147367971456304
517090,bertopic,n30_c25_s42,-1,0.0
517138,bertopic,n30_c25_s42,-1,0.0
517204,bertopic,n30_c25_s42,67,1.0
517420,bertopic,n30_c25_s42,0,1.0
517505,bertopic,n30_c25_s42,26,0.9862619783824983
517550,bertopic,n30_c25_s42,3,0.8823217493450556
517674,bertopic,n30_c25_s42,10,0.3717927676145669
517758,bertopic,n30_c25_s42,28,1.0
517821,bertopic,n30_c25_s42,0,1.0
517822,bertopic,n30_c25_s42,10,0.3717927676145669
517838,bertopic,n30_c25_s42,1,1.0
517852,bertopic,n30_c25_s42,10,0.3717927676145669
517981,bertopic,n30_c25_s42,1,1.0
518213,bertopic,n30_c25_s42,3,0.9545057606203089
518246,bertopic,n30_c25_s42,1,1.0
518263,bertopic,n30_c25_s42,1,1.0
518483,bertopic,n30_c25_s42,-1,0.0
518526,bertopic,n30_c25_s42,1,1.0
518600,bertopic,n30_c25_s42,12,0.3023004915431436
518770,bertopic,n30_c25_s42,-1,0.0
518930,bertopic,n30_c25_s42,1,0.505309894426839
519054,bertopic,n30_c25_s42,41,1.0
519122,bertopic,n30_c25_s42,-1,0.0
519227,bertopic,n30_c25_s42,24,0.47800768483231404
519285,bertopic,n30_c25_s42,7,0.4573606025153755
519442,bertopic,n30_c25_s42,14,1.0
519454,bertopic,n30_c25_s42,7,0.4589011104491465
519497,bertopic,n30_c25_s42,33,0.9987915131000527
519678,bertopic,n30_c25_s42,32,0.781688429972095
519737,bertopic,n30_c25_s42,0,0.9714313247710052
519768,bertopic,n30_c25_s42,17,0.5799977954126201
520270,bertopic,n30_c25_s42,21,0.3916572903039984
520379,bertopic,n30_c25_s42,3,0.9244358433481588
520436,bertopic,n30_c25_s42,-1,0.0
520508,bertopic,n30_c25_s42,-1,0.0
520596,bertopic,n30_c25_s42,1,1.0
520696,bertopic,n30_c25_s42,12,0.29862223243297076
520721,bertopic,n30_c25_s42,-1,0.0
521362,bertopic,n30_c25_s42,-1,0.0
521484,bertopic,n30_c25_s42,21,0.48304562876346213
521891,bertopic,n30_c25_s42,55,0.6166422832563474
521904,bertopic,n30_c25_s42,8,0.47847131458490005
522426,bertopic,n30_c25_s42,0,1.0
522438,bertopic,n30_c25_s42,0,1.0
522469,bertopic,n30_c25_s42,12,0.5556810052621804
522791,bertopic,n30_c25_s42,-1,0.0
523019,bertopic,n30_c25_s42,20,1.0
523222,bertopic,n30_c25_s42,0,1.0
523316,bertopic,n30_c25_s42,-1,0.0
523377,bertopic,n30_c25_s42,-1,0.0
523538,bertopic,n30_c25_s42,0,1.0
523850,bertopic,n30_c25_s42,0,1.0
523908,bertopic,n30_c25_s42,21,1.0
524036,bertopic,n30_c25_s42,6,1.0
524145,bertopic,n30_c25_s42,63,1.0
524190,bertopic,n30_c25_s42,37,1.0
524511,bertopic,n30_c25_s42,22,1.0
524536,bertopic,n30_c25_s42,1,1.0
524630,bertopic,n30_c25_s42,55,1.0
524757,bertopic,n30_c25_s42,0,1.0
524928,bertopic,n30_c25_s42,9,0.4206849897524396
524986,bertopic,n30_c25_s42,27,1.0
525124,bertopic,n30_c25_s42,14,1.0
525133,bertopic,n30_c25_s42,28,1.0
525139,bertopic,n30_c25_s42,38,0.8945842875521934
525194,bertopic,n30_c25_s42,-1,0.0
525300,bertopic,n30_c25_s42,67,1.0
525367,bertopic,n30_c25_s42,11,0.5054434807087642
525409,bertopic,n30_c25_s42,-1,0.0
525412,bertopic,n30_c25_s42,14,0.33931600513756704
525456,bertopic,n30_c25_s42,5,1.0
525516,bertopic,n30_c25_s42,37,0.6929335293392285
525732,bertopic,n30_c25_s42,3,1.0
525922,bertopic,n30_c25_s42,26,0.835300465816566
525979,bertopic,n30_c25_s42,22,0.17389297366028997
526042,bertopic,n30_c25_s42,-1,0.0
526238,bertopic,n30_c25_s42,28,1.0
526366,bertopic,n30_c25_s42,28,0.9720866295936527
526532,bertopic,n30_c25_s42,6,1.0
526678,bertopic,n30_c25_s42,27,0.6857888172319507
526726,bertopic,n30_c25_s42,14,0.6953784649543359
526886,bertopic,n30_c25_s42,0,1.0
526947,bertopic,n30_c25_s42,15,0.46974704203260803
526953,bertopic,n30_c25_s42,14,0.7161884266773471
526970,bertopic,n30_c25_s42,-1,0.0
527032,bertopic,n30_c25_s42,-1,0.0
527100,bertopic,n30_c25_s42,10,1.0
527102,bertopic,n30_c25_s42,10,1.0
527245,bertopic,n30_c25_s42,37,1.0
527272,bertopic,n30_c25_s42,13,0.8145174779180626
527358,bertopic,n30_c25_s42,33,1.0
527538,bertopic,n30_c25_s42,59,1.0
527542,bertopic,n30_c25_s42,12,1.0
527555,bertopic,n30_c25_s42,46,1.0
527579,bertopic,n30_c25_s42,15,1.0
527763,bertopic,n30_c25_s42,-1,0.0
527928,bertopic,n30_c25_s42,33,0.18288158496549947
528014,bertopic,n30_c25_s42,41,1.0
528219,bertopic,n30_c25_s42,-1,0.0
528257,bertopic,n30_c25_s42,1,1.0
528287,bertopic,n30_c25_s42,20,1.0
528469,bertopic,n30_c25_s42,67,1.0
528560,bertopic,n30_c25_s42,13,0.7773061805111149
528562,bertopic,n30_c25_s42,6,1.0
528614,bertopic,n30_c25_s42,37,1.0
528663,bertopic,n30_c25_s42,8,0.44692428322282984
528701,bertopic,n30_c25_s42,13,0.9909795390324465
528715,bertopic,n30_c25_s42,13,0.9909795390324465
528747,bertopic,n30_c25_s42,0,1.0
528750,bertopic,n30_c25_s42,14,0.4819497528320691
528769,bertopic,n30_c25_s42,0,1.0
528783,bertopic,n30_c25_s42,0,0.9457904265431604
528784,bertopic,n30_c25_s42,0,1.0
528785,bertopic,n30_c25_s42,0,1.0
528799,bertopic,n30_c25_s42,0,0.9097426481700608
528806,bertopic,n30_c25_s42,0,1.0
528994,bertopic,n30_c25_s42,1,0.6690033992989542
529019,bertopic,n30_c25_s42,28,1.0
529024,bertopic,n30_c25_s42,38,1.0
529054,bertopic,n30_c25_s42,0,1.0
529298,bertopic,n30_c25_s42,-1,0.0
529411,bertopic,n30_c25_s42,8,0.31080876252565964
529430,bertopic,n30_c25_s42,-1,0.0
529729,bertopic,n30_c25_s42,-1,0.0
530150,bertopic,n30_c25_s42,11,0.7748127872081524
530361,bertopic,n30_c25_s42,67,1.0
530398,bertopic,n30_c25_s42,26,0.48951447643242474
530405,bertopic,n30_c25_s42,0,1.0
530436,bertopic,n30_c25_s42,13,0.6564288091688811
530451,bertopic,n30_c25_s42,37,0.1504776545982837
530462,bertopic,n30_c25_s42,4,0.8335169768157776
530489,bertopic,n30_c25_s42,-1,0.0
530549,bertopic,n30_c25_s42,25,1.0
530658,bertopic,n30_c25_s42,3,1.0
530817,bertopic,n30_c25_s42,-1,0.0
530840,bertopic,n30_c25_s42,-1,0.0
530871,bertopic,n30_c25_s42,11,0.38127996403296044
530990,bertopic,n30_c25_s42,6,1.0
531039,bertopic,n30_c25_s42,14,0.41619434447952375
531051,bertopic,n30_c25_s42,21,0.39590455787335443
531151,bertopic,n30_c25_s42,46,1.0
531339,bertopic,n30_c25_s42,22,1.0
531459,bertopic,n30_c25_s42,28,1.0
531474,bertopic,n30_c25_s42,10,0.6094639055994323
531490,bertopic,n30_c25_s42,1,1.0
531522,bertopic,n30_c25_s42,-1,0.0
531531,bertopic,n30_c25_s42,1,1.0
531537,bertopic,n30_c25_s42,1,1.0
531554,bertopic,n30_c25_s42,14,1.0
531594,bertopic,n30_c25_s42,25,0.8587210362164586
531597,bertopic,n30_c25_s42,-1,0.0
531615,bertopic,n30_c25_s42,25,0.6421412459855064
531744,bertopic,n30_c25_s42,-1,0.0
531745,bertopic,n30_c25_s42,25,1.0
531801,bertopic,n30_c25_s42,1,1.0
531894,bertopic,n30_c25_s42,25,0.777241487425734
531964,bertopic,n30_c25_s42,25,0.7748972330304879
531978,bertopic,n30_c25_s42,13,0.9909795390324465
531987,bertopic,n30_c25_s42,-1,0.0
532013,bertopic,n30_c25_s42,0,1.0
532151,bertopic,n30_c25_s42,27,0.8402486941990068
532231,bertopic,n30_c25_s42,0,1.0
532235,bertopic,n30_c25_s42,5,1.0
532242,bertopic,n30_c25_s42,4,1.0
532245,bertopic,n30_c25_s42,37,0.1560389560172742
532266,bertopic,n30_c25_s42,5,0.8524008685719883
532268,bertopic,n30_c25_s42,-1,0.0
532278,bertopic,n30_c25_s42,50,1.0
532325,bertopic,n30_c25_s42,13,1.0
532346,bertopic,n30_c25_s42,11,1.0
532373,bertopic,n30_c25_s42,13,0.8031263891781754
532416,bertopic,n30_c25_s42,13,0.9847691088126845
532425,bertopic,n30_c25_s42,11,0.22469182722290468
532443,bertopic,n30_c25_s42,-1,0.0
532449,bertopic,n30_c25_s42,12,0.890803956219363
532513,bertopic,n30_c25_s42,-1,0.0
532573,bertopic,n30_c25_s42,22,1.0
532644,bertopic,n30_c25_s42,22,1.0
532654,bertopic,n30_c25_s42,13,0.5882507833599118
532663,bertopic,n30_c25_s42,22,1.0
532672,bertopic,n30_c25_s42,12,0.6781512472735574
532693,bertopic,n30_c25_s42,0,1.0
532716,bertopic,n30_c25_s42,-1,0.0
532781,bertopic,n30_c25_s42,1,1.0
532782,bertopic,n30_c25_s42,0,1.0
532799,bertopic,n30_c25_s42,-1,0.0
532812,bertopic,n30_c25_s42,13,0.5582702501082077
532823,bertopic,n30_c25_s42,-1,0.0
532828,bertopic,n30_c25_s42,13,0.8386869193637477
532896,bertopic,n30_c25_s42,57,1.0
532914,bertopic,n30_c25_s42,34,0.1925370056348057
532953,bertopic,n30_c25_s42,-1,0.0
533057,bertopic,n30_c25_s42,-1,0.0
533058,bertopic,n30_c25_s42,20,1.0
533085,bertopic,n30_c25_s42,1,1.0
533196,bertopic,n30_c25_s42,8,0.3155529149139443
533242,bertopic,n30_c25_s42,0,1.0
533250,bertopic,n30_c25_s42,0,1.0
533262,bertopic,n30_c25_s42,-1,0.0
533285,bertopic,n30_c25_s42,7,0.5441847739667399
533288,bertopic,n30_c25_s42,55,0.17037578436327108
533306,bertopic,n30_c25_s42,-1,0.0
533407,bertopic,n30_c25_s42,35,0.4108696197197358
533428,bertopic,n30_c25_s42,-1,0.0
533642,bertopic,n30_c25_s42,-1,0.0
533835,bertopic,n30_c25_s42,10,0.37193287308103173
533845,bertopic,n30_c25_s42,12,0.6526670994555777
533871,bertopic,n30_c25_s42,65,1.0
533882,bertopic,n30_c25_s42,9,0.47367897381850915
533917,bertopic,n30_c25_s42,7,0.39768486249962187
533998,bertopic,n30_c25_s42,18,1.0
534007,bertopic,n30_c25_s42,14,1.0
534077,bertopic,n30_c25_s42,13,0.8079512436169901
534195,bertopic,n30_c25_s42,-1,0.0
534290,bertopic,n30_c25_s42,25,1.0
534308,bertopic,n30_c25_s42,7,0.4547530909118827
534363,bertopic,n30_c25_s42,15,0.46974704203260803
534382,bertopic,n30_c25_s42,-1,0.0
534472,bertopic,n30_c25_s42,63,1.0
534489,bertopic,n30_c25_s42,16,0.3332783059618833
534509,bertopic,n30_c25_s42,1,1.0
534534,bertopic,n30_c25_s42,-1,0.0
534575,bertopic,n30_c25_s42,-1,0.0
534716,bertopic,n30_c25_s42,7,0.4167267219315308
534884,bertopic,n30_c25_s42,-1,0.0
534886,bertopic,n30_c25_s42,67,1.0
534985,bertopic,n30_c25_s42,2,1.0
535092,bertopic,n30_c25_s42,24,0.47800768483231404
535101,bertopic,n30_c25_s42,2,1.0
535122,bertopic,n30_c25_s42,25,1.0
535230,bertopic,n30_c25_s42,67,1.0
535237,bertopic,n30_c25_s42,25,0.847242743666073
535242,bertopic,n30_c25_s42,10,0.9752108023050101
535311,bertopic,n30_c25_s42,27,0.3157027504909754
535323,bertopic,n30_c25_s42,67,1.0
535451,bertopic,n30_c25_s42,25,1.0
535473,bertopic,n30_c25_s42,17,1.0
535564,bertopic,n30_c25_s42,5,1.0
535633,bertopic,n30_c25_s42,-1,0.0
535724,bertopic,n30_c25_s42,41,1.0
535802,bertopic,n30_c25_s42,56,1.0
535817,bertopic,n30_c25_s42,2,1.0
535879,bertopic,n30_c25_s42,-1,0.0
535909,bertopic,n30_c25_s42,11,1.0
536024,bertopic,n30_c25_s42,22,0.7719213227560612
536518,bertopic,n30_c25_s42,23,0.7488751384031398
536545,bertopic,n30_c25_s42,23,0.7618754412656162
536605,bertopic,n30_c25_s42,-1,0.0
536618,bertopic,n30_c25_s42,-1,0.0
536920,bertopic,n30_c25_s42,42,1.0
536999,bertopic,n30_c25_s42,12,1.0
537046,bertopic,n30_c25_s42,20,1.0
537187,bertopic,n30_c25_s42,2,1.0
537251,bertopic,n30_c25_s42,0,0.36824908532147643
537257,bertopic,n30_c25_s42,0,1.0
537353,bertopic,n30_c25_s42,4,1.0
537401,bertopic,n30_c25_s42,9,0.5065116254129085
537422,bertopic,n30_c25_s42,60,1.0
537437,bertopic,n30_c25_s42,5,0.469666024052343
537486,bertopic,n30_c25_s42,6,1.0
537540,bertopic,n30_c25_s42,0,0.36824908532147643
537622,bertopic,n30_c25_s42,5,0.7963864432548793
537714,bertopic,n30_c25_s42,46,1.0
537741,bertopic,n30_c25_s42,26,1.0
538018,bertopic,n30_c25_s42,37,0.12577037623692666
538067,bertopic,n30_c25_s42,1,1.0
538170,bertopic,n30_c25_s42,6,1.0
538222,bertopic,n30_c25_s42,2,0.7405515387401128
538244,bertopic,n30_c25_s42,-1,0.0
538337,bertopic,n30_c25_s42,31,1.0
538458,bertopic,n30_c25_s42,37,0.8133419056792578
538473,bertopic,n30_c25_s42,-1,0.0
538492,bertopic,n30_c25_s42,2,0.8457651868316292
538519,bertopic,n30_c25_s42,10,1.0
538680,bertopic,n30_c25_s42,10,0.4788217912551868
538689,bertopic,n30_c25_s42,38,1.0
538703,bertopic,n30_c25_s42,0,1.0
538717,bertopic,n30_c25_s42,14,0.3048658439268043
538770,bertopic,n30_c25_s42,31,1.0
538792,bertopic,n30_c25_s42,-1,0.0
538833,bertopic,n30_c25_s42,22,0.8849494420776566
538838,bertopic,n30_c25_s42,1,1.0
538955,bertopic,n30_c25_s42,2,1.0
539051,bertopic,n30_c25_s42,2,1.0
539052,bertopic,n30_c25_s42,1,0.7353705198772227
539101,bertopic,n30_c25_s42,1,1.0
539223,bertopic,n30_c25_s42,38,1.0
539365,bertopic,n30_c25_s42,39,1.0
539369,bertopic,n30_c25_s42,39,0.8437120768924861
539540,bertopic,n30_c25_s42,67,1.0
539737,bertopic,n30_c25_s42,2,0.7405515387401128
539863,bertopic,n30_c25_s42,8,0.32118197373343055
539927,bertopic,n30_c25_s42,1,1.0
540126,bertopic,n30_c25_s42,15,0.8409356100706374
540219,bertopic,n30_c25_s42,-1,0.0
540367,bertopic,n30_c25_s42,5,1.0
540368,bertopic,n30_c25_s42,15,0.6655528304760246
540442,bertopic,n30_c25_s42,6,1.0
540451,bertopic,n30_c25_s42,7,0.4756378952510503
540477,bertopic,n30_c25_s42,1,0.505309894426839
540534,bertopic,n30_c25_s42,1,1.0
540630,bertopic,n30_c25_s42,15,0.5491148278304222
540669,bertopic,n30_c25_s42,30,0.7648545807315076
540693,bertopic,n30_c25_s42,-1,0.0
540869,bertopic,n30_c25_s42,20,0.5948841025409127
540895,bertopic,n30_c25_s42,0,0.48838472012142187
540914,bertopic,n30_c25_s42,67,1.0
540964,bertopic,n30_c25_s42,46,1.0
541045,bertopic,n30_c25_s42,1,1.0
541104,bertopic,n30_c25_s42,28,0.7346923776774714
541137,bertopic,n30_c25_s42,5,1.0
541162,bertopic,n30_c25_s42,30,0.7405129880652265
541211,bertopic,n30_c25_s42,-1,0.0
541339,bertopic,n30_c25_s42,-1,0.0
541374,bertopic,n30_c25_s42,-1,0.0
541385,bertopic,n30_c25_s42,-1,0.0
541402,bertopic,n30_c25_s42,26,0.559380457089815
541424,bertopic,n30_c25_s42,38,0.5064614234912876
541446,bertopic,n30_c25_s42,26,0.9372847852568305
541518,bertopic,n30_c25_s42,-1,0.0
541556,bertopic,n30_c25_s42,46,1.0
541586,bertopic,n30_c25_s42,46,1.0
541848,bertopic,n30_c25_s42,-1,0.0
541900,bertopic,n30_c25_s42,-1,0.0
541933,bertopic,n30_c25_s42,63,1.0
541967,bertopic,n30_c25_s42,16,0.6685383592684485
542073,bertopic,n30_c25_s42,46,1.0
542075,bertopic,n30_c25_s42,15,1.0
542164,bertopic,n30_c25_s42,12,0.45965163825649497
542345,bertopic,n30_c25_s42,38,1.0
542423,bertopic,n30_c25_s42,0,1.0
542446,bertopic,n30_c25_s42,0,1.0
542542,bertopic,n30_c25_s42,6,1.0
542770,bertopic,n30_c25_s42,-1,0.0
542814,bertopic,n30_c25_s42,-1,0.0
542853,bertopic,n30_c25_s42,5,0.9393358766280786
542860,bertopic,n30_c25_s42,7,0.3407075270693069
542911,bertopic,n30_c25_s42,11,1.0
542917,bertopic,n30_c25_s42,0,0.5041651173221762
542927,bertopic,n30_c25_s42,0,1.0
543061,bertopic,n30_c25_s42,0,0.6597451585688398
543074,bertopic,n30_c25_s42,33,0.6943807195492929
543199,bertopic,n30_c25_s42,12,0.29862223243297076
543253,bertopic,n30_c25_s42,-1,0.0
543527,bertopic,n30_c25_s42,6,1.0
543631,bertopic,n30_c25_s42,0,0.8759463692399438
543752,bertopic,n30_c25_s42,5,1.0
543798,bertopic,n30_c25_s42,4,1.0
543801,bertopic,n30_c25_s42,45,1.0
543888,bertopic,n30_c25_s42,13,1.0
543931,bertopic,n30_c25_s42,32,0.6852053985518404
543982,bertopic,n30_c25_s42,31,1.0
544171,bertopic,n30_c25_s42,16,0.4831284348078988
544222,bertopic,n30_c25_s42,15,1.0
544370,bertopic,n30_c25_s42,10,1.0
544383,bertopic,n30_c25_s42,0,1.0
544495,bertopic,n30_c25_s42,-1,0.0
544549,bertopic,n30_c25_s42,31,1.0
544691,bertopic,n30_c25_s42,1,1.0
544717,bertopic,n30_c25_s42,54,1.0
544815,bertopic,n30_c25_s42,0,1.0
544945,bertopic,n30_c25_s42,13,0.5274219180902586
545076,bertopic,n30_c25_s42,15,0.6655528304760246
545090,bertopic,n30_c25_s42,17,1.0
545113,bertopic,n30_c25_s42,-1,0.0
545349,bertopic,n30_c25_s42,2,1.0
545356,bertopic,n30_c25_s42,2,0.9761695196405441
545373,bertopic,n30_c25_s42,-1,0.0
545605,bertopic,n30_c25_s42,9,0.24330190809683352
545612,bertopic,n30_c25_s42,3,0.8747785196909389
545631,bertopic,n30_c25_s42,1,1.0
545646,bertopic,n30_c25_s42,22,1.0
545698,bertopic,n30_c25_s42,56,1.0
545713,bertopic,n30_c25_s42,49,0.244440175752767
545815,bertopic,n30_c25_s42,8,1.0
545913,bertopic,n30_c25_s42,-1,0.0
545996,bertopic,n30_c25_s42,6,1.0
546020,bertopic,n30_c25_s42,9,1.0
546031,bertopic,n30_c25_s42,-1,0.0
546045,bertopic,n30_c25_s42,2,1.0
546051,bertopic,n30_c25_s42,-1,0.0
546058,bertopic,n30_c25_s42,32,0.904189431124071
546154,bertopic,n30_c25_s42,-1,0.0
546160,bertopic,n30_c25_s42,0,1.0
546207,bertopic,n30_c25_s42,11,0.381183829155418
546245,bertopic,n30_c25_s42,17,0.5015568588177948
546308,bertopic,n30_c25_s42,1,0.9753855308371578
546320,bertopic,n30_c25_s42,8,0.3155529149139443
546374,bertopic,n30_c25_s42,-1,0.0
546490,bertopic,n30_c25_s42,1,1.0
546531,bertopic,n30_c25_s42,13,0.9152588939012194
546575,bertopic,n30_c25_s42,4,1.0
546698,bertopic,n30_c25_s42,70,1.0
546719,bertopic,n30_c25_s42,1,1.0
546846,bertopic,n30_c25_s42,15,0.36674194433151586
546848,bertopic,n30_c25_s42,70,1.0
547261,bertopic,n30_c25_s42,28,1.0
547350,bertopic,n30_c25_s42,6,0.4006704415937316
547354,bertopic,n30_c25_s42,15,1.0
547487,bertopic,n30_c25_s42,49,0.8779754168226563
547492,bertopic,n30_c25_s42,1,1.0
547511,bertopic,n30_c25_s42,-1,0.0
547560,bertopic,n30_c25_s42,9,0.8393768318457623
547575,bertopic,n30_c25_s42,7,0.4756378952510503
547684,bertopic,n30_c25_s42,0,0.36824908532147643
547687,bertopic,n30_c25_s42,46,1.0
547776,bertopic,n30_c25_s42,3,0.8255652198616933
547821,bertopic,n30_c25_s42,15,0.6609856257529242
547826,bertopic,n30_c25_s42,-1,0.0
547863,bertopic,n30_c25_s42,0,0.5041651173221762
547928,bertopic,n30_c25_s42,0,1.0
547959,bertopic,n30_c25_s42,6,0.6297205189900177
548026,bertopic,n30_c25_s42,60,1.0
548152,bertopic,n30_c25_s42,49,0.5443469023581106
548169,bertopic,n30_c25_s42,28,1.0
548254,bertopic,n30_c25_s42,49,1.0
548362,bertopic,n30_c25_s42,1,1.0
548526,bertopic,n30_c25_s42,63,1.0
548559,bertopic,n30_c25_s42,13,0.9747232634423134
548607,bertopic,n30_c25_s42,5,1.0
548636,bertopic,n30_c25_s42,13,1.0
548701,bertopic,n30_c25_s42,70,1.0
548736,bertopic,n30_c25_s42,50,1.0
548773,bertopic,n30_c25_s42,52,1.0
548800,bertopic,n30_c25_s42,17,1.0
548878,bertopic,n30_c25_s42,13,0.6974532450612015
548965,bertopic,n30_c25_s42,17,1.0
548981,bertopic,n30_c25_s42,13,0.9996622130854128
549015,bertopic,n30_c25_s42,70,1.0
549049,bertopic,n30_c25_s42,22,0.8056644036757746
549108,bertopic,n30_c25_s42,-1,0.0
549122,bertopic,n30_c25_s42,13,0.9909795390324465
549135,bertopic,n30_c25_s42,-1,0.0
549219,bertopic,n30_c25_s42,-1,0.0
549236,bertopic,n30_c25_s42,-1,0.0
549255,bertopic,n30_c25_s42,15,0.46974704203260803
549333,bertopic,n30_c25_s42,13,1.0
549355,bertopic,n30_c25_s42,-1,0.0
549361,bertopic,n30_c25_s42,7,0.4563128314390016
549367,bertopic,n30_c25_s42,1,1.0
549379,bertopic,n30_c25_s42,-1,0.0
549443,bertopic,n30_c25_s42,3,0.910051433269341
549469,bertopic,n30_c25_s42,-1,0.0
549481,bertopic,n30_c25_s42,42,1.0
549579,bertopic,n30_c25_s42,13,0.7779815174336293
549605,bertopic,n30_c25_s42,-1,0.0
549711,bertopic,n30_c25_s42,1,1.0
549737,bertopic,n30_c25_s42,70,1.0
549751,bertopic,n30_c25_s42,7,0.46717162557832065
549914,bertopic,n30_c25_s42,6,1.0
550064,bertopic,n30_c25_s42,1,1.0
550072,bertopic,n30_c25_s42,30,1.0
550080,bertopic,n30_c25_s42,-1,0.0
550108,bertopic,n30_c25_s42,65,1.0
550249,bertopic,n30_c25_s42,46,1.0
550273,bertopic,n30_c25_s42,2,1.0
550330,bertopic,n30_c25_s42,2,1.0
550411,bertopic,n30_c25_s42,0,0.8782728102940425
550444,bertopic,n30_c25_s42,0,1.0
550450,bertopic,n30_c25_s42,2,1.0
550480,bertopic,n30_c25_s42,2,1.0
550483,bertopic,n30_c25_s42,2,1.0
550508,bertopic,n30_c25_s42,2,0.9081442961712346
550534,bertopic,n30_c25_s42,2,1.0
550553,bertopic,n30_c25_s42,2,0.9081442961712346
550590,bertopic,n30_c25_s42,63,0.6717320210876917
550666,bertopic,n30_c25_s42,2,1.0
550820,bertopic,n30_c25_s42,31,0.10826409892278382
550836,bertopic,n30_c25_s42,66,0.9504203783193595
550872,bertopic,n30_c25_s42,13,0.7998840937584866
550901,bertopic,n30_c25_s42,-1,0.0
551022,bertopic,n30_c25_s42,9,0.3875455440672683
551073,bertopic,n30_c25_s42,-1,0.0
551081,bertopic,n30_c25_s42,5,0.8152258809101189
551096,bertopic,n30_c25_s42,17,0.45769849348159897
551207,bertopic,n30_c25_s42,56,1.0
551265,bertopic,n30_c25_s42,27,0.3739660982906219
551280,bertopic,n30_c25_s42,1,1.0
551297,bertopic,n30_c25_s42,-1,0.0
551395,bertopic,n30_c25_s42,-1,0.0
551428,bertopic,n30_c25_s42,17,1.0
551481,bertopic,n30_c25_s42,-1,0.0
551515,bertopic,n30_c25_s42,-1,0.0
551580,bertopic,n30_c25_s42,13,1.0
551582,bertopic,n30_c25_s42,13,0.9309670078650627
551586,bertopic,n30_c25_s42,38,1.0
551716,bertopic,n30_c25_s42,15,1.0
551754,bertopic,n30_c25_s42,1,1.0
551912,bertopic,n30_c25_s42,1,1.0
552002,bertopic,n30_c25_s42,15,0.6582522259924928
552020,bertopic,n30_c25_s42,7,0.4563128314390016
552086,bertopic,n30_c25_s42,14,0.3162319537627262
552104,bertopic,n30_c25_s42,-1,0.0
552167,bertopic,n30_c25_s42,36,1.0
552188,bertopic,n30_c25_s42,36,1.0
552206,bertopic,n30_c25_s42,-1,0.0
552207,bertopic,n30_c25_s42,36,1.0
552221,bertopic,n30_c25_s42,2,1.0
552260,bertopic,n30_c25_s42,6,1.0
552364,bertopic,n30_c25_s42,36,0.7454027242260818
552399,bertopic,n30_c25_s42,26,0.8694941613255113
552421,bertopic,n30_c25_s42,-1,0.0
552476,bertopic,n30_c25_s42,20,0.6725966945785633
552500,bertopic,n30_c25_s42,1,1.0
552506,bertopic,n30_c25_s42,25,0.3380652665421762
552513,bertopic,n30_c25_s42,22,0.23402165632584004
552543,bertopic,n30_c25_s42,-1,0.0
552561,bertopic,n30_c25_s42,-1,0.0
552584,bertopic,n30_c25_s42,23,0.7488751384031398
552663,bertopic,n30_c25_s42,22,0.34746131909196415
552667,bertopic,n30_c25_s42,36,1.0
552725,bertopic,n30_c25_s42,13,1.0
552737,bertopic,n30_c25_s42,13,1.0
552741,bertopic,n30_c25_s42,0,1.0
552761,bertopic,n30_c25_s42,1,1.0
552791,bertopic,n30_c25_s42,6,1.0
553200,bertopic,n30_c25_s42,23,1.0
553205,bertopic,n30_c25_s42,9,1.0
553270,bertopic,n30_c25_s42,3,1.0
553278,bertopic,n30_c25_s42,1,1.0
553460,bertopic,n30_c25_s42,15,0.461151046625364
553484,bertopic,n30_c25_s42,0,0.4577092386754814
553628,bertopic,n30_c25_s42,4,0.832458640934726
553802,bertopic,n30_c25_s42,4,0.6460969843435348
553941,bertopic,n30_c25_s42,4,1.0
553997,bertopic,n30_c25_s42,17,1.0
554009,bertopic,n30_c25_s42,0,0.9989861032156754
554062,bertopic,n30_c25_s42,-1,0.0
554121,bertopic,n30_c25_s42,-1,0.0
554126,bertopic,n30_c25_s42,48,0.8927286191164375
554133,bertopic,n30_c25_s42,-1,0.0
554230,bertopic,n30_c25_s42,3,1.0
554294,bertopic,n30_c25_s42,23,1.0
554391,bertopic,n30_c25_s42,63,0.318865776714275
554442,bertopic,n30_c25_s42,5,0.6091255472911545
554492,bertopic,n30_c25_s42,41,0.7280825156394258
554543,bertopic,n30_c25_s42,-1,0.0
554685,bertopic,n30_c25_s42,59,1.0
554745,bertopic,n30_c25_s42,23,0.7618754412656162
554759,bertopic,n30_c25_s42,13,0.5645862490301
554820,bertopic,n30_c25_s42,48,1.0
554844,bertopic,n30_c25_s42,6,1.0
555019,bertopic,n30_c25_s42,-1,0.0
555048,bertopic,n30_c25_s42,1,1.0
555056,bertopic,n30_c25_s42,7,0.2666313584016661
555062,bertopic,n30_c25_s42,-1,0.0
555506,bertopic,n30_c25_s42,0,1.0
555549,bertopic,n30_c25_s42,45,1.0
555641,bertopic,n30_c25_s42,13,0.6505709944807863
555737,bertopic,n30_c25_s42,9,1.0
555783,bertopic,n30_c25_s42,7,0.3490260353675028
555870,bertopic,n30_c25_s42,-1,0.0
555933,bertopic,n30_c25_s42,-1,0.0
555969,bertopic,n30_c25_s42,-1,0.0
556008,bertopic,n30_c25_s42,57,0.5990760788389663
556034,bertopic,n30_c25_s42,36,0.8263190605423849
556197,bertopic,n30_c25_s42,30,0.9565945316453333
556377,bertopic,n30_c25_s42,3,1.0
556380,bertopic,n30_c25_s42,26,1.0
556557,bertopic,n30_c25_s42,6,0.19472600883482155
556570,bertopic,n30_c25_s42,23,0.7618754412656162
556585,bertopic,n30_c25_s42,12,1.0
556622,bertopic,n30_c25_s42,-1,0.0
556635,bertopic,n30_c25_s42,1,1.0
556708,bertopic,n30_c25_s42,-1,0.0
556751,bertopic,n30_c25_s42,4,1.0
556948,bertopic,n30_c25_s42,1,1.0
556974,bertopic,n30_c25_s42,34,0.9885067204609439
557015,bertopic,n30_c25_s42,23,1.0
557078,bertopic,n30_c25_s42,1,1.0
557122,bertopic,n30_c25_s42,15,0.37365969902847324
557176,bertopic,n30_c25_s42,12,0.454393808912679
557244,bertopic,n30_c25_s42,38,0.5540862924387665
557262,bertopic,n30_c25_s42,-1,0.0
557284,bertopic,n30_c25_s42,1,1.0
557350,bertopic,n30_c25_s42,0,1.0
557442,bertopic,n30_c25_s42,67,1.0
557857,bertopic,n30_c25_s42,30,1.0
557868,bertopic,n30_c25_s42,-1,0.0
557988,bertopic,n30_c25_s42,70,1.0
557996,bertopic,n30_c25_s42,1,1.0
558178,bertopic,n30_c25_s42,17,0.5799977954126201
558413,bertopic,n30_c25_s42,6,1.0
558564,bertopic,n30_c25_s42,28,0.796884361367523
558652,bertopic,n30_c25_s42,13,1.0
558731,bertopic,n30_c25_s42,-1,0.0
558769,bertopic,n30_c25_s42,30,1.0
558896,bertopic,n30_c25_s42,-1,0.0
558940,bertopic,n30_c25_s42,27,1.0
559059,bertopic,n30_c25_s42,0,1.0
559407,bertopic,n30_c25_s42,9,0.3805440012964935
559507,bertopic,n30_c25_s42,7,0.4133127430345342
559536,bertopic,n30_c25_s42,13,1.0
559585,bertopic,n30_c25_s42,0,1.0
559597,bertopic,n30_c25_s42,10,0.7825730328376191
559815,bertopic,n30_c25_s42,22,0.25336900571096593
559853,bertopic,n30_c25_s42,1,1.0
559866,bertopic,n30_c25_s42,3,1.0
559920,bertopic,n30_c25_s42,53,1.0
560010,bertopic,n30_c25_s42,-1,0.0
560052,bertopic,n30_c25_s42,0,1.0
560283,bertopic,n30_c25_s42,0,1.0
560291,bertopic,n30_c25_s42,4,0.7038201183035884
560327,bertopic,n30_c25_s42,27,0.37923570259133066
560330,bertopic,n30_c25_s42,-1,0.0
560368,bertopic,n30_c25_s42,15,1.0
560409,bertopic,n30_c25_s42,22,1.0
560436,bertopic,n30_c25_s42,55,1.0
560649,bertopic,n30_c25_s42,11,0.28421319919740756
560713,bertopic,n30_c25_s42,1,1.0
560910,bertopic,n30_c25_s42,23,1.0
561017,bertopic,n30_c25_s42,0,1.0
561059,bertopic,n30_c25_s42,69,1.0
561102,bertopic,n30_c25_s42,19,0.21117352898863198
561262,bertopic,n30_c25_s42,1,1.0
561342,bertopic,n30_c25_s42,45,1.0
561402,bertopic,n30_c25_s42,27,0.43340207241183754
562011,bertopic,n30_c25_s42,16,0.5323747468538286
562096,bertopic,n30_c25_s42,1,1.0
562373,bertopic,n30_c25_s42,-1,0.0
562627,bertopic,n30_c25_s42,6,1.0
562656,bertopic,n30_c25_s42,2,0.8531134900885774
562705,bertopic,n30_c25_s42,23,1.0
562713,bertopic,n30_c25_s42,-1,0.0
562777,bertopic,n30_c25_s42,23,1.0
562962,bertopic,n30_c25_s42,5,0.8545292599803642
563028,bertopic,n30_c25_s42,17,1.0
563043,bertopic,n30_c25_s42,7,1.0
563237,bertopic,n30_c25_s42,13,0.7426349280551702
563310,bertopic,n30_c25_s42,30,0.9169523769389654
563428,bertopic,n30_c25_s42,-1,0.0
563562,bertopic,n30_c25_s42,21,1.0
563606,bertopic,n30_c25_s42,30,1.0
563716,bertopic,n30_c25_s42,1,1.0
563736,bertopic,n30_c25_s42,19,0.163325700529932
563774,bertopic,n30_c25_s42,1,0.9753855308371578
563870,bertopic,n30_c25_s42,6,1.0
564061,bertopic,n30_c25_s42,0,1.0
564110,bertopic,n30_c25_s42,6,0.19472600883482155
564294,bertopic,n30_c25_s42,34,1.0
564426,bertopic,n30_c25_s42,52,1.0
564476,bertopic,n30_c25_s42,-1,0.0
564562,bertopic,n30_c25_s42,30,1.0
564695,bertopic,n30_c25_s42,65,1.0
564808,bertopic,n30_c25_s42,-1,0.0
564887,bertopic,n30_c25_s42,14,0.8063392855151106
564981,bertopic,n30_c25_s42,6,1.0
565085,bertopic,n30_c25_s42,12,0.7647647876888652
565323,bertopic,n30_c25_s42,0,1.0
565485,bertopic,n30_c25_s42,36,1.0
565529,bertopic,n30_c25_s42,1,1.0
565598,bertopic,n30_c25_s42,-1,0.0
565654,bertopic,n30_c25_s42,4,1.0
565790,bertopic,n30_c25_s42,-1,0.0
565832,bertopic,n30_c25_s42,0,1.0
565873,bertopic,n30_c25_s42,30,0.7839196095587477
565886,bertopic,n30_c25_s42,12,0.5032861521648586
565964,bertopic,n30_c25_s42,-1,0.0
566067,bertopic,n30_c25_s42,-1,0.0
566139,bertopic,n30_c25_s42,-1,0.0
566214,bertopic,n30_c25_s42,-1,0.0
566438,bertopic,n30_c25_s42,8,1.0
566451,bertopic,n30_c25_s42,-1,0.0
566478,bertopic,n30_c25_s42,3,1.0
566626,bertopic,n30_c25_s42,5,1.0
566687,bertopic,n30_c25_s42,56,1.0
566735,bertopic,n30_c25_s42,-1,0.0
566827,bertopic,n30_c25_s42,1,1.0
566929,bertopic,n30_c25_s42,43,1.0
567016,bertopic,n30_c25_s42,0,1.0
567033,bertopic,n30_c25_s42,0,1.0
567038,bertopic,n30_c25_s42,0,1.0
567040,bertopic,n30_c25_s42,0,1.0
567094,bertopic,n30_c25_s42,13,0.530754062150258
567137,bertopic,n30_c25_s42,0,0.9719111116506057
567141,bertopic,n30_c25_s42,0,1.0
567285,bertopic,n30_c25_s42,0,0.36824908532147643
567617,bertopic,n30_c25_s42,1,1.0
567672,bertopic,n30_c25_s42,7,0.46700910953807345
567805,bertopic,n30_c25_s42,5,1.0
568002,bertopic,n30_c25_s42,0,1.0
568156,bertopic,n30_c25_s42,-1,0.0
568166,bertopic,n30_c25_s42,58,1.0
568243,bertopic,n30_c25_s42,45,1.0
568292,bertopic,n30_c25_s42,-1,0.0
568837,bertopic,n30_c25_s42,-1,0.0
568992,bertopic,n30_c25_s42,21,0.24147711295194108
569009,bertopic,n30_c25_s42,28,1.0
569044,bertopic,n30_c25_s42,27,0.7702486279322434
569205,bertopic,n30_c25_s42,45,0.9699862797952689
569354,bertopic,n30_c25_s42,1,1.0
569480,bertopic,n30_c25_s42,-1,0.0
569506,bertopic,n30_c25_s42,6,0.43784077372203073
569629,bertopic,n30_c25_s42,1,1.0
570603,bertopic,n30_c25_s42,1,0.6906066324401962
571389,bertopic,n30_c25_s42,43,1.0
576920,bertopic,n30_c25_s42,33,1.0
577338,bertopic,n30_c25_s42,16,1.0
578713,bertopic,n30_c25_s42,11,0.47684740715597523
582036,bertopic,n30_c25_s42,26,1.0
586844,bertopic,n30_c25_s42,-1,0.0
587422,bertopic,n30_c25_s42,14,1.0
589437,bertopic,n30_c25_s42,16,0.5720058166768868
590150,bertopic,n30_c25_s42,-1,0.0
592051,bertopic,n30_c25_s42,3,1.0
598866,bertopic,n30_c25_s42,6,0.19472600883482155
600392,bertopic,n30_c25_s42,2,0.7405515387401128
600706,bertopic,n30_c25_s42,26,0.961570666197671
602727,bertopic,n30_c25_s42,11,0.1735419628476257
602851,bertopic,n30_c25_s42,-1,0.0
603832,bertopic,n30_c25_s42,0,1.0
604489,bertopic,n30_c25_s42,-1,0.0
608360,bertopic,n30_c25_s42,7,0.5599622508786064
608599,bertopic,n30_c25_s42,5,0.5707971988907055
609335,bertopic,n30_c25_s42,9,1.0
610962,bertopic,n30_c25_s42,20,0.5849356865757986
614593,bertopic,n30_c25_s42,53,1.0
615041,bertopic,n30_c25_s42,36,1.0
617701,bertopic,n30_c25_s42,17,0.5799977954126201
619719,bertopic,n30_c25_s42,3,0.9545057606203089
620069,bertopic,n30_c25_s42,3,1.0
622146,bertopic,n30_c25_s42,41,0.472555271051532
623162,bertopic,n30_c25_s42,7,1.0
623174,bertopic,n30_c25_s42,17,1.0
624005,bertopic,n30_c25_s42,41,0.5163674425392948
625400,bertopic,n30_c25_s42,31,1.0
627373,bertopic,n30_c25_s42,12,0.7335438268620571
629330,bertopic,n30_c25_s42,26,0.6688967536886533
635355,bertopic,n30_c25_s42,-1,0.0
636059,bertopic,n30_c25_s42,5,0.461763375848585
641233,bertopic,n30_c25_s42,-1,0.0
641254,bertopic,n30_c25_s42,6,1.0
641306,bertopic,n30_c25_s42,-1,0.0
645141,bertopic,n30_c25_s42,63,1.0
646775,bertopic,n30_c25_s42,8,0.3155529149139443
646853,bertopic,n30_c25_s42,30,1.0
647749,bertopic,n30_c25_s42,4,1.0
647793,bertopic,n30_c25_s42,4,1.0
648284,bertopic,n30_c25_s42,3,0.9145206138499337
649738,bertopic,n30_c25_s42,24,1.0
650217,bertopic,n30_c25_s42,1,1.0
650310,bertopic,n30_c25_s42,5,1.0
650337,bertopic,n30_c25_s42,5,0.5013090427088416
650456,bertopic,n30_c25_s42,12,0.5512844534449002
650686,bertopic,n30_c25_s42,14,1.0
650941,bertopic,n30_c25_s42,3,0.9545057606203089
651000,bertopic,n30_c25_s42,42,1.0
651240,bertopic,n30_c25_s42,8,0.34773140184823415
651890,bertopic,n30_c25_s42,60,1.0
654131,bertopic,n30_c25_s42,34,1.0
654463,bertopic,n30_c25_s42,9,0.5065116254129085
654552,bertopic,n30_c25_s42,10,0.37193287308103173
654648,bertopic,n30_c25_s42,-1,0.0
656038,bertopic,n30_c25_s42,39,0.9767780018863372
656246,bertopic,n30_c25_s42,-1,0.0
657205,bertopic,n30_c25_s42,11,0.9293336946786356
657566,bertopic,n30_c25_s42,5,1.0
658037,bertopic,n30_c25_s42,8,0.975604893747235
658203,bertopic,n30_c25_s42,68,1.0
658396,bertopic,n30_c25_s42,-1,0.0
658987,bertopic,n30_c25_s42,2,0.6706772803765512
659058,bertopic,n30_c25_s42,1,1.0
659235,bertopic,n30_c25_s42,4,0.8981103934564046
659272,bertopic,n30_c25_s42,2,0.7677013374277245
659284,bertopic,n30_c25_s42,0,1.0
659365,bertopic,n30_c25_s42,60,0.8945333873023874
659788,bertopic,n30_c25_s42,7,0.8766932233662851
659832,bertopic,n30_c25_s42,0,1.0
660079,bertopic,n30_c25_s42,70,1.0
660113,bertopic,n30_c25_s42,21,0.6730164828770197
660369,bertopic,n30_c25_s42,0,1.0
660608,bertopic,n30_c25_s42,-1,0.0
660755,bertopic,n30_c25_s42,3,0.9099758505338046
660895,bertopic,n30_c25_s42,12,0.75023506812561
660904,bertopic,n30_c25_s42,7,1.0
661062,bertopic,n30_c25_s42,39,1.0
661200,bertopic,n30_c25_s42,0,1.0
661215,bertopic,n30_c25_s42,16,0.7130987511383142
661574,bertopic,n30_c25_s42,63,1.0
661725,bertopic,n30_c25_s42,32,0.955384025240046
662701,bertopic,n30_c25_s42,-1,0.0
663919,bertopic,n30_c25_s42,7,0.3902232125619847
665315,bertopic,n30_c25_s42,-1,0.0
666200,bertopic,n30_c25_s42,60,1.0
666810,bertopic,n30_c25_s42,5,1.0
667190,bertopic,n30_c25_s42,8,1.0
667860,bertopic,n30_c25_s42,39,1.0
669845,bertopic,n30_c25_s42,4,1.0
669848,bertopic,n30_c25_s42,16,0.389179002506625
669937,bertopic,n30_c25_s42,-1,0.0
669941,bertopic,n30_c25_s42,4,1.0
670968,bertopic,n30_c25_s42,8,1.0
671140,bertopic,n30_c25_s42,40,0.4370419024957255
671264,bertopic,n30_c25_s42,12,0.6781512472735574
671332,bertopic,n30_c25_s42,3,0.883940729985621
671530,bertopic,n30_c25_s42,18,1.0
671716,bertopic,n30_c25_s42,4,1.0
671874,bertopic,n30_c25_s42,45,1.0
672187,bertopic,n30_c25_s42,8,0.32118197373343055
672188,bertopic,n30_c25_s42,8,1.0
672208,bertopic,n30_c25_s42,-1,0.0
672216,bertopic,n30_c25_s42,8,0.30405464565917417
672224,bertopic,n30_c25_s42,12,0.43462916784309785
672255,bertopic,n30_c25_s42,8,0.31263288374804227
672259,bertopic,n30_c25_s42,-1,0.0
672266,bertopic,n30_c25_s42,3,0.9099758505338046
672285,bertopic,n30_c25_s42,9,0.3923790251065817
672350,bertopic,n30_c25_s42,8,0.32118197373343055
672648,bertopic,n30_c25_s42,-1,0.0
672738,bertopic,n30_c25_s42,68,1.0
672889,bertopic,n30_c25_s42,3,0.9104399475640395
673275,bertopic,n30_c25_s42,9,0.5065116254129085
673442,bertopic,n30_c25_s42,-1,0.0
673580,bertopic,n30_c25_s42,12,0.3874510761449915
674506,bertopic,n30_c25_s42,3,1.0
674842,bertopic,n30_c25_s42,17,0.8016043025180578
675026,bertopic,n30_c25_s42,0,1.0
675108,bertopic,n30_c25_s42,-1,0.0
675446,bertopic,n30_c25_s42,-1,0.0
675822,bertopic,n30_c25_s42,-1,0.0
675946,bertopic,n30_c25_s42,23,0.6988510400518777
677283,bertopic,n30_c25_s42,-1,0.0
678454,bertopic,n30_c25_s42,37,1.0
678786,bertopic,n30_c25_s42,5,1.0
679255,bertopic,n30_c25_s42,30,1.0
679282,bertopic,n30_c25_s42,-1,0.0
680093,bertopic,n30_c25_s42,-1,0.0
681005,bertopic,n30_c25_s42,45,1.0
681256,bertopic,n30_c25_s42,0,0.5041651173221762
682450,bertopic,n30_c25_s42,55,1.0
682792,bertopic,n30_c25_s42,20,1.0
682795,bertopic,n30_c25_s42,12,0.9443986643984587
684367,bertopic,n30_c25_s42,0,1.0
684523,bertopic,n30_c25_s42,-1,0.0
684662,bertopic,n30_c25_s42,12,0.38078125712652844
685773,bertopic,n30_c25_s42,-1,0.0
686017,bertopic,n30_c25_s42,0,1.0
686476,bertopic,n30_c25_s42,4,1.0
686825,bertopic,n30_c25_s42,1,0.505309894426839
686901,bertopic,n30_c25_s42,-1,0.0
687371,bertopic,n30_c25_s42,11,0.131319385202503
687392,bertopic,n30_c25_s42,-1,0.0
687573,bertopic,n30_c25_s42,-1,0.0
687672,bertopic,n30_c25_s42,26,0.7735286004549037
687861,bertopic,n30_c25_s42,0,0.36824908532147643
688223,bertopic,n30_c25_s42,37,0.3048065462929941
688427,bertopic,n30_c25_s42,4,0.832458640934726
689217,bertopic,n30_c25_s42,1,0.505309894426839
689930,bertopic,n30_c25_s42,68,1.0
690064,bertopic,n30_c25_s42,-1,0.0
690689,bertopic,n30_c25_s42,1,1.0
691058,bertopic,n30_c25_s42,-1,0.0
692064,bertopic,n30_c25_s42,32,0.6904354628339319
692103,bertopic,n30_c25_s42,39,0.5397723300951943
693494,bertopic,n30_c25_s42,13,1.0
693639,bertopic,n30_c25_s42,-1,0.0
693796,bertopic,n30_c25_s42,-1,0.0
694629,bertopic,n30_c25_s42,53,1.0
695507,bertopic,n30_c25_s42,0,1.0
695646,bertopic,n30_c25_s42,16,0.692332998918033
695834,bertopic,n30_c25_s42,31,1.0
696932,bertopic,n30_c25_s42,68,1.0
697017,bertopic,n30_c25_s42,12,0.6812944431447052
697046,bertopic,n30_c25_s42,7,0.44604037567928223
697183,bertopic,n30_c25_s42,-1,0.0
697295,bertopic,n30_c25_s42,13,0.9310754561736063
697643,bertopic,n30_c25_s42,31,1.0
697663,bertopic,n30_c25_s42,5,0.8754469785553448
697849,bertopic,n30_c25_s42,32,1.0
698280,bertopic,n30_c25_s42,27,1.0
698457,bertopic,n30_c25_s42,70,1.0
699032,bertopic,n30_c25_s42,-1,0.0
699594,bertopic,n30_c25_s42,3,0.8229892497040225
699720,bertopic,n30_c25_s42,15,0.7562076252075228
701079,bertopic,n30_c25_s42,37,1.0
703683,bertopic,n30_c25_s42,14,0.7766725973348825
703890,bertopic,n30_c25_s42,28,1.0
704137,bertopic,n30_c25_s42,-1,0.0
704168,bertopic,n30_c25_s42,23,0.7618754412656162
704790,bertopic,n30_c25_s42,-1,0.0
704909,bertopic,n30_c25_s42,52,0.815455010124556
704931,bertopic,n30_c25_s42,0,1.0
706120,bertopic,n30_c25_s42,-1,0.0
707021,bertopic,n30_c25_s42,-1,0.0
707393,bertopic,n30_c25_s42,6,1.0
707539,bertopic,n30_c25_s42,46,1.0
708274,bertopic,n30_c25_s42,31,1.0
709574,bertopic,n30_c25_s42,17,1.0
710220,bertopic,n30_c25_s42,-1,0.0
710778,bertopic,n30_c25_s42,6,1.0
710990,bertopic,n30_c25_s42,-1,0.0
711238,bertopic,n30_c25_s42,2,1.0
711327,bertopic,n30_c25_s42,16,1.0
711526,bertopic,n30_c25_s42,33,1.0
711747,bertopic,n30_c25_s42,28,1.0
713563,bertopic,n30_c25_s42,3,1.0
713863,bertopic,n30_c25_s42,20,1.0
714598,bertopic,n30_c25_s42,12,0.5338111076976189
715089,bertopic,n30_c25_s42,4,1.0
715332,bertopic,n30_c25_s42,2,1.0
715731,bertopic,n30_c25_s42,2,0.6943993554877608
716169,bertopic,n30_c25_s42,9,0.3805440012964935
717048,bertopic,n30_c25_s42,0,1.0
718752,bertopic,n30_c25_s42,22,1.0
719093,bertopic,n30_c25_s42,22,0.8200965864786415
719149,bertopic,n30_c25_s42,2,0.7214956214027216
719493,bertopic,n30_c25_s42,27,1.0
720256,bertopic,n30_c25_s42,15,0.3809464231943569
720997,bertopic,n30_c25_s42,63,0.8736156750485542
721187,bertopic,n30_c25_s42,2,0.9081442961712346
721633,bertopic,n30_c25_s42,-1,0.0
722331,bertopic,n30_c25_s42,6,1.0
723845,bertopic,n30_c25_s42,27,0.3724282192468186
725574,bertopic,n30_c25_s42,1,1.0
725605,bertopic,n30_c25_s42,0,1.0
725827,bertopic,n30_c25_s42,6,1.0
727150,bertopic,n30_c25_s42,5,1.0
727347,bertopic,n30_c25_s42,37,1.0
727745,bertopic,n30_c25_s42,-1,0.0
728317,bertopic,n30_c25_s42,35,1.0
729085,bertopic,n30_c25_s42,32,0.904189431124071
729270,bertopic,n30_c25_s42,53,1.0
730351,bertopic,n30_c25_s42,1,1.0
730651,bertopic,n30_c25_s42,10,0.8483078821759821
731051,bertopic,n30_c25_s42,11,1.0
734258,bertopic,n30_c25_s42,-1,0.0
735258,bertopic,n30_c25_s42,12,0.6781512472735574
735350,bertopic,n30_c25_s42,36,1.0
735597,bertopic,n30_c25_s42,7,0.6035168096514476
736369,bertopic,n30_c25_s42,0,0.991454564202098
736628,bertopic,n30_c25_s42,7,0.41904951318390915
736713,bertopic,n30_c25_s42,43,1.0
737005,bertopic,n30_c25_s42,22,0.12779139906055392
737083,bertopic,n30_c25_s42,11,0.5866139455424475
737896,bertopic,n30_c25_s42,1,1.0
738247,bertopic,n30_c25_s42,12,1.0
738462,bertopic,n30_c25_s42,31,1.0
738524,bertopic,n30_c25_s42,45,1.0
738718,bertopic,n30_c25_s42,70,1.0
739406,bertopic,n30_c25_s42,37,1.0
739497,bertopic,n30_c25_s42,-1,0.0
740804,bertopic,n30_c25_s42,6,1.0
741068,bertopic,n30_c25_s42,0,1.0
741213,bertopic,n30_c25_s42,3,0.8537472066091131
742014,bertopic,n30_c25_s42,15,0.5144594072075581
742272,bertopic,n30_c25_s42,0,0.5041651173221762
742408,bertopic,n30_c25_s42,-1,0.0
743015,bertopic,n30_c25_s42,13,0.7379323177221211
743992,bertopic,n30_c25_s42,32,0.6348141354557538
744328,bertopic,n30_c25_s42,66,1.0
744612,bertopic,n30_c25_s42,4,1.0
744814,bertopic,n30_c25_s42,0,1.0
745242,bertopic,n30_c25_s42,-1,0.0
746933,bertopic,n30_c25_s42,1,1.0
747079,bertopic,n30_c25_s42,13,0.5187337526135092
748725,bertopic,n30_c25_s42,3,1.0
749422,bertopic,n30_c25_s42,45,1.0
751604,bertopic,n30_c25_s42,8,0.32118197373343055
751753,bertopic,n30_c25_s42,33,0.7762336585692285
752173,bertopic,n30_c25_s42,16,1.0
753032,bertopic,n30_c25_s42,11,0.5896005283338004
755679,bertopic,n30_c25_s42,-1,0.0
756819,bertopic,n30_c25_s42,22,0.11834307131923563
757036,bertopic,n30_c25_s42,13,1.0
757221,bertopic,n30_c25_s42,56,1.0
757276,bertopic,n30_c25_s42,45,1.0
757335,bertopic,n30_c25_s42,2,1.0
758285,bertopic,n30_c25_s42,6,1.0
758405,bertopic,n30_c25_s42,13,0.9026927245027538
759519,bertopic,n30_c25_s42,38,0.9285586369785741
759725,bertopic,n30_c25_s42,-1,0.0
759807,bertopic,n30_c25_s42,15,0.5134806931208347
759838,bertopic,n30_c25_s42,3,1.0
760498,bertopic,n30_c25_s42,37,0.2981941788400742
761422,bertopic,n30_c25_s42,9,0.5065116254129085
761724,bertopic,n30_c25_s42,30,1.0
761897,bertopic,n30_c25_s42,1,1.0
762072,bertopic,n30_c25_s42,10,0.825184521137699
762193,bertopic,n30_c25_s42,15,1.0
762384,bertopic,n30_c25_s42,9,0.31690333657082426
763279,bertopic,n30_c25_s42,-1,0.0
764188,bertopic,n30_c25_s42,37,1.0
764314,bertopic,n30_c25_s42,-1,0.0
764835,bertopic,n30_c25_s42,0,0.8308289884871721
766713,bertopic,n30_c25_s42,20,1.0
766993,bertopic,n30_c25_s42,-1,0.0
767883,bertopic,n30_c25_s42,-1,0.0
769465,bertopic,n30_c25_s42,-1,0.0
770322,bertopic,n30_c25_s42,-1,0.0
771869,bertopic,n30_c25_s42,14,0.4819497528320691
771928,bertopic,n30_c25_s42,26,0.4703917486214276
772136,bertopic,n30_c25_s42,13,0.6037643719244639
772217,bertopic,n30_c25_s42,-1,0.0
773372,bertopic,n30_c25_s42,-1,0.0
773611,bertopic,n30_c25_s42,28,1.0
774457,bertopic,n30_c25_s42,48,1.0
774968,bertopic,n30_c25_s42,0,1.0
776924,bertopic,n30_c25_s42,26,1.0
777495,bertopic,n30_c25_s42,0,1.0
777620,bertopic,n30_c25_s42,-1,0.0
778092,bertopic,n30_c25_s42,25,0.3493732431207773
778468,bertopic,n30_c25_s42,11,0.18766719280646246
778870,bertopic,n30_c25_s42,6,0.9309353912739362
779172,bertopic,n30_c25_s42,1,1.0
779958,bertopic,n30_c25_s42,65,1.0
780578,bertopic,n30_c25_s42,38,1.0
781275,bertopic,n30_c25_s42,31,0.10826409892278382
781432,bertopic,n30_c25_s42,4,0.7765569967157042
781582,bertopic,n30_c25_s42,0,0.9026405349248202
782090,bertopic,n30_c25_s42,-1,0.0
782821,bertopic,n30_c25_s42,1,0.9753855308371578
783607,bertopic,n30_c25_s42,7,0.4563128314390016
784006,bertopic,n30_c25_s42,54,1.0
784090,bertopic,n30_c25_s42,0,0.9438791393786828
784568,bertopic,n30_c25_s42,1,1.0
784877,bertopic,n30_c25_s42,20,1.0
785271,bertopic,n30_c25_s42,7,0.3526431270263156
786056,bertopic,n30_c25_s42,7,0.4726999868900118
786573,bertopic,n30_c25_s42,65,0.6598468588588022
788354,bertopic,n30_c25_s42,38,1.0
788517,bertopic,n30_c25_s42,55,0.5537518319483616
788620,bertopic,n30_c25_s42,13,0.9332430085099334
789059,bertopic,n30_c25_s42,-1,0.0
789077,bertopic,n30_c25_s42,6,0.8229619194751513
789163,bertopic,n30_c25_s42,5,0.7447148598783603
790004,bertopic,n30_c25_s42,26,0.5131224188028641
790446,bertopic,n30_c25_s42,55,1.0
791899,bertopic,n30_c25_s42,-1,0.0
791926,bertopic,n30_c25_s42,0,1.0
792286,bertopic,n30_c25_s42,32,0.5914193999663931
792589,bertopic,n30_c25_s42,23,1.0
792727,bertopic,n30_c25_s42,0,1.0
793151,bertopic,n30_c25_s42,19,0.14471607160339595
793457,bertopic,n30_c25_s42,-1,0.0
793694,bertopic,n30_c25_s42,-1,0.0
794269,bertopic,n30_c25_s42,6,1.0
794318,bertopic,n30_c25_s42,10,0.3717927676145669
794584,bertopic,n30_c25_s42,15,1.0
794590,bertopic,n30_c25_s42,-1,0.0
794646,bertopic,n30_c25_s42,0,1.0
794905,bertopic,n30_c25_s42,3,0.9545057606203089
794972,bertopic,n30_c25_s42,0,1.0
795345,bertopic,n30_c25_s42,54,0.4091252600134132
795664,bertopic,n30_c25_s42,-1,0.0
795837,bertopic,n30_c25_s42,-1,0.0
795956,bertopic,n30_c25_s42,23,0.749017920632426
796487,bertopic,n30_c25_s42,-1,0.0
797103,bertopic,n30_c25_s42,15,0.46974704203260803
797985,bertopic,n30_c25_s42,20,0.5586386808517484
798188,bertopic,n30_c25_s42,-1,0.0
798365,bertopic,n30_c25_s42,38,0.515455783802151
798457,bertopic,n30_c25_s42,15,1.0
798666,bertopic,n30_c25_s42,0,0.36824908532147643
798803,bertopic,n30_c25_s42,5,1.0
801936,bertopic,n30_c25_s42,6,1.0
802290,bertopic,n30_c25_s42,27,0.7838894652109453
803132,bertopic,n30_c25_s42,1,1.0
803138,bertopic,n30_c25_s42,2,1.0
803194,bertopic,n30_c25_s42,3,0.9745058558426647
803576,bertopic,n30_c25_s42,1,0.505309894426839
804067,bertopic,n30_c25_s42,49,1.0
804529,bertopic,n30_c25_s42,1,1.0
804591,bertopic,n30_c25_s42,14,0.5920931645300389
805419,bertopic,n30_c25_s42,42,0.9367314162364415
805485,bertopic,n30_c25_s42,-1,0.0
806530,bertopic,n30_c25_s42,20,0.7411942088611492
806751,bertopic,n30_c25_s42,5,0.43555916629092883
807671,bertopic,n30_c25_s42,4,1.0
809437,bertopic,n30_c25_s42,25,0.34995584689833886
809730,bertopic,n30_c25_s42,70,1.0
809864,bertopic,n30_c25_s42,3,0.9545057606203089
810393,bertopic,n30_c25_s42,1,0.6577882797959456
811330,bertopic,n30_c25_s42,56,1.0
811461,bertopic,n30_c25_s42,50,1.0
811718,bertopic,n30_c25_s42,67,1.0
812041,bertopic,n30_c25_s42,0,1.0
812080,bertopic,n30_c25_s42,59,1.0
813514,bertopic,n30_c25_s42,0,1.0
813811,bertopic,n30_c25_s42,0,1.0
814041,bertopic,n30_c25_s42,-1,0.0
814542,bertopic,n30_c25_s42,38,1.0
815056,bertopic,n30_c25_s42,41,1.0
816239,bertopic,n30_c25_s42,-1,0.0
816490,bertopic,n30_c25_s42,-1,0.0
816512,bertopic,n30_c25_s42,1,1.0
816686,bertopic,n30_c25_s42,0,1.0
817063,bertopic,n30_c25_s42,45,1.0
817240,bertopic,n30_c25_s42,28,1.0
817356,bertopic,n30_c25_s42,1,0.9753855308371578
818744,bertopic,n30_c25_s42,18,0.4345502732110667
819637,bertopic,n30_c25_s42,33,1.0
820417,bertopic,n30_c25_s42,13,0.8238319261159703
820499,bertopic,n30_c25_s42,13,1.0
820808,bertopic,n30_c25_s42,13,1.0
821259,bertopic,n30_c25_s42,6,1.0
822463,bertopic,n30_c25_s42,12,0.4661751608981701
823365,bertopic,n30_c25_s42,-1,0.0
823757,bertopic,n30_c25_s42,2,1.0
825847,bertopic,n30_c25_s42,34,1.0
826079,bertopic,n30_c25_s42,0,0.5041651173221762
826309,bertopic,n30_c25_s42,1,1.0
826448,bertopic,n30_c25_s42,20,0.5825252742839958
826583,bertopic,n30_c25_s42,-1,0.0
829336,bertopic,n30_c25_s42,8,0.3155529149139443
829401,bertopic,n30_c25_s42,2,1.0
829443,bertopic,n30_c25_s42,13,0.6620555835281221
829512,bertopic,n30_c25_s42,2,0.7405515387401128
829925,bertopic,n30_c25_s42,1,1.0
830755,bertopic,n30_c25_s42,67,1.0
830861,bertopic,n30_c25_s42,-1,0.0
831003,bertopic,n30_c25_s42,1,1.0
831140,bertopic,n30_c25_s42,13,0.7020525034156453
831455,bertopic,n30_c25_s42,15,0.5144594072075581
832164,bertopic,n30_c25_s42,42,1.0
832451,bertopic,n30_c25_s42,1,0.9753855308371578
832539,bertopic,n30_c25_s42,-1,0.0
833507,bertopic,n30_c25_s42,15,1.0
833652,bertopic,n30_c25_s42,56,1.0
833753,bertopic,n30_c25_s42,22,0.6719235401239096
833755,bertopic,n30_c25_s42,3,0.9844408483681951
834089,bertopic,n30_c25_s42,3,0.9283782036481576
834965,bertopic,n30_c25_s42,20,0.7412173847203557
835091,bertopic,n30_c25_s42,11,0.36295706062044464
836593,bertopic,n30_c25_s42,0,1.0
836771,bertopic,n30_c25_s42,10,0.8615707102356862
837069,bertopic,n30_c25_s42,46,1.0
837722,bertopic,n30_c25_s42,26,1.0
837949,bertopic,n30_c25_s42,14,0.2840025111069195
838913,bertopic,n30_c25_s42,4,1.0
839276,bertopic,n30_c25_s42,50,1.0
839417,bertopic,n30_c25_s42,28,1.0
839428,bertopic,n30_c25_s42,13,0.9074142526068691
839954,bertopic,n30_c25_s42,3,0.9353765360347182
840427,bertopic,n30_c25_s42,6,1.0
840576,bertopic,n30_c25_s42,35,0.6016270650957601
840991,bertopic,n30_c25_s42,58,0.9257246890376096
841015,bertopic,n30_c25_s42,13,0.5703428169529082
842319,bertopic,n30_c25_s42,12,1.0
844378,bertopic,n30_c25_s42,0,1.0
845221,bertopic,n30_c25_s42,70,1.0
845621,bertopic,n30_c25_s42,1,1.0
845957,bertopic,n30_c25_s42,11,0.8303528080929576
846074,bertopic,n30_c25_s42,-1,0.0
846205,bertopic,n30_c25_s42,-1,0.0
846430,bertopic,n30_c25_s42,31,1.0
846635,bertopic,n30_c25_s42,5,1.0
846655,bertopic,n30_c25_s42,-1,0.0
847418,bertopic,n30_c25_s42,3,1.0
848231,bertopic,n30_c25_s42,-1,0.0
848372,bertopic,n30_c25_s42,0,1.0
848879,bertopic,n30_c25_s42,17,1.0
850856,bertopic,n30_c25_s42,0,1.0
850916,bertopic,n30_c25_s42,13,1.0
851542,bertopic,n30_c25_s42,13,0.9043276286915877
852157,bertopic,n30_c25_s42,1,1.0
852174,bertopic,n30_c25_s42,0,0.7511861877346938
852434,bertopic,n30_c25_s42,12,0.29862223243297076
854666,bertopic,n30_c25_s42,-1,0.0
855462,bertopic,n30_c25_s42,56,0.38255925319439854
856248,bertopic,n30_c25_s42,22,0.46017589585308266
858622,bertopic,n30_c25_s42,-1,0.0
858970,bertopic,n30_c25_s42,18,0.42821993785629997
859505,bertopic,n30_c25_s42,-1,0.0
863262,bertopic,n30_c25_s42,55,0.5448911187798787
864280,bertopic,n30_c25_s42,-1,0.0
865209,bertopic,n30_c25_s42,49,1.0
868781,bertopic,n30_c25_s42,21,1.0
869869,bertopic,n30_c25_s42,22,0.9319701366806167
871970,bertopic,n30_c25_s42,60,1.0
873775,bertopic,n30_c25_s42,27,1.0
875499,bertopic,n30_c25_s42,34,1.0
876108,bertopic,n30_c25_s42,53,1.0
876480,bertopic,n30_c25_s42,1,1.0
876541,bertopic,n30_c25_s42,55,0.3175584699768914
877267,bertopic,n30_c25_s42,-1,0.0
878033,bertopic,n30_c25_s42,28,1.0
881117,bertopic,n30_c25_s42,-1,0.0
882051,bertopic,n30_c25_s42,-1,0.0
882911,bertopic,n30_c25_s42,0,1.0
888566,bertopic,n30_c25_s42,10,0.8483078821759821
889190,bertopic,n30_c25_s42,12,0.44934529643357884
889993,bertopic,n30_c25_s42,16,1.0
890018,bertopic,n30_c25_s42,25,0.7227195277657479
890036,bertopic,n30_c25_s42,17,0.5799977954126201
891180,bertopic,n30_c25_s42,43,1.0
891504,bertopic,n30_c25_s42,-1,0.0
892785,bertopic,n30_c25_s42,11,0.381183829155418
893155,bertopic,n30_c25_s42,-1,0.0
894631,bertopic,n30_c25_s42,-1,0.0
895040,bertopic,n30_c25_s42,16,0.45497079178978483
896968,bertopic,n30_c25_s42,17,0.5405828894337217
898207,bertopic,n30_c25_s42,-1,0.0
898994,bertopic,n30_c25_s42,4,0.6531493796225303
900355,bertopic,n30_c25_s42,-1,0.0
901198,bertopic,n30_c25_s42,35,0.8492005166218011
903482,bertopic,n30_c25_s42,-1,0.0
903837,bertopic,n30_c25_s42,-1,0.0
904099,bertopic,n30_c25_s42,-1,0.0
906185,bertopic,n30_c25_s42,4,0.8975138343085766
906511,bertopic,n30_c25_s42,45,1.0
907428,bertopic,n30_c25_s42,38,1.0
907506,bertopic,n30_c25_s42,27,1.0
908241,bertopic,n30_c25_s42,1,1.0
909050,bertopic,n30_c25_s42,-1,0.0
909535,bertopic,n30_c25_s42,-1,0.0
910391,bertopic,n30_c25_s42,12,0.47806506794723563
910966,bertopic,n30_c25_s42,23,0.7618754412656162
911482,bertopic,n30_c25_s42,-1,0.0
912087,bertopic,n30_c25_s42,-1,0.0
912459,bertopic,n30_c25_s42,59,1.0
912821,bertopic,n30_c25_s42,0,1.0
913484,bertopic,n30_c25_s42,2,1.0
913524,bertopic,n30_c25_s42,-1,0.0
913700,bertopic,n30_c25_s42,11,1.0
913708,bertopic,n30_c25_s42,1,1.0
914128,bertopic,n30_c25_s42,38,1.0
914767,bertopic,n30_c25_s42,38,0.9343489827013624
914838,bertopic,n30_c25_s42,53,1.0
915745,bertopic,n30_c25_s42,-1,0.0
917093,bertopic,n30_c25_s42,46,1.0
919888,bertopic,n30_c25_s42,33,0.9519066507878581
920139,bertopic,n30_c25_s42,28,1.0
920360,bertopic,n30_c25_s42,1,1.0
920513,bertopic,n30_c25_s42,-1,0.0
921356,bertopic,n30_c25_s42,0,1.0
921590,bertopic,n30_c25_s42,3,1.0
922266,bertopic,n30_c25_s42,0,1.0
923043,bertopic,n30_c25_s42,-1,0.0
923715,bertopic,n30_c25_s42,-1,0.0
924953,bertopic,n30_c25_s42,6,0.8321523839949148
925391,bertopic,n30_c25_s42,28,1.0
925961,bertopic,n30_c25_s42,1,1.0
926212,bertopic,n30_c25_s42,46,1.0
926526,bertopic,n30_c25_s42,27,0.4831078633272352
926858,bertopic,n30_c25_s42,5,1.0
926992,bertopic,n30_c25_s42,37,1.0
927582,bertopic,n30_c25_s42,20,1.0
928473,bertopic,n30_c25_s42,40,1.0
929989,bertopic,n30_c25_s42,37,1.0
931446,bertopic,n30_c25_s42,43,1.0
931451,bertopic,n30_c25_s42,16,0.9001098567678169
931661,bertopic,n30_c25_s42,-1,0.0
932266,bertopic,n30_c25_s42,0,1.0
932468,bertopic,n30_c25_s42,60,0.7675329068798119
933784,bertopic,n30_c25_s42,12,0.5337530653057383
936437,bertopic,n30_c25_s42,-1,0.0
936494,bertopic,n30_c25_s42,22,0.2379877153505267
938557,bertopic,n30_c25_s42,3,0.8732138800261706
938810,bertopic,n30_c25_s42,3,0.815533408053334
939062,bertopic,n30_c25_s42,-1,0.0
939431,bertopic,n30_c25_s42,-1,0.0
939974,bertopic,n30_c25_s42,1,1.0
940148,bertopic,n30_c25_s42,35,0.6572103644931397
942698,bertopic,n30_c25_s42,12,0.5538138619652134
943473,bertopic,n30_c25_s42,67,1.0
943536,bertopic,n30_c25_s42,2,1.0
944349,bertopic,n30_c25_s42,21,1.0
944415,bertopic,n30_c25_s42,1,1.0
946748,bertopic,n30_c25_s42,53,1.0
947165,bertopic,n30_c25_s42,28,1.0
947678,bertopic,n30_c25_s42,0,1.0
949593,bertopic,n30_c25_s42,3,0.9858731192855813
951771,bertopic,n30_c25_s42,1,1.0
951940,bertopic,n30_c25_s42,6,1.0
952202,bertopic,n30_c25_s42,59,1.0
952335,bertopic,n30_c25_s42,0,1.0
955033,bertopic,n30_c25_s42,2,0.9829580361598801
955035,bertopic,n30_c25_s42,16,1.0
956899,bertopic,n30_c25_s42,-1,0.0
966254,bertopic,n30_c25_s42,30,1.0
966855,bertopic,n30_c25_s42,6,0.19472600883482155
967053,bertopic,n30_c25_s42,67,1.0
967464,bertopic,n30_c25_s42,32,0.5776224710616157
967645,bertopic,n30_c25_s42,-1,0.0
968273,bertopic,n30_c25_s42,14,0.44712369749440783
968481,bertopic,n30_c25_s42,0,0.7926269156262562
968642,bertopic,n30_c25_s42,48,1.0
968857,bertopic,n30_c25_s42,-1,0.0
970440,bertopic,n30_c25_s42,36,0.8263190605423849
970571,bertopic,n30_c25_s42,10,0.8483078821759821
971340,bertopic,n30_c25_s42,6,1.0
971558,bertopic,n30_c25_s42,0,1.0
971958,bertopic,n30_c25_s42,26,0.970126994888994
972573,bertopic,n30_c25_s42,30,1.0
973210,bertopic,n30_c25_s42,0,0.36824908532147643
975342,bertopic,n30_c25_s42,0,1.0
975444,bertopic,n30_c25_s42,11,0.16955404634219903
975611,bertopic,n30_c25_s42,12,0.38027889179539137
975756,bertopic,n30_c25_s42,12,0.4024827984892387
976410,bertopic,n30_c25_s42,0,0.36824908532147643
978624,bertopic,n30_c25_s42,-1,0.0
979489,bertopic,n30_c25_s42,0,1.0
979552,bertopic,n30_c25_s42,13,0.9146806798475452
979962,bertopic,n30_c25_s42,35,1.0
980182,bertopic,n30_c25_s42,35,0.4559223387496076
980581,bertopic,n30_c25_s42,26,0.6845785644321348
980991,bertopic,n30_c25_s42,7,0.46700910953807345
981047,bertopic,n30_c25_s42,43,1.0
981270,bertopic,n30_c25_s42,18,0.7303316455738836
981287,bertopic,n30_c25_s42,28,1.0
981413,bertopic,n30_c25_s42,13,1.0
981727,bertopic,n30_c25_s42,37,1.0
982506,bertopic,n30_c25_s42,-1,0.0
983155,bertopic,n30_c25_s42,1,1.0
983284,bertopic,n30_c25_s42,9,0.5431286014682702
984215,bertopic,n30_c25_s42,11,0.19230169681706707
984662,bertopic,n30_c25_s42,27,0.48634137978846403
986295,bertopic,n30_c25_s42,26,0.9829919494054937
986633,bertopic,n30_c25_s42,-1,0.0
986953,bertopic,n30_c25_s42,46,1.0
987048,bertopic,n30_c25_s42,23,1.0
987253,bertopic,n30_c25_s42,6,1.0
987483,bertopic,n30_c25_s42,21,1.0
987539,bertopic,n30_c25_s42,0,1.0
988656,bertopic,n30_c25_s42,-1,0.0
988691,bertopic,n30_c25_s42,6,1.0
988991,bertopic,n30_c25_s42,21,1.0
990161,bertopic,n30_c25_s42,1,1.0
990208,bertopic,n30_c25_s42,21,0.6050067652725016
991167,bertopic,n30_c25_s42,1,1.0
991269,bertopic,n30_c25_s42,0,1.0
991872,bertopic,n30_c25_s42,-1,0.0
991935,bertopic,n30_c25_s42,3,0.9874743334534261
992944,bertopic,n30_c25_s42,6,1.0
993158,bertopic,n30_c25_s42,-1,0.0
993844,bertopic,n30_c25_s42,1,1.0
994375,bertopic,n30_c25_s42,9,0.32049677623185324
994611,bertopic,n30_c25_s42,6,1.0
995628,bertopic,n30_c25_s42,2,0.8065477069719174
996167,bertopic,n30_c25_s42,-1,0.0
996276,bertopic,n30_c25_s42,-1,0.0
996714,bertopic,n30_c25_s42,2,1.0
996931,bertopic,n30_c25_s42,-1,0.0
996940,bertopic,n30_c25_s42,-1,0.0
998870,bertopic,n30_c25_s42,15,0.6655528304760246
998995,bertopic,n30_c25_s42,20,1.0
999286,bertopic,n30_c25_s42,7,0.5604386320583484
999384,bertopic,n30_c25_s42,50,1.0
999559,bertopic,n30_c25_s42,6,0.35289312412126483
999623,bertopic,n30_c25_s42,-1,0.0
1000178,bertopic,n30_c25_s42,39,1.0
1000189,bertopic,n30_c25_s42,26,0.3036511825974274
1000307,bertopic,n30_c25_s42,50,1.0
1000340,bertopic,n30_c25_s42,7,0.39230609251618354
1000380,bertopic,n30_c25_s42,1,0.6777717758303584
1000528,bertopic,n30_c25_s42,10,0.5288050070642437
1000611,bertopic,n30_c25_s42,40,1.0
1000749,bertopic,n30_c25_s42,-1,0.0
1001047,bertopic,n30_c25_s42,37,0.14897456758576227
1001274,bertopic,n30_c25_s42,21,0.6025820837110956
1001458,bertopic,n30_c25_s42,21,0.8845739158719913
1002776,bertopic,n30_c25_s42,2,0.7405515387401128
1003046,bertopic,n30_c25_s42,3,1.0
1003287,bertopic,n30_c25_s42,12,0.5611153539707855
1003291,bertopic,n30_c25_s42,5,0.4662770728311489
1003352,bertopic,n30_c25_s42,6,1.0
1003542,bertopic,n30_c25_s42,-1,0.0
1004826,bertopic,n30_c25_s42,6,0.19472600883482155
1005957,bertopic,n30_c25_s42,58,1.0
1006766,bertopic,n30_c25_s42,52,1.0
1008637,bertopic,n30_c25_s42,19,0.14647757215136123
1008724,bertopic,n30_c25_s42,1,1.0
1009546,bertopic,n30_c25_s42,0,1.0
1009940,bertopic,n30_c25_s42,0,1.0
1010256,bertopic,n30_c25_s42,4,1.0
1010446,bertopic,n30_c25_s42,-1,0.0
1010509,bertopic,n30_c25_s42,37,0.7723963174125464
1010772,bertopic,n30_c25_s42,30,0.47541558275643775
1011128,bertopic,n30_c25_s42,12,0.9023803336165748
1011670,bertopic,n30_c25_s42,32,1.0
1011897,bertopic,n30_c25_s42,0,1.0
1011957,bertopic,n30_c25_s42,-1,0.0
1013214,bertopic,n30_c25_s42,36,0.9970316837933838
1013505,bertopic,n30_c25_s42,40,0.718946339770406
1013715,bertopic,n30_c25_s42,27,0.8750378083363813
1013753,bertopic,n30_c25_s42,43,1.0
1014352,bertopic,n30_c25_s42,30,1.0
1014631,bertopic,n30_c25_s42,0,1.0
1015842,bertopic,n30_c25_s42,-1,0.0
1015982,bertopic,n30_c25_s42,3,0.9545057606203089
1016249,bertopic,n30_c25_s42,40,0.700646340122165
1016372,bertopic,n30_c25_s42,-1,0.0
1017197,bertopic,n30_c25_s42,37,1.0
1017852,bertopic,n30_c25_s42,-1,0.0
1018156,bertopic,n30_c25_s42,49,0.2501868576546512
1019074,bertopic,n30_c25_s42,50,0.9086530744828052
1019171,bertopic,n30_c25_s42,31,0.10826409892278382
1019255,bertopic,n30_c25_s42,12,0.46053118040067864
1019557,bertopic,n30_c25_s42,32,1.0
1019722,bertopic,n30_c25_s42,-1,0.0
1019745,bertopic,n30_c25_s42,1,1.0
1020533,bertopic,n30_c25_s42,28,1.0
1020889,bertopic,n30_c25_s42,5,0.8225783984613482
1020917,bertopic,n30_c25_s42,8,0.3155529149139443
1020940,bertopic,n30_c25_s42,-1,0.0
1021384,bertopic,n30_c25_s42,15,0.8060649048871434
1021736,bertopic,n30_c25_s42,20,0.5948841025409127
1021989,bertopic,n30_c25_s42,36,1.0
1022416,bertopic,n30_c25_s42,38,0.5259905291032647
1022856,bertopic,n30_c25_s42,7,0.49841523087857026
1022941,bertopic,n30_c25_s42,43,1.0
1023622,bertopic,n30_c25_s42,0,1.0
1023669,bertopic,n30_c25_s42,1,1.0
1023726,bertopic,n30_c25_s42,0,1.0
1023811,bertopic,n30_c25_s42,14,0.5501122718938536
1023901,bertopic,n30_c25_s42,0,1.0
1024280,bertopic,n30_c25_s42,3,0.969589876961123
1024345,bertopic,n30_c25_s42,0,1.0
1025219,bertopic,n30_c25_s42,6,1.0
1025410,bertopic,n30_c25_s42,0,0.5648985095706546
1025600,bertopic,n30_c25_s42,67,1.0
1026708,bertopic,n30_c25_s42,0,1.0
1026799,bertopic,n30_c25_s42,0,1.0
1027124,bertopic,n30_c25_s42,-1,0.0
1028597,bertopic,n30_c25_s42,-1,0.0
1029189,bertopic,n30_c25_s42,0,1.0
1029846,bertopic,n30_c25_s42,28,1.0
1029892,bertopic,n30_c25_s42,-1,0.0
1030051,bertopic,n30_c25_s42,0,1.0
1030230,bertopic,n30_c25_s42,0,1.0
1031034,bertopic,n30_c25_s42,39,0.696326850233418
1031347,bertopic,n30_c25_s42,45,1.0
1031601,bertopic,n30_c25_s42,0,1.0
1032243,bertopic,n30_c25_s42,13,1.0
1032430,bertopic,n30_c25_s42,24,0.49573438482436655
1032439,bertopic,n30_c25_s42,68,1.0
1032462,bertopic,n30_c25_s42,4,0.6411034069397687
1032772,bertopic,n30_c25_s42,0,1.0
1033027,bertopic,n30_c25_s42,-1,0.0
1033232,bertopic,n30_c25_s42,57,1.0
1033395,bertopic,n30_c25_s42,3,1.0
1034845,bertopic,n30_c25_s42,34,0.2286945156114847
1034900,bertopic,n30_c25_s42,68,1.0
1034953,bertopic,n30_c25_s42,21,0.36670148005704206
1035229,bertopic,n30_c25_s42,47,1.0
1035289,bertopic,n30_c25_s42,9,1.0
1035310,bertopic,n30_c25_s42,7,1.0
1035367,bertopic,n30_c25_s42,-1,0.0
1035380,bertopic,n30_c25_s42,8,0.5171032739894866
1035388,bertopic,n30_c25_s42,55,0.34557606365063614
1035429,bertopic,n30_c25_s42,30,1.0
1035544,bertopic,n30_c25_s42,-1,0.0
1035994,bertopic,n30_c25_s42,23,0.7145294489588327
1036613,bertopic,n30_c25_s42,0,1.0
1037469,bertopic,n30_c25_s42,-1,0.0
1037617,bertopic,n30_c25_s42,23,1.0
1038352,bertopic,n30_c25_s42,9,0.2646242657351649
1040208,bertopic,n30_c25_s42,0,1.0
1040297,bertopic,n30_c25_s42,70,1.0
1040352,bertopic,n30_c25_s42,0,1.0
1042129,bertopic,n30_c25_s42,20,0.5412660443175031
1043663,bertopic,n30_c25_s42,23,1.0
1043877,bertopic,n30_c25_s42,1,1.0
1044229,bertopic,n30_c25_s42,5,1.0
1044609,bertopic,n30_c25_s42,8,0.3155529149139443
1044777,bertopic,n30_c25_s42,21,0.9160745903118753
1044904,bertopic,n30_c25_s42,0,0.9566404057971176
1044974,bertopic,n30_c25_s42,-1,0.0
1044981,bertopic,n30_c25_s42,12,0.3947313863420059
1045140,bertopic,n30_c25_s42,49,1.0
1045154,bertopic,n30_c25_s42,21,1.0
1047012,bertopic,n30_c25_s42,31,1.0
1047052,bertopic,n30_c25_s42,-1,0.0
1048141,bertopic,n30_c25_s42,35,0.6604170604059402
1048375,bertopic,n30_c25_s42,65,1.0
1048410,bertopic,n30_c25_s42,24,0.47800768483231404
1048805,bertopic,n30_c25_s42,-1,0.0
1049420,bertopic,n30_c25_s42,20,0.812129879580772
1050845,bertopic,n30_c25_s42,6,1.0
1051104,bertopic,n30_c25_s42,-1,0.0
1053526,bertopic,n30_c25_s42,1,1.0
1053725,bertopic,n30_c25_s42,33,0.2698390272589152
1053754,bertopic,n30_c25_s42,10,0.9218856364729912
1055222,bertopic,n30_c25_s42,53,1.0
1055609,bertopic,n30_c25_s42,43,1.0
1055813,bertopic,n30_c25_s42,3,0.9843256217951293
1056195,bertopic,n30_c25_s42,6,0.8800833309459029
1056210,bertopic,n30_c25_s42,34,1.0
1056986,bertopic,n30_c25_s42,30,0.45724040352347994
1057503,bertopic,n30_c25_s42,1,1.0
1057649,bertopic,n30_c25_s42,56,1.0
1059360,bertopic,n30_c25_s42,26,0.3230076883466431
1059969,bertopic,n30_c25_s42,0,1.0
1060043,bertopic,n30_c25_s42,-1,0.0
1060532,bertopic,n30_c25_s42,14,1.0
1060803,bertopic,n30_c25_s42,60,1.0
1061551,bertopic,n30_c25_s42,6,0.7101695006455996
1061978,bertopic,n30_c25_s42,3,0.8834449104729313
1062074,bertopic,n30_c25_s42,13,0.6260305404756362
1062739,bertopic,n30_c25_s42,-1,0.0
1062797,bertopic,n30_c25_s42,16,0.46863221002921956
1063424,bertopic,n30_c25_s42,15,1.0
1063437,bertopic,n30_c25_s42,0,0.5041651173221762
1063454,bertopic,n30_c25_s42,10,0.7054060022505853
1063476,bertopic,n30_c25_s42,5,0.4274101400241141
1064404,bertopic,n30_c25_s42,1,1.0
1065299,bertopic,n30_c25_s42,25,1.0
1065448,bertopic,n30_c25_s42,1,1.0
1066123,bertopic,n30_c25_s42,0,1.0
1066522,bertopic,n30_c25_s42,25,0.6632551269758243
1067578,bertopic,n30_c25_s42,11,0.4330715922239163
1067693,bertopic,n30_c25_s42,0,1.0
1069084,bertopic,n30_c25_s42,-1,0.0
1069106,bertopic,n30_c25_s42,-1,0.0
1069254,bertopic,n30_c25_s42,1,0.9753855308371578
1069513,bertopic,n30_c25_s42,-1,0.0
1069835,bertopic,n30_c25_s42,-1,0.0
1069840,bertopic,n30_c25_s42,0,1.0
1070162,bertopic,n30_c25_s42,8,0.3155529149139443
1070665,bertopic,n30_c25_s42,24,0.47800768483231404
1070969,bertopic,n30_c25_s42,39,0.82897922857454
1071080,bertopic,n30_c25_s42,46,1.0
1071107,bertopic,n30_c25_s42,-1,0.0
1071215,bertopic,n30_c25_s42,1,1.0
1072037,bertopic,n30_c25_s42,0,0.36824908532147643
1072289,bertopic,n30_c25_s42,10,0.5937327680327955
1072551,bertopic,n30_c25_s42,6,0.3463861336876936
1072623,bertopic,n30_c25_s42,20,0.6045963610249866
1073104,bertopic,n30_c25_s42,3,0.9963245588594405
1073234,bertopic,n30_c25_s42,-1,0.0
1073292,bertopic,n30_c25_s42,16,0.9507153598169943
1073802,bertopic,n30_c25_s42,1,1.0
1074110,bertopic,n30_c25_s42,12,0.2834519853583081
1074238,bertopic,n30_c25_s42,-1,0.0
1076235,bertopic,n30_c25_s42,8,0.35883222844520046
1076466,bertopic,n30_c25_s42,17,1.0
1076467,bertopic,n30_c25_s42,24,1.0
1076495,bertopic,n30_c25_s42,-1,0.0
1076705,bertopic,n30_c25_s42,13,0.9149542062463054
1077122,bertopic,n30_c25_s42,-1,0.0
1077485,bertopic,n30_c25_s42,12,1.0
1078023,bertopic,n30_c25_s42,26,0.39405704566067046
1078248,bertopic,n30_c25_s42,2,1.0
1078560,bertopic,n30_c25_s42,-1,0.0
1078592,bertopic,n30_c25_s42,9,0.35883492788036386
1079076,bertopic,n30_c25_s42,0,0.7668876494453416
1079790,bertopic,n30_c25_s42,0,0.7327086909246572
1080149,bertopic,n30_c25_s42,-1,0.0
1080614,bertopic,n30_c25_s42,0,1.0
1080759,bertopic,n30_c25_s42,27,0.3531910165726042
1080788,bertopic,n30_c25_s42,37,0.27854383522744025
1080884,bertopic,n30_c25_s42,0,1.0
1081001,bertopic,n30_c25_s42,3,1.0
1081342,bertopic,n30_c25_s42,1,1.0
1081892,bertopic,n30_c25_s42,8,1.0
1082238,bertopic,n30_c25_s42,3,0.969589876961123
1083077,bertopic,n30_c25_s42,3,0.964183705433718
1083556,bertopic,n30_c25_s42,0,1.0
1084556,bertopic,n30_c25_s42,1,1.0
1084685,bertopic,n30_c25_s42,20,0.6556477729571928
1084698,bertopic,n30_c25_s42,46,1.0
1084727,bertopic,n30_c25_s42,16,1.0
1084772,bertopic,n30_c25_s42,17,0.5816397594227589
1085540,bertopic,n30_c25_s42,46,1.0
1086110,bertopic,n30_c25_s42,16,1.0
1086352,bertopic,n30_c25_s42,42,1.0
1087088,bertopic,n30_c25_s42,3,0.969589876961123
1087763,bertopic,n30_c25_s42,-1,0.0
1087979,bertopic,n30_c25_s42,6,0.4517618516822475
1088031,bertopic,n30_c25_s42,1,1.0
1088610,bertopic,n30_c25_s42,12,0.4902674880992665
1088726,bertopic,n30_c25_s42,12,0.3850699783457614
1089680,bertopic,n30_c25_s42,0,1.0
1089743,bertopic,n30_c25_s42,13,0.9877222294723808
1089980,bertopic,n30_c25_s42,-1,0.0
1090059,bertopic,n30_c25_s42,17,0.5311139873795481
1090082,bertopic,n30_c25_s42,7,0.662906074042598
1090851,bertopic,n30_c25_s42,65,1.0
1091144,bertopic,n30_c25_s42,39,1.0
1091597,bertopic,n30_c25_s42,12,0.40104629754155574
1091700,bertopic,n30_c25_s42,12,1.0
1092044,bertopic,n30_c25_s42,1,0.505309894426839
1092137,bertopic,n30_c25_s42,50,1.0
1092142,bertopic,n30_c25_s42,30,0.6790722921597397
1093059,bertopic,n30_c25_s42,-1,0.0
1093801,bertopic,n30_c25_s42,26,0.9829919494054937
1094257,bertopic,n30_c25_s42,57,1.0
1094353,bertopic,n30_c25_s42,28,1.0
1095314,bertopic,n30_c25_s42,57,1.0
1095730,bertopic,n30_c25_s42,15,0.5144594072075581
1095744,bertopic,n30_c25_s42,-1,0.0
1095794,bertopic,n30_c25_s42,22,1.0
1096069,bertopic,n30_c25_s42,27,0.5701270685453317
1096200,bertopic,n30_c25_s42,-1,0.0
1096241,bertopic,n30_c25_s42,10,0.44012544143133936
1096298,bertopic,n30_c25_s42,-1,0.0
1096461,bertopic,n30_c25_s42,33,0.3154524808905578
1096507,bertopic,n30_c25_s42,65,0.538719247824133
1096572,bertopic,n30_c25_s42,-1,0.0
1096749,bertopic,n30_c25_s42,0,1.0
1097185,bertopic,n30_c25_s42,1,0.505309894426839
1097300,bertopic,n30_c25_s42,20,0.5948841025409127
1097409,bertopic,n30_c25_s42,3,1.0
1097521,bertopic,n30_c25_s42,33,0.3115652259520576
1097866,bertopic,n30_c25_s42,1,1.0
1098259,bertopic,n30_c25_s42,8,0.3277107092008026
1098545,bertopic,n30_c25_s42,-1,0.0
1098819,bertopic,n30_c25_s42,33,1.0
1098963,bertopic,n30_c25_s42,33,0.8687984594653908
1098982,bertopic,n30_c25_s42,-1,0.0
1099091,bertopic,n30_c25_s42,8,0.6339849699588181
1099235,bertopic,n30_c25_s42,7,0.826951346194688
1099490,bertopic,n30_c25_s42,-1,0.0
1099494,bertopic,n30_c25_s42,-1,0.0
1099514,bertopic,n30_c25_s42,-1,0.0
1099526,bertopic,n30_c25_s42,12,0.33659898842946884
1099659,bertopic,n30_c25_s42,8,0.32958339273091913
1099789,bertopic,n30_c25_s42,-1,0.0
1099991,bertopic,n30_c25_s42,60,1.0
1100292,bertopic,n30_c25_s42,33,0.37317888057787046
1100313,bertopic,n30_c25_s42,17,1.0
1100338,bertopic,n30_c25_s42,1,0.505309894426839
1100413,bertopic,n30_c25_s42,60,1.0
1100434,bertopic,n30_c25_s42,53,1.0
1100449,bertopic,n30_c25_s42,8,0.31153078091957415
1100552,bertopic,n30_c25_s42,24,0.5497445317608813
1100594,bertopic,n30_c25_s42,28,1.0
1100861,bertopic,n30_c25_s42,-1,0.0
1100932,bertopic,n30_c25_s42,9,0.13776241224706307
1100975,bertopic,n30_c25_s42,0,1.0
1100995,bertopic,n30_c25_s42,-1,0.0
1101219,bertopic,n30_c25_s42,8,0.44692428322282984
1101347,bertopic,n30_c25_s42,0,1.0
1101600,bertopic,n30_c25_s42,1,1.0
1101650,bertopic,n30_c25_s42,8,1.0
1101774,bertopic,n30_c25_s42,12,0.3294682508783176
1101833,bertopic,n30_c25_s42,1,1.0
1102145,bertopic,n30_c25_s42,1,1.0
1102171,bertopic,n30_c25_s42,24,0.46894142209678946
1102209,bertopic,n30_c25_s42,14,1.0
1102291,bertopic,n30_c25_s42,33,1.0
1102329,bertopic,n30_c25_s42,-1,0.0
1102357,bertopic,n30_c25_s42,-1,0.0
1102380,bertopic,n30_c25_s42,50,0.8690487986875288
1102591,bertopic,n30_c25_s42,3,1.0
1102629,bertopic,n30_c25_s42,1,1.0
1102677,bertopic,n30_c25_s42,8,1.0
1102830,bertopic,n30_c25_s42,3,0.9275243121588785
1102838,bertopic,n30_c25_s42,-1,0.0
1102965,bertopic,n30_c25_s42,-1,0.0
1103065,bertopic,n30_c25_s42,-1,0.0
1103081,bertopic,n30_c25_s42,35,1.0
1103395,bertopic,n30_c25_s42,-1,0.0
1103566,bertopic,n30_c25_s42,-1,0.0
1103673,bertopic,n30_c25_s42,-1,0.0
1103695,bertopic,n30_c25_s42,55,1.0
1103889,bertopic,n30_c25_s42,0,1.0
1103910,bertopic,n30_c25_s42,0,1.0
1104481,bertopic,n30_c25_s42,46,1.0
1104538,bertopic,n30_c25_s42,0,1.0
1105907,bertopic,n30_c25_s42,27,0.9603325623652635
1105913,bertopic,n30_c25_s42,35,1.0
1105941,bertopic,n30_c25_s42,14,1.0
1105952,bertopic,n30_c25_s42,14,0.7592735696185511
1106184,bertopic,n30_c25_s42,5,1.0
1106279,bertopic,n30_c25_s42,-1,0.0
1106821,bertopic,n30_c25_s42,0,0.8977799534390634
1107054,bertopic,n30_c25_s42,-1,0.0
1107129,bertopic,n30_c25_s42,15,0.46974704203260803
1107310,bertopic,n30_c25_s42,24,1.0
1107428,bertopic,n30_c25_s42,46,1.0
1107525,bertopic,n30_c25_s42,14,0.629357499301216
1107629,bertopic,n30_c25_s42,33,1.0
1108008,bertopic,n30_c25_s42,14,1.0
1108317,bertopic,n30_c25_s42,0,0.8252363441655078
1108557,bertopic,n30_c25_s42,13,0.9909795390324465
1108766,bertopic,n30_c25_s42,-1,0.0
1109432,bertopic,n30_c25_s42,5,0.6001418223150998
1109710,bertopic,n30_c25_s42,6,0.6659762868300348
1109970,bertopic,n30_c25_s42,1,1.0
1110115,bertopic,n30_c25_s42,25,0.8952240631852326
1110127,bertopic,n30_c25_s42,4,0.927128753439249
1110172,bertopic,n30_c25_s42,25,0.40638724133685955
1110269,bertopic,n30_c25_s42,25,0.8895934674430189
1110328,bertopic,n30_c25_s42,-1,0.0
1110439,bertopic,n30_c25_s42,3,1.0
1110451,bertopic,n30_c25_s42,0,1.0
1110625,bertopic,n30_c25_s42,-1,0.0
1110676,bertopic,n30_c25_s42,50,1.0
1110709,bertopic,n30_c25_s42,4,1.0
1110792,bertopic,n30_c25_s42,-1,0.0
1110901,bertopic,n30_c25_s42,0,1.0
1110981,bertopic,n30_c25_s42,2,1.0
1111001,bertopic,n30_c25_s42,34,0.1978147397170876
1111532,bertopic,n30_c25_s42,25,1.0
1111947,bertopic,n30_c25_s42,0,0.5177722801887799
1112028,bertopic,n30_c25_s42,67,1.0
1112046,bertopic,n30_c25_s42,2,1.0
1112330,bertopic,n30_c25_s42,25,1.0
1112600,bertopic,n30_c25_s42,11,0.6502331884219821
1112879,bertopic,n30_c25_s42,3,1.0
1113001,bertopic,n30_c25_s42,1,1.0
1113004,bertopic,n30_c25_s42,2,1.0
1113072,bertopic,n30_c25_s42,50,1.0
1113366,bertopic,n30_c25_s42,6,1.0
1113844,bertopic,n30_c25_s42,2,0.7507194966756637
1113949,bertopic,n30_c25_s42,3,0.8324370534653994
1114316,bertopic,n30_c25_s42,2,1.0
1114352,bertopic,n30_c25_s42,2,0.7405515387401128
1114794,bertopic,n30_c25_s42,-1,0.0
1114827,bertopic,n30_c25_s42,-1,0.0
1114891,bertopic,n30_c25_s42,4,0.832458640934726
1114995,bertopic,n30_c25_s42,5,1.0
1115098,bertopic,n30_c25_s42,22,0.20683290505974367
1115154,bertopic,n30_c25_s42,5,1.0
1115204,bertopic,n30_c25_s42,-1,0.0
1115380,bertopic,n30_c25_s42,2,1.0
1115412,bertopic,n30_c25_s42,21,0.4319722775611658
1115576,bertopic,n30_c25_s42,2,1.0
1115643,bertopic,n30_c25_s42,2,1.0
1115941,bertopic,n30_c25_s42,15,1.0
1116089,bertopic,n30_c25_s42,2,0.7968031923761087
1116562,bertopic,n30_c25_s42,-1,0.0
1116827,bertopic,n30_c25_s42,-1,0.0
1116858,bertopic,n30_c25_s42,25,1.0
1116913,bertopic,n30_c25_s42,6,1.0
1117195,bertopic,n30_c25_s42,16,0.6210526387016713
1117230,bertopic,n30_c25_s42,70,1.0
1117275,bertopic,n30_c25_s42,2,1.0
1117493,bertopic,n30_c25_s42,-1,0.0
1117508,bertopic,n30_c25_s42,10,1.0
1117531,bertopic,n30_c25_s42,2,1.0
1117684,bertopic,n30_c25_s42,2,1.0
1117698,bertopic,n30_c25_s42,35,1.0
1118052,bertopic,n30_c25_s42,2,1.0
1118073,bertopic,n30_c25_s42,2,0.824463976127383
1118141,bertopic,n30_c25_s42,16,0.9589196954816274
1118205,bertopic,n30_c25_s42,7,0.4468289784768275
1118246,bertopic,n30_c25_s42,1,1.0
1118312,bertopic,n30_c25_s42,2,1.0
1118440,bertopic,n30_c25_s42,32,0.904189431124071
1118480,bertopic,n30_c25_s42,4,1.0
1118533,bertopic,n30_c25_s42,13,1.0
1118668,bertopic,n30_c25_s42,1,1.0
1118759,bertopic,n30_c25_s42,2,0.9345038608579525
1118824,bertopic,n30_c25_s42,1,1.0
1118923,bertopic,n30_c25_s42,3,1.0
1119095,bertopic,n30_c25_s42,-1,0.0
1119264,bertopic,n30_c25_s42,2,1.0
1119296,bertopic,n30_c25_s42,1,1.0
1119321,bertopic,n30_c25_s42,49,1.0
1119376,bertopic,n30_c25_s42,-1,0.0
1119387,bertopic,n30_c25_s42,49,0.31386025297414444
1119504,bertopic,n30_c25_s42,56,0.45748568152951663
1119709,bertopic,n30_c25_s42,11,1.0
1119724,bertopic,n30_c25_s42,7,0.5995310217546597
1119732,bertopic,n30_c25_s42,49,0.5349123976837218
1119837,bertopic,n30_c25_s42,49,1.0
1119949,bertopic,n30_c25_s42,-1,0.0
1120028,bertopic,n30_c25_s42,1,1.0
1120135,bertopic,n30_c25_s42,50,0.9099367285211398
1120334,bertopic,n30_c25_s42,20,0.5948841025409127
1121077,bertopic,n30_c25_s42,8,0.4060940589291127
1121307,bertopic,n30_c25_s42,2,1.0
1121314,bertopic,n30_c25_s42,2,1.0
1121341,bertopic,n30_c25_s42,2,1.0
1121447,bertopic,n30_c25_s42,2,0.9081442961712346
1121643,bertopic,n30_c25_s42,4,0.6687944265059543
1121926,bertopic,n30_c25_s42,-1,0.0
1122060,bertopic,n30_c25_s42,-1,0.0
1122687,bertopic,n30_c25_s42,-1,0.0
1122913,bertopic,n30_c25_s42,23,0.7618754412656162
1123071,bertopic,n30_c25_s42,23,0.7618754412656162
1123093,bertopic,n30_c25_s42,56,1.0
1124310,bertopic,n30_c25_s42,50,0.8154203956224457
1124347,bertopic,n30_c25_s42,23,0.7488751384031398
1124353,bertopic,n30_c25_s42,-1,0.0
1124387,bertopic,n30_c25_s42,-1,0.0
1124797,bertopic,n30_c25_s42,14,0.5665433362488904
1124824,bertopic,n30_c25_s42,59,1.0
1124977,bertopic,n30_c25_s42,56,0.9781673030325237
1125019,bertopic,n30_c25_s42,0,1.0
1125021,bertopic,n30_c25_s42,5,0.9372752059910534
1125760,bertopic,n30_c25_s42,36,0.8263190605423849
1126048,bertopic,n30_c25_s42,4,1.0
1126258,bertopic,n30_c25_s42,6,0.19472600883482155
1126719,bertopic,n30_c25_s42,1,1.0
1126733,bertopic,n30_c25_s42,1,1.0
1127164,bertopic,n30_c25_s42,-1,0.0
1127853,bertopic,n30_c25_s42,14,0.9216967263322368
1128790,bertopic,n30_c25_s42,55,1.0
1128885,bertopic,n30_c25_s42,23,1.0
1128919,bertopic,n30_c25_s42,1,1.0
1128965,bertopic,n30_c25_s42,0,1.0
1129054,bertopic,n30_c25_s42,2,1.0
1129221,bertopic,n30_c25_s42,1,1.0
1129241,bertopic,n30_c25_s42,3,1.0
1129745,bertopic,n30_c25_s42,4,1.0
1129847,bertopic,n30_c25_s42,1,1.0
1129929,bertopic,n30_c25_s42,-1,0.0
1130065,bertopic,n30_c25_s42,-1,0.0
1130119,bertopic,n30_c25_s42,2,0.7968031923761087
1130131,bertopic,n30_c25_s42,23,1.0
1130323,bertopic,n30_c25_s42,50,1.0
1130384,bertopic,n30_c25_s42,1,1.0
1130842,bertopic,n30_c25_s42,19,0.14498945710368683
1130955,bertopic,n30_c25_s42,6,1.0
1131856,bertopic,n30_c25_s42,32,1.0
1132014,bertopic,n30_c25_s42,36,0.8481260718463716
1132074,bertopic,n30_c25_s42,4,1.0
1132163,bertopic,n30_c25_s42,59,1.0
1132406,bertopic,n30_c25_s42,24,0.47805956496490326
1132415,bertopic,n30_c25_s42,-1,0.0
1132790,bertopic,n30_c25_s42,-1,0.0
1133215,bertopic,n30_c25_s42,6,1.0
1133283,bertopic,n30_c25_s42,1,0.9753855308371578
1133321,bertopic,n30_c25_s42,9,0.5065116254129085
1133411,bertopic,n30_c25_s42,0,1.0
1133518,bertopic,n30_c25_s42,0,1.0
1133697,bertopic,n30_c25_s42,-1,0.0
1133760,bertopic,n30_c25_s42,0,1.0
1133776,bertopic,n30_c25_s42,5,0.7869456380467347
1133880,bertopic,n30_c25_s42,6,0.5568047582090988
1134028,bertopic,n30_c25_s42,58,1.0
1134165,bertopic,n30_c25_s42,45,1.0
1134199,bertopic,n30_c25_s42,6,1.0
1134222,bertopic,n30_c25_s42,0,1.0
1134608,bertopic,n30_c25_s42,-1,0.0
1134753,bertopic,n30_c25_s42,14,0.28832321149331175
1134862,bertopic,n30_c25_s42,-1,0.0
1135019,bertopic,n30_c25_s42,6,0.4892687782704521
1135134,bertopic,n30_c25_s42,1,1.0
1135142,bertopic,n30_c25_s42,6,1.0
1136015,bertopic,n30_c25_s42,0,1.0
1136884,bertopic,n30_c25_s42,1,1.0
1137187,bertopic,n30_c25_s42,-1,0.0
1137490,bertopic,n30_c25_s42,-1,0.0
1137796,bertopic,n30_c25_s42,1,1.0
1138035,bertopic,n30_c25_s42,28,1.0
1138182,bertopic,n30_c25_s42,-1,0.0
1138623,bertopic,n30_c25_s42,5,0.4633178778326115
1138707,bertopic,n30_c25_s42,-1,0.0
1139842,bertopic,n30_c25_s42,-1,0.0
1140181,bertopic,n30_c25_s42,0,1.0
1140801,bertopic,n30_c25_s42,26,1.0
1141046,bertopic,n30_c25_s42,6,1.0
1141197,bertopic,n30_c25_s42,6,0.19472600883482155
1141638,bertopic,n30_c25_s42,22,0.967404231210107
1141813,bertopic,n30_c25_s42,35,0.5389127797731021
1141951,bertopic,n30_c25_s42,0,1.0
1142937,bertopic,n30_c25_s42,20,0.6336339654832304
1144824,bertopic,n30_c25_s42,70,1.0
1145165,bertopic,n30_c25_s42,15,1.0
1145638,bertopic,n30_c25_s42,10,0.8336081079373718
1146027,bertopic,n30_c25_s42,-1,0.0
1146042,bertopic,n30_c25_s42,36,1.0
1146152,bertopic,n30_c25_s42,37,1.0
1146252,bertopic,n30_c25_s42,14,0.5485532081633601
1146352,bertopic,n30_c25_s42,3,0.9545057606203089
1147158,bertopic,n30_c25_s42,12,0.5812247802836895
1147273,bertopic,n30_c25_s42,46,1.0
1147402,bertopic,n30_c25_s42,-1,0.0
1147699,bertopic,n30_c25_s42,1,1.0
1148447,bertopic,n30_c25_s42,27,1.0
1148547,bertopic,n30_c25_s42,36,1.0
1148606,bertopic,n30_c25_s42,0,1.0
1148875,bertopic,n30_c25_s42,7,0.5121236346409934
1149101,bertopic,n30_c25_s42,12,1.0
1149294,bertopic,n30_c25_s42,12,0.6781512472735574
1149383,bertopic,n30_c25_s42,7,0.4563128314390016
1150390,bertopic,n30_c25_s42,2,0.7807423896692618
1150687,bertopic,n30_c25_s42,27,0.5767721216689864
1151009,bertopic,n30_c25_s42,0,1.0
1151445,bertopic,n30_c25_s42,1,1.0
1151675,bertopic,n30_c25_s42,7,0.6858812887388849
1151793,bertopic,n30_c25_s42,14,0.2557145713877269
1154042,bertopic,n30_c25_s42,0,1.0
1154242,bertopic,n30_c25_s42,25,1.0
1154680,bertopic,n30_c25_s42,0,0.864278930475371
1155302,bertopic,n30_c25_s42,11,0.7032225144506669
1156050,bertopic,n30_c25_s42,-1,0.0
1158781,bertopic,n30_c25_s42,-1,0.0
1159641,bertopic,n30_c25_s42,20,0.6336339654832304
1160696,bertopic,n30_c25_s42,17,0.5799977954126201
1161665,bertopic,n30_c25_s42,-1,0.0
1161789,bertopic,n30_c25_s42,28,1.0
1161895,bertopic,n30_c25_s42,11,0.22329541685003423
1162509,bertopic,n30_c25_s42,17,0.6886739138074786
1162778,bertopic,n30_c25_s42,15,0.5144594072075581
1163727,bertopic,n30_c25_s42,0,1.0
1163846,bertopic,n30_c25_s42,2,1.0
1166428,bertopic,n30_c25_s42,18,0.4345502732110667
1166606,bertopic,n30_c25_s42,11,0.17782740234060646
1172193,bertopic,n30_c25_s42,18,0.5227607070624211
1173734,bertopic,n30_c25_s42,11,0.47043478163125374
1176583,bertopic,n30_c25_s42,-1,0.0
1176973,bertopic,n30_c25_s42,10,0.6567920947450583
1177723,bertopic,n30_c25_s42,-1,0.0
1177972,bertopic,n30_c25_s42,46,1.0
1178665,bertopic,n30_c25_s42,40,1.0
1179288,bertopic,n30_c25_s42,-1,0.0
1179930,bertopic,n30_c25_s42,32,0.904189431124071
1180166,bertopic,n30_c25_s42,0,1.0
1180430,bertopic,n30_c25_s42,17,0.4178963955380203
1180915,bertopic,n30_c25_s42,-1,0.0
1182632,bertopic,n30_c25_s42,16,0.6034718747074057
1185968,bertopic,n30_c25_s42,-1,0.0
1189527,bertopic,n30_c25_s42,23,0.7182080303213745
1189737,bertopic,n30_c25_s42,0,1.0
1190471,bertopic,n30_c25_s42,1,1.0
1191095,bertopic,n30_c25_s42,-1,0.0
1191971,bertopic,n30_c25_s42,25,0.3711981349313409
1192253,bertopic,n30_c25_s42,20,1.0
1192680,bertopic,n30_c25_s42,-1,0.0
1193022,bertopic,n30_c25_s42,0,0.7217390602409205
1196817,bertopic,n30_c25_s42,-1,0.0
1198108,bertopic,n30_c25_s42,17,0.5290117612995345
1200295,bertopic,n30_c25_s42,-1,0.0
1200453,bertopic,n30_c25_s42,17,0.5005137406279385
1200649,bertopic,n30_c25_s42,11,0.46173857327629053
1200694,bertopic,n30_c25_s42,11,0.3748291012755679
1202138,bertopic,n30_c25_s42,2,1.0
1202164,bertopic,n30_c25_s42,24,0.47800768483231404
1202753,bertopic,n30_c25_s42,45,1.0
1203775,bertopic,n30_c25_s42,-1,0.0
1205723,bertopic,n30_c25_s42,48,1.0
1207633,bertopic,n30_c25_s42,-1,0.0
1208066,bertopic,n30_c25_s42,-1,0.0
1209971,bertopic,n30_c25_s42,13,0.9909795390324465
1213628,bertopic,n30_c25_s42,53,1.0
1214551,bertopic,n30_c25_s42,67,1.0
1215205,bertopic,n30_c25_s42,1,1.0
1215569,bertopic,n30_c25_s42,16,0.779547824365944
1215831,bertopic,n30_c25_s42,12,0.7938265765828595
1216753,bertopic,n30_c25_s42,10,0.8483078821759821
1217154,bertopic,n30_c25_s42,27,0.7319775581787069
1217384,bertopic,n30_c25_s42,17,1.0
1222251,bertopic,n30_c25_s42,4,1.0
1222276,bertopic,n30_c25_s42,5,1.0
1223277,bertopic,n30_c25_s42,4,0.6355475069810443
1223412,bertopic,n30_c25_s42,1,1.0
1225916,bertopic,n30_c25_s42,59,1.0
1226995,bertopic,n30_c25_s42,17,0.7547661651394743
1227271,bertopic,n30_c25_s42,5,1.0
1227710,bertopic,n30_c25_s42,-1,0.0
1228096,bertopic,n30_c25_s42,12,0.6781512472735574
1228776,bertopic,n30_c25_s42,23,0.7618754412656162
1229008,bertopic,n30_c25_s42,-1,0.0
1229988,bertopic,n30_c25_s42,4,1.0
1231622,bertopic,n30_c25_s42,-1,0.0
1231635,bertopic,n30_c25_s42,-1,0.0
1231901,bertopic,n30_c25_s42,5,1.0
1232008,bertopic,n30_c25_s42,21,1.0
1232174,bertopic,n30_c25_s42,2,1.0
1233088,bertopic,n30_c25_s42,15,0.38390928226864274
1233385,bertopic,n30_c25_s42,11,0.2676696804719263
1233422,bertopic,n30_c25_s42,4,1.0
1235322,bertopic,n30_c25_s42,-1,0.0
1236378,bertopic,n30_c25_s42,4,1.0
1237031,bertopic,n30_c25_s42,36,0.8263190605423849
1237170,bertopic,n30_c25_s42,2,0.8040952801849583
1237413,bertopic,n30_c25_s42,12,1.0
1237848,bertopic,n30_c25_s42,6,1.0
1237922,bertopic,n30_c25_s42,38,0.7000233279222033
1238889,bertopic,n30_c25_s42,12,1.0
1238961,bertopic,n30_c25_s42,10,0.6941390963513886
1239523,bertopic,n30_c25_s42,5,1.0
1240026,bertopic,n30_c25_s42,-1,0.0
1241291,bertopic,n30_c25_s42,-1,0.0
1242184,bertopic,n30_c25_s42,-1,0.0
1245244,bertopic,n30_c25_s42,1,1.0
1248105,bertopic,n30_c25_s42,-1,0.0
1248204,bertopic,n30_c25_s42,21,0.4137810348953846
1248300,bertopic,n30_c25_s42,16,0.34513657882014187
1250399,bertopic,n30_c25_s42,3,1.0
1251753,bertopic,n30_c25_s42,-1,0.0
1252071,bertopic,n30_c25_s42,9,0.24890855558679614
1252327,bertopic,n30_c25_s42,5,1.0
1254524,bertopic,n30_c25_s42,14,1.0
1256404,bertopic,n30_c25_s42,53,0.9288783053089501
1257472,bertopic,n30_c25_s42,-1,0.0
1260426,bertopic,n30_c25_s42,25,0.9451615165860211
1261053,bertopic,n30_c25_s42,20,0.6601997262345086
1261757,bertopic,n30_c25_s42,0,1.0
1262969,bertopic,n30_c25_s42,-1,0.0
1263492,bertopic,n30_c25_s42,22,0.17542848938045816
1264343,bertopic,n30_c25_s42,5,1.0
1264590,bertopic,n30_c25_s42,16,0.5893191812306657
1264716,bertopic,n30_c25_s42,41,0.44179623832251247
1266683,bertopic,n30_c25_s42,17,0.4031704975468359
1267035,bertopic,n30_c25_s42,10,0.8641423988702992
1267428,bertopic,n30_c25_s42,25,0.9211416022720635
1267998,bertopic,n30_c25_s42,0,1.0
1270171,bertopic,n30_c25_s42,43,1.0
1271152,bertopic,n30_c25_s42,-1,0.0
1271406,bertopic,n30_c25_s42,57,1.0
1273521,bertopic,n30_c25_s42,22,0.30533000301048957
1274004,bertopic,n30_c25_s42,26,0.7345480184521935
1275243,bertopic,n30_c25_s42,12,0.6781512472735574
1275309,bertopic,n30_c25_s42,1,0.687005548752584
1276979,bertopic,n30_c25_s42,21,0.4664384077354718
1277211,bertopic,n30_c25_s42,10,1.0
1277828,bertopic,n30_c25_s42,17,1.0
1278728,bertopic,n30_c25_s42,-1,0.0
1280692,bertopic,n30_c25_s42,2,1.0
1282492,bertopic,n30_c25_s42,-1,0.0
1282669,bertopic,n30_c25_s42,52,1.0
1283815,bertopic,n30_c25_s42,6,1.0
1285885,bertopic,n30_c25_s42,10,0.8483078821759821
1286087,bertopic,n30_c25_s42,54,1.0
1286957,bertopic,n30_c25_s42,12,0.5337530653057383
1288369,bertopic,n30_c25_s42,2,1.0
1293162,bertopic,n30_c25_s42,12,1.0
1293332,bertopic,n30_c25_s42,28,1.0
1293933,bertopic,n30_c25_s42,53,1.0
1295827,bertopic,n30_c25_s42,41,1.0
1295853,bertopic,n30_c25_s42,62,1.0
1295865,bertopic,n30_c25_s42,-1,0.0
1295888,bertopic,n30_c25_s42,-1,0.0
1296775,bertopic,n30_c25_s42,22,0.19474959948438858
1297875,bertopic,n30_c25_s42,0,1.0
1298653,bertopic,n30_c25_s42,17,1.0
1303438,bertopic,n30_c25_s42,1,1.0
1303474,bertopic,n30_c25_s42,12,0.9981617902720975
1304857,bertopic,n30_c25_s42,0,1.0
1305880,bertopic,n30_c25_s42,-1,0.0
1306813,bertopic,n30_c25_s42,45,1.0
1307171,bertopic,n30_c25_s42,65,1.0
1311466,bertopic,n30_c25_s42,46,1.0
1312605,bertopic,n30_c25_s42,5,1.0
1312667,bertopic,n30_c25_s42,56,1.0
1312787,bertopic,n30_c25_s42,13,0.5665038668439561
1313336,bertopic,n30_c25_s42,-1,0.0
1314141,bertopic,n30_c25_s42,0,0.5041651173221762
1314588,bertopic,n30_c25_s42,0,0.36824908532147643
1315353,bertopic,n30_c25_s42,-1,0.0
1316358,bertopic,n30_c25_s42,3,1.0
1317422,bertopic,n30_c25_s42,1,1.0
1319309,bertopic,n30_c25_s42,18,0.4345502732110667
1319652,bertopic,n30_c25_s42,12,0.29862223243297076
1322468,bertopic,n30_c25_s42,56,1.0
1322941,bertopic,n30_c25_s42,12,0.49779752738059696
1325291,bertopic,n30_c25_s42,37,1.0
1326263,bertopic,n30_c25_s42,12,1.0
1326419,bertopic,n30_c25_s42,-1,0.0
1327705,bertopic,n30_c25_s42,14,0.4819497528320691
1328425,bertopic,n30_c25_s42,9,0.3236645568471462
1328433,bertopic,n30_c25_s42,15,0.5144594072075581
1328559,bertopic,n30_c25_s42,11,0.16933383937090724
1328590,bertopic,n30_c25_s42,15,0.5144594072075581
1328629,bertopic,n30_c25_s42,15,0.6655528304760246
1328920,bertopic,n30_c25_s42,-1,0.0
1329456,bertopic,n30_c25_s42,-1,0.0
1330537,bertopic,n30_c25_s42,28,1.0
1331105,bertopic,n30_c25_s42,-1,0.0
1331247,bertopic,n30_c25_s42,13,0.7434551017713208
1331568,bertopic,n30_c25_s42,-1,0.0
1331824,bertopic,n30_c25_s42,8,0.8181640619036612
1332132,bertopic,n30_c25_s42,53,1.0
1332151,bertopic,n30_c25_s42,13,0.7444636984064908
1333447,bertopic,n30_c25_s42,7,0.6979470876350654
1333466,bertopic,n30_c25_s42,-1,0.0
1333612,bertopic,n30_c25_s42,-1,0.0
1333849,bertopic,n30_c25_s42,-1,0.0
1333894,bertopic,n30_c25_s42,3,1.0
1334215,bertopic,n30_c25_s42,14,1.0
1334660,bertopic,n30_c25_s42,-1,0.0
1334867,bertopic,n30_c25_s42,-1,0.0
1334990,bertopic,n30_c25_s42,4,1.0
1335182,bertopic,n30_c25_s42,4,1.0
1335569,bertopic,n30_c25_s42,-1,0.0
1335873,bertopic,n30_c25_s42,-1,0.0
1336013,bertopic,n30_c25_s42,13,0.6187873393281303
1336227,bertopic,n30_c25_s42,25,0.7039594291005282
1336272,bertopic,n30_c25_s42,-1,0.0
1336457,bertopic,n30_c25_s42,9,0.4740953255418133
1336508,bertopic,n30_c25_s42,25,1.0
1336545,bertopic,n30_c25_s42,-1,0.0
1336635,bertopic,n30_c25_s42,-1,0.0
1336697,bertopic,n30_c25_s42,3,0.9918600900553454
1336889,bertopic,n30_c25_s42,13,1.0
1337777,bertopic,n30_c25_s42,2,1.0
1337833,bertopic,n30_c25_s42,8,0.3010445354522074
1337953,bertopic,n30_c25_s42,50,0.9030582144047891
1338185,bertopic,n30_c25_s42,2,1.0
1338187,bertopic,n30_c25_s42,0,1.0
1338591,bertopic,n30_c25_s42,42,1.0
1338720,bertopic,n30_c25_s42,-1,0.0
1339546,bertopic,n30_c25_s42,2,0.7405515387401128
1339717,bertopic,n30_c25_s42,33,0.31712743476858785
1339936,bertopic,n30_c25_s42,-1,0.0
1340018,bertopic,n30_c25_s42,0,0.36824908532147643
1340221,bertopic,n30_c25_s42,3,1.0
1340290,bertopic,n30_c25_s42,15,0.9300322593063551
1340354,bertopic,n30_c25_s42,3,0.8245831488463152
1340550,bertopic,n30_c25_s42,66,0.9776715367242652
1340579,bertopic,n30_c25_s42,-1,0.0
1340837,bertopic,n30_c25_s42,3,1.0
1340896,bertopic,n30_c25_s42,4,0.8443421445690245
1341084,bertopic,n30_c25_s42,19,1.0
1341136,bertopic,n30_c25_s42,15,1.0
1341197,bertopic,n30_c25_s42,7,1.0
1341211,bertopic,n30_c25_s42,-1,0.0
1341349,bertopic,n30_c25_s42,1,1.0
1341492,bertopic,n30_c25_s42,9,0.9232588450751297
1341518,bertopic,n30_c25_s42,24,1.0
1341529,bertopic,n30_c25_s42,19,0.23219460791922636
1341600,bertopic,n30_c25_s42,19,0.16364976354648073
1341631,bertopic,n30_c25_s42,13,0.6993851524266022
1341648,bertopic,n30_c25_s42,2,1.0
1341653,bertopic,n30_c25_s42,3,1.0
1341654,bertopic,n30_c25_s42,4,1.0
1341717,bertopic,n30_c25_s42,-1,0.0
1341723,bertopic,n30_c25_s42,-1,0.0
1341731,bertopic,n30_c25_s42,58,0.8663906494522502
1341735,bertopic,n30_c25_s42,9,0.3477440218284537
1341778,bertopic,n30_c25_s42,-1,0.0
1341855,bertopic,n30_c25_s42,19,0.3983028157810289
1341861,bertopic,n30_c25_s42,3,1.0
1341976,bertopic,n30_c25_s42,1,0.9753855308371578
1341980,bertopic,n30_c25_s42,19,0.29713457146028716
1341997,bertopic,n30_c25_s42,1,1.0
1342072,bertopic,n30_c25_s42,19,1.0
1342094,bertopic,n30_c25_s42,70,1.0
1342147,bertopic,n30_c25_s42,-1,0.0
1342200,bertopic,n30_c25_s42,4,0.6747511701277612
1342209,bertopic,n30_c25_s42,-1,0.0
1342353,bertopic,n30_c25_s42,2,1.0
1342385,bertopic,n30_c25_s42,-1,0.0
1342387,bertopic,n30_c25_s42,49,1.0
1342400,bertopic,n30_c25_s42,2,1.0
1342431,bertopic,n30_c25_s42,2,1.0
1342456,bertopic,n30_c25_s42,-1,0.0
1342504,bertopic,n30_c25_s42,19,1.0
1342820,bertopic,n30_c25_s42,28,1.0
1342923,bertopic,n30_c25_s42,19,1.0
1343205,bertopic,n30_c25_s42,17,1.0
1343217,bertopic,n30_c25_s42,-1,0.0
1343397,bertopic,n30_c25_s42,19,1.0
1343705,bertopic,n30_c25_s42,63,1.0
1343918,bertopic,n30_c25_s42,20,1.0
1346153,bertopic,n30_c25_s42,12,0.6781512472735574
1347867,bertopic,n30_c25_s42,12,0.7734673225050942
1349045,bertopic,n30_c25_s42,11,0.16619075155813356
1350240,bertopic,n30_c25_s42,27,1.0
1350512,bertopic,n30_c25_s42,43,1.0
1350627,bertopic,n30_c25_s42,-1,0.0
1350933,bertopic,n30_c25_s42,0,1.0
1352422,bertopic,n30_c25_s42,1,1.0
1352426,bertopic,n30_c25_s42,30,1.0
1352433,bertopic,n30_c25_s42,9,0.5065116254129085
1352468,bertopic,n30_c25_s42,3,1.0
1352471,bertopic,n30_c25_s42,2,1.0
1352495,bertopic,n30_c25_s42,-1,0.0
1352496,bertopic,n30_c25_s42,19,0.3045501592100004
1352515,bertopic,n30_c25_s42,-1,0.0
1352534,bertopic,n30_c25_s42,2,0.6852509614671716
1352596,bertopic,n30_c25_s42,2,1.0
1352613,bertopic,n30_c25_s42,2,1.0
1352718,bertopic,n30_c25_s42,19,0.6217305688754209
1352820,bertopic,n30_c25_s42,56,1.0
1352903,bertopic,n30_c25_s42,19,0.48475129290462343
1352958,bertopic,n30_c25_s42,9,0.5065116254129085
1352995,bertopic,n30_c25_s42,19,0.36898154559845336
1353016,bertopic,n30_c25_s42,1,1.0
1353060,bertopic,n30_c25_s42,-1,0.0
1353072,bertopic,n30_c25_s42,1,1.0
1353120,bertopic,n30_c25_s42,19,0.7971619055398413
1353281,bertopic,n30_c25_s42,-1,0.0
1353290,bertopic,n30_c25_s42,-1,0.0
1353320,bertopic,n30_c25_s42,-1,0.0
1353323,bertopic,n30_c25_s42,19,1.0
1353372,bertopic,n30_c25_s42,-1,0.0
1353458,bertopic,n30_c25_s42,0,0.8392037090913005
1353520,bertopic,n30_c25_s42,19,1.0
1353567,bertopic,n30_c25_s42,9,1.0
1353575,bertopic,n30_c25_s42,5,1.0
1353735,bertopic,n30_c25_s42,19,0.4063453272053657
1353748,bertopic,n30_c25_s42,3,0.969589876961123
1353809,bertopic,n30_c25_s42,-1,0.0
1353844,bertopic,n30_c25_s42,19,0.47225112768337657
1353851,bertopic,n30_c25_s42,-1,0.0
1353908,bertopic,n30_c25_s42,19,1.0
1354016,bertopic,n30_c25_s42,3,0.969589876961123
1354033,bertopic,n30_c25_s42,19,0.9985751573666214
1354073,bertopic,n30_c25_s42,4,1.0
1354115,bertopic,n30_c25_s42,4,0.6206466086380763
1354131,bertopic,n30_c25_s42,4,0.8657229843034443
1354200,bertopic,n30_c25_s42,19,1.0
1354225,bertopic,n30_c25_s42,48,0.8509866943134718
1354386,bertopic,n30_c25_s42,-1,0.0
1354429,bertopic,n30_c25_s42,9,0.40686618165035976
1354493,bertopic,n30_c25_s42,19,0.9418318889233246
1354538,bertopic,n30_c25_s42,8,0.546427526917827
1354555,bertopic,n30_c25_s42,19,0.7523411887834401
1354623,bertopic,n30_c25_s42,30,1.0
1354630,bertopic,n30_c25_s42,-1,0.0
1354634,bertopic,n30_c25_s42,19,0.4109766477649087
1354764,bertopic,n30_c25_s42,7,0.3407075270693069
1354790,bertopic,n30_c25_s42,19,1.0
1354799,bertopic,n30_c25_s42,19,0.4159183854488588
1354892,bertopic,n30_c25_s42,-1,0.0
1354928,bertopic,n30_c25_s42,3,1.0
1355075,bertopic,n30_c25_s42,19,1.0
1355098,bertopic,n30_c25_s42,-1,0.0
1355148,bertopic,n30_c25_s42,19,1.0
1355189,bertopic,n30_c25_s42,9,0.8858766822283167
1355212,bertopic,n30_c25_s42,19,1.0
1355277,bertopic,n30_c25_s42,0,1.0
1355289,bertopic,n30_c25_s42,-1,0.0
1355306,bertopic,n30_c25_s42,0,1.0
1355387,bertopic,n30_c25_s42,-1,0.0
1355464,bertopic,n30_c25_s42,9,0.10620802079033552
1355474,bertopic,n30_c25_s42,-1,0.0
1355513,bertopic,n30_c25_s42,8,0.44692428322282984
1355600,bertopic,n30_c25_s42,0,1.0
1355641,bertopic,n30_c25_s42,17,0.5799977954126201
1355698,bertopic,n30_c25_s42,9,0.5065116254129085
1355959,bertopic,n30_c25_s42,-1,0.0
1356010,bertopic,n30_c25_s42,4,0.8094367986361636
1356076,bertopic,n30_c25_s42,19,0.5351814242454482
1356190,bertopic,n30_c25_s42,24,1.0
1356274,bertopic,n30_c25_s42,19,0.6647299683335715
1356290,bertopic,n30_c25_s42,50,1.0
1356495,bertopic,n30_c25_s42,50,0.9632505084467308
1356519,bertopic,n30_c25_s42,19,0.5929776264092705
1356599,bertopic,n30_c25_s42,19,1.0
1356604,bertopic,n30_c25_s42,55,1.0
1356627,bertopic,n30_c25_s42,-1,0.0
1356668,bertopic,n30_c25_s42,15,0.5144594072075581
1356670,bertopic,n30_c25_s42,6,1.0
1356825,bertopic,n30_c25_s42,3,0.8247468885080649
1356942,bertopic,n30_c25_s42,19,1.0
1356967,bertopic,n30_c25_s42,19,1.0
1356975,bertopic,n30_c25_s42,4,1.0
1357163,bertopic,n30_c25_s42,-1,0.0
1357414,bertopic,n30_c25_s42,19,0.2826888151265548
1357473,bertopic,n30_c25_s42,21,0.4016212313250041
1357554,bertopic,n30_c25_s42,19,1.0
1357652,bertopic,n30_c25_s42,3,0.9099758505338046
1357665,bertopic,n30_c25_s42,23,1.0
1357813,bertopic,n30_c25_s42,19,1.0
1357853,bertopic,n30_c25_s42,19,1.0
1357960,bertopic,n30_c25_s42,19,0.6251997969463139
1358114,bertopic,n30_c25_s42,-1,0.0
1358178,bertopic,n30_c25_s42,-1,0.0
1358210,bertopic,n30_c25_s42,-1,0.0
1358250,bertopic,n30_c25_s42,46,1.0
1358624,bertopic,n30_c25_s42,6,1.0
1358742,bertopic,n30_c25_s42,65,1.0
1358818,bertopic,n30_c25_s42,19,1.0
1358971,bertopic,n30_c25_s42,0,1.0
1359310,bertopic,n30_c25_s42,0,1.0
1359637,bertopic,n30_c25_s42,20,0.5412660443175031
1359667,bertopic,n30_c25_s42,33,0.2441695430174157
1359688,bertopic,n30_c25_s42,19,0.4367415375113379
1359697,bertopic,n30_c25_s42,19,0.8472352173738874
1360008,bertopic,n30_c25_s42,43,1.0
1360222,bertopic,n30_c25_s42,35,1.0
1360241,bertopic,n30_c25_s42,0,1.0
1360518,bertopic,n30_c25_s42,-1,0.0
1360532,bertopic,n30_c25_s42,5,1.0
1360803,bertopic,n30_c25_s42,19,1.0
1361392,bertopic,n30_c25_s42,19,1.0
1361989,bertopic,n30_c25_s42,3,0.8883566515956166
1362085,bertopic,n30_c25_s42,-1,0.0
1362270,bertopic,n30_c25_s42,30,0.6830282687449455
1363598,bertopic,n30_c25_s42,8,0.3155529149139443
1364107,bertopic,n30_c25_s42,20,1.0
1364501,bertopic,n30_c25_s42,3,0.9545057606203089
1365761,bertopic,n30_c25_s42,-1,0.0
1365820,bertopic,n30_c25_s42,11,0.15048410569134105
1365942,bertopic,n30_c25_s42,23,1.0
1366210,bertopic,n30_c25_s42,1,1.0
1367076,bertopic,n30_c25_s42,50,1.0
1367334,bertopic,n30_c25_s42,27,1.0
1368672,bertopic,n30_c25_s42,33,1.0
1368830,bertopic,n30_c25_s42,59,1.0
1369052,bertopic,n30_c25_s42,1,1.0
1369207,bertopic,n30_c25_s42,57,1.0
1370009,bertopic,n30_c25_s42,24,0.4948035934101371
1370734,bertopic,n30_c25_s42,15,0.5144594072075581
1371099,bertopic,n30_c25_s42,12,0.4779648639413502
1372834,bertopic,n30_c25_s42,54,1.0
1373382,bertopic,n30_c25_s42,12,0.9580300005992933
1373517,bertopic,n30_c25_s42,-1,0.0
1374213,bertopic,n30_c25_s42,37,0.3200243752263751
1374351,bertopic,n30_c25_s42,-1,0.0
1374888,bertopic,n30_c25_s42,3,0.9573849607511531
1375962,bertopic,n30_c25_s42,-1,0.0
1377305,bertopic,n30_c25_s42,10,0.3717927676145669
1378147,bertopic,n30_c25_s42,6,0.31593159858128844
1378625,bertopic,n30_c25_s42,28,1.0
1378806,bertopic,n30_c25_s42,1,1.0
1379129,bertopic,n30_c25_s42,-1,0.0
1379802,bertopic,n30_c25_s42,33,0.31948246472575886
1380129,bertopic,n30_c25_s42,-1,0.0
1381254,bertopic,n30_c25_s42,24,0.47800768483231404
1381696,bertopic,n30_c25_s42,33,0.952082407066436
1381808,bertopic,n30_c25_s42,14,0.9026415510689056
1383057,bertopic,n30_c25_s42,0,1.0
1383889,bertopic,n30_c25_s42,39,0.22309900939163574
1385669,bertopic,n30_c25_s42,17,0.9227678282090526
1386600,bertopic,n30_c25_s42,18,0.9670337149195747
1386891,bertopic,n30_c25_s42,0,0.5096191718679219
1386909,bertopic,n30_c25_s42,45,1.0
1386978,bertopic,n30_c25_s42,-1,0.0
1387913,bertopic,n30_c25_s42,-1,0.0
1388481,bertopic,n30_c25_s42,22,1.0
1388627,bertopic,n30_c25_s42,4,1.0
1389193,bertopic,n30_c25_s42,42,0.9965899962897153
1389237,bertopic,n30_c25_s42,11,0.46173857327629053
1389776,bertopic,n30_c25_s42,-1,0.0
1389785,bertopic,n30_c25_s42,0,1.0
1391001,bertopic,n30_c25_s42,3,0.9241511773645147
1391878,bertopic,n30_c25_s42,-1,0.0
1392171,bertopic,n30_c25_s42,46,1.0
1392616,bertopic,n30_c25_s42,0,0.43329494264099006
1392742,bertopic,n30_c25_s42,40,1.0
1393021,bertopic,n30_c25_s42,3,0.8387872304356052
1393149,bertopic,n30_c25_s42,0,1.0
1393280,bertopic,n30_c25_s42,37,1.0
1393391,bertopic,n30_c25_s42,-1,0.0
1393488,bertopic,n30_c25_s42,24,1.0
1393512,bertopic,n30_c25_s42,0,1.0
1393553,bertopic,n30_c25_s42,56,1.0
1393777,bertopic,n30_c25_s42,30,1.0
1394418,bertopic,n30_c25_s42,0,0.5526167910628234
1394813,bertopic,n30_c25_s42,6,0.5380098542930157
1395113,bertopic,n30_c25_s42,34,1.0
1396305,bertopic,n30_c25_s42,0,1.0
1396536,bertopic,n30_c25_s42,44,0.4488358737091264
1397992,bertopic,n30_c25_s42,0,1.0
1398139,bertopic,n30_c25_s42,45,1.0
1398174,bertopic,n30_c25_s42,27,1.0
1398252,bertopic,n30_c25_s42,27,0.3174165306629257
1398346,bertopic,n30_c25_s42,35,1.0
1399933,bertopic,n30_c25_s42,37,0.9964720861509953
1400276,bertopic,n30_c25_s42,8,0.30777529360940803
1401281,bertopic,n30_c25_s42,24,0.6144180003585952
1401776,bertopic,n30_c25_s42,11,1.0
1403499,bertopic,n30_c25_s42,14,1.0
1403543,bertopic,n30_c25_s42,18,0.4345502732110667
1403618,bertopic,n30_c25_s42,0,0.8139567757496424
1403934,bertopic,n30_c25_s42,-1,0.0
1404262,bertopic,n30_c25_s42,15,0.46974704203260803
1404449,bertopic,n30_c25_s42,8,0.9527096396787678
1404526,bertopic,n30_c25_s42,10,0.723811860603232
1405038,bertopic,n30_c25_s42,0,1.0
1405327,bertopic,n30_c25_s42,37,1.0
1406803,bertopic,n30_c25_s42,3,1.0
1407139,bertopic,n30_c25_s42,-1,0.0
1407233,bertopic,n30_c25_s42,32,0.4971292299395985
1407371,bertopic,n30_c25_s42,-1,0.0
1407589,bertopic,n30_c25_s42,6,1.0
1408074,bertopic,n30_c25_s42,6,1.0
1408639,bertopic,n30_c25_s42,44,1.0
1408737,bertopic,n30_c25_s42,44,1.0
1409160,bertopic,n30_c25_s42,-1,0.0
1409834,bertopic,n30_c25_s42,6,0.998848271271367
1410309,bertopic,n30_c25_s42,37,0.7502751538761616
1410817,bertopic,n30_c25_s42,0,1.0
1410862,bertopic,n30_c25_s42,0,0.9481338574453191
1410997,bertopic,n30_c25_s42,0,1.0
1411119,bertopic,n30_c25_s42,0,1.0
1411519,bertopic,n30_c25_s42,38,1.0
1411756,bertopic,n30_c25_s42,6,0.8961469507229506
1412149,bertopic,n30_c25_s42,0,1.0
1412424,bertopic,n30_c25_s42,34,0.9858284510534557
1412975,bertopic,n30_c25_s42,-1,0.0
1413114,bertopic,n30_c25_s42,-1,0.0
1413469,bertopic,n30_c25_s42,-1,0.0
1413886,bertopic,n30_c25_s42,35,1.0
1414377,bertopic,n30_c25_s42,8,0.3155529149139443
1414621,bertopic,n30_c25_s42,0,1.0
1414854,bertopic,n30_c25_s42,38,1.0
1418587,bertopic,n30_c25_s42,3,0.891258208340961
1419130,bertopic,n30_c25_s42,18,0.8137525245758216
1419281,bertopic,n30_c25_s42,-1,0.0
1419373,bertopic,n30_c25_s42,6,1.0
1420150,bertopic,n30_c25_s42,-1,0.0
1420359,bertopic,n30_c25_s42,22,0.22800573378847983
1420676,bertopic,n30_c25_s42,-1,0.0
1421290,bertopic,n30_c25_s42,25,0.3739173704977417
1421554,bertopic,n30_c25_s42,7,0.38028731082371015
1421739,bertopic,n30_c25_s42,-1,0.0
1422211,bertopic,n30_c25_s42,18,0.4345502732110667
1422237,bertopic,n30_c25_s42,-1,0.0
1422305,bertopic,n30_c25_s42,1,1.0
1422445,bertopic,n30_c25_s42,24,1.0
1422449,bertopic,n30_c25_s42,13,0.5686642839878592
1422805,bertopic,n30_c25_s42,0,0.9138251829180609
1423023,bertopic,n30_c25_s42,18,0.4345502732110667
1423636,bertopic,n30_c25_s42,-1,0.0
1423827,bertopic,n30_c25_s42,0,1.0
1424324,bertopic,n30_c25_s42,50,1.0
1424560,bertopic,n30_c25_s42,13,0.9909795390324465
1424726,bertopic,n30_c25_s42,11,0.4287259484006373
1425329,bertopic,n30_c25_s42,27,1.0
1425381,bertopic,n30_c25_s42,1,1.0
1425396,bertopic,n30_c25_s42,18,0.4345502732110667
1425918,bertopic,n30_c25_s42,0,0.4661282928050527
1426603,bertopic,n30_c25_s42,13,0.6106492966604995
1427271,bertopic,n30_c25_s42,4,1.0
1427504,bertopic,n30_c25_s42,0,1.0
1428060,bertopic,n30_c25_s42,28,1.0
1428577,bertopic,n30_c25_s42,3,0.969589876961123
1429008,bertopic,n30_c25_s42,34,1.0
1429314,bertopic,n30_c25_s42,34,1.0
1429483,bertopic,n30_c25_s42,-1,0.0
1429660,bertopic,n30_c25_s42,57,1.0
1430221,bertopic,n30_c25_s42,12,0.5648914642964943
1430422,bertopic,n30_c25_s42,65,1.0
1431867,bertopic,n30_c25_s42,40,1.0
1433003,bertopic,n30_c25_s42,-1,0.0
1433177,bertopic,n30_c25_s42,0,1.0
1433228,bertopic,n30_c25_s42,11,0.7108913495584351
1433399,bertopic,n30_c25_s42,14,0.4819497528320691
1433559,bertopic,n30_c25_s42,1,1.0
1434021,bertopic,n30_c25_s42,-1,0.0
1434138,bertopic,n30_c25_s42,3,0.891258208340961
1435315,bertopic,n30_c25_s42,57,1.0
1435944,bertopic,n30_c25_s42,2,1.0
1435954,bertopic,n30_c25_s42,11,0.7664421343189571
1435966,bertopic,n30_c25_s42,5,1.0
1436002,bertopic,n30_c25_s42,2,1.0
1436096,bertopic,n30_c25_s42,24,0.47800768483231404
1436232,bertopic,n30_c25_s42,3,0.9545057606203089
1436382,bertopic,n30_c25_s42,4,1.0
1436761,bertopic,n30_c25_s42,4,1.0
1436769,bertopic,n30_c25_s42,25,1.0
1437201,bertopic,n30_c25_s42,39,1.0
1437730,bertopic,n30_c25_s42,11,0.962290063839407
1438428,bertopic,n30_c25_s42,8,0.897797677686304
1438672,bertopic,n30_c25_s42,4,1.0
1439249,bertopic,n30_c25_s42,-1,0.0
1439868,bertopic,n30_c25_s42,6,0.8585946793637297
1440498,bertopic,n30_c25_s42,3,0.9183084152867348
1442827,bertopic,n30_c25_s42,3,0.969589876961123
1443154,bertopic,n30_c25_s42,-1,0.0
1443270,bertopic,n30_c25_s42,11,1.0
1443466,bertopic,n30_c25_s42,11,1.0
1443642,bertopic,n30_c25_s42,11,0.9934133494519123
1443675,bertopic,n30_c25_s42,11,0.3765964410855278
1443679,bertopic,n30_c25_s42,11,1.0
1443967,bertopic,n30_c25_s42,11,1.0
1444123,bertopic,n30_c25_s42,7,0.4563128314390016
1444388,bertopic,n30_c25_s42,10,0.3717927676145669
1444407,bertopic,n30_c25_s42,2,1.0
1444816,bertopic,n30_c25_s42,-1,0.0
1445155,bertopic,n30_c25_s42,-1,0.0
1445868,bertopic,n30_c25_s42,26,0.43321104008345634
1446344,bertopic,n30_c25_s42,4,1.0
1447236,bertopic,n30_c25_s42,-1,0.0
1447277,bertopic,n30_c25_s42,-1,0.0
1447518,bertopic,n30_c25_s42,9,0.3805440012964935
1447668,bertopic,n30_c25_s42,2,1.0
1448206,bertopic,n30_c25_s42,2,1.0
1448247,bertopic,n30_c25_s42,-1,0.0
1448250,bertopic,n30_c25_s42,54,1.0
1448327,bertopic,n30_c25_s42,-1,0.0
1448611,bertopic,n30_c25_s42,18,0.4345502732110667
1448896,bertopic,n30_c25_s42,51,0.7255499129666789
1449283,bertopic,n30_c25_s42,0,1.0
1449372,bertopic,n30_c25_s42,-1,0.0
1449655,bertopic,n30_c25_s42,2,1.0
1449677,bertopic,n30_c25_s42,0,1.0
1449683,bertopic,n30_c25_s42,0,1.0
1449805,bertopic,n30_c25_s42,-1,0.0
1449843,bertopic,n30_c25_s42,-1,0.0
1450043,bertopic,n30_c25_s42,2,1.0
1450121,bertopic,n30_c25_s42,13,0.6249516925980682
1450731,bertopic,n30_c25_s42,35,0.7335714056127967
1450759,bertopic,n30_c25_s42,-1,0.0
1451103,bertopic,n30_c25_s42,-1,0.0
1451408,bertopic,n30_c25_s42,-1,0.0
1451509,bertopic,n30_c25_s42,0,0.6014241622758669
1451529,bertopic,n30_c25_s42,0,0.6956455595173909
1451625,bertopic,n30_c25_s42,6,1.0
1452133,bertopic,n30_c25_s42,26,0.9867882715971248
1453222,bertopic,n30_c25_s42,57,1.0
1453255,bertopic,n30_c25_s42,6,1.0
1453330,bertopic,n30_c25_s42,57,1.0
1453464,bertopic,n30_c25_s42,1,1.0
1453989,bertopic,n30_c25_s42,2,0.7405515387401128
1454189,bertopic,n30_c25_s42,33,0.17549594257367274
1454199,bertopic,n30_c25_s42,34,0.25893720397774567
1454244,bertopic,n30_c25_s42,7,0.4563128314390016
1454277,bertopic,n30_c25_s42,34,1.0
1454429,bertopic,n30_c25_s42,4,0.9595713088582776
1454947,bertopic,n30_c25_s42,8,1.0
1454949,bertopic,n30_c25_s42,4,1.0
1455111,bertopic,n30_c25_s42,31,1.0
1455238,bertopic,n30_c25_s42,0,0.8897071302000444
1455283,bertopic,n30_c25_s42,3,0.969589876961123
1455354,bertopic,n30_c25_s42,11,0.4196320860225056
1455402,bertopic,n30_c25_s42,2,1.0
1455720,bertopic,n30_c25_s42,57,0.9450273910563933
1455994,bertopic,n30_c25_s42,10,1.0
1456517,bertopic,n30_c25_s42,-1,0.0
1456665,bertopic,n30_c25_s42,5,1.0
1456962,bertopic,n30_c25_s42,5,0.47753735021568566
1457263,bertopic,n30_c25_s42,3,1.0
1457325,bertopic,n30_c25_s42,57,1.0
1457859,bertopic,n30_c25_s42,2,1.0
1457932,bertopic,n30_c25_s42,-1,0.0
1457983,bertopic,n30_c25_s42,1,0.75504855486737
1458072,bertopic,n30_c25_s42,2,1.0
1458241,bertopic,n30_c25_s42,57,1.0
1458262,bertopic,n30_c25_s42,44,0.47327091850310926
1458275,bertopic,n30_c25_s42,44,0.5577444826770965
1458437,bertopic,n30_c25_s42,32,0.5415462645015061
1458616,bertopic,n30_c25_s42,2,1.0
1458672,bertopic,n30_c25_s42,13,0.7243685845671
1458964,bertopic,n30_c25_s42,8,1.0
1459015,bertopic,n30_c25_s42,38,1.0
1459678,bertopic,n30_c25_s42,12,0.4792435385393355
1459715,bertopic,n30_c25_s42,14,1.0
1459749,bertopic,n30_c25_s42,39,1.0
1459777,bertopic,n30_c25_s42,39,1.0
1459845,bertopic,n30_c25_s42,5,0.7313353029209985
1459893,bertopic,n30_c25_s42,24,0.4948035934101371
1459929,bertopic,n30_c25_s42,39,1.0
1459987,bertopic,n30_c25_s42,-1,0.0
1460048,bertopic,n30_c25_s42,-1,0.0
1460075,bertopic,n30_c25_s42,39,0.22293838008237496
1460145,bertopic,n30_c25_s42,1,1.0
1460432,bertopic,n30_c25_s42,5,1.0
1460462,bertopic,n30_c25_s42,1,0.9447934184736156
1460518,bertopic,n30_c25_s42,8,0.29659825895443215
1461227,bertopic,n30_c25_s42,60,1.0
1461289,bertopic,n30_c25_s42,60,1.0
1461300,bertopic,n30_c25_s42,31,1.0
1461315,bertopic,n30_c25_s42,20,0.6336339654832304
1461357,bertopic,n30_c25_s42,2,0.7405515387401128
1461797,bertopic,n30_c25_s42,3,0.8219267965087577
1461825,bertopic,n30_c25_s42,0,0.7751480239144386
1461835,bertopic,n30_c25_s42,-1,0.0
1461873,bertopic,n30_c25_s42,26,1.0
1461916,bertopic,n30_c25_s42,-1,0.0
1462157,bertopic,n30_c25_s42,18,0.4345502732110667
1462192,bertopic,n30_c25_s42,18,0.3970544151099826
1462467,bertopic,n30_c25_s42,40,0.6817038951572437
1464287,bertopic,n30_c25_s42,25,0.3934995713096794
1464707,bertopic,n30_c25_s42,3,1.0
1465268,bertopic,n30_c25_s42,18,0.4345502732110667
1465580,bertopic,n30_c25_s42,57,1.0
1465862,bertopic,n30_c25_s42,54,0.1320256801217688
1467500,bertopic,n30_c25_s42,4,1.0
1468123,bertopic,n30_c25_s42,-1,0.0
1468145,bertopic,n30_c25_s42,4,1.0
1468240,bertopic,n30_c25_s42,36,1.0
1468764,bertopic,n30_c25_s42,5,1.0
1469128,bertopic,n30_c25_s42,6,1.0
1471831,bertopic,n30_c25_s42,1,1.0
1472174,bertopic,n30_c25_s42,3,0.9213223777121239
1472393,bertopic,n30_c25_s42,5,1.0
1472475,bertopic,n30_c25_s42,15,0.4322228504464081
1472765,bertopic,n30_c25_s42,0,0.5255309555313084
1473282,bertopic,n30_c25_s42,2,1.0
1473571,bertopic,n30_c25_s42,5,1.0
1473593,bertopic,n30_c25_s42,18,0.4345502732110667
1473646,bertopic,n30_c25_s42,4,1.0
1473689,bertopic,n30_c25_s42,-1,0.0
1473885,bertopic,n30_c25_s42,6,0.6815736819564381
1474107,bertopic,n30_c25_s42,26,0.7051199228001561
1474637,bertopic,n30_c25_s42,0,0.36824908532147643
1475061,bertopic,n30_c25_s42,-1,0.0
1475207,bertopic,n30_c25_s42,2,1.0
1475268,bertopic,n30_c25_s42,4,0.6228882055954269
1476126,bertopic,n30_c25_s42,26,0.36155798394776756
1476496,bertopic,n30_c25_s42,26,0.7194336009604382
1476625,bertopic,n30_c25_s42,2,1.0
1476870,bertopic,n30_c25_s42,20,0.5948841025409127
1477069,bertopic,n30_c25_s42,35,1.0
1477305,bertopic,n30_c25_s42,17,0.5775690850425671
1477493,bertopic,n30_c25_s42,4,0.6222524749501971
1477562,bertopic,n30_c25_s42,5,0.47169321189934565
1479172,bertopic,n30_c25_s42,26,0.8630346719354595
1479182,bertopic,n30_c25_s42,-1,0.0
1479188,bertopic,n30_c25_s42,-1,0.0
1479421,bertopic,n30_c25_s42,42,0.9237862720299068
1479744,bertopic,n30_c25_s42,15,1.0
1479969,bertopic,n30_c25_s42,0,1.0
1480263,bertopic,n30_c25_s42,15,0.8299690158709254
1480343,bertopic,n30_c25_s42,-1,0.0
1480473,bertopic,n30_c25_s42,11,0.30545464601085087
1480689,bertopic,n30_c25_s42,2,1.0
1481916,bertopic,n30_c25_s42,1,1.0
1482195,bertopic,n30_c25_s42,6,1.0
1482391,bertopic,n30_c25_s42,-1,0.0
1482463,bertopic,n30_c25_s42,-1,0.0
1482515,bertopic,n30_c25_s42,2,1.0
1482810,bertopic,n30_c25_s42,0,0.9327931668138495
1483028,bertopic,n30_c25_s42,40,1.0
1483236,bertopic,n30_c25_s42,2,1.0
1483699,bertopic,n30_c25_s42,57,1.0
1483702,bertopic,n30_c25_s42,57,1.0
1483857,bertopic,n30_c25_s42,11,1.0
1484827,bertopic,n30_c25_s42,0,0.41795653408419176
1484861,bertopic,n30_c25_s42,5,1.0
1485022,bertopic,n30_c25_s42,2,1.0
1485226,bertopic,n30_c25_s42,12,0.29862223243297076
1485402,bertopic,n30_c25_s42,-1,0.0
1485515,bertopic,n30_c25_s42,2,1.0
1486206,bertopic,n30_c25_s42,5,1.0
1486828,bertopic,n30_c25_s42,1,1.0
1486861,bertopic,n30_c25_s42,6,1.0
1487166,bertopic,n30_c25_s42,59,1.0
1487279,bertopic,n30_c25_s42,-1,0.0
1487657,bertopic,n30_c25_s42,35,0.6057634736657
1488073,bertopic,n30_c25_s42,54,0.14235790039951107
1488503,bertopic,n30_c25_s42,5,1.0
1489314,bertopic,n30_c25_s42,10,1.0
1489479,bertopic,n30_c25_s42,7,0.44386989851539155
1489556,bertopic,n30_c25_s42,1,1.0
1489671,bertopic,n30_c25_s42,6,0.3476771843239021
1489886,bertopic,n30_c25_s42,-1,0.0
1489966,bertopic,n30_c25_s42,4,0.8343819653173349
1490025,bertopic,n30_c25_s42,-1,0.0
1490662,bertopic,n30_c25_s42,0,1.0
1490725,bertopic,n30_c25_s42,13,0.5796700141392137
1490887,bertopic,n30_c25_s42,11,0.19666447763245665
1491534,bertopic,n30_c25_s42,68,1.0
1491726,bertopic,n30_c25_s42,14,0.8244484746119607
1491889,bertopic,n30_c25_s42,1,1.0
1492240,bertopic,n30_c25_s42,18,0.4345502732110667
1492365,bertopic,n30_c25_s42,17,0.5295453431133845
1492483,bertopic,n30_c25_s42,0,0.8758383839691743
1492756,bertopic,n30_c25_s42,0,1.0
1492867,bertopic,n30_c25_s42,9,0.5065116254129085
1492957,bertopic,n30_c25_s42,0,1.0
1493310,bertopic,n30_c25_s42,4,1.0
1493469,bertopic,n30_c25_s42,40,0.8028105466058002
1493972,bertopic,n30_c25_s42,0,1.0
1494075,bertopic,n30_c25_s42,15,0.4199224343444397
1494496,bertopic,n30_c25_s42,7,0.4371167692559224
1494699,bertopic,n30_c25_s42,-1,0.0
1494894,bertopic,n30_c25_s42,40,0.7684422318662606
1495194,bertopic,n30_c25_s42,1,1.0
1495228,bertopic,n30_c25_s42,39,1.0
1495233,bertopic,n30_c25_s42,2,1.0
1495239,bertopic,n30_c25_s42,13,0.5201913099084996
1495404,bertopic,n30_c25_s42,2,1.0
1495440,bertopic,n30_c25_s42,7,0.6978994177190202
1495553,bertopic,n30_c25_s42,-1,0.0
1495677,bertopic,n30_c25_s42,-1,0.0
1495775,bertopic,n30_c25_s42,4,1.0
1496266,bertopic,n30_c25_s42,3,0.9388879347830597
1496293,bertopic,n30_c25_s42,1,1.0
1496432,bertopic,n30_c25_s42,1,1.0
1496436,bertopic,n30_c25_s42,7,0.4466512715645643
1496526,bertopic,n30_c25_s42,26,0.41884453949012923
1496680,bertopic,n30_c25_s42,43,1.0
1496826,bertopic,n30_c25_s42,22,1.0
1497092,bertopic,n30_c25_s42,40,0.8028105466058002
1497392,bertopic,n30_c25_s42,45,1.0
1497441,bertopic,n30_c25_s42,18,0.42182175827619595
1497562,bertopic,n30_c25_s42,40,0.7468736830222144
1497811,bertopic,n30_c25_s42,57,1.0
1498127,bertopic,n30_c25_s42,8,0.37402988408801074
1498364,bertopic,n30_c25_s42,-1,0.0
1498493,bertopic,n30_c25_s42,3,1.0
1498498,bertopic,n30_c25_s42,12,1.0
1498576,bertopic,n30_c25_s42,22,0.8821433265491508
1498626,bertopic,n30_c25_s42,8,0.44692428322282984
1498789,bertopic,n30_c25_s42,8,0.3155529149139443
1499016,bertopic,n30_c25_s42,-1,0.0
1499096,bertopic,n30_c25_s42,34,0.155456757106693
1499112,bertopic,n30_c25_s42,32,0.904189431124071
1499270,bertopic,n30_c25_s42,32,0.9026019635763057
1499361,bertopic,n30_c25_s42,60,1.0
1499586,bertopic,n30_c25_s42,45,1.0
1499672,bertopic,n30_c25_s42,0,1.0
1499709,bertopic,n30_c25_s42,23,1.0
1499813,bertopic,n30_c25_s42,-1,0.0
1499973,bertopic,n30_c25_s42,7,0.4563128314390016
1500095,bertopic,n30_c25_s42,0,0.8264986032405711
1500173,bertopic,n30_c25_s42,0,0.8617556386155876
1500499,bertopic,n30_c25_s42,34,1.0
1500634,bertopic,n30_c25_s42,1,0.9753855308371578
1500676,bertopic,n30_c25_s42,39,0.5039293527622519
1500738,bertopic,n30_c25_s42,27,0.858380437244447
1500963,bertopic,n30_c25_s42,44,0.7212990568261834
1501574,bertopic,n30_c25_s42,1,1.0
1501578,bertopic,n30_c25_s42,1,1.0
1502199,bertopic,n30_c25_s42,1,1.0
1502390,bertopic,n30_c25_s42,14,0.4263220282025747
1502766,bertopic,n30_c25_s42,8,0.3155529149139443
1502904,bertopic,n30_c25_s42,3,0.969589876961123
1502922,bertopic,n30_c25_s42,4,1.0
1503008,bertopic,n30_c25_s42,60,0.7202631508697172
1503312,bertopic,n30_c25_s42,1,1.0
1503519,bertopic,n30_c25_s42,5,1.0
1503634,bertopic,n30_c25_s42,70,1.0
1503852,bertopic,n30_c25_s42,0,1.0
1504597,bertopic,n30_c25_s42,8,0.3155529149139443
1504665,bertopic,n30_c25_s42,0,1.0
1504919,bertopic,n30_c25_s42,8,0.3155529149139443
1505312,bertopic,n30_c25_s42,0,1.0
1505383,bertopic,n30_c25_s42,3,0.9267477243763882
1505704,bertopic,n30_c25_s42,40,0.7107699566961205
1505868,bertopic,n30_c25_s42,20,0.8994189096050287
1505959,bertopic,n30_c25_s42,14,0.5877928437883952
1506500,bertopic,n30_c25_s42,6,0.6056357462809444
1507104,bertopic,n30_c25_s42,49,1.0
1507401,bertopic,n30_c25_s42,7,0.3786689954227216
1507627,bertopic,n30_c25_s42,7,0.4563128314390016
1507831,bertopic,n30_c25_s42,-1,0.0
1507969,bertopic,n30_c25_s42,49,1.0
1508022,bertopic,n30_c25_s42,40,0.8028105466058002
1508136,bertopic,n30_c25_s42,5,1.0
1508674,bertopic,n30_c25_s42,5,1.0
1509113,bertopic,n30_c25_s42,-1,0.0
1509437,bertopic,n30_c25_s42,30,1.0
1509486,bertopic,n30_c25_s42,53,1.0
1509498,bertopic,n30_c25_s42,0,1.0
1509817,bertopic,n30_c25_s42,27,0.494029853524787
1509923,bertopic,n30_c25_s42,3,1.0
1510125,bertopic,n30_c25_s42,53,0.9420238095406748
1510588,bertopic,n30_c25_s42,2,0.9753997380677846
1510958,bertopic,n30_c25_s42,49,1.0
1511533,bertopic,n30_c25_s42,40,0.6817038951572437
1511673,bertopic,n30_c25_s42,57,1.0
1511859,bertopic,n30_c25_s42,-1,0.0
1511860,bertopic,n30_c25_s42,6,1.0
1512573,bertopic,n30_c25_s42,18,0.4345502732110667
1512689,bertopic,n30_c25_s42,-1,0.0
1513723,bertopic,n30_c25_s42,3,1.0
1513871,bertopic,n30_c25_s42,50,1.0
1514186,bertopic,n30_c25_s42,22,1.0
1514274,bertopic,n30_c25_s42,20,1.0
1514325,bertopic,n30_c25_s42,3,1.0
1514580,bertopic,n30_c25_s42,45,1.0
1514606,bertopic,n30_c25_s42,11,0.6444010138365046
1515184,bertopic,n30_c25_s42,-1,0.0
1515210,bertopic,n30_c25_s42,7,0.41248234742394035
1515246,bertopic,n30_c25_s42,44,0.834055239851754
1515274,bertopic,n30_c25_s42,49,1.0
1515359,bertopic,n30_c25_s42,42,0.9048188738404149
1515570,bertopic,n30_c25_s42,-1,0.0
1515598,bertopic,n30_c25_s42,39,0.22311323821042836
1515749,bertopic,n30_c25_s42,-1,0.0
1515808,bertopic,n30_c25_s42,70,1.0
1516138,bertopic,n30_c25_s42,-1,0.0
1516280,bertopic,n30_c25_s42,2,1.0
1516649,bertopic,n30_c25_s42,22,0.7801684698799202
1516702,bertopic,n30_c25_s42,8,0.3155529149139443
1516736,bertopic,n30_c25_s42,12,0.8929101620304447
1517627,bertopic,n30_c25_s42,-1,0.0
1517695,bertopic,n30_c25_s42,34,0.21905040683203625
1517727,bertopic,n30_c25_s42,58,0.8253315636981363
1517867,bertopic,n30_c25_s42,4,0.7502923395134542
1517964,bertopic,n30_c25_s42,39,1.0
1518533,bertopic,n30_c25_s42,9,0.5065116254129085
1519045,bertopic,n30_c25_s42,30,1.0
1519200,bertopic,n30_c25_s42,1,1.0
1519498,bertopic,n30_c25_s42,65,1.0
1519584,bertopic,n30_c25_s42,0,0.8497833463850574
1519848,bertopic,n30_c25_s42,34,1.0
1520160,bertopic,n30_c25_s42,12,1.0
1520425,bertopic,n30_c25_s42,2,1.0
1520737,bertopic,n30_c25_s42,2,1.0
1520908,bertopic,n30_c25_s42,2,1.0
1520918,bertopic,n30_c25_s42,24,0.47800768483231404
1521008,bertopic,n30_c25_s42,40,1.0
1521252,bertopic,n30_c25_s42,2,1.0
1521557,bertopic,n30_c25_s42,17,0.5124362063570298
1521679,bertopic,n30_c25_s42,2,0.9081442961712346
1521726,bertopic,n30_c25_s42,2,1.0
1521733,bertopic,n30_c25_s42,2,0.9081442961712346
1522251,bertopic,n30_c25_s42,26,0.31683950144858253
1522969,bertopic,n30_c25_s42,0,1.0
1523554,bertopic,n30_c25_s42,0,0.9276440059857949
1524302,bertopic,n30_c25_s42,12,0.5023331849383066
1524595,bertopic,n30_c25_s42,-1,0.0
1524652,bertopic,n30_c25_s42,-1,0.0
1524974,bertopic,n30_c25_s42,-1,0.0
1525140,bertopic,n30_c25_s42,52,1.0
1525270,bertopic,n30_c25_s42,4,0.7817523514319352
1525606,bertopic,n30_c25_s42,60,1.0
1525636,bertopic,n30_c25_s42,0,0.7815975281797942
1526226,bertopic,n30_c25_s42,38,1.0
1526572,bertopic,n30_c25_s42,5,1.0
1526808,bertopic,n30_c25_s42,-1,0.0
1526886,bertopic,n30_c25_s42,0,0.36824908532147643
1527006,bertopic,n30_c25_s42,1,1.0
1527106,bertopic,n30_c25_s42,0,1.0
1527270,bertopic,n30_c25_s42,17,0.4448525687521079
1527880,bertopic,n30_c25_s42,15,0.6655528304760246
1528242,bertopic,n30_c25_s42,27,0.9793370738385759
1529188,bertopic,n30_c25_s42,3,1.0
1529305,bertopic,n30_c25_s42,20,0.5412660443175031
1529625,bertopic,n30_c25_s42,2,1.0
1529644,bertopic,n30_c25_s42,36,0.9234906699655926
1530080,bertopic,n30_c25_s42,23,0.7563818625853032
1530590,bertopic,n30_c25_s42,1,1.0
1530603,bertopic,n30_c25_s42,57,1.0
1530720,bertopic,n30_c25_s42,0,0.8409191503130538
1530764,bertopic,n30_c25_s42,23,0.7618754412656162
1530838,bertopic,n30_c25_s42,-1,0.0
1531212,bertopic,n30_c25_s42,22,0.3491200406626008
1531260,bertopic,n30_c25_s42,18,0.4345502732110667
1531273,bertopic,n30_c25_s42,13,0.8488718704854388
1531420,bertopic,n30_c25_s42,9,0.5065116254129085
1531571,bertopic,n30_c25_s42,0,1.0
1532111,bertopic,n30_c25_s42,57,1.0
1532719,bertopic,n30_c25_s42,4,0.8119655885128809
1534162,bertopic,n30_c25_s42,-1,0.0
1534179,bertopic,n30_c25_s42,14,0.24998729562467054
1534504,bertopic,n30_c25_s42,3,0.8472841004747222
1534796,bertopic,n30_c25_s42,-1,0.0
1535832,bertopic,n30_c25_s42,0,1.0
1536549,bertopic,n30_c25_s42,-1,0.0
1536697,bertopic,n30_c25_s42,-1,0.0
1537297,bertopic,n30_c25_s42,0,1.0
1537636,bertopic,n30_c25_s42,0,1.0
1537770,bertopic,n30_c25_s42,54,1.0
1537887,bertopic,n30_c25_s42,32,0.8857350394757918
1538407,bertopic,n30_c25_s42,3,0.8233552238714335
1538570,bertopic,n30_c25_s42,0,1.0
1538663,bertopic,n30_c25_s42,11,1.0
1538868,bertopic,n30_c25_s42,3,1.0
1539324,bertopic,n30_c25_s42,3,0.9545057606203089
1539331,bertopic,n30_c25_s42,-1,0.0
1539395,bertopic,n30_c25_s42,25,0.7410138484797405
1539403,bertopic,n30_c25_s42,4,1.0
1540711,bertopic,n30_c25_s42,0,1.0
1540756,bertopic,n30_c25_s42,-1,0.0
1540774,bertopic,n30_c25_s42,1,1.0
1540776,bertopic,n30_c25_s42,1,1.0
1540884,bertopic,n30_c25_s42,0,1.0
1541021,bertopic,n30_c25_s42,57,1.0
1541093,bertopic,n30_c25_s42,0,1.0
1541238,bertopic,n30_c25_s42,4,0.7774488286316751
1541869,bertopic,n30_c25_s42,41,1.0
1542070,bertopic,n30_c25_s42,57,1.0
1542322,bertopic,n30_c25_s42,34,0.19642460582483845
1542483,bertopic,n30_c25_s42,59,1.0
1542514,bertopic,n30_c25_s42,7,0.4756378952510503
1542601,bertopic,n30_c25_s42,9,1.0
1542888,bertopic,n30_c25_s42,27,0.4836042345094497
1542963,bertopic,n30_c25_s42,6,1.0
1542983,bertopic,n30_c25_s42,15,0.3768160962970731
1543175,bertopic,n30_c25_s42,48,1.0
1543371,bertopic,n30_c25_s42,6,1.0
1543670,bertopic,n30_c25_s42,5,1.0
1543874,bertopic,n30_c25_s42,0,0.507988868054129
1544114,bertopic,n30_c25_s42,0,0.6917688548967814
1544170,bertopic,n30_c25_s42,-1,0.0
1544450,bertopic,n30_c25_s42,-1,0.0
1544451,bertopic,n30_c25_s42,1,1.0
1544501,bertopic,n30_c25_s42,-1,0.0
1544521,bertopic,n30_c25_s42,7,0.4047328671343881
1545235,bertopic,n30_c25_s42,-1,0.0
1545283,bertopic,n30_c25_s42,20,0.5412660443175031
1546012,bertopic,n30_c25_s42,0,1.0
1546283,bertopic,n30_c25_s42,0,1.0
1546486,bertopic,n30_c25_s42,0,1.0
1546803,bertopic,n30_c25_s42,3,1.0
1547028,bertopic,n30_c25_s42,1,1.0
1547799,bertopic,n30_c25_s42,7,0.46700910953807345
1547850,bertopic,n30_c25_s42,6,1.0
1547868,bertopic,n30_c25_s42,-1,0.0
1548025,bertopic,n30_c25_s42,18,0.4345502732110667
1548624,bertopic,n30_c25_s42,-1,0.0
1549095,bertopic,n30_c25_s42,36,0.8263190605423849
1549163,bertopic,n30_c25_s42,20,1.0
1549742,bertopic,n30_c25_s42,6,1.0
1549766,bertopic,n30_c25_s42,8,0.44692428322282984
1549906,bertopic,n30_c25_s42,28,1.0
1550076,bertopic,n30_c25_s42,1,1.0
1550274,bertopic,n30_c25_s42,30,1.0
1551201,bertopic,n30_c25_s42,34,0.13139576293021263
1552027,bertopic,n30_c25_s42,51,1.0
1552042,bertopic,n30_c25_s42,6,0.19472600883482155
1552436,bertopic,n30_c25_s42,9,1.0
1552526,bertopic,n30_c25_s42,23,0.9957095295041722
1553823,bertopic,n30_c25_s42,4,1.0
1554221,bertopic,n30_c25_s42,56,1.0
1554319,bertopic,n30_c25_s42,1,1.0
1554328,bertopic,n30_c25_s42,44,0.6710787149806438
1554564,bertopic,n30_c25_s42,68,1.0
1554656,bertopic,n30_c25_s42,34,1.0
1554691,bertopic,n30_c25_s42,34,1.0
1555133,bertopic,n30_c25_s42,1,1.0
1555803,bertopic,n30_c25_s42,34,0.9842668978649737
1555945,bertopic,n30_c25_s42,38,0.6776023415116619
1555952,bertopic,n30_c25_s42,1,1.0
1555957,bertopic,n30_c25_s42,44,0.6224299237656091
1556983,bertopic,n30_c25_s42,0,1.0
1557452,bertopic,n30_c25_s42,38,0.6067222048721728
1557814,bertopic,n30_c25_s42,0,1.0
1558294,bertopic,n30_c25_s42,-1,0.0
1558297,bertopic,n30_c25_s42,0,1.0
1558386,bertopic,n30_c25_s42,-1,0.0
1558528,bertopic,n30_c25_s42,0,0.7010704835362613
1558705,bertopic,n30_c25_s42,11,0.1319412524773482
1558919,bertopic,n30_c25_s42,4,0.9147954570003288
1559241,bertopic,n30_c25_s42,34,0.3679322945218569
1559325,bertopic,n30_c25_s42,0,1.0
1559378,bertopic,n30_c25_s42,46,1.0
1559538,bertopic,n30_c25_s42,-1,0.0
1559623,bertopic,n30_c25_s42,17,0.7677599212037591
1559836,bertopic,n30_c25_s42,14,0.3948225833437616
1560054,bertopic,n30_c25_s42,6,0.7831211845197532
1560368,bertopic,n30_c25_s42,31,1.0
1561560,bertopic,n30_c25_s42,1,1.0
1561578,bertopic,n30_c25_s42,1,1.0
1562046,bertopic,n30_c25_s42,6,1.0
1562100,bertopic,n30_c25_s42,-1,0.0
1562779,bertopic,n30_c25_s42,44,1.0
1563006,bertopic,n30_c25_s42,26,0.3933227691474987
1563857,bertopic,n30_c25_s42,11,0.17130883576359762
1564679,bertopic,n30_c25_s42,26,0.28876133151088623
1564741,bertopic,n30_c25_s42,12,0.5337530653057383
1565071,bertopic,n30_c25_s42,4,1.0
1565468,bertopic,n30_c25_s42,9,0.22049273134957384
1567458,bertopic,n30_c25_s42,32,1.0
1567486,bertopic,n30_c25_s42,21,0.3957010051531736
1568134,bertopic,n30_c25_s42,9,0.3805440012964935
1568789,bertopic,n30_c25_s42,7,0.46700910953807345
1568922,bertopic,n30_c25_s42,18,0.4345502732110667
1568979,bertopic,n30_c25_s42,7,0.46700910953807345
1568982,bertopic,n30_c25_s42,0,0.9770013764144158
1568998,bertopic,n30_c25_s42,43,1.0
1569529,bertopic,n30_c25_s42,10,0.8483078821759821
1570798,bertopic,n30_c25_s42,4,0.8933286657962108
1570810,bertopic,n30_c25_s42,1,1.0
1571139,bertopic,n30_c25_s42,-1,0.0
1571143,bertopic,n30_c25_s42,43,1.0
1571368,bertopic,n30_c25_s42,5,1.0
1571604,bertopic,n30_c25_s42,-1,0.0
1571733,bertopic,n30_c25_s42,35,0.5848368820672278
1571748,bertopic,n30_c25_s42,-1,0.0
1572189,bertopic,n30_c25_s42,5,0.46515165759807037
1572248,bertopic,n30_c25_s42,17,0.87472628953794
1572346,bertopic,n30_c25_s42,57,1.0
1572459,bertopic,n30_c25_s42,5,0.6422582791253291
1572646,bertopic,n30_c25_s42,39,1.0
1572813,bertopic,n30_c25_s42,68,1.0
1573020,bertopic,n30_c25_s42,42,1.0
1573782,bertopic,n30_c25_s42,0,1.0
1573787,bertopic,n30_c25_s42,21,0.5154510011134776
1574359,bertopic,n30_c25_s42,39,1.0
1574564,bertopic,n30_c25_s42,1,1.0
1575547,bertopic,n30_c25_s42,26,0.9165195534549777
1576207,bertopic,n30_c25_s42,26,0.478156288080809
1580503,bertopic,n30_c25_s42,28,1.0
1581015,bertopic,n30_c25_s42,0,0.8906984326251951
1581556,bertopic,n30_c25_s42,45,1.0
1581904,bertopic,n30_c25_s42,21,0.44909236348164794
1582089,bertopic,n30_c25_s42,27,0.694412576878607
1582804,bertopic,n30_c25_s42,-1,0.0
1583328,bertopic,n30_c25_s42,40,0.8763530732458441
1583384,bertopic,n30_c25_s42,1,1.0
1583464,bertopic,n30_c25_s42,-1,0.0
1583692,bertopic,n30_c25_s42,41,0.23650204834920627
1584072,bertopic,n30_c25_s42,7,0.7998287901767785
1584290,bertopic,n30_c25_s42,45,1.0
1584463,bertopic,n30_c25_s42,45,1.0
1584561,bertopic,n30_c25_s42,23,1.0
1584690,bertopic,n30_c25_s42,6,0.3691691493865174
1584702,bertopic,n30_c25_s42,0,0.5041651173221762
1584723,bertopic,n30_c25_s42,41,1.0
1585232,bertopic,n30_c25_s42,27,0.8786578273575882
1585252,bertopic,n30_c25_s42,1,1.0
1585805,bertopic,n30_c25_s42,21,0.8239012255395127
1586519,bertopic,n30_c25_s42,12,1.0
1587467,bertopic,n30_c25_s42,2,0.7613198321229385
1588089,bertopic,n30_c25_s42,23,1.0
1588714,bertopic,n30_c25_s42,-1,0.0
1589034,bertopic,n30_c25_s42,-1,0.0
1590072,bertopic,n30_c25_s42,13,0.6216807682171988
1590296,bertopic,n30_c25_s42,30,0.842224748385046
1590539,bertopic,n30_c25_s42,44,0.8526227517252433
1590598,bertopic,n30_c25_s42,12,0.9993930060080205
1590801,bertopic,n30_c25_s42,57,0.955417356139753
1590969,bertopic,n30_c25_s42,13,1.0
1591081,bertopic,n30_c25_s42,13,0.9553806733062015
1591317,bertopic,n30_c25_s42,41,0.24693721250070674
1592648,bertopic,n30_c25_s42,30,0.9455175631439314
1592996,bertopic,n30_c25_s42,68,1.0
1593360,bertopic,n30_c25_s42,-1,0.0
1593802,bertopic,n30_c25_s42,6,1.0
1593842,bertopic,n30_c25_s42,6,0.5466886813062848
1593942,bertopic,n30_c25_s42,4,0.7568578698946841
1594238,bertopic,n30_c25_s42,6,1.0
1594886,bertopic,n30_c25_s42,12,0.48846091232336314
1595108,bertopic,n30_c25_s42,24,0.47800768483231404
1595174,bertopic,n30_c25_s42,6,0.19472600883482155
1595833,bertopic,n30_c25_s42,0,1.0
1596054,bertopic,n30_c25_s42,34,1.0
1596086,bertopic,n30_c25_s42,34,1.0
1596783,bertopic,n30_c25_s42,52,1.0
1597618,bertopic,n30_c25_s42,57,1.0
1597802,bertopic,n30_c25_s42,0,0.7219225299250764
1598813,bertopic,n30_c25_s42,40,1.0
1599011,bertopic,n30_c25_s42,58,1.0
1601162,bertopic,n30_c25_s42,6,0.37561949928161986
1601255,bertopic,n30_c25_s42,-1,0.0
1601952,bertopic,n30_c25_s42,0,1.0
1602097,bertopic,n30_c25_s42,0,0.6951766930949964
1602124,bertopic,n30_c25_s42,0,0.6998948078898829
1602322,bertopic,n30_c25_s42,0,1.0
1603249,bertopic,n30_c25_s42,16,1.0
1603303,bertopic,n30_c25_s42,0,1.0
1603708,bertopic,n30_c25_s42,12,0.6620073674396248
1603749,bertopic,n30_c25_s42,-1,0.0
1604979,bertopic,n30_c25_s42,2,0.7932884204263523
1605083,bertopic,n30_c25_s42,-1,0.0
1605481,bertopic,n30_c25_s42,6,0.7486719741774946
1605630,bertopic,n30_c25_s42,16,1.0
1606053,bertopic,n30_c25_s42,6,1.0
1606367,bertopic,n30_c25_s42,12,0.9927691080176001
1606471,bertopic,n30_c25_s42,12,0.9893734172184998
1607996,bertopic,n30_c25_s42,21,0.45533642860442863
1608050,bertopic,n30_c25_s42,21,0.33394343650328845
1608305,bertopic,n30_c25_s42,-1,0.0
1608343,bertopic,n30_c25_s42,36,0.9293380657271897
1608523,bertopic,n30_c25_s42,37,0.1254898885036548
1608611,bertopic,n30_c25_s42,-1,0.0
1608877,bertopic,n30_c25_s42,1,1.0
1608878,bertopic,n30_c25_s42,9,1.0
1609173,bertopic,n30_c25_s42,-1,0.0
1610786,bertopic,n30_c25_s42,40,0.2872709884334148
1611689,bertopic,n30_c25_s42,39,1.0
1612202,bertopic,n30_c25_s42,18,0.3763234649222322
1612234,bertopic,n30_c25_s42,43,1.0
1612259,bertopic,n30_c25_s42,43,1.0
1612810,bertopic,n30_c25_s42,-1,0.0
1612909,bertopic,n30_c25_s42,28,1.0
1614015,bertopic,n30_c25_s42,10,0.8483078821759821
1614893,bertopic,n30_c25_s42,32,1.0
1615227,bertopic,n30_c25_s42,32,1.0
1615573,bertopic,n30_c25_s42,32,1.0
1615715,bertopic,n30_c25_s42,28,1.0
1615722,bertopic,n30_c25_s42,-1,0.0
1615725,bertopic,n30_c25_s42,20,0.5754759120887821
1616337,bertopic,n30_c25_s42,-1,0.0
1616763,bertopic,n30_c25_s42,-1,0.0
1618925,bertopic,n30_c25_s42,32,1.0
1619965,bertopic,n30_c25_s42,-1,0.0
1620427,bertopic,n30_c25_s42,32,0.904189431124071
1620477,bertopic,n30_c25_s42,12,0.9492755986723862
1620517,bertopic,n30_c25_s42,32,1.0
1620531,bertopic,n30_c25_s42,32,0.5957278975176712
1620652,bertopic,n30_c25_s42,-1,0.0
1620730,bertopic,n30_c25_s42,12,0.7504887089383521
1620782,bertopic,n30_c25_s42,44,1.0
1621203,bertopic,n30_c25_s42,12,0.6781512472735574
1621700,bertopic,n30_c25_s42,2,1.0
1621877,bertopic,n30_c25_s42,-1,0.0
1622181,bertopic,n30_c25_s42,20,1.0
1622524,bertopic,n30_c25_s42,3,0.8348070449343348
1622573,bertopic,n30_c25_s42,12,0.47441453141412854
1622698,bertopic,n30_c25_s42,0,1.0
1622930,bertopic,n30_c25_s42,-1,0.0
1624003,bertopic,n30_c25_s42,0,1.0
1624371,bertopic,n30_c25_s42,14,0.4819497528320691
1625072,bertopic,n30_c25_s42,17,0.5799977954126201
1625326,bertopic,n30_c25_s42,0,1.0
1626063,bertopic,n30_c25_s42,39,1.0
1626112,bertopic,n30_c25_s42,2,1.0
1626193,bertopic,n30_c25_s42,4,1.0
1626305,bertopic,n30_c25_s42,5,0.5885466972798657
1626331,bertopic,n30_c25_s42,1,1.0
1626414,bertopic,n30_c25_s42,5,1.0
1626427,bertopic,n30_c25_s42,43,1.0
1626513,bertopic,n30_c25_s42,5,0.787166156539844
1627048,bertopic,n30_c25_s42,5,1.0
1627976,bertopic,n30_c25_s42,0,0.36824908532147643
1628020,bertopic,n30_c25_s42,9,0.3805440012964935
1628061,bertopic,n30_c25_s42,6,1.0
1628085,bertopic,n30_c25_s42,6,0.8428515586330256
1628354,bertopic,n30_c25_s42,43,1.0
1628417,bertopic,n30_c25_s42,-1,0.0
1628529,bertopic,n30_c25_s42,43,1.0
1628847,bertopic,n30_c25_s42,0,1.0
1628863,bertopic,n30_c25_s42,0,1.0
1628928,bertopic,n30_c25_s42,0,1.0
1628955,bertopic,n30_c25_s42,0,1.0
1629053,bertopic,n30_c25_s42,30,1.0
1629082,bertopic,n30_c25_s42,32,0.7087305401947667
1629201,bertopic,n30_c25_s42,0,1.0
1629324,bertopic,n30_c25_s42,0,1.0
1629357,bertopic,n30_c25_s42,-1,0.0
1629527,bertopic,n30_c25_s42,-1,0.0
1629581,bertopic,n30_c25_s42,0,1.0
1629804,bertopic,n30_c25_s42,5,0.6398527720711901
1630109,bertopic,n30_c25_s42,27,1.0
1630227,bertopic,n30_c25_s42,0,1.0
1630233,bertopic,n30_c25_s42,0,1.0
1630240,bertopic,n30_c25_s42,0,1.0
1630342,bertopic,n30_c25_s42,5,0.705750066196408
1630541,bertopic,n30_c25_s42,39,0.25396524086132627
1630643,bertopic,n30_c25_s42,-1,0.0
1631344,bertopic,n30_c25_s42,34,1.0
1631698,bertopic,n30_c25_s42,53,1.0
1631752,bertopic,n30_c25_s42,17,0.5799977954126201
1632025,bertopic,n30_c25_s42,0,1.0
1633050,bertopic,n30_c25_s42,32,0.6315453397764703
1633094,bertopic,n30_c25_s42,0,1.0
1633144,bertopic,n30_c25_s42,32,0.8660754292068754
1633190,bertopic,n30_c25_s42,32,0.9861613859322113
1633362,bertopic,n30_c25_s42,7,0.46700910953807345
1633392,bertopic,n30_c25_s42,1,1.0
1633401,bertopic,n30_c25_s42,7,0.46700910953807345
1633413,bertopic,n30_c25_s42,32,1.0
1633448,bertopic,n30_c25_s42,0,0.8637867978336136
1634199,bertopic,n30_c25_s42,9,1.0
1634480,bertopic,n30_c25_s42,5,0.7094724828174839
1634535,bertopic,n30_c25_s42,0,1.0
1634924,bertopic,n30_c25_s42,5,1.0
1635457,bertopic,n30_c25_s42,24,0.47800768483231404
1635558,bertopic,n30_c25_s42,-1,0.0
1635802,bertopic,n30_c25_s42,5,1.0
1635844,bertopic,n30_c25_s42,20,0.6308560794847893
1635991,bertopic,n30_c25_s42,0,1.0
1636083,bertopic,n30_c25_s42,0,1.0
1636243,bertopic,n30_c25_s42,0,1.0
1636404,bertopic,n30_c25_s42,0,1.0
1636431,bertopic,n30_c25_s42,0,1.0
1636592,bertopic,n30_c25_s42,0,1.0
1636718,bertopic,n30_c25_s42,0,1.0
1636835,bertopic,n30_c25_s42,-1,0.0
1637154,bertopic,n30_c25_s42,-1,0.0
1637297,bertopic,n30_c25_s42,-1,0.0
1637388,bertopic,n30_c25_s42,-1,0.0
1637480,bertopic,n30_c25_s42,58,0.663069761214439
1637484,bertopic,n30_c25_s42,58,0.9215159217957496
1637670,bertopic,n30_c25_s42,9,0.5397943300049016
1637750,bertopic,n30_c25_s42,0,1.0
1637917,bertopic,n30_c25_s42,0,1.0
1637962,bertopic,n30_c25_s42,45,1.0
1638213,bertopic,n30_c25_s42,-1,0.0
1638474,bertopic,n30_c25_s42,0,0.45868015336448714
1638879,bertopic,n30_c25_s42,68,1.0
1640012,bertopic,n30_c25_s42,68,1.0
1641201,bertopic,n30_c25_s42,0,1.0
1641467,bertopic,n30_c25_s42,-1,0.0
1642038,bertopic,n30_c25_s42,6,0.633504550636105
1642741,bertopic,n30_c25_s42,52,0.6476744575930563
1642850,bertopic,n30_c25_s42,52,0.4939553643908213
1643225,bertopic,n30_c25_s42,21,0.33140669501144976
1643304,bertopic,n30_c25_s42,0,1.0
1643410,bertopic,n30_c25_s42,21,0.5388679669296588
1643593,bertopic,n30_c25_s42,28,1.0
1643672,bertopic,n30_c25_s42,28,1.0
1643689,bertopic,n30_c25_s42,28,1.0
1643801,bertopic,n30_c25_s42,27,0.5440745729109991
1643812,bertopic,n30_c25_s42,-1,0.0
1644104,bertopic,n30_c25_s42,21,1.0
1644107,bertopic,n30_c25_s42,52,0.7251640578117046
1644185,bertopic,n30_c25_s42,0,0.5382488383526756
1644238,bertopic,n30_c25_s42,21,1.0
1644289,bertopic,n30_c25_s42,53,1.0
1644777,bertopic,n30_c25_s42,40,1.0
1645053,bertopic,n30_c25_s42,45,1.0
1645255,bertopic,n30_c25_s42,22,0.129434425163912
1645318,bertopic,n30_c25_s42,22,0.11975388120593199
1645518,bertopic,n30_c25_s42,-1,0.0
1645809,bertopic,n30_c25_s42,30,0.9802793393604834
1645828,bertopic,n30_c25_s42,0,1.0
1645964,bertopic,n30_c25_s42,22,0.12162471656277395
1646059,bertopic,n30_c25_s42,1,1.0
1646133,bertopic,n30_c25_s42,18,0.4345502732110667
1647389,bertopic,n30_c25_s42,6,0.44999492207916253
1647652,bertopic,n30_c25_s42,18,0.4345502732110667
1647853,bertopic,n30_c25_s42,44,0.48069527955581576
1648054,bertopic,n30_c25_s42,1,1.0
1648219,bertopic,n30_c25_s42,18,0.4345502732110667
1648790,bertopic,n30_c25_s42,-1,0.0
1649210,bertopic,n30_c25_s42,1,1.0
1649646,bertopic,n30_c25_s42,12,1.0
1649970,bertopic,n30_c25_s42,-1,0.0
1650049,bertopic,n30_c25_s42,-1,0.0
1650196,bertopic,n30_c25_s42,0,1.0
1650249,bertopic,n30_c25_s42,1,1.0
1650886,bertopic,n30_c25_s42,42,1.0
1651326,bertopic,n30_c25_s42,21,1.0
1651339,bertopic,n30_c25_s42,21,1.0
1651505,bertopic,n30_c25_s42,21,0.30198296520131424
1651781,bertopic,n30_c25_s42,21,1.0
1651888,bertopic,n30_c25_s42,21,1.0
1651889,bertopic,n30_c25_s42,21,0.9616595739662771
1651902,bertopic,n30_c25_s42,21,1.0
1651924,bertopic,n30_c25_s42,21,1.0
1652591,bertopic,n30_c25_s42,0,0.6960403260284418
1653181,bertopic,n30_c25_s42,-1,0.0
1654123,bertopic,n30_c25_s42,43,1.0
1654397,bertopic,n30_c25_s42,12,0.8083227893891489
1654474,bertopic,n30_c25_s42,41,0.7247131204649706
1655065,bertopic,n30_c25_s42,7,0.8967766669268669
1655750,bertopic,n30_c25_s42,0,1.0
1656280,bertopic,n30_c25_s42,0,1.0
1656434,bertopic,n30_c25_s42,-1,0.0
1657720,bertopic,n30_c25_s42,4,0.6937571467372423
1658202,bertopic,n30_c25_s42,41,1.0
1658204,bertopic,n30_c25_s42,60,1.0
1660561,bertopic,n30_c25_s42,24,0.47800768483231404
1660628,bertopic,n30_c25_s42,-1,0.0
1661755,bertopic,n30_c25_s42,1,1.0
1662908,bertopic,n30_c25_s42,14,0.8140939735216893
1663598,bertopic,n30_c25_s42,0,1.0
1664651,bertopic,n30_c25_s42,-1,0.0
1664667,bertopic,n30_c25_s42,-1,0.0
1664914,bertopic,n30_c25_s42,11,0.5340689067037716
1665044,bertopic,n30_c25_s42,48,1.0
1665218,bertopic,n30_c25_s42,6,1.0
1666448,bertopic,n30_c25_s42,1,1.0
1666522,bertopic,n30_c25_s42,-1,0.0
1666592,bertopic,n30_c25_s42,7,0.41537217377005875
1666754,bertopic,n30_c25_s42,68,1.0
1667161,bertopic,n30_c25_s42,20,1.0
1669889,bertopic,n30_c25_s42,-1,0.0
1671510,bertopic,n30_c25_s42,36,0.8263190605423849
1673964,bertopic,n30_c25_s42,4,0.8535641038460765
1674689,bertopic,n30_c25_s42,67,0.9125720469756928
1676225,bertopic,n30_c25_s42,4,1.0
1676319,bertopic,n30_c25_s42,4,0.832458640934726
1676925,bertopic,n30_c25_s42,27,0.7702486279322434
1677219,bertopic,n30_c25_s42,23,1.0
1678071,bertopic,n30_c25_s42,-1,0.0
1679362,bertopic,n30_c25_s42,0,0.9040369541364914
1681379,bertopic,n30_c25_s42,10,0.3717927676145669
1682395,bertopic,n30_c25_s42,10,0.8811622510544957
1683078,bertopic,n30_c25_s42,4,1.0
1683091,bertopic,n30_c25_s42,16,0.9602716837192709
1683109,bertopic,n30_c25_s42,3,1.0
1683130,bertopic,n30_c25_s42,3,0.8164219214295206
1683707,bertopic,n30_c25_s42,-1,0.0
1684733,bertopic,n30_c25_s42,3,0.9480606832080224
1684815,bertopic,n30_c25_s42,-1,0.0
1685072,bertopic,n30_c25_s42,2,0.7405515387401128
1685266,bertopic,n30_c25_s42,39,1.0
1686021,bertopic,n30_c25_s42,-1,0.0
1686112,bertopic,n30_c25_s42,-1,0.0
1686355,bertopic,n30_c25_s42,14,1.0
1686518,bertopic,n30_c25_s42,50,0.582448963475871
1687000,bertopic,n30_c25_s42,10,0.37193287308103173
1687424,bertopic,n30_c25_s42,-1,0.0
1688112,bertopic,n30_c25_s42,15,0.46974704203260803
1689823,bertopic,n30_c25_s42,0,1.0
1690809,bertopic,n30_c25_s42,27,1.0
1691665,bertopic,n30_c25_s42,10,0.947235651589364
1691862,bertopic,n30_c25_s42,10,0.9259476198972391
1692560,bertopic,n30_c25_s42,-1,0.0
1693028,bertopic,n30_c25_s42,3,1.0
1693980,bertopic,n30_c25_s42,29,0.9377301538312306
1695724,bertopic,n30_c25_s42,10,0.37193287308103173
1697471,bertopic,n30_c25_s42,10,0.5032200397010329
1697669,bertopic,n30_c25_s42,6,1.0
1697963,bertopic,n30_c25_s42,29,0.6935394906017578
1698281,bertopic,n30_c25_s42,6,1.0
1698411,bertopic,n30_c25_s42,33,0.20289401644898175
1698475,bertopic,n30_c25_s42,3,1.0
1698981,bertopic,n30_c25_s42,8,0.8522865721906422
1699396,bertopic,n30_c25_s42,25,1.0
1699699,bertopic,n30_c25_s42,2,1.0
1699718,bertopic,n30_c25_s42,-1,0.0
1700125,bertopic,n30_c25_s42,16,0.8825268413529667
1700225,bertopic,n30_c25_s42,29,0.8888790399906038
1700548,bertopic,n30_c25_s42,6,1.0
1700627,bertopic,n30_c25_s42,10,0.6331664547190164
1700716,bertopic,n30_c25_s42,1,1.0
1701825,bertopic,n30_c25_s42,-1,0.0
1702604,bertopic,n30_c25_s42,10,0.7814117793055925
1702894,bertopic,n30_c25_s42,10,1.0
1703304,bertopic,n30_c25_s42,29,0.8511235640511419
1704668,bertopic,n30_c25_s42,16,0.6059771956651909
1704740,bertopic,n30_c25_s42,29,0.3216922595179161
1705265,bertopic,n30_c25_s42,56,0.9425572996060495
1705327,bertopic,n30_c25_s42,-1,0.0
1706168,bertopic,n30_c25_s42,69,0.9546926083043147
1706486,bertopic,n30_c25_s42,10,0.3717927676145669
1706496,bertopic,n30_c25_s42,3,1.0
1706540,bertopic,n30_c25_s42,5,1.0
1706737,bertopic,n30_c25_s42,29,0.34638495761210547
1707062,bertopic,n30_c25_s42,10,0.8185498198625629
1708593,bertopic,n30_c25_s42,5,1.0
1709044,bertopic,n30_c25_s42,3,0.8251572566300328
1709656,bertopic,n30_c25_s42,69,1.0
1709805,bertopic,n30_c25_s42,3,1.0
1709939,bertopic,n30_c25_s42,33,1.0
1710264,bertopic,n30_c25_s42,3,1.0
1710764,bertopic,n30_c25_s42,29,0.5887295196938921
1710933,bertopic,n30_c25_s42,16,0.509502917972608
1711239,bertopic,n30_c25_s42,29,0.6539770440741605
1711692,bertopic,n30_c25_s42,-1,0.0
1712207,bertopic,n30_c25_s42,-1,0.0
1712797,bertopic,n30_c25_s42,1,0.505309894426839
1713263,bertopic,n30_c25_s42,65,1.0
1714928,bertopic,n30_c25_s42,10,0.5947508897879835
1715015,bertopic,n30_c25_s42,10,0.5400374126062041
1715532,bertopic,n30_c25_s42,2,1.0
1715850,bertopic,n30_c25_s42,29,0.5117698223375513
1715958,bertopic,n30_c25_s42,10,0.825787724454977
1716332,bertopic,n30_c25_s42,3,1.0
1717227,bertopic,n30_c25_s42,-1,0.0
1717561,bertopic,n30_c25_s42,10,1.0
1718260,bertopic,n30_c25_s42,25,1.0
1718954,bertopic,n30_c25_s42,29,0.9819732357085179
1719182,bertopic,n30_c25_s42,-1,0.0
1719361,bertopic,n30_c25_s42,44,0.5392178261538173
1719455,bertopic,n30_c25_s42,3,0.849011469307223
1719954,bertopic,n30_c25_s42,29,0.7949305192331151
1720340,bertopic,n30_c25_s42,29,0.5452887335881909
1720393,bertopic,n30_c25_s42,69,1.0
1722098,bertopic,n30_c25_s42,59,1.0
1722301,bertopic,n30_c25_s42,16,0.3611155733505745
1723071,bertopic,n30_c25_s42,3,0.8943903960671434
1723124,bertopic,n30_c25_s42,-1,0.0
1723294,bertopic,n30_c25_s42,14,0.41587983179266996
1724660,bertopic,n30_c25_s42,10,0.37193287308103173
1725087,bertopic,n30_c25_s42,29,0.8078402489550105
1725177,bertopic,n30_c25_s42,10,0.37193287308103173
1726786,bertopic,n30_c25_s42,10,0.7233286534003293
1727314,bertopic,n30_c25_s42,16,1.0
1727348,bertopic,n30_c25_s42,29,0.24632267503543914
1727748,bertopic,n30_c25_s42,5,0.5412769442375686
1728274,bertopic,n30_c25_s42,-1,0.0
1728370,bertopic,n30_c25_s42,-1,0.0
1728791,bertopic,n30_c25_s42,-1,0.0
1729194,bertopic,n30_c25_s42,-1,0.0
1731850,bertopic,n30_c25_s42,-1,0.0
1732329,bertopic,n30_c25_s42,25,1.0
1732611,bertopic,n30_c25_s42,33,1.0
1733429,bertopic,n30_c25_s42,0,1.0
1733690,bertopic,n30_c25_s42,29,0.46802743590218304
1734395,bertopic,n30_c25_s42,-1,0.0
1734997,bertopic,n30_c25_s42,69,1.0
1737105,bertopic,n30_c25_s42,9,0.2299831168120273
1737159,bertopic,n30_c25_s42,29,0.7427547788287993
1737367,bertopic,n30_c25_s42,3,1.0
1738246,bertopic,n30_c25_s42,10,1.0
1739309,bertopic,n30_c25_s42,29,1.0
1740679,bertopic,n30_c25_s42,58,1.0
1740693,bertopic,n30_c25_s42,9,0.22513490477855838
1741399,bertopic,n30_c25_s42,69,1.0
1743180,bertopic,n30_c25_s42,-1,0.0
1743215,bertopic,n30_c25_s42,33,0.36200257805316494
1743803,bertopic,n30_c25_s42,3,1.0
1745237,bertopic,n30_c25_s42,10,0.4217851394162204
1745303,bertopic,n30_c25_s42,10,0.3717927676145669
1745896,bertopic,n30_c25_s42,0,1.0
1745972,bertopic,n30_c25_s42,26,0.6750531872487815
1746476,bertopic,n30_c25_s42,29,1.0
1746753,bertopic,n30_c25_s42,-1,0.0
1747022,bertopic,n30_c25_s42,0,1.0
1747741,bertopic,n30_c25_s42,-1,0.0
1748179,bertopic,n30_c25_s42,-1,0.0
1748483,bertopic,n30_c25_s42,16,0.33774140143224
1748926,bertopic,n30_c25_s42,-1,0.0
1749111,bertopic,n30_c25_s42,5,1.0
1749433,bertopic,n30_c25_s42,56,0.7385846849380848
1749525,bertopic,n30_c25_s42,3,1.0
1749569,bertopic,n30_c25_s42,5,1.0
1749755,bertopic,n30_c25_s42,3,0.9075272615117645
1749859,bertopic,n30_c25_s42,3,0.8965773998853344
1749863,bertopic,n30_c25_s42,3,1.0
1750089,bertopic,n30_c25_s42,69,1.0
1750589,bertopic,n30_c25_s42,15,0.3717746816399467
1750711,bertopic,n30_c25_s42,56,0.9634056969900999
1750919,bertopic,n30_c25_s42,4,1.0
1750939,bertopic,n30_c25_s42,16,1.0
1751352,bertopic,n30_c25_s42,69,1.0
1752783,bertopic,n30_c25_s42,2,1.0
1753410,bertopic,n30_c25_s42,59,0.6528628833322134
1754216,bertopic,n30_c25_s42,5,1.0
1756841,bertopic,n30_c25_s42,1,1.0
1757662,bertopic,n30_c25_s42,49,0.668973414160848
1757765,bertopic,n30_c25_s42,29,0.2850753614562167
1757933,bertopic,n30_c25_s42,16,0.9740134823977732
1759498,bertopic,n30_c25_s42,29,0.5132415899485024
1759830,bertopic,n30_c25_s42,29,1.0
1759873,bertopic,n30_c25_s42,29,1.0
1760552,bertopic,n30_c25_s42,16,1.0
1761953,bertopic,n30_c25_s42,10,0.9779660462749414
1762654,bertopic,n30_c25_s42,29,0.6911442567330979
1762824,bertopic,n30_c25_s42,56,0.9672918696400401
1762994,bertopic,n30_c25_s42,34,0.16840614764108733
1763439,bertopic,n30_c25_s42,29,0.8649690544099063
1764269,bertopic,n30_c25_s42,23,0.7618754412656162
1765393,bertopic,n30_c25_s42,29,1.0
1765897,bertopic,n30_c25_s42,15,0.4870456212721658
1765978,bertopic,n30_c25_s42,29,1.0
1766021,bertopic,n30_c25_s42,15,1.0
1766529,bertopic,n30_c25_s42,3,1.0
1766769,bertopic,n30_c25_s42,69,1.0
1766969,bertopic,n30_c25_s42,36,1.0
1767208,bertopic,n30_c25_s42,16,0.6543590722229059
1767405,bertopic,n30_c25_s42,1,1.0
1767580,bertopic,n30_c25_s42,3,1.0
1768327,bertopic,n30_c25_s42,3,0.9937681001292247
1768788,bertopic,n30_c25_s42,69,1.0
1769257,bertopic,n30_c25_s42,16,1.0
1769738,bertopic,n30_c25_s42,2,0.9081442961712346
1770600,bertopic,n30_c25_s42,29,1.0
1770622,bertopic,n30_c25_s42,1,1.0
1771324,bertopic,n30_c25_s42,3,0.9581818766806911
1771782,bertopic,n30_c25_s42,29,1.0
1772764,bertopic,n30_c25_s42,29,1.0
1772835,bertopic,n30_c25_s42,10,0.7122064696276886
1772931,bertopic,n30_c25_s42,16,1.0
1773425,bertopic,n30_c25_s42,69,1.0
1774287,bertopic,n30_c25_s42,69,1.0
1774660,bertopic,n30_c25_s42,29,1.0
1774761,bertopic,n30_c25_s42,16,1.0
1774912,bertopic,n30_c25_s42,-1,0.0
1775048,bertopic,n30_c25_s42,69,1.0
1775531,bertopic,n30_c25_s42,16,1.0
1777220,bertopic,n30_c25_s42,24,1.0
1777819,bertopic,n30_c25_s42,3,1.0
1778040,bertopic,n30_c25_s42,16,0.7475811691818622
1778220,bertopic,n30_c25_s42,0,0.5674162187078615
1778534,bertopic,n30_c25_s42,29,1.0
1779124,bertopic,n30_c25_s42,69,1.0
1780784,bertopic,n30_c25_s42,16,1.0
1780870,bertopic,n30_c25_s42,29,0.5745812649239799
1781369,bertopic,n30_c25_s42,69,1.0
1781371,bertopic,n30_c25_s42,5,1.0
1781465,bertopic,n30_c25_s42,-1,0.0
1781567,bertopic,n30_c25_s42,-1,0.0
1781757,bertopic,n30_c25_s42,28,1.0
1782449,bertopic,n30_c25_s42,-1,0.0
1782773,bertopic,n30_c25_s42,23,0.7372004384531716
1782894,bertopic,n30_c25_s42,69,1.0
1783088,bertopic,n30_c25_s42,3,1.0
1783472,bertopic,n30_c25_s42,59,0.914256459620259
1784023,bertopic,n30_c25_s42,69,1.0
1784510,bertopic,n30_c25_s42,-1,0.0
1786605,bertopic,n30_c25_s42,0,1.0
1786860,bertopic,n30_c25_s42,1,1.0
1787190,bertopic,n30_c25_s42,29,0.8124073728618617
1787369,bertopic,n30_c25_s42,69,1.0
1787402,bertopic,n30_c25_s42,69,1.0
1788046,bertopic,n30_c25_s42,69,1.0
1788210,bertopic,n30_c25_s42,29,0.7139270912943393
1788249,bertopic,n30_c25_s42,3,1.0
1788658,bertopic,n30_c25_s42,29,1.0
1788669,bertopic,n30_c25_s42,16,0.6790576135400468
1788823,bertopic,n30_c25_s42,16,0.5499052581552063
1789010,bertopic,n30_c25_s42,3,1.0
1789341,bertopic,n30_c25_s42,29,1.0
1790219,bertopic,n30_c25_s42,23,0.7618754412656162
1790464,bertopic,n30_c25_s42,-1,0.0
1790795,bertopic,n30_c25_s42,3,1.0
1792141,bertopic,n30_c25_s42,8,1.0
1792754,bertopic,n30_c25_s42,3,1.0
1793048,bertopic,n30_c25_s42,29,1.0
1793349,bertopic,n30_c25_s42,8,0.974997254269931
1793500,bertopic,n30_c25_s42,-1,0.0
1793650,bertopic,n30_c25_s42,29,1.0
1794330,bertopic,n30_c25_s42,-1,0.0
1794525,bertopic,n30_c25_s42,23,0.6931008069100917
1794830,bertopic,n30_c25_s42,3,0.8556837480138142
1794940,bertopic,n30_c25_s42,1,0.8494174079526124
1795442,bertopic,n30_c25_s42,16,0.9557336214186706
1795528,bertopic,n30_c25_s42,16,0.9556157546976889
1795592,bertopic,n30_c25_s42,4,1.0
1795901,bertopic,n30_c25_s42,2,0.9081442961712346
1796159,bertopic,n30_c25_s42,69,1.0
1796275,bertopic,n30_c25_s42,36,1.0
1797065,bertopic,n30_c25_s42,-1,0.0
1797180,bertopic,n30_c25_s42,48,1.0
1797356,bertopic,n30_c25_s42,23,1.0
1798409,bertopic,n30_c25_s42,64,1.0
1798748,bertopic,n30_c25_s42,38,0.8366049780239685
1799072,bertopic,n30_c25_s42,4,1.0
1799196,bertopic,n30_c25_s42,17,0.5799977954126201
1799623,bertopic,n30_c25_s42,23,0.7618754412656162
1800294,bertopic,n30_c25_s42,3,0.8388025148562294
1800390,bertopic,n30_c25_s42,69,1.0
1801977,bertopic,n30_c25_s42,64,1.0
1802483,bertopic,n30_c25_s42,36,1.0
1803579,bertopic,n30_c25_s42,29,0.9795113425661682
1803645,bertopic,n30_c25_s42,3,0.9616247480170449
1804034,bertopic,n30_c25_s42,10,0.9393085740377208
1804666,bertopic,n30_c25_s42,1,1.0
1804998,bertopic,n30_c25_s42,-1,0.0
1805507,bertopic,n30_c25_s42,64,0.31539557431406906
1806946,bertopic,n30_c25_s42,-1,0.0
1807432,bertopic,n30_c25_s42,-1,0.0
1807741,bertopic,n30_c25_s42,-1,0.0
1808525,bertopic,n30_c25_s42,64,0.9270583405629828
1808878,bertopic,n30_c25_s42,3,1.0
1809279,bertopic,n30_c25_s42,64,1.0
1809745,bertopic,n30_c25_s42,29,1.0
1810050,bertopic,n30_c25_s42,3,1.0
1811161,bertopic,n30_c25_s42,-1,0.0
1811551,bertopic,n30_c25_s42,64,0.6299658500135173
1812418,bertopic,n30_c25_s42,3,1.0
1812560,bertopic,n30_c25_s42,3,1.0
1812849,bertopic,n30_c25_s42,6,0.7727583897824928
1812942,bertopic,n30_c25_s42,-1,0.0
1814127,bertopic,n30_c25_s42,64,1.0
1814492,bertopic,n30_c25_s42,29,1.0
1814823,bertopic,n30_c25_s42,-1,0.0
1814857,bertopic,n30_c25_s42,64,1.0
1815057,bertopic,n30_c25_s42,64,1.0
1815347,bertopic,n30_c25_s42,0,1.0
1816307,bertopic,n30_c25_s42,64,1.0
1816824,bertopic,n30_c25_s42,3,1.0
1817789,bertopic,n30_c25_s42,64,1.0
1817911,bertopic,n30_c25_s42,64,1.0
1819002,bertopic,n30_c25_s42,64,1.0
1819063,bertopic,n30_c25_s42,8,1.0
1819183,bertopic,n30_c25_s42,64,1.0
1819282,bertopic,n30_c25_s42,59,0.40596505829593443
1819310,bertopic,n30_c25_s42,64,1.0
1819353,bertopic,n30_c25_s42,3,1.0
1819427,bertopic,n30_c25_s42,64,1.0
1819806,bertopic,n30_c25_s42,64,1.0
1819857,bertopic,n30_c25_s42,64,1.0
1821007,bertopic,n30_c25_s42,64,1.0
1821156,bertopic,n30_c25_s42,64,1.0
1821596,bertopic,n30_c25_s42,6,0.19472600883482155
1824215,bertopic,n30_c25_s42,64,0.1917604582730261
1824347,bertopic,n30_c25_s42,64,1.0
1824634,bertopic,n30_c25_s42,64,1.0
1825156,bertopic,n30_c25_s42,64,1.0
1826482,bertopic,n30_c25_s42,64,1.0
1828952,bertopic,n30_c25_s42,3,0.9502916176456221
1828997,bertopic,n30_c25_s42,29,0.897699878640058
1829044,bertopic,n30_c25_s42,16,1.0
1829612,bertopic,n30_c25_s42,64,1.0
1830227,bertopic,n30_c25_s42,64,1.0
1832511,bertopic,n30_c25_s42,48,0.7445527923269017
1833174,bertopic,n30_c25_s42,10,0.9970174695897092
1833629,bertopic,n30_c25_s42,-1,0.0
1833849,bertopic,n30_c25_s42,36,0.8263190605423849
1834610,bertopic,n30_c25_s42,7,0.46700910953807345
1835823,bertopic,n30_c25_s42,-1,0.0
1836084,bertopic,n30_c25_s42,-1,0.0
1837582,bertopic,n30_c25_s42,64,1.0
1838801,bertopic,n30_c25_s42,64,0.13199668952704746
1839338,bertopic,n30_c25_s42,64,1.0
1840067,bertopic,n30_c25_s42,-1,0.0
1840353,bertopic,n30_c25_s42,1,1.0
1841915,bertopic,n30_c25_s42,29,0.48578561840537043
1844676,bertopic,n30_c25_s42,29,0.5970531947864464
1846581,bertopic,n30_c25_s42,16,0.9013351683762661
1848894,bertopic,n30_c25_s42,43,1.0
1849673,bertopic,n30_c25_s42,-1,0.0
1850279,bertopic,n30_c25_s42,4,1.0
1850586,bertopic,n30_c25_s42,-1,0.0
1850605,bertopic,n30_c25_s42,24,0.46914203467667054
1850613,bertopic,n30_c25_s42,58,1.0
1850656,bertopic,n30_c25_s42,62,1.0
1850658,bertopic,n30_c25_s42,-1,0.0
1850698,bertopic,n30_c25_s42,-1,0.0
1850775,bertopic,n30_c25_s42,1,0.9753855308371578
1850805,bertopic,n30_c25_s42,29,1.0
1852817,bertopic,n30_c25_s42,69,1.0
1853776,bertopic,n30_c25_s42,0,1.0
1854231,bertopic,n30_c25_s42,1,1.0
1854565,bertopic,n30_c25_s42,31,0.10826409892278382
1855730,bertopic,n30_c25_s42,58,1.0
1857855,bertopic,n30_c25_s42,3,0.9099758505338046
1859703,bertopic,n30_c25_s42,16,0.6138254730888307
1859873,bertopic,n30_c25_s42,1,0.9753855308371578
1859986,bertopic,n30_c25_s42,29,1.0
1861945,bertopic,n30_c25_s42,16,0.7870846257634215
1864354,bertopic,n30_c25_s42,-1,0.0
1864798,bertopic,n30_c25_s42,1,1.0
1877554,bertopic,n30_c25_s42,14,0.938155166553835
1877561,bertopic,n30_c25_s42,10,1.0
1878318,bertopic,n30_c25_s42,-1,0.0
1882764,bertopic,n30_c25_s42,10,1.0
1887908,bertopic,n30_c25_s42,0,1.0
1898150,bertopic,n30_c25_s42,16,1.0
1903287,bertopic,n30_c25_s42,69,1.0
1903507,bertopic,n30_c25_s42,-1,0.0
1909651,bertopic,n30_c25_s42,33,1.0
1910159,bertopic,n30_c25_s42,7,0.8538163112325042
1910233,bertopic,n30_c25_s42,10,0.3717927676145669
1910817,bertopic,n30_c25_s42,-1,0.0
1911320,bertopic,n30_c25_s42,10,0.3717927676145669
1911491,bertopic,n30_c25_s42,1,1.0
1911514,bertopic,n30_c25_s42,10,0.3717927676145669
1912688,bertopic,n30_c25_s42,55,1.0
1912825,bertopic,n30_c25_s42,0,1.0
1913064,bertopic,n30_c25_s42,-1,0.0
1913151,bertopic,n30_c25_s42,0,1.0
1913394,bertopic,n30_c25_s42,33,0.17575553260024157
1913513,bertopic,n30_c25_s42,0,1.0
1913582,bertopic,n30_c25_s42,0,1.0
1914067,bertopic,n30_c25_s42,28,1.0
1914123,bertopic,n30_c25_s42,27,1.0
1914502,bertopic,n30_c25_s42,-1,0.0
1914556,bertopic,n30_c25_s42,37,0.3234948867530704
1914857,bertopic,n30_c25_s42,14,1.0
1914916,bertopic,n30_c25_s42,27,0.8577540682696239
1914999,bertopic,n30_c25_s42,10,0.9235660958489312
1915075,bertopic,n30_c25_s42,14,0.8579259022427855
1915304,bertopic,n30_c25_s42,28,1.0
1915804,bertopic,n30_c25_s42,0,1.0
1916053,bertopic,n30_c25_s42,38,1.0
1916441,bertopic,n30_c25_s42,10,0.37193287308103173
1917032,bertopic,n30_c25_s42,10,0.37193287308103173
1917329,bertopic,n30_c25_s42,14,0.4819497528320691
1917366,bertopic,n30_c25_s42,1,1.0
1917376,bertopic,n30_c25_s42,25,1.0
1917392,bertopic,n30_c25_s42,25,1.0
1917662,bertopic,n30_c25_s42,25,0.4357516118270017
1917921,bertopic,n30_c25_s42,15,0.46974704203260803
1918072,bertopic,n30_c25_s42,-1,0.0
1918118,bertopic,n30_c25_s42,10,0.37193287308103173
1918149,bertopic,n30_c25_s42,1,1.0
1919027,bertopic,n30_c25_s42,14,1.0
1919141,bertopic,n30_c25_s42,-1,0.0
1919384,bertopic,n30_c25_s42,14,0.4819497528320691
1919642,bertopic,n30_c25_s42,5,0.9603595973011588
1919898,bertopic,n30_c25_s42,2,1.0
1920049,bertopic,n30_c25_s42,-1,0.0
1920139,bertopic,n30_c25_s42,-1,0.0
1920344,bertopic,n30_c25_s42,23,0.7035223058150512
1920462,bertopic,n30_c25_s42,23,0.9248614232234816
1920552,bertopic,n30_c25_s42,0,1.0
1920614,bertopic,n30_c25_s42,2,1.0
1920979,bertopic,n30_c25_s42,2,1.0
1921087,bertopic,n30_c25_s42,-1,0.0
1921245,bertopic,n30_c25_s42,2,0.7405515387401128
1921288,bertopic,n30_c25_s42,2,1.0
1921294,bertopic,n30_c25_s42,2,1.0
1921486,bertopic,n30_c25_s42,2,0.7541908523286759
1921595,bertopic,n30_c25_s42,2,1.0
1921610,bertopic,n30_c25_s42,14,0.313865679392203
1921687,bertopic,n30_c25_s42,2,1.0
1921781,bertopic,n30_c25_s42,2,1.0
1921794,bertopic,n30_c25_s42,2,0.7405515387401128
1921824,bertopic,n30_c25_s42,29,0.36778884620124946
1921913,bertopic,n30_c25_s42,9,0.4268065981099788
1922057,bertopic,n30_c25_s42,2,1.0
1922173,bertopic,n30_c25_s42,1,1.0
1922205,bertopic,n30_c25_s42,2,0.7405515387401128
1922459,bertopic,n30_c25_s42,15,0.6600557375991079
1922629,bertopic,n30_c25_s42,2,0.8412357052096986
1922795,bertopic,n30_c25_s42,5,1.0
1922828,bertopic,n30_c25_s42,6,1.0
1922977,bertopic,n30_c25_s42,5,1.0
1923009,bertopic,n30_c25_s42,5,1.0
1923146,bertopic,n30_c25_s42,2,1.0
1923374,bertopic,n30_c25_s42,5,1.0
1923479,bertopic,n30_c25_s42,2,1.0
1923644,bertopic,n30_c25_s42,2,0.8606993166448799
1923697,bertopic,n30_c25_s42,2,1.0
1924497,bertopic,n30_c25_s42,-1,0.0
1924855,bertopic,n30_c25_s42,5,1.0
1924864,bertopic,n30_c25_s42,2,1.0
1925034,bertopic,n30_c25_s42,5,0.4752904190808425
1925150,bertopic,n30_c25_s42,2,1.0
1925327,bertopic,n30_c25_s42,2,1.0
1925452,bertopic,n30_c25_s42,5,0.4752904190808425
1925613,bertopic,n30_c25_s42,-1,0.0
1927157,bertopic,n30_c25_s42,5,1.0
1927201,bertopic,n30_c25_s42,2,0.9655454460572196
1927890,bertopic,n30_c25_s42,-1,0.0
1928474,bertopic,n30_c25_s42,49,1.0
1928645,bertopic,n30_c25_s42,14,0.7276249748937504
1928724,bertopic,n30_c25_s42,49,1.0
1929485,bertopic,n30_c25_s42,0,1.0
1929633,bertopic,n30_c25_s42,49,0.29850102801579737
1929760,bertopic,n30_c25_s42,2,1.0
1929763,bertopic,n30_c25_s42,2,1.0
1929767,bertopic,n30_c25_s42,2,1.0
1929768,bertopic,n30_c25_s42,2,0.9081442961712346
1930608,bertopic,n30_c25_s42,1,1.0
1931300,bertopic,n30_c25_s42,0,1.0
1931498,bertopic,n30_c25_s42,-1,0.0
1931996,bertopic,n30_c25_s42,48,0.668874047673865
1936683,bertopic,n30_c25_s42,31,0.10826409892278382
1945070,bertopic,n30_c25_s42,46,1.0
1945313,bertopic,n30_c25_s42,51,1.0
1945319,bertopic,n30_c25_s42,20,0.5948841025409127
1945374,bertopic,n30_c25_s42,3,0.9182281532729779
1945392,bertopic,n30_c25_s42,-1,0.0
1945405,bertopic,n30_c25_s42,9,0.3805440012964935
1945418,bertopic,n30_c25_s42,62,1.0
1945429,bertopic,n30_c25_s42,1,1.0
1945490,bertopic,n30_c25_s42,1,0.9087716432169606
1945530,bertopic,n30_c25_s42,4,1.0
1945546,bertopic,n30_c25_s42,-1,0.0
1945567,bertopic,n30_c25_s42,47,1.0
1945611,bertopic,n30_c25_s42,51,1.0
1945733,bertopic,n30_c25_s42,-1,0.0
1946223,bertopic,n30_c25_s42,9,0.17387990786044696
1947980,bertopic,n30_c25_s42,1,1.0
1948740,bertopic,n30_c25_s42,-1,0.0
1948741,bertopic,n30_c25_s42,-1,0.0
1949482,bertopic,n30_c25_s42,66,1.0
1949955,bertopic,n30_c25_s42,-1,0.0
1950075,bertopic,n30_c25_s42,15,0.5144594072075581
1950644,bertopic,n30_c25_s42,3,0.9545057606203089
1951609,bertopic,n30_c25_s42,18,0.5483346326587999
1951771,bertopic,n30_c25_s42,50,1.0
1952739,bertopic,n30_c25_s42,-1,0.0
1953711,bertopic,n30_c25_s42,10,1.0
1955309,bertopic,n30_c25_s42,34,1.0
1957301,bertopic,n30_c25_s42,-1,0.0
1960077,bertopic,n30_c25_s42,-1,0.0
1964448,bertopic,n30_c25_s42,7,0.5786941558242326
1965386,bertopic,n30_c25_s42,3,0.8908539575520641
1967155,bertopic,n30_c25_s42,18,1.0
1967951,bertopic,n30_c25_s42,4,1.0
1970492,bertopic,n30_c25_s42,53,1.0
1970500,bertopic,n30_c25_s42,53,1.0
1970785,bertopic,n30_c25_s42,40,1.0
1971369,bertopic,n30_c25_s42,10,0.3717927676145669
1975413,bertopic,n30_c25_s42,-1,0.0
1976203,bertopic,n30_c25_s42,-1,0.0
1977473,bertopic,n30_c25_s42,1,1.0
1977542,bertopic,n30_c25_s42,1,1.0
1978978,bertopic,n30_c25_s42,4,0.832458640934726
1980594,bertopic,n30_c25_s42,-1,0.0
1983301,bertopic,n30_c25_s42,20,0.5948841025409127
1985714,bertopic,n30_c25_s42,55,1.0
1985731,bertopic,n30_c25_s42,59,0.9152171533328088
1986698,bertopic,n30_c25_s42,55,1.0
1987308,bertopic,n30_c25_s42,3,0.9576369154117433
1987373,bertopic,n30_c25_s42,0,1.0
1987812,bertopic,n30_c25_s42,3,0.9545057606203089
1987816,bertopic,n30_c25_s42,0,1.0
1988414,bertopic,n30_c25_s42,0,1.0
1988762,bertopic,n30_c25_s42,0,1.0
1988873,bertopic,n30_c25_s42,66,1.0
1988877,bertopic,n30_c25_s42,66,1.0
1989809,bertopic,n30_c25_s42,0,1.0
1989941,bertopic,n30_c25_s42,3,0.8870960680083521
1990045,bertopic,n30_c25_s42,-1,0.0
1991285,bertopic,n30_c25_s42,0,1.0
1991332,bertopic,n30_c25_s42,3,1.0
1991560,bertopic,n30_c25_s42,8,0.7911004490821596
1991578,bertopic,n30_c25_s42,-1,0.0
1991582,bertopic,n30_c25_s42,20,0.5267404170477582
1991685,bertopic,n30_c25_s42,-1,0.0
1991804,bertopic,n30_c25_s42,3,1.0
1992116,bertopic,n30_c25_s42,0,1.0
1992590,bertopic,n30_c25_s42,-1,0.0
1993112,bertopic,n30_c25_s42,-1,0.0
1993759,bertopic,n30_c25_s42,14,0.3547074730684994
1993811,bertopic,n30_c25_s42,11,0.36563196414809357
1994088,bertopic,n30_c25_s42,66,1.0
1994200,bertopic,n30_c25_s42,-1,0.0
1994540,bertopic,n30_c25_s42,3,1.0
1994982,bertopic,n30_c25_s42,1,1.0
1995093,bertopic,n30_c25_s42,-1,0.0
1996158,bertopic,n30_c25_s42,29,1.0
1996364,bertopic,n30_c25_s42,51,1.0
1997760,bertopic,n30_c25_s42,14,0.3689100348439284
1997762,bertopic,n30_c25_s42,14,0.5117059770177097
1997763,bertopic,n30_c25_s42,5,0.4271900091735407
1998455,bertopic,n30_c25_s42,4,1.0
1998813,bertopic,n30_c25_s42,6,1.0
1998814,bertopic,n30_c25_s42,6,1.0
1998925,bertopic,n30_c25_s42,0,1.0
1998992,bertopic,n30_c25_s42,0,0.659268889946776
1999136,bertopic,n30_c25_s42,0,1.0
1999406,bertopic,n30_c25_s42,19,0.29016240674465094
1999413,bertopic,n30_c25_s42,-1,0.0
1999416,bertopic,n30_c25_s42,-1,0.0
1999419,bertopic,n30_c25_s42,2,1.0
1999799,bertopic,n30_c25_s42,66,1.0
1999800,bertopic,n30_c25_s42,66,1.0
1999902,bertopic,n30_c25_s42,24,1.0
1999907,bertopic,n30_c25_s42,-1,0.0
2000287,bertopic,n30_c25_s42,0,1.0
2000408,bertopic,n30_c25_s42,10,0.4298842002888547
2001063,bertopic,n30_c25_s42,18,1.0
2001078,bertopic,n30_c25_s42,18,1.0
2001263,bertopic,n30_c25_s42,14,1.0
2002133,bertopic,n30_c25_s42,10,1.0
2002376,bertopic,n30_c25_s42,0,0.9452184472996475
2002387,bertopic,n30_c25_s42,3,0.9890710562828167
2003038,bertopic,n30_c25_s42,14,0.8906996426408963
2003363,bertopic,n30_c25_s42,0,0.7552167963964457
2003965,bertopic,n30_c25_s42,56,1.0
2005390,bertopic,n30_c25_s42,-1,0.0
2007388,bertopic,n30_c25_s42,-1,0.0
2007389,bertopic,n30_c25_s42,3,1.0
2007445,bertopic,n30_c25_s42,38,1.0
2007592,bertopic,n30_c25_s42,4,1.0
2007707,bertopic,n30_c25_s42,0,1.0
2008279,bertopic,n30_c25_s42,3,1.0
2009227,bertopic,n30_c25_s42,20,0.6336339654832304
2009404,bertopic,n30_c25_s42,4,1.0
2009473,bertopic,n30_c25_s42,-1,0.0
2009559,bertopic,n30_c25_s42,-1,0.0
2011091,bertopic,n30_c25_s42,11,0.48300019282772244
2011679,bertopic,n30_c25_s42,4,1.0
2013225,bertopic,n30_c25_s42,54,1.0
2013501,bertopic,n30_c25_s42,4,1.0
2013569,bertopic,n30_c25_s42,55,0.9461695175719265
2014497,bertopic,n30_c25_s42,-1,0.0
2014759,bertopic,n30_c25_s42,10,0.9194368004214863
2015012,bertopic,n30_c25_s42,3,1.0
2015030,bertopic,n30_c25_s42,1,1.0
2015337,bertopic,n30_c25_s42,66,1.0
2015402,bertopic,n30_c25_s42,4,1.0
2015579,bertopic,n30_c25_s42,1,1.0
2015581,bertopic,n30_c25_s42,-1,0.0
2015910,bertopic,n30_c25_s42,25,0.7937214294729318
2016180,bertopic,n30_c25_s42,-1,0.0
2017225,bertopic,n30_c25_s42,20,0.5948841025409127
2017594,bertopic,n30_c25_s42,4,1.0
2017937,bertopic,n30_c25_s42,14,0.4530379060850194
2017938,bertopic,n30_c25_s42,25,1.0
2017939,bertopic,n30_c25_s42,25,1.0
2019441,bertopic,n30_c25_s42,24,0.5360153751627759
2019516,bertopic,n30_c25_s42,1,1.0
2021619,bertopic,n30_c25_s42,5,1.0
2021983,bertopic,n30_c25_s42,0,1.0
2022527,bertopic,n30_c25_s42,-1,0.0
2023244,bertopic,n30_c25_s42,2,1.0
2023474,bertopic,n30_c25_s42,5,1.0
2024007,bertopic,n30_c25_s42,5,1.0
2024008,bertopic,n30_c25_s42,5,1.0
2024011,bertopic,n30_c25_s42,5,1.0
2024174,bertopic,n30_c25_s42,35,0.7024543526408088
2024289,bertopic,n30_c25_s42,66,1.0
2024401,bertopic,n30_c25_s42,-1,0.0
2024482,bertopic,n30_c25_s42,12,0.5337530653057383
2024509,bertopic,n30_c25_s42,2,1.0
2024682,bertopic,n30_c25_s42,29,0.26686058284998626
2025132,bertopic,n30_c25_s42,-1,0.0
2025463,bertopic,n30_c25_s42,2,1.0
2026211,bertopic,n30_c25_s42,-1,0.0
2028370,bertopic,n30_c25_s42,63,1.0
2028405,bertopic,n30_c25_s42,-1,0.0
2028568,bertopic,n30_c25_s42,-1,0.0
2028611,bertopic,n30_c25_s42,18,0.9798223040264042
2028764,bertopic,n30_c25_s42,41,1.0
2029014,bertopic,n30_c25_s42,66,1.0
2029290,bertopic,n30_c25_s42,2,0.9810034756301174
2029717,bertopic,n30_c25_s42,11,1.0
2029718,bertopic,n30_c25_s42,11,1.0
2030076,bertopic,n30_c25_s42,32,0.904189431124071
2030240,bertopic,n30_c25_s42,18,0.7358991737349896
2030242,bertopic,n30_c25_s42,18,1.0
2030261,bertopic,n30_c25_s42,-1,0.0
2031168,bertopic,n30_c25_s42,4,1.0
2031195,bertopic,n30_c25_s42,8,1.0
2031196,bertopic,n30_c25_s42,-1,0.0
2031472,bertopic,n30_c25_s42,66,1.0
2031482,bertopic,n30_c25_s42,2,1.0
2031483,bertopic,n30_c25_s42,11,1.0
2031486,bertopic,n30_c25_s42,5,1.0
2032150,bertopic,n30_c25_s42,2,1.0
2032154,bertopic,n30_c25_s42,23,0.7488751384031398
2032266,bertopic,n30_c25_s42,2,1.0
2033352,bertopic,n30_c25_s42,6,1.0
2033927,bertopic,n30_c25_s42,1,1.0
2034218,bertopic,n30_c25_s42,66,1.0
2034219,bertopic,n30_c25_s42,66,1.0
2034220,bertopic,n30_c25_s42,66,1.0
2034376,bertopic,n30_c25_s42,7,0.3902002520662026
2034377,bertopic,n30_c25_s42,40,1.0
2034608,bertopic,n30_c25_s42,35,0.547586839526998
2035212,bertopic,n30_c25_s42,4,0.9897161671454736
2035473,bertopic,n30_c25_s42,35,1.0
2036373,bertopic,n30_c25_s42,0,1.0
2036375,bertopic,n30_c25_s42,-1,0.0
2036922,bertopic,n30_c25_s42,2,1.0
2036923,bertopic,n30_c25_s42,-1,0.0
2036924,bertopic,n30_c25_s42,5,1.0
2037033,bertopic,n30_c25_s42,1,1.0
2037304,bertopic,n30_c25_s42,41,1.0
2038117,bertopic,n30_c25_s42,39,1.0
2038130,bertopic,n30_c25_s42,39,1.0
2038366,bertopic,n30_c25_s42,-1,0.0
2038672,bertopic,n30_c25_s42,2,1.0
2039029,bertopic,n30_c25_s42,66,1.0
2039030,bertopic,n30_c25_s42,66,1.0
2039035,bertopic,n30_c25_s42,66,1.0
2039173,bertopic,n30_c25_s42,39,1.0
2039175,bertopic,n30_c25_s42,39,0.6780851841121521
2039530,bertopic,n30_c25_s42,2,1.0
2039950,bertopic,n30_c25_s42,2,1.0
2039969,bertopic,n30_c25_s42,5,0.4752904190808425
2040358,bertopic,n30_c25_s42,18,1.0
2040360,bertopic,n30_c25_s42,18,0.95783627335015
2040363,bertopic,n30_c25_s42,-1,0.0
2040365,bertopic,n30_c25_s42,1,0.6234983613238075
2040367,bertopic,n30_c25_s42,18,0.9988115217672648
2040368,bertopic,n30_c25_s42,18,1.0
2040369,bertopic,n30_c25_s42,18,0.9705480016715773
2040569,bertopic,n30_c25_s42,14,1.0
2040735,bertopic,n30_c25_s42,14,1.0
2041509,bertopic,n30_c25_s42,2,0.7405515387401128
2041628,bertopic,n30_c25_s42,20,0.6336339654832304
2042151,bertopic,n30_c25_s42,2,1.0
2042152,bertopic,n30_c25_s42,5,0.4430424434063276
2042154,bertopic,n30_c25_s42,2,0.7405515387401128
2042157,bertopic,n30_c25_s42,2,0.7405515387401128
2042158,bertopic,n30_c25_s42,2,1.0
2042316,bertopic,n30_c25_s42,9,1.0
2042976,bertopic,n30_c25_s42,3,1.0
2043450,bertopic,n30_c25_s42,8,0.3155529149139443
2043453,bertopic,n30_c25_s42,-1,0.0
2043934,bertopic,n30_c25_s42,33,0.23725253850036054
2044003,bertopic,n30_c25_s42,11,0.3822517103542291
2044156,bertopic,n30_c25_s42,-1,0.0
2044184,bertopic,n30_c25_s42,13,1.0
2044257,bertopic,n30_c25_s42,66,1.0
2044423,bertopic,n30_c25_s42,4,1.0
2044436,bertopic,n30_c25_s42,40,0.8028105466058002
2045872,bertopic,n30_c25_s42,15,0.8426228515518231
2046239,bertopic,n30_c25_s42,3,0.8812408504394789
2047211,bertopic,n30_c25_s42,5,1.0
2047219,bertopic,n30_c25_s42,5,1.0
2047320,bertopic,n30_c25_s42,1,1.0
2047539,bertopic,n30_c25_s42,-1,0.0
2048315,bertopic,n30_c25_s42,16,0.3336204696764912
2049150,bertopic,n30_c25_s42,66,1.0
2050124,bertopic,n30_c25_s42,15,1.0
2050252,bertopic,n30_c25_s42,20,0.5948841025409127
2050630,bertopic,n30_c25_s42,14,0.7310138219785645
2051044,bertopic,n30_c25_s42,-1,0.0
2051060,bertopic,n30_c25_s42,4,0.9152181580141284
2051915,bertopic,n30_c25_s42,2,1.0
2052862,bertopic,n30_c25_s42,6,1.0
2053100,bertopic,n30_c25_s42,24,0.8415928685048373
2053572,bertopic,n30_c25_s42,11,1.0
2053691,bertopic,n30_c25_s42,66,1.0
2053719,bertopic,n30_c25_s42,12,0.29862223243297076
2054476,bertopic,n30_c25_s42,2,1.0
2054776,bertopic,n30_c25_s42,35,0.9732742535499787
2055852,bertopic,n30_c25_s42,24,1.0
2056125,bertopic,n30_c25_s42,45,1.0
2056550,bertopic,n30_c25_s42,5,1.0
2056757,bertopic,n30_c25_s42,8,0.4360855535114672
2057845,bertopic,n30_c25_s42,4,0.6226103366316458
2058363,bertopic,n30_c25_s42,9,0.5065116254129085
2058406,bertopic,n30_c25_s42,32,0.5885875442081379
2058433,bertopic,n30_c25_s42,4,1.0
2058922,bertopic,n30_c25_s42,20,0.5599752650986772
2059350,bertopic,n30_c25_s42,15,0.5618774365537739
2059784,bertopic,n30_c25_s42,8,0.9575806836989983
2060050,bertopic,n30_c25_s42,18,1.0
2060367,bertopic,n30_c25_s42,16,1.0
2060632,bertopic,n30_c25_s42,0,1.0
2061242,bertopic,n30_c25_s42,2,1.0
2062317,bertopic,n30_c25_s42,-1,0.0
2062938,bertopic,n30_c25_s42,3,1.0
2063072,bertopic,n30_c25_s42,66,1.0
2063227,bertopic,n30_c25_s42,7,0.3753676942192011
2063228,bertopic,n30_c25_s42,-1,0.0
2063522,bertopic,n30_c25_s42,-1,0.0
2063675,bertopic,n30_c25_s42,1,1.0
2063954,bertopic,n30_c25_s42,2,1.0
2064159,bertopic,n30_c25_s42,32,0.904189431124071
2064339,bertopic,n30_c25_s42,3,1.0
2064505,bertopic,n30_c25_s42,4,1.0
2065168,bertopic,n30_c25_s42,-1,0.0
2065425,bertopic,n30_c25_s42,4,1.0
2065523,bertopic,n30_c25_s42,18,0.8444901298372319
2065880,bertopic,n30_c25_s42,4,1.0
2066166,bertopic,n30_c25_s42,3,1.0
2066291,bertopic,n30_c25_s42,-1,0.0
2066373,bertopic,n30_c25_s42,3,1.0
2066451,bertopic,n30_c25_s42,3,1.0
2067016,bertopic,n30_c25_s42,3,1.0
2067515,bertopic,n30_c25_s42,4,1.0
2067699,bertopic,n30_c25_s42,-1,0.0
2067894,bertopic,n30_c25_s42,66,1.0
2068031,bertopic,n30_c25_s42,7,0.45017978401853853
2068606,bertopic,n30_c25_s42,49,1.0
2068811,bertopic,n30_c25_s42,32,0.6444697740256371
2068903,bertopic,n30_c25_s42,-1,0.0
2069482,bertopic,n30_c25_s42,49,1.0
2069818,bertopic,n30_c25_s42,24,0.8461510748069324
2069830,bertopic,n30_c25_s42,-1,0.0
2070092,bertopic,n30_c25_s42,0,0.5041651173221762
2070126,bertopic,n30_c25_s42,3,0.8401251394715272
2070198,bertopic,n30_c25_s42,35,1.0
2070252,bertopic,n30_c25_s42,0,0.36824908532147643
2070261,bertopic,n30_c25_s42,3,0.8367861847877801
2070336,bertopic,n30_c25_s42,18,0.8578750561031433
2070644,bertopic,n30_c25_s42,28,1.0
2070739,bertopic,n30_c25_s42,1,1.0
2070740,bertopic,n30_c25_s42,2,1.0
2070741,bertopic,n30_c25_s42,1,1.0
2070892,bertopic,n30_c25_s42,13,0.5796163777562243
2070928,bertopic,n30_c25_s42,23,0.7618754412656162
2072426,bertopic,n30_c25_s42,66,1.0
2072531,bertopic,n30_c25_s42,-1,0.0
2072532,bertopic,n30_c25_s42,-1,0.0
2074928,bertopic,n30_c25_s42,28,1.0
2074981,bertopic,n30_c25_s42,49,1.0
2074983,bertopic,n30_c25_s42,49,0.4346249307816567
2076397,bertopic,n30_c25_s42,3,1.0
2076827,bertopic,n30_c25_s42,39,0.5149088495413671
2076872,bertopic,n30_c25_s42,7,0.46316690399796534
2078495,bertopic,n30_c25_s42,2,1.0
2078807,bertopic,n30_c25_s42,50,1.0
2079697,bertopic,n30_c25_s42,18,0.6422517964702074
2080208,bertopic,n30_c25_s42,1,1.0
2080520,bertopic,n30_c25_s42,56,1.0
2080524,bertopic,n30_c25_s42,-1,0.0
2080559,bertopic,n30_c25_s42,63,1.0
2080964,bertopic,n30_c25_s42,66,1.0
2081038,bertopic,n30_c25_s42,35,1.0
2081158,bertopic,n30_c25_s42,-1,0.0
2081268,bertopic,n30_c25_s42,4,0.6582466322429412
2081505,bertopic,n30_c25_s42,2,1.0
2081635,bertopic,n30_c25_s42,-1,0.0
2082839,bertopic,n30_c25_s42,18,0.529914714756304
2082840,bertopic,n30_c25_s42,18,1.0
2083475,bertopic,n30_c25_s42,2,0.9081442961712346
2083552,bertopic,n30_c25_s42,2,1.0
2083754,bertopic,n30_c25_s42,-1,0.0
2083779,bertopic,n30_c25_s42,2,1.0
2083848,bertopic,n30_c25_s42,-1,0.0
2084534,bertopic,n30_c25_s42,18,0.98225345051088
2084870,bertopic,n30_c25_s42,-1,0.0
2084875,bertopic,n30_c25_s42,18,1.0
2085254,bertopic,n30_c25_s42,3,1.0
2085345,bertopic,n30_c25_s42,-1,0.0
2085382,bertopic,n30_c25_s42,-1,0.0
2085383,bertopic,n30_c25_s42,-1,0.0
2085405,bertopic,n30_c25_s42,0,1.0
2085623,bertopic,n30_c25_s42,-1,0.0
2085747,bertopic,n30_c25_s42,-1,0.0
2086233,bertopic,n30_c25_s42,3,1.0
2086322,bertopic,n30_c25_s42,15,0.6655528304760246
2086458,bertopic,n30_c25_s42,18,0.4378505102550349
2086745,bertopic,n30_c25_s42,18,0.8593073973688841
2087273,bertopic,n30_c25_s42,23,0.7488751384031398
2087489,bertopic,n30_c25_s42,-1,0.0
2087557,bertopic,n30_c25_s42,18,0.7939552002545714
2087571,bertopic,n30_c25_s42,0,1.0
2087572,bertopic,n30_c25_s42,0,1.0
2087621,bertopic,n30_c25_s42,3,1.0
2087788,bertopic,n30_c25_s42,-1,0.0
2087950,bertopic,n30_c25_s42,23,0.7488176823171839
2088184,bertopic,n30_c25_s42,23,0.7618754412656162
2088185,bertopic,n30_c25_s42,-1,0.0
2088188,bertopic,n30_c25_s42,-1,0.0
2088189,bertopic,n30_c25_s42,38,1.0
2088286,bertopic,n30_c25_s42,1,1.0
2088386,bertopic,n30_c25_s42,18,1.0
2088411,bertopic,n30_c25_s42,18,1.0
2088466,bertopic,n30_c25_s42,20,0.5412660443175031
2088611,bertopic,n30_c25_s42,12,0.903155299374598
2088722,bertopic,n30_c25_s42,18,0.8674108335683871
2089535,bertopic,n30_c25_s42,8,0.33442698006841465
2090286,bertopic,n30_c25_s42,0,1.0
2093107,bertopic,n30_c25_s42,0,1.0
2093714,bertopic,n30_c25_s42,-1,0.0
2093845,bertopic,n30_c25_s42,6,1.0
2094139,bertopic,n30_c25_s42,-1,0.0
2094453,bertopic,n30_c25_s42,18,1.0
2094577,bertopic,n30_c25_s42,18,1.0
2094582,bertopic,n30_c25_s42,23,0.6801061280824623
2095270,bertopic,n30_c25_s42,4,1.0
2095462,bertopic,n30_c25_s42,15,0.46974704203260803
2096702,bertopic,n30_c25_s42,13,0.530754062150258
2096779,bertopic,n30_c25_s42,43,0.7331416825934973
2097577,bertopic,n30_c25_s42,5,1.0
2097674,bertopic,n30_c25_s42,1,1.0
2097712,bertopic,n30_c25_s42,-1,0.0
2098828,bertopic,n30_c25_s42,21,0.7447383533645227
2099736,bertopic,n30_c25_s42,-1,0.0
2100693,bertopic,n30_c25_s42,4,1.0
2101432,bertopic,n30_c25_s42,4,1.0
2102016,bertopic,n30_c25_s42,18,0.9457006169355806
2102637,bertopic,n30_c25_s42,13,0.7751657543371638
2103764,bertopic,n30_c25_s42,53,0.9153960145095354
2103914,bertopic,n30_c25_s42,18,1.0
2104181,bertopic,n30_c25_s42,68,1.0
2105529,bertopic,n30_c25_s42,8,0.4392821005041918
2106385,bertopic,n30_c25_s42,66,1.0
2106386,bertopic,n30_c25_s42,-1,0.0
2106496,bertopic,n30_c25_s42,3,1.0
2106680,bertopic,n30_c25_s42,53,0.9950869423077741
2106820,bertopic,n30_c25_s42,1,1.0
2107672,bertopic,n30_c25_s42,-1,0.0
2107801,bertopic,n30_c25_s42,-1,0.0
2108028,bertopic,n30_c25_s42,-1,0.0
2108304,bertopic,n30_c25_s42,18,0.5418984475950402
2109054,bertopic,n30_c25_s42,17,0.5799977954126201
2109302,bertopic,n30_c25_s42,30,1.0
2110285,bertopic,n30_c25_s42,35,1.0
2111097,bertopic,n30_c25_s42,5,1.0
2111098,bertopic,n30_c25_s42,14,0.4134659872324146
2112280,bertopic,n30_c25_s42,41,1.0
2114346,bertopic,n30_c25_s42,9,0.2329580988770755
2117367,bertopic,n30_c25_s42,18,1.0
2117965,bertopic,n30_c25_s42,7,0.46700910953807345
2119976,bertopic,n30_c25_s42,3,0.8202850796039255
2120551,bertopic,n30_c25_s42,5,0.38748969443751136
2120569,bertopic,n30_c25_s42,8,1.0
2120993,bertopic,n30_c25_s42,13,0.8310481236288361
2121720,bertopic,n30_c25_s42,4,0.832458640934726
2121738,bertopic,n30_c25_s42,4,1.0
2122258,bertopic,n30_c25_s42,18,1.0
2122262,bertopic,n30_c25_s42,-1,0.0
2122631,bertopic,n30_c25_s42,7,0.8588958608143029
2123001,bertopic,n30_c25_s42,-1,0.0
2123541,bertopic,n30_c25_s42,7,0.3685810841260093
2124983,bertopic,n30_c25_s42,-1,0.0
2125414,bertopic,n30_c25_s42,40,0.9794022271771554
2125946,bertopic,n30_c25_s42,-1,0.0
2126187,bertopic,n30_c25_s42,30,0.6520304927476186
2128711,bertopic,n30_c25_s42,-1,0.0
2129151,bertopic,n30_c25_s42,18,1.0
2129451,bertopic,n30_c25_s42,23,1.0
2129452,bertopic,n30_c25_s42,23,1.0
2129768,bertopic,n30_c25_s42,1,1.0
2130756,bertopic,n30_c25_s42,50,1.0
2131032,bertopic,n30_c25_s42,18,0.5786094233418089
2131071,bertopic,n30_c25_s42,50,1.0
2131333,bertopic,n30_c25_s42,21,0.8686492784681625
2131728,bertopic,n30_c25_s42,4,0.7609616135843255
2134018,bertopic,n30_c25_s42,68,1.0
2134131,bertopic,n30_c25_s42,-1,0.0
2134846,bertopic,n30_c25_s42,-1,0.0
2137522,bertopic,n30_c25_s42,-1,0.0
2139002,bertopic,n30_c25_s42,-1,0.0
2139271,bertopic,n30_c25_s42,5,1.0
2139819,bertopic,n30_c25_s42,18,0.6312489176311687
2139832,bertopic,n30_c25_s42,32,1.0
2140049,bertopic,n30_c25_s42,3,0.8030760461211495
2140167,bertopic,n30_c25_s42,-1,0.0
2140169,bertopic,n30_c25_s42,3,1.0
2141099,bertopic,n30_c25_s42,-1,0.0
2141765,bertopic,n30_c25_s42,-1,0.0
2142186,bertopic,n30_c25_s42,43,1.0
2142632,bertopic,n30_c25_s42,4,0.8056595294088319
2142633,bertopic,n30_c25_s42,61,0.8010967564192676
2143076,bertopic,n30_c25_s42,4,1.0
2143209,bertopic,n30_c25_s42,-1,0.0
2144273,bertopic,n30_c25_s42,-1,0.0
2144775,bertopic,n30_c25_s42,18,1.0
2144781,bertopic,n30_c25_s42,18,1.0
2144906,bertopic,n30_c25_s42,0,1.0
2145081,bertopic,n30_c25_s42,-1,0.0
2145129,bertopic,n30_c25_s42,-1,0.0
2147478,bertopic,n30_c25_s42,18,0.7463114269048371
2147479,bertopic,n30_c25_s42,18,0.7939552002545714
2147481,bertopic,n30_c25_s42,-1,0.0
2147483,bertopic,n30_c25_s42,-1,0.0
2147788,bertopic,n30_c25_s42,5,0.7060974577384802
2147793,bertopic,n30_c25_s42,43,1.0
2149520,bertopic,n30_c25_s42,18,1.0
2149543,bertopic,n30_c25_s42,5,1.0
2149836,bertopic,n30_c25_s42,68,1.0
2150869,bertopic,n30_c25_s42,32,1.0
2151907,bertopic,n30_c25_s42,5,0.9421184888114155
2154569,bertopic,n30_c25_s42,-1,0.0
2154732,bertopic,n30_c25_s42,52,0.6870072680013378
2154885,bertopic,n30_c25_s42,3,1.0
2156785,bertopic,n30_c25_s42,0,1.0
2159159,bertopic,n30_c25_s42,18,1.0
2159180,bertopic,n30_c25_s42,51,0.7045931981286082
2159712,bertopic,n30_c25_s42,39,1.0
2160028,bertopic,n30_c25_s42,-1,0.0
2161919,bertopic,n30_c25_s42,51,1.0
2162503,bertopic,n30_c25_s42,5,1.0
2162627,bertopic,n30_c25_s42,58,1.0
2162681,bertopic,n30_c25_s42,4,0.71612146386758
2162877,bertopic,n30_c25_s42,51,1.0
2162951,bertopic,n30_c25_s42,51,1.0
2162976,bertopic,n30_c25_s42,60,1.0
2162990,bertopic,n30_c25_s42,0,0.36824908532147643
2163143,bertopic,n30_c25_s42,-1,0.0
2163236,bertopic,n30_c25_s42,-1,0.0
2163395,bertopic,n30_c25_s42,58,1.0
2163553,bertopic,n30_c25_s42,1,0.9219758089231098
2163644,bertopic,n30_c25_s42,1,1.0
2163683,bertopic,n30_c25_s42,20,0.5412660443175031
2163686,bertopic,n30_c25_s42,51,1.0
2163786,bertopic,n30_c25_s42,41,1.0
2163794,bertopic,n30_c25_s42,10,0.6401803286013683
2163834,bertopic,n30_c25_s42,16,0.8857600316438157
2163839,bertopic,n30_c25_s42,27,0.7824372324070559
2164487,bertopic,n30_c25_s42,51,1.0
2165196,bertopic,n30_c25_s42,51,1.0
2165527,bertopic,n30_c25_s42,41,1.0
2165918,bertopic,n30_c25_s42,-1,0.0
2166015,bertopic,n30_c25_s42,10,0.8483078821759821
2166447,bertopic,n30_c25_s42,51,1.0
2167891,bertopic,n30_c25_s42,51,1.0
2168655,bertopic,n30_c25_s42,41,1.0
2168938,bertopic,n30_c25_s42,-1,0.0
2168954,bertopic,n30_c25_s42,51,1.0
2168975,bertopic,n30_c25_s42,-1,0.0
2168979,bertopic,n30_c25_s42,2,0.7480015158957737
2169334,bertopic,n30_c25_s42,1,1.0
2169579,bertopic,n30_c25_s42,-1,0.0
2169600,bertopic,n30_c25_s42,-1,0.0
2169622,bertopic,n30_c25_s42,-1,0.0
2169647,bertopic,n30_c25_s42,45,1.0
2169648,bertopic,n30_c25_s42,3,1.0
2169704,bertopic,n30_c25_s42,8,0.44692428322282984
2169734,bertopic,n30_c25_s42,1,0.7252818438326917
2169845,bertopic,n30_c25_s42,-1,0.0
2169877,bertopic,n30_c25_s42,60,0.9211014113639521
2170122,bertopic,n30_c25_s42,3,0.9013892564577518
2170128,bertopic,n30_c25_s42,-1,0.0
2170246,bertopic,n30_c25_s42,4,1.0
2170291,bertopic,n30_c25_s42,41,1.0
2170306,bertopic,n30_c25_s42,-1,0.0
2170354,bertopic,n30_c25_s42,0,1.0
2170365,bertopic,n30_c25_s42,51,1.0
2170366,bertopic,n30_c25_s42,51,1.0
2171003,bertopic,n30_c25_s42,3,1.0
2171330,bertopic,n30_c25_s42,41,1.0
2171357,bertopic,n30_c25_s42,10,0.8483078821759821
2270064,bertopic,n30_c25_s42,0,1.0
2270568,bertopic,n30_c25_s42,0,1.0
2272889,bertopic,n30_c25_s42,5,1.0
2272891,bertopic,n30_c25_s42,0,1.0
2272915,bertopic,n30_c25_s42,8,1.0
2272942,bertopic,n30_c25_s42,9,0.2591587894516
2273245,bertopic,n30_c25_s42,0,1.0
2273570,bertopic,n30_c25_s42,14,0.3480344495002235
2277189,bertopic,n30_c25_s42,1,1.0
2277467,bertopic,n30_c25_s42,21,0.4246822693302641
2278541,bertopic,n30_c25_s42,21,0.5134431199268777
2280645,bertopic,n30_c25_s42,-1,0.0
2280776,bertopic,n30_c25_s42,-1,0.0
2280856,bertopic,n30_c25_s42,1,0.5641017404477587
2281139,bertopic,n30_c25_s42,0,1.0
2281140,bertopic,n30_c25_s42,-1,0.0
2281329,bertopic,n30_c25_s42,0,1.0
2281379,bertopic,n30_c25_s42,51,1.0
2281391,bertopic,n30_c25_s42,0,1.0
2281433,bertopic,n30_c25_s42,0,1.0
2281596,bertopic,n30_c25_s42,0,1.0
2282243,bertopic,n30_c25_s42,20,0.5948841025409127
2282417,bertopic,n30_c25_s42,44,1.0
2283293,bertopic,n30_c25_s42,0,1.0
2284109,bertopic,n30_c25_s42,1,1.0
2287359,bertopic,n30_c25_s42,32,0.34311041570912987
2288483,bertopic,n30_c25_s42,58,1.0
2289482,bertopic,n30_c25_s42,-1,0.0
2293266,bertopic,n30_c25_s42,0,0.921658840395709
2293601,bertopic,n30_c25_s42,58,1.0
2293654,bertopic,n30_c25_s42,-1,0.0
2293728,bertopic,n30_c25_s42,47,1.0
2293859,bertopic,n30_c25_s42,58,1.0
2295287,bertopic,n30_c25_s42,45,1.0
2295356,bertopic,n30_c25_s42,31,1.0
2295524,bertopic,n30_c25_s42,31,0.7137328278959412
2298894,bertopic,n30_c25_s42,42,1.0
2299116,bertopic,n30_c25_s42,27,0.7586689740773027
2299401,bertopic,n30_c25_s42,42,0.9437421895726225
2301712,bertopic,n30_c25_s42,31,1.0
2306157,bertopic,n30_c25_s42,0,1.0
2306633,bertopic,n30_c25_s42,0,1.0
2306647,bertopic,n30_c25_s42,31,0.7690059873564473
2306688,bertopic,n30_c25_s42,62,0.7975309280806778
2307453,bertopic,n30_c25_s42,-1,0.0
2307952,bertopic,n30_c25_s42,38,0.9003861311793921
2308112,bertopic,n30_c25_s42,-1,0.0
2308238,bertopic,n30_c25_s42,-1,0.0
2308500,bertopic,n30_c25_s42,27,1.0
2308765,bertopic,n30_c25_s42,-1,0.0
2308783,bertopic,n30_c25_s42,31,0.7119519841659039
2308894,bertopic,n30_c25_s42,27,1.0
2309588,bertopic,n30_c25_s42,27,0.6716979875504254
2310365,bertopic,n30_c25_s42,1,1.0
2310520,bertopic,n30_c25_s42,-1,0.0
2310833,bertopic,n30_c25_s42,1,1.0
2311213,bertopic,n30_c25_s42,16,0.8624755130177504
2311647,bertopic,n30_c25_s42,-1,0.0
2311966,bertopic,n30_c25_s42,29,1.0
2312404,bertopic,n30_c25_s42,53,1.0
2312451,bertopic,n30_c25_s42,27,1.0
2312509,bertopic,n30_c25_s42,31,0.44252819605305094
2312748,bertopic,n30_c25_s42,8,0.32118197373343055
2312793,bertopic,n30_c25_s42,-1,0.0
2312825,bertopic,n30_c25_s42,8,0.3274147532704239
2312891,bertopic,n30_c25_s42,-1,0.0
2313111,bertopic,n30_c25_s42,-1,0.0
2313217,bertopic,n30_c25_s42,-1,0.0
2316602,bertopic,n30_c25_s42,5,0.8735674318388817
2316736,bertopic,n30_c25_s42,-1,0.0
2316738,bertopic,n30_c25_s42,0,1.0
2316833,bertopic,n30_c25_s42,3,0.969589876961123
2317157,bertopic,n30_c25_s42,0,1.0
2317230,bertopic,n30_c25_s42,35,1.0
2317233,bertopic,n30_c25_s42,-1,0.0
2317316,bertopic,n30_c25_s42,1,1.0
2317425,bertopic,n30_c25_s42,0,1.0
2317764,bertopic,n30_c25_s42,0,1.0
2318600,bertopic,n30_c25_s42,0,1.0
2318956,bertopic,n30_c25_s42,1,1.0
2322155,bertopic,n30_c25_s42,11,0.1816603913974846
2325883,bertopic,n30_c25_s42,43,1.0
2326309,bertopic,n30_c25_s42,19,1.0
2328929,bertopic,n30_c25_s42,3,0.9369138571526895
2328989,bertopic,n30_c25_s42,53,1.0
2335380,bertopic,n30_c25_s42,-1,0.0
2335404,bertopic,n30_c25_s42,19,0.1716647658387334
2335527,bertopic,n30_c25_s42,3,1.0
2335539,bertopic,n30_c25_s42,8,1.0
2335905,bertopic,n30_c25_s42,0,0.9140736605692116
2335966,bertopic,n30_c25_s42,41,1.0
2338108,bertopic,n30_c25_s42,69,1.0
2340111,bertopic,n30_c25_s42,1,1.0
2340129,bertopic,n30_c25_s42,-1,0.0
2340150,bertopic,n30_c25_s42,-1,0.0
2340172,bertopic,n30_c25_s42,62,1.0
2340199,bertopic,n30_c25_s42,1,1.0
2340203,bertopic,n30_c25_s42,17,0.7682672506626862
2340237,bertopic,n30_c25_s42,5,0.8449161497454203
2340317,bertopic,n30_c25_s42,19,0.15560832481388862
2340428,bertopic,n30_c25_s42,28,1.0
2340431,bertopic,n30_c25_s42,-1,0.0
2342367,bertopic,n30_c25_s42,46,1.0
2342503,bertopic,n30_c25_s42,31,1.0
2342771,bertopic,n30_c25_s42,31,1.0
2343374,bertopic,n30_c25_s42,48,1.0
2343508,bertopic,n30_c25_s42,31,1.0
2343565,bertopic,n30_c25_s42,-1,0.0
2344938,bertopic,n30_c25_s42,4,1.0
2345361,bertopic,n30_c25_s42,-1,0.0
2345603,bertopic,n30_c25_s42,21,1.0
2345623,bertopic,n30_c25_s42,40,1.0
2346721,bertopic,n30_c25_s42,68,1.0
2347222,bertopic,n30_c25_s42,4,1.0
2348972,bertopic,n30_c25_s42,18,0.9449406219817645
2349098,bertopic,n30_c25_s42,-1,0.0
2349311,bertopic,n30_c25_s42,51,1.0
2349589,bertopic,n30_c25_s42,-1,0.0
2351410,bertopic,n30_c25_s42,-1,0.0
2354025,bertopic,n30_c25_s42,-1,0.0
2355996,bertopic,n30_c25_s42,9,0.5065116254129085
2356459,bertopic,n30_c25_s42,-1,0.0
2356771,bertopic,n30_c25_s42,0,0.63796370275667
2357998,bertopic,n30_c25_s42,60,1.0
2358210,bertopic,n30_c25_s42,40,1.0
2360205,bertopic,n30_c25_s42,5,0.8026235382182594
2362843,bertopic,n30_c25_s42,48,0.9791585879312756
2363066,bertopic,n30_c25_s42,43,1.0
2363378,bertopic,n30_c25_s42,28,1.0
2364849,bertopic,n30_c25_s42,35,0.6520185072328217
2365043,bertopic,n30_c25_s42,53,1.0
2365286,bertopic,n30_c25_s42,31,1.0
2365313,bertopic,n30_c25_s42,8,0.779605011709776
2369290,bertopic,n30_c25_s42,0,1.0
2369928,bertopic,n30_c25_s42,4,1.0
2371027,bertopic,n30_c25_s42,17,0.7644599314161924
2371097,bertopic,n30_c25_s42,13,0.5191771545771838
2371625,bertopic,n30_c25_s42,31,1.0
2371829,bertopic,n30_c25_s42,59,1.0
2372048,bertopic,n30_c25_s42,12,0.48846091232336314
2372255,bertopic,n30_c25_s42,0,1.0
2372313,bertopic,n30_c25_s42,31,0.10826409892278382
2372477,bertopic,n30_c25_s42,0,1.0
2372574,bertopic,n30_c25_s42,3,1.0
2372696,bertopic,n30_c25_s42,31,1.0
2373826,bertopic,n30_c25_s42,0,0.7122578950916997
2373879,bertopic,n30_c25_s42,0,1.0
2374166,bertopic,n30_c25_s42,0,1.0
2374258,bertopic,n30_c25_s42,-1,0.0
2374290,bertopic,n30_c25_s42,9,0.5065116254129085
2374506,bertopic,n30_c25_s42,53,1.0
2374933,bertopic,n30_c25_s42,1,1.0
2375041,bertopic,n30_c25_s42,-1,0.0
2375087,bertopic,n30_c25_s42,0,1.0
2375109,bertopic,n30_c25_s42,59,1.0
2375163,bertopic,n30_c25_s42,12,0.48780733138423565
2375414,bertopic,n30_c25_s42,0,0.8248354960369862
2375692,bertopic,n30_c25_s42,13,0.530754062150258
2375819,bertopic,n30_c25_s42,13,0.5267999731353811
2375864,bertopic,n30_c25_s42,17,0.7736398196906877
2376159,bertopic,n30_c25_s42,21,0.4992365146175906
2376309,bertopic,n30_c25_s42,34,1.0
2378135,bertopic,n30_c25_s42,4,0.8499525070248424
2378797,bertopic,n30_c25_s42,3,1.0
2380582,bertopic,n30_c25_s42,31,1.0
2380656,bertopic,n30_c25_s42,19,0.1749798983660807
2383045,bertopic,n30_c25_s42,68,1.0
2383287,bertopic,n30_c25_s42,-1,0.0
2383384,bertopic,n30_c25_s42,1,1.0
2383536,bertopic,n30_c25_s42,1,1.0
2383635,bertopic,n30_c25_s42,5,0.8258134924094789
2384098,bertopic,n30_c25_s42,0,1.0
2384103,bertopic,n30_c25_s42,17,1.0
2384169,bertopic,n30_c25_s42,31,0.8685869546380544
2384239,bertopic,n30_c25_s42,21,0.31538937167721837
2384377,bertopic,n30_c25_s42,32,1.0
2384500,bertopic,n30_c25_s42,68,1.0
2386837,bertopic,n30_c25_s42,0,1.0
2387301,bertopic,n30_c25_s42,1,1.0
2387742,bertopic,n30_c25_s42,68,0.6893413594244773
2389165,bertopic,n30_c25_s42,-1,0.0
2390815,bertopic,n30_c25_s42,1,1.0
2397146,bertopic,n30_c25_s42,19,0.5176439207018625
2397438,bertopic,n30_c25_s42,48,1.0
2397463,bertopic,n30_c25_s42,1,1.0
2397577,bertopic,n30_c25_s42,1,1.0
2397594,bertopic,n30_c25_s42,1,1.0
2397610,bertopic,n30_c25_s42,3,0.8586769828136143
2398450,bertopic,n30_c25_s42,68,0.5985668523313284
2398470,bertopic,n30_c25_s42,17,0.3753542174964306
2398749,bertopic,n30_c25_s42,0,1.0
2399345,bertopic,n30_c25_s42,5,1.0
2399493,bertopic,n30_c25_s42,43,1.0
2400728,bertopic,n30_c25_s42,31,0.10826409892278382
2400805,bertopic,n30_c25_s42,1,1.0
2402176,bertopic,n30_c25_s42,11,0.18142926405758966
2402204,bertopic,n30_c25_s42,43,1.0
2404045,bertopic,n30_c25_s42,48,1.0
2404129,bertopic,n30_c25_s42,31,0.10826409892278382
2404400,bertopic,n30_c25_s42,-1,0.0
2407195,bertopic,n30_c25_s42,48,1.0
2407216,bertopic,n30_c25_s42,5,0.7893479345580748
2407241,bertopic,n30_c25_s42,19,0.7730401961995429
2407581,bertopic,n30_c25_s42,11,0.29875531358212654
2407670,bertopic,n30_c25_s42,31,0.10826409892278382
2407690,bertopic,n30_c25_s42,20,0.5412660443175031
2407707,bertopic,n30_c25_s42,15,0.7597628860669183
2407769,bertopic,n30_c25_s42,48,1.0
2407927,bertopic,n30_c25_s42,48,1.0
2408000,bertopic,n30_c25_s42,15,0.7181471367182973
2408019,bertopic,n30_c25_s42,48,0.9914715186391535
2408135,bertopic,n30_c25_s42,39,0.7398885508227874
2408480,bertopic,n30_c25_s42,11,0.2087895191153734
2409088,bertopic,n30_c25_s42,1,1.0
2410619,bertopic,n30_c25_s42,48,1.0
2412161,bertopic,n30_c25_s42,-1,0.0
2412165,bertopic,n30_c25_s42,33,0.728686911806844
2412178,bertopic,n30_c25_s42,0,0.5041651173221762
2412182,bertopic,n30_c25_s42,6,1.0
2412206,bertopic,n30_c25_s42,27,0.5016002358006066
2412209,bertopic,n30_c25_s42,1,1.0
2426755,bertopic,n30_c25_s42,5,1.0
2427222,bertopic,n30_c25_s42,0,1.0
2427273,bertopic,n30_c25_s42,-1,0.0
2427301,bertopic,n30_c25_s42,5,1.0
2427303,bertopic,n30_c25_s42,5,0.9893481409545148
2428938,bertopic,n30_c25_s42,12,1.0
2429147,bertopic,n30_c25_s42,8,0.44692428322282984
2429728,bertopic,n30_c25_s42,16,0.37150163269373115
2430090,bertopic,n30_c25_s42,9,0.20445100799377744
2433620,bertopic,n30_c25_s42,11,0.46222951383600064
2434204,bertopic,n30_c25_s42,21,1.0
2434220,bertopic,n30_c25_s42,21,0.27501166753313344
2434367,bertopic,n30_c25_s42,21,1.0
2434517,bertopic,n30_c25_s42,0,1.0
2434602,bertopic,n30_c25_s42,21,0.27647197131338747
2434747,bertopic,n30_c25_s42,36,0.8263190605423849
2435071,bertopic,n30_c25_s42,-1,0.0
2436427,bertopic,n30_c25_s42,7,0.7925020051919727
2436795,bertopic,n30_c25_s42,34,1.0
2437000,bertopic,n30_c25_s42,-1,0.0
2437040,bertopic,n30_c25_s42,-1,0.0
2437205,bertopic,n30_c25_s42,0,1.0
2437333,bertopic,n30_c25_s42,8,0.327982476878541
2437917,bertopic,n30_c25_s42,8,0.3155529149139443
2439532,bertopic,n30_c25_s42,-1,0.0
2439825,bertopic,n30_c25_s42,5,1.0
2440514,bertopic,n30_c25_s42,-1,0.0
2440714,bertopic,n30_c25_s42,58,1.0
2440726,bertopic,n30_c25_s42,7,0.5572650809903542
2440864,bertopic,n30_c25_s42,24,1.0
2441508,bertopic,n30_c25_s42,19,0.1988908485398653
2442039,bertopic,n30_c25_s42,0,1.0
2442324,bertopic,n30_c25_s42,1,0.7247305151794126
2443126,bertopic,n30_c25_s42,51,1.0
2443197,bertopic,n30_c25_s42,13,0.8136848823443009
2444063,bertopic,n30_c25_s42,0,1.0
2444414,bertopic,n30_c25_s42,44,1.0
2444562,bertopic,n30_c25_s42,44,1.0
2445643,bertopic,n30_c25_s42,24,1.0
2445779,bertopic,n30_c25_s42,1,1.0
2446163,bertopic,n30_c25_s42,52,1.0
2446207,bertopic,n30_c25_s42,24,1.0
2446707,bertopic,n30_c25_s42,58,1.0
2446937,bertopic,n30_c25_s42,-1,0.0
2448440,bertopic,n30_c25_s42,3,0.9616754217137244
2448787,bertopic,n30_c25_s42,32,1.0
2448837,bertopic,n30_c25_s42,63,0.6707632888335844
2449149,bertopic,n30_c25_s42,1,1.0
2449317,bertopic,n30_c25_s42,-1,0.0
2450742,bertopic,n30_c25_s42,0,1.0
2450918,bertopic,n30_c25_s42,34,0.20282055138730415
2450942,bertopic,n30_c25_s42,19,0.125735090863825
2451069,bertopic,n30_c25_s42,44,1.0
2451238,bertopic,n30_c25_s42,1,1.0
2451707,bertopic,n30_c25_s42,5,0.811127412001105
2453409,bertopic,n30_c25_s42,1,1.0
2453412,bertopic,n30_c25_s42,3,1.0
2453436,bertopic,n30_c25_s42,0,0.9189722077209169
2453440,bertopic,n30_c25_s42,0,1.0
2453472,bertopic,n30_c25_s42,43,1.0
2453563,bertopic,n30_c25_s42,18,0.7133134567601398
2453999,bertopic,n30_c25_s42,37,1.0
2454383,bertopic,n30_c25_s42,-1,0.0
2454783,bertopic,n30_c25_s42,-1,0.0
2454893,bertopic,n30_c25_s42,15,0.5144594072075581
2455095,bertopic,n30_c25_s42,4,0.9074906958063284
2455805,bertopic,n30_c25_s42,0,1.0
2456162,bertopic,n30_c25_s42,11,0.37934183796222476
2456211,bertopic,n30_c25_s42,0,1.0
2456407,bertopic,n30_c25_s42,48,1.0
2456475,bertopic,n30_c25_s42,48,1.0
2456572,bertopic,n30_c25_s42,1,1.0
2456667,bertopic,n30_c25_s42,-1,0.0
2456678,bertopic,n30_c25_s42,-1,0.0
2456891,bertopic,n30_c25_s42,-1,0.0
2456907,bertopic,n30_c25_s42,-1,0.0
2456917,bertopic,n30_c25_s42,31,0.10826409892278382
2457481,bertopic,n30_c25_s42,19,0.9216248731987017
2457499,bertopic,n30_c25_s42,24,0.4527292399866471
2457671,bertopic,n30_c25_s42,4,1.0
2458041,bertopic,n30_c25_s42,54,0.12190679282598715
2458813,bertopic,n30_c25_s42,-1,0.0
2458874,bertopic,n30_c25_s42,6,0.4415741027786686
2458940,bertopic,n30_c25_s42,44,1.0
2460062,bertopic,n30_c25_s42,24,0.4402546643018819
2461404,bertopic,n30_c25_s42,53,0.947123919498638
2461532,bertopic,n30_c25_s42,41,1.0
2461657,bertopic,n30_c25_s42,48,0.9926101322244568
2461933,bertopic,n30_c25_s42,29,0.5198746777023606
2462082,bertopic,n30_c25_s42,29,0.38079117176750976
2462241,bertopic,n30_c25_s42,29,0.6298961236235493
2462311,bertopic,n30_c25_s42,29,1.0
2462399,bertopic,n30_c25_s42,16,1.0
2462443,bertopic,n30_c25_s42,29,0.7712751831461445
2462816,bertopic,n30_c25_s42,29,1.0
2463759,bertopic,n30_c25_s42,70,1.0
2465364,bertopic,n30_c25_s42,48,1.0
2469797,bertopic,n30_c25_s42,48,0.8135448848432665
2469839,bertopic,n30_c25_s42,4,1.0
2470452,bertopic,n30_c25_s42,-1,0.0
2470763,bertopic,n30_c25_s42,31,1.0
2471051,bertopic,n30_c25_s42,1,1.0
2471126,bertopic,n30_c25_s42,41,0.23650204834920627
2471197,bertopic,n30_c25_s42,53,1.0
2471245,bertopic,n30_c25_s42,48,0.5272540613118384
2471320,bertopic,n30_c25_s42,48,1.0
2471611,bertopic,n30_c25_s42,41,0.23650204834920627
2471675,bertopic,n30_c25_s42,0,0.9962031414390004
2472050,bertopic,n30_c25_s42,-1,0.0
2472160,bertopic,n30_c25_s42,-1,0.0
2472262,bertopic,n30_c25_s42,-1,0.0
2472373,bertopic,n30_c25_s42,0,1.0
2473223,bertopic,n30_c25_s42,44,0.9266457052838875
2476182,bertopic,n30_c25_s42,48,1.0
2476457,bertopic,n30_c25_s42,-1,0.0
2476681,bertopic,n30_c25_s42,13,0.815896765717623
2477933,bertopic,n30_c25_s42,48,1.0
2477984,bertopic,n30_c25_s42,-1,0.0
2478332,bertopic,n30_c25_s42,48,1.0
2478365,bertopic,n30_c25_s42,48,0.7429233666197462
2481534,bertopic,n30_c25_s42,3,1.0
2482132,bertopic,n30_c25_s42,35,0.6496257625891204
2482143,bertopic,n30_c25_s42,2,1.0
2483268,bertopic,n30_c25_s42,31,0.10826409892278382
2487361,bertopic,n30_c25_s42,-1,0.0
2487593,bertopic,n30_c25_s42,14,0.7845931977118622
2487639,bertopic,n30_c25_s42,0,1.0
2488153,bertopic,n30_c25_s42,34,0.19215710677732306
2488235,bertopic,n30_c25_s42,-1,0.0
2489311,bertopic,n30_c25_s42,3,0.969589876961123
2490050,bertopic,n30_c25_s42,34,0.22651550957838132
2490256,bertopic,n30_c25_s42,69,1.0
2490374,bertopic,n30_c25_s42,16,0.9690964158850492
2490394,bertopic,n30_c25_s42,16,1.0
2490615,bertopic,n30_c25_s42,29,1.0
2490964,bertopic,n30_c25_s42,1,1.0
2491368,bertopic,n30_c25_s42,42,1.0
2491624,bertopic,n30_c25_s42,35,0.45013231856695485
2492654,bertopic,n30_c25_s42,24,0.8521978429897406
2492682,bertopic,n30_c25_s42,4,0.6279291219108467
2492984,bertopic,n30_c25_s42,41,0.23650204834920627
2495670,bertopic,n30_c25_s42,53,0.9494247033410255
2495753,bertopic,n30_c25_s42,9,0.23743233255521784
2496437,bertopic,n30_c25_s42,34,0.2395022977021933
2496686,bertopic,n30_c25_s42,31,1.0
2497267,bertopic,n30_c25_s42,1,1.0
2497282,bertopic,n30_c25_s42,3,1.0
2497327,bertopic,n30_c25_s42,-1,0.0
2497334,bertopic,n30_c25_s42,19,0.7317883641835842
2497852,bertopic,n30_c25_s42,19,0.2289576575957954
2497908,bertopic,n30_c25_s42,27,1.0
2497961,bertopic,n30_c25_s42,-1,0.0
2497986,bertopic,n30_c25_s42,1,1.0
2497993,bertopic,n30_c25_s42,28,0.9728500219430745
2498009,bertopic,n30_c25_s42,-1,0.0
2498079,bertopic,n30_c25_s42,30,0.9623011635179832
2498188,bertopic,n30_c25_s42,30,1.0
2498734,bertopic,n30_c25_s42,41,0.23650204834920627
2498922,bertopic,n30_c25_s42,31,1.0
2499091,bertopic,n30_c25_s42,34,0.20282055138730415
2499942,bertopic,n30_c25_s42,68,1.0
2500285,bertopic,n30_c25_s42,0,1.0
2500497,bertopic,n30_c25_s42,7,1.0
2500530,bertopic,n30_c25_s42,14,0.44820012529518133
2500706,bertopic,n30_c25_s42,-1,0.0
2500726,bertopic,n30_c25_s42,4,1.0
2502273,bertopic,n30_c25_s42,1,1.0
2502519,bertopic,n30_c25_s42,30,1.0
2503070,bertopic,n30_c25_s42,34,0.20241039343585596
2503265,bertopic,n30_c25_s42,34,0.20501458627005562
2503505,bertopic,n30_c25_s42,4,0.832458640934726
2504193,bertopic,n30_c25_s42,4,0.9954336832545959
2505790,bertopic,n30_c25_s42,9,0.3805440012964935
2506070,bertopic,n30_c25_s42,7,0.7403739899876844
2506145,bertopic,n30_c25_s42,-1,0.0
2506307,bertopic,n30_c25_s42,7,0.7547110253488768
2507251,bertopic,n30_c25_s42,-1,0.0
2507567,bertopic,n30_c25_s42,-1,0.0
2509901,bertopic,n30_c25_s42,18,0.4345502732110667
2510621,bertopic,n30_c25_s42,62,1.0
2510995,bertopic,n30_c25_s42,12,0.935686291857575
2511010,bertopic,n30_c25_s42,9,0.3805440012964935
2511029,bertopic,n30_c25_s42,1,1.0
2511062,bertopic,n30_c25_s42,21,0.4450037556766811
2511287,bertopic,n30_c25_s42,-1,0.0
2511445,bertopic,n30_c25_s42,12,1.0
2511759,bertopic,n30_c25_s42,-1,0.0
2511812,bertopic,n30_c25_s42,7,0.7339108792534554
2511822,bertopic,n30_c25_s42,52,0.33705449816145194
2511853,bertopic,n30_c25_s42,9,0.29723929021461415
2511970,bertopic,n30_c25_s42,30,0.823137679527518
2513420,bertopic,n30_c25_s42,50,1.0
2514037,bertopic,n30_c25_s42,-1,0.0
2514945,bertopic,n30_c25_s42,44,0.44377729254605686
2515340,bertopic,n30_c25_s42,-1,0.0
2515632,bertopic,n30_c25_s42,-1,0.0
2516641,bertopic,n30_c25_s42,0,1.0
2518257,bertopic,n30_c25_s42,44,1.0
2519411,bertopic,n30_c25_s42,0,0.6579111114222833
2520643,bertopic,n30_c25_s42,17,0.9318467543579851
2520666,bertopic,n30_c25_s42,12,0.9670632967662781
2521483,bertopic,n30_c25_s42,22,1.0
2523209,bertopic,n30_c25_s42,17,1.0
2523892,bertopic,n30_c25_s42,10,0.8483078821759821
2524988,bertopic,n30_c25_s42,-1,0.0
2524994,bertopic,n30_c25_s42,44,0.8334332774601435
2524995,bertopic,n30_c25_s42,-1,0.0
2525759,bertopic,n30_c25_s42,9,0.37125600088370403
2525933,bertopic,n30_c25_s42,-1,0.0
2525935,bertopic,n30_c25_s42,-1,0.0
2526045,bertopic,n30_c25_s42,-1,0.0
2526358,bertopic,n30_c25_s42,-1,0.0
2526523,bertopic,n30_c25_s42,56,1.0
2527057,bertopic,n30_c25_s42,-1,0.0
2528000,bertopic,n30_c25_s42,-1,0.0
2528385,bertopic,n30_c25_s42,14,1.0
2532561,bertopic,n30_c25_s42,-1,0.0
2532644,bertopic,n30_c25_s42,-1,0.0
2532656,bertopic,n30_c25_s42,0,1.0
2532713,bertopic,n30_c25_s42,-1,0.0
2534432,bertopic,n30_c25_s42,-1,0.0
2534829,bertopic,n30_c25_s42,43,1.0
2536085,bertopic,n30_c25_s42,3,0.9232253332465329
2536112,bertopic,n30_c25_s42,68,1.0
2536497,bertopic,n30_c25_s42,18,1.0
2538025,bertopic,n30_c25_s42,-1,0.0
2540031,bertopic,n30_c25_s42,50,1.0
2540061,bertopic,n30_c25_s42,-1,0.0
2541974,bertopic,n30_c25_s42,44,0.9220066510699563
2546975,bertopic,n30_c25_s42,1,1.0
2547045,bertopic,n30_c25_s42,12,0.7511454347720962
2547054,bertopic,n30_c25_s42,1,1.0
2547079,bertopic,n30_c25_s42,30,0.9242917278264822
2547081,bertopic,n30_c25_s42,11,0.14503877485100491
2547132,bertopic,n30_c25_s42,7,1.0
2547160,bertopic,n30_c25_s42,4,0.6383369488986631
2547346,bertopic,n30_c25_s42,56,1.0
2547383,bertopic,n30_c25_s42,4,1.0
2548547,bertopic,n30_c25_s42,4,0.9796896064035242
2549327,bertopic,n30_c25_s42,5,1.0
2549502,bertopic,n30_c25_s42,-1,0.0
2550955,bertopic,n30_c25_s42,56,1.0
2555405,bertopic,n30_c25_s42,9,1.0
2556252,bertopic,n30_c25_s42,-1,0.0
2557196,bertopic,n30_c25_s42,50,1.0
2557271,bertopic,n30_c25_s42,46,0.9653218440828375
2557319,bertopic,n30_c25_s42,50,1.0
2557345,bertopic,n30_c25_s42,11,0.1306560002041035
2557367,bertopic,n30_c25_s42,9,0.5065116254129085
2557605,bertopic,n30_c25_s42,-1,0.0
2558138,bertopic,n30_c25_s42,0,1.0
2559335,bertopic,n30_c25_s42,11,0.13312761751495206
2559394,bertopic,n30_c25_s42,-1,0.0
2559427,bertopic,n30_c25_s42,11,0.8717491549272964
2559445,bertopic,n30_c25_s42,-1,0.0
2560526,bertopic,n30_c25_s42,10,1.0
2560688,bertopic,n30_c25_s42,29,1.0
2560843,bertopic,n30_c25_s42,17,0.9738008294548156
2561244,bertopic,n30_c25_s42,10,1.0
2561717,bertopic,n30_c25_s42,17,1.0
2562374,bertopic,n30_c25_s42,70,1.0
2562415,bertopic,n30_c25_s42,13,0.965128384656138
2562482,bertopic,n30_c25_s42,44,1.0
2562975,bertopic,n30_c25_s42,29,0.25103656341322067
2563153,bertopic,n30_c25_s42,29,0.2588961829880748
2563258,bertopic,n30_c25_s42,-1,0.0
2563393,bertopic,n30_c25_s42,13,0.8547854275278378
2564722,bertopic,n30_c25_s42,13,0.6036412808070343
2566397,bertopic,n30_c25_s42,2,0.8815431191310241
2566487,bertopic,n30_c25_s42,10,1.0
2566617,bertopic,n30_c25_s42,9,1.0
2568034,bertopic,n30_c25_s42,10,1.0
2568753,bertopic,n30_c25_s42,10,1.0
2568792,bertopic,n30_c25_s42,9,0.9552714957664867
2569841,bertopic,n30_c25_s42,41,0.23650204834920627
2569845,bertopic,n30_c25_s42,11,0.5239555072801381
2569888,bertopic,n30_c25_s42,47,1.0
2569929,bertopic,n30_c25_s42,47,0.9883513164890697
2570383,bertopic,n30_c25_s42,13,0.6797802385255395
2571180,bertopic,n30_c25_s42,13,1.0
2571596,bertopic,n30_c25_s42,-1,0.0
2571959,bertopic,n30_c25_s42,57,1.0
2572038,bertopic,n30_c25_s42,13,1.0
2577011,bertopic,n30_c25_s42,52,1.0
2577975,bertopic,n30_c25_s42,13,0.6061761107030065
2580156,bertopic,n30_c25_s42,15,0.4388071253871695
2584460,bertopic,n30_c25_s42,4,1.0
2585256,bertopic,n30_c25_s42,47,0.9961169464017708
2585345,bertopic,n30_c25_s42,34,0.6038242751240338
2585370,bertopic,n30_c25_s42,65,1.0
2585638,bertopic,n30_c25_s42,7,0.8722428155394977
2589596,bertopic,n30_c25_s42,-1,0.0
2589611,bertopic,n30_c25_s42,7,1.0
2589710,bertopic,n30_c25_s42,7,0.8656051977640602
2589808,bertopic,n30_c25_s42,58,1.0
2589857,bertopic,n30_c25_s42,7,1.0
2590419,bertopic,n30_c25_s42,29,0.8372336792125271
2591450,bertopic,n30_c25_s42,-1,0.0
2591462,bertopic,n30_c25_s42,-1,0.0
2591536,bertopic,n30_c25_s42,11,0.5392694141379173
2593165,bertopic,n30_c25_s42,-1,0.0
2594634,bertopic,n30_c25_s42,7,1.0
2597251,bertopic,n30_c25_s42,-1,0.0
2597262,bertopic,n30_c25_s42,19,0.6035601189661004
2597271,bertopic,n30_c25_s42,7,1.0
2597367,bertopic,n30_c25_s42,17,1.0
2597439,bertopic,n30_c25_s42,0,1.0
2598365,bertopic,n30_c25_s42,7,1.0
2598406,bertopic,n30_c25_s42,7,0.6168701260641763
2600113,bertopic,n30_c25_s42,-1,0.0
2600586,bertopic,n30_c25_s42,7,0.8535752356494237
2601172,bertopic,n30_c25_s42,58,0.9361753899554184
2601422,bertopic,n30_c25_s42,0,1.0
2603625,bertopic,n30_c25_s42,0,0.36824908532147643
2603806,bertopic,n30_c25_s42,1,1.0
2604483,bertopic,n30_c25_s42,4,0.7079479125647347
2604962,bertopic,n30_c25_s42,55,1.0
2607422,bertopic,n30_c25_s42,-1,0.0
2608083,bertopic,n30_c25_s42,-1,0.0
2608302,bertopic,n30_c25_s42,7,0.825695225357813
2608658,bertopic,n30_c25_s42,-1,0.0
2610131,bertopic,n30_c25_s42,1,0.9717356832024946
2610158,bertopic,n30_c25_s42,1,1.0
2611816,bertopic,n30_c25_s42,19,0.2948415739400263
2612658,bertopic,n30_c25_s42,3,0.9267477243763882
2613031,bertopic,n30_c25_s42,-1,0.0
2613241,bertopic,n30_c25_s42,40,1.0
2613242,bertopic,n30_c25_s42,7,0.9062304057192522
2615935,bertopic,n30_c25_s42,50,1.0
2616124,bertopic,n30_c25_s42,9,1.0
2616141,bertopic,n30_c25_s42,11,0.4141247428276659
2616428,bertopic,n30_c25_s42,65,0.8039621901575891
2616491,bertopic,n30_c25_s42,7,0.6160626459640567
2616561,bertopic,n30_c25_s42,1,1.0
2616582,bertopic,n30_c25_s42,-1,0.0
2616608,bertopic,n30_c25_s42,52,1.0
2616643,bertopic,n30_c25_s42,40,0.8028105466058002
2616745,bertopic,n30_c25_s42,58,0.9257246890376096
2617387,bertopic,n30_c25_s42,0,1.0
2617662,bertopic,n30_c25_s42,0,1.0
2618113,bertopic,n30_c25_s42,58,1.0
2619892,bertopic,n30_c25_s42,58,1.0
2623860,bertopic,n30_c25_s42,-1,0.0
2623864,bertopic,n30_c25_s42,19,0.7952432761442864
2624058,bertopic,n30_c25_s42,0,1.0
2624922,bertopic,n30_c25_s42,7,0.7995130324147003
2624940,bertopic,n30_c25_s42,7,0.7079652121017539
2624999,bertopic,n30_c25_s42,9,1.0
2625001,bertopic,n30_c25_s42,1,1.0
2625024,bertopic,n30_c25_s42,-1,0.0
2625083,bertopic,n30_c25_s42,40,0.660298745262539
2625148,bertopic,n30_c25_s42,1,0.907756057929096
2625184,bertopic,n30_c25_s42,52,1.0
2625996,bertopic,n30_c25_s42,0,0.36824908532147643
2626013,bertopic,n30_c25_s42,14,0.4819497528320691
2626562,bertopic,n30_c25_s42,58,1.0
2628178,bertopic,n30_c25_s42,0,1.0
2628491,bertopic,n30_c25_s42,1,1.0
2630605,bertopic,n30_c25_s42,30,0.9747947689806868
2630699,bertopic,n30_c25_s42,62,0.7407804331676331
2631118,bertopic,n30_c25_s42,25,0.31760630512650395
2631313,bertopic,n30_c25_s42,0,1.0
2632728,bertopic,n30_c25_s42,42,1.0
2633781,bertopic,n30_c25_s42,16,0.4673714814373062
2634148,bertopic,n30_c25_s42,40,1.0
2634462,bertopic,n30_c25_s42,30,1.0
2634583,bertopic,n30_c25_s42,0,1.0
2634599,bertopic,n30_c25_s42,39,0.998904732216909
2634890,bertopic,n30_c25_s42,30,0.8096322483431155
2635271,bertopic,n30_c25_s42,20,1.0
2635319,bertopic,n30_c25_s42,20,1.0
2638979,bertopic,n30_c25_s42,30,1.0
2638981,bertopic,n30_c25_s42,19,1.0
2638998,bertopic,n30_c25_s42,42,0.9615422535897905
2640069,bertopic,n30_c25_s42,-1,0.0
2640096,bertopic,n30_c25_s42,30,0.8885010851051616
2640233,bertopic,n30_c25_s42,70,1.0
2640243,bertopic,n30_c25_s42,44,1.0
2641130,bertopic,n30_c25_s42,40,1.0
2641148,bertopic,n30_c25_s42,7,0.7572120601479528
2643143,bertopic,n30_c25_s42,8,0.8998627207232692
2643491,bertopic,n30_c25_s42,0,0.340344273052557
2644906,bertopic,n30_c25_s42,29,0.5785290523111047
2644951,bertopic,n30_c25_s42,3,1.0
2645149,bertopic,n30_c25_s42,16,1.0
2645355,bertopic,n30_c25_s42,30,1.0
2645374,bertopic,n30_c25_s42,69,0.9658663189409575
2645390,bertopic,n30_c25_s42,29,0.34138619512994917
2645862,bertopic,n30_c25_s42,1,1.0
2646547,bertopic,n30_c25_s42,-1,0.0
2647339,bertopic,n30_c25_s42,4,0.7244964966493914
2648435,bertopic,n30_c25_s42,16,0.5793643568357414
2650143,bertopic,n30_c25_s42,-1,0.0
2650427,bertopic,n30_c25_s42,31,0.10826409892278382
2653529,bertopic,n30_c25_s42,16,0.5315742395887278
2655116,bertopic,n30_c25_s42,19,0.5911356632702167
2655146,bertopic,n30_c25_s42,0,1.0
2655757,bertopic,n30_c25_s42,-1,0.0
2656186,bertopic,n30_c25_s42,16,0.7412391848908838
2658677,bertopic,n30_c25_s42,0,1.0
2662017,bertopic,n30_c25_s42,0,0.7794849095078461
2662954,bertopic,n30_c25_s42,31,0.10826409892278382
2663084,bertopic,n30_c25_s42,65,1.0
2669279,bertopic,n30_c25_s42,19,0.30068917079343355
2669355,bertopic,n30_c25_s42,47,1.0
2669468,bertopic,n30_c25_s42,7,0.3044441359006089
2669701,bertopic,n30_c25_s42,0,1.0
2670031,bertopic,n30_c25_s42,20,0.7387059104061336
2671995,bertopic,n30_c25_s42,0,1.0
2672350,bertopic,n30_c25_s42,52,1.0
2674392,bertopic,n30_c25_s42,41,0.23650204834920627
2675013,bertopic,n30_c25_s42,0,1.0
2675183,bertopic,n30_c25_s42,7,0.3220169977385183
2675771,bertopic,n30_c25_s42,3,0.9361598897001451
2676416,bertopic,n30_c25_s42,0,0.9857892108507688
2676612,bertopic,n30_c25_s42,0,1.0
2677132,bertopic,n30_c25_s42,30,0.8714133140281175
2680179,bertopic,n30_c25_s42,-1,0.0
2680561,bertopic,n30_c25_s42,0,1.0
2683268,bertopic,n30_c25_s42,52,1.0
2687760,bertopic,n30_c25_s42,-1,0.0
2687766,bertopic,n30_c25_s42,4,1.0
2687926,bertopic,n30_c25_s42,0,1.0
2689613,bertopic,n30_c25_s42,1,1.0
2689671,bertopic,n30_c25_s42,0,1.0
2689695,bertopic,n30_c25_s42,30,0.9315328306114163
2689768,bertopic,n30_c25_s42,-1,0.0
2689814,bertopic,n30_c25_s42,16,0.5694291047159409
2689857,bertopic,n30_c25_s42,-1,0.0
2689916,bertopic,n30_c25_s42,0,1.0
2689917,bertopic,n30_c25_s42,1,1.0
2690024,bertopic,n30_c25_s42,20,1.0
2690194,bertopic,n30_c25_s42,-1,0.0
2690231,bertopic,n30_c25_s42,60,1.0
2690249,bertopic,n30_c25_s42,0,1.0
2690261,bertopic,n30_c25_s42,17,0.4815637734593764
2690277,bertopic,n30_c25_s42,65,1.0
2690325,bertopic,n30_c25_s42,-1,0.0
2690334,bertopic,n30_c25_s42,-1,0.0
2693080,bertopic,n30_c25_s42,17,0.41052621890761376
2693275,bertopic,n30_c25_s42,65,1.0
2694617,bertopic,n30_c25_s42,-1,0.0
2695528,bertopic,n30_c25_s42,0,1.0
2698761,bertopic,n30_c25_s42,0,1.0
2698785,bertopic,n30_c25_s42,65,1.0
2698807,bertopic,n30_c25_s42,-1,0.0
2698815,bertopic,n30_c25_s42,-1,0.0
2698842,bertopic,n30_c25_s42,19,1.0
2698984,bertopic,n30_c25_s42,1,1.0
2699021,bertopic,n30_c25_s42,-1,0.0
2699836,bertopic,n30_c25_s42,65,1.0
2699874,bertopic,n30_c25_s42,15,0.566011440810165
2699915,bertopic,n30_c25_s42,47,1.0
2699934,bertopic,n30_c25_s42,1,1.0
2699981,bertopic,n30_c25_s42,62,1.0
2700077,bertopic,n30_c25_s42,-1,0.0
2700084,bertopic,n30_c25_s42,-1,0.0
2700223,bertopic,n30_c25_s42,-1,0.0
2700232,bertopic,n30_c25_s42,0,1.0
2700272,bertopic,n30_c25_s42,0,1.0
2700279,bertopic,n30_c25_s42,17,0.38901257637940484
2700547,bertopic,n30_c25_s42,-1,0.0
2700619,bertopic,n30_c25_s42,0,1.0
2700941,bertopic,n30_c25_s42,65,1.0
2701030,bertopic,n30_c25_s42,65,1.0
2702464,bertopic,n30_c25_s42,-1,0.0
2702608,bertopic,n30_c25_s42,1,1.0
2702666,bertopic,n30_c25_s42,1,1.0
2702728,bertopic,n30_c25_s42,1,1.0
2702831,bertopic,n30_c25_s42,1,1.0
2703100,bertopic,n30_c25_s42,13,0.9899379419529526
2703167,bertopic,n30_c25_s42,1,1.0
2705197,bertopic,n30_c25_s42,51,0.8901646277120717
2705340,bertopic,n30_c25_s42,0,0.36824908532147643
2705854,bertopic,n30_c25_s42,40,1.0
2706102,bertopic,n30_c25_s42,24,1.0
2707779,bertopic,n30_c25_s42,14,0.4819497528320691
2708802,bertopic,n30_c25_s42,51,0.8453843841820119
2709830,bertopic,n30_c25_s42,51,0.9393110842998583
2710287,bertopic,n30_c25_s42,1,1.0
2710980,bertopic,n30_c25_s42,65,1.0
2713702,bertopic,n30_c25_s42,1,1.0
2713751,bertopic,n30_c25_s42,19,0.5372710829102293
2713786,bertopic,n30_c25_s42,-1,0.0
2714741,bertopic,n30_c25_s42,42,1.0
2714751,bertopic,n30_c25_s42,51,0.838701546117403
2714851,bertopic,n30_c25_s42,1,1.0
2715113,bertopic,n30_c25_s42,-1,0.0
2715544,bertopic,n30_c25_s42,1,1.0
2715594,bertopic,n30_c25_s42,40,1.0
2715697,bertopic,n30_c25_s42,51,0.9978012565535413
2715870,bertopic,n30_c25_s42,51,0.9763413527651073
2716305,bertopic,n30_c25_s42,14,0.4819497528320691
2716339,bertopic,n30_c25_s42,51,0.8407049031911628
2717304,bertopic,n30_c25_s42,35,1.0
2717851,bertopic,n30_c25_s42,34,0.2902866478074615
2717955,bertopic,n30_c25_s42,-1,0.0
2719984,bertopic,n30_c25_s42,44,1.0
2722280,bertopic,n30_c25_s42,18,1.0
2723598,bertopic,n30_c25_s42,51,0.9666860105766044
2723664,bertopic,n30_c25_s42,-1,0.0
2724071,bertopic,n30_c25_s42,1,1.0
2724468,bertopic,n30_c25_s42,4,1.0
2732227,bertopic,n30_c25_s42,31,0.10826409892278382
2735098,bertopic,n30_c25_s42,-1,0.0
2735919,bertopic,n30_c25_s42,23,0.6852666903306489
2735971,bertopic,n30_c25_s42,47,1.0
2736091,bertopic,n30_c25_s42,19,0.2740463774790924
2736175,bertopic,n30_c25_s42,1,1.0
2737855,bertopic,n30_c25_s42,31,0.10826409892278382
2741418,bertopic,n30_c25_s42,-1,0.0
2742487,bertopic,n30_c25_s42,51,1.0
2742517,bertopic,n30_c25_s42,7,0.2717937976631941
2744196,bertopic,n30_c25_s42,17,0.45819386326438205
2747430,bertopic,n30_c25_s42,51,1.0
2747800,bertopic,n30_c25_s42,10,0.8483078821759821
2748634,bertopic,n30_c25_s42,-1,0.0
2749995,bertopic,n30_c25_s42,42,1.0
2755458,bertopic,n30_c25_s42,51,1.0
2756434,bertopic,n30_c25_s42,51,1.0
2756499,bertopic,n30_c25_s42,1,1.0
2757091,bertopic,n30_c25_s42,-1,0.0
2757384,bertopic,n30_c25_s42,1,1.0
2772606,bertopic,n30_c25_s42,10,0.5707351735403419
2773959,bertopic,n30_c25_s42,1,1.0
2774572,bertopic,n30_c25_s42,40,0.7806400416922048
2774746,bertopic,n30_c25_s42,51,1.0
2775638,bertopic,n30_c25_s42,0,0.8624901168090019
2781172,bertopic,n30_c25_s42,-1,0.0
2781301,bertopic,n30_c25_s42,58,1.0
2785307,bertopic,n30_c25_s42,51,1.0
2788190,bertopic,n30_c25_s42,1,1.0
2788229,bertopic,n30_c25_s42,1,1.0
2788276,bertopic,n30_c25_s42,1,1.0
2788348,bertopic,n30_c25_s42,-1,0.0
2788352,bertopic,n30_c25_s42,51,0.8864614138910345
2788503,bertopic,n30_c25_s42,-1,0.0
2788627,bertopic,n30_c25_s42,1,1.0
2788752,bertopic,n30_c25_s42,1,1.0
2788805,bertopic,n30_c25_s42,1,1.0
2788848,bertopic,n30_c25_s42,51,1.0
