article_id,model,run_id,topic_id,membership_strength
300,bertopic,n15_c100_s42,6,1.0
551,bertopic,n15_c100_s42,-1,0.0
574,bertopic,n15_c100_s42,9,1.0
593,bertopic,n15_c100_s42,6,1.0
1739,bertopic,n15_c100_s42,12,1.0
1755,bertopic,n15_c100_s42,-1,0.0
2835,bertopic,n15_c100_s42,12,1.0
3594,bertopic,n15_c100_s42,1,1.0
3635,bertopic,n15_c100_s42,0,1.0
3656,bertopic,n15_c100_s42,-1,0.0
3708,bertopic,n15_c100_s42,7,0.7621278744775771
3798,bertopic,n15_c100_s42,6,0.850545640708154
4089,bertopic,n15_c100_s42,-1,0.0
4710,bertopic,n15_c100_s42,13,1.0
4830,bertopic,n15_c100_s42,-1,0.0
5276,bertopic,n15_c100_s42,1,0.6341552006536079
5586,bertopic,n15_c100_s42,-1,0.0
5683,bertopic,n15_c100_s42,14,0.3200067210931976
5693,bertopic,n15_c100_s42,10,1.0
6435,bertopic,n15_c100_s42,13,0.9930098314138273
6544,bertopic,n15_c100_s42,8,1.0
7082,bertopic,n15_c100_s42,3,0.9417446461437188
7244,bertopic,n15_c100_s42,2,1.0
7574,bertopic,n15_c100_s42,6,0.850545640708154
7681,bertopic,n15_c100_s42,6,1.0
7854,bertopic,n15_c100_s42,4,1.0
7868,bertopic,n15_c100_s42,22,1.0
7879,bertopic,n15_c100_s42,3,0.8475956529551408
7921,bertopic,n15_c100_s42,11,1.0
7959,bertopic,n15_c100_s42,3,0.9417446461437188
8530,bertopic,n15_c100_s42,10,0.376295768274775
8844,bertopic,n15_c100_s42,13,0.6657953746798783
9037,bertopic,n15_c100_s42,1,1.0
9349,bertopic,n15_c100_s42,5,1.0
10235,bertopic,n15_c100_s42,-1,0.0
10296,bertopic,n15_c100_s42,3,0.4389242047192046
10939,bertopic,n15_c100_s42,11,1.0
11348,bertopic,n15_c100_s42,1,0.583900998992028
12099,bertopic,n15_c100_s42,-1,0.0
12364,bertopic,n15_c100_s42,20,1.0
12399,bertopic,n15_c100_s42,1,0.583900998992028
12685,bertopic,n15_c100_s42,5,0.819075459950795
12801,bertopic,n15_c100_s42,-1,0.0
12810,bertopic,n15_c100_s42,17,1.0
12858,bertopic,n15_c100_s42,2,1.0
13084,bertopic,n15_c100_s42,-1,0.0
13205,bertopic,n15_c100_s42,6,0.6097804174022848
13274,bertopic,n15_c100_s42,13,0.5490421529267253
13403,bertopic,n15_c100_s42,3,0.40321457846616404
13594,bertopic,n15_c100_s42,-1,0.0
13768,bertopic,n15_c100_s42,1,0.26998012718538983
13851,bertopic,n15_c100_s42,1,0.16364699451608886
14117,bertopic,n15_c100_s42,8,1.0
14506,bertopic,n15_c100_s42,1,0.9385638399218527
14528,bertopic,n15_c100_s42,5,0.766351533635739
14529,bertopic,n15_c100_s42,1,1.0
14599,bertopic,n15_c100_s42,0,1.0
14858,bertopic,n15_c100_s42,0,1.0
15016,bertopic,n15_c100_s42,16,1.0
15506,bertopic,n15_c100_s42,1,0.9603556067540078
15759,bertopic,n15_c100_s42,11,1.0
15792,bertopic,n15_c100_s42,6,1.0
15993,bertopic,n15_c100_s42,3,0.4153844309620426
16083,bertopic,n15_c100_s42,-1,0.0
16274,bertopic,n15_c100_s42,7,0.3929587819414512
16458,bertopic,n15_c100_s42,13,1.0
16762,bertopic,n15_c100_s42,3,0.9417446461437188
16814,bertopic,n15_c100_s42,-1,0.0
17264,bertopic,n15_c100_s42,15,0.2702346683778947
17329,bertopic,n15_c100_s42,10,1.0
17922,bertopic,n15_c100_s42,3,1.0
18543,bertopic,n15_c100_s42,4,0.5945970321172419
19690,bertopic,n15_c100_s42,3,0.8500400546536921
20012,bertopic,n15_c100_s42,3,0.9417446461437188
20127,bertopic,n15_c100_s42,3,0.9417446461437188
20668,bertopic,n15_c100_s42,12,1.0
20712,bertopic,n15_c100_s42,4,0.8939105786056402
20941,bertopic,n15_c100_s42,0,1.0
21460,bertopic,n15_c100_s42,-1,0.0
21530,bertopic,n15_c100_s42,12,0.9578544211365422
21659,bertopic,n15_c100_s42,0,1.0
21782,bertopic,n15_c100_s42,1,1.0
21917,bertopic,n15_c100_s42,10,0.6814270610691762
22065,bertopic,n15_c100_s42,3,0.3715813634348353
22132,bertopic,n15_c100_s42,-1,0.0
22159,bertopic,n15_c100_s42,1,1.0
22390,bertopic,n15_c100_s42,-1,0.0
22705,bertopic,n15_c100_s42,6,1.0
23217,bertopic,n15_c100_s42,1,1.0
23962,bertopic,n15_c100_s42,9,0.8446477337924201
24198,bertopic,n15_c100_s42,13,0.6071554859946501
24286,bertopic,n15_c100_s42,2,1.0
24876,bertopic,n15_c100_s42,3,0.5672834393490676
24965,bertopic,n15_c100_s42,4,1.0
25431,bertopic,n15_c100_s42,20,1.0
25458,bertopic,n15_c100_s42,8,0.9726069673568497
25974,bertopic,n15_c100_s42,-1,0.0
26212,bertopic,n15_c100_s42,16,1.0
26434,bertopic,n15_c100_s42,9,0.9037182548705985
27038,bertopic,n15_c100_s42,19,1.0
27122,bertopic,n15_c100_s42,-1,0.0
27189,bertopic,n15_c100_s42,-1,0.0
27469,bertopic,n15_c100_s42,12,1.0
27920,bertopic,n15_c100_s42,-1,0.0
28510,bertopic,n15_c100_s42,5,0.9498638311613158
28661,bertopic,n15_c100_s42,-1,0.0
28781,bertopic,n15_c100_s42,1,0.26998012718538983
28784,bertopic,n15_c100_s42,3,1.0
28936,bertopic,n15_c100_s42,3,0.9417446461437188
29129,bertopic,n15_c100_s42,8,1.0
30097,bertopic,n15_c100_s42,15,0.31127105900532315
30107,bertopic,n15_c100_s42,1,0.8915338740331465
30257,bertopic,n15_c100_s42,1,1.0
30703,bertopic,n15_c100_s42,5,0.7218906717486774
30778,bertopic,n15_c100_s42,-1,0.0
30997,bertopic,n15_c100_s42,-1,0.0
31478,bertopic,n15_c100_s42,1,0.8991293629681498
31594,bertopic,n15_c100_s42,-1,0.0
31664,bertopic,n15_c100_s42,-1,0.0
31875,bertopic,n15_c100_s42,11,1.0
31919,bertopic,n15_c100_s42,5,1.0
32030,bertopic,n15_c100_s42,3,1.0
32072,bertopic,n15_c100_s42,0,0.7352387269141456
32140,bertopic,n15_c100_s42,13,1.0
33141,bertopic,n15_c100_s42,11,1.0
33193,bertopic,n15_c100_s42,3,0.9417446461437188
33255,bertopic,n15_c100_s42,20,0.7811043080045159
33651,bertopic,n15_c100_s42,3,1.0
33732,bertopic,n15_c100_s42,6,1.0
33907,bertopic,n15_c100_s42,-1,0.0
34443,bertopic,n15_c100_s42,2,1.0
35047,bertopic,n15_c100_s42,9,1.0
35309,bertopic,n15_c100_s42,2,0.3660888077406
35903,bertopic,n15_c100_s42,-1,0.0
35925,bertopic,n15_c100_s42,3,0.48653118953996005
36149,bertopic,n15_c100_s42,-1,0.0
36372,bertopic,n15_c100_s42,-1,0.0
36523,bertopic,n15_c100_s42,3,0.9417446461437188
36957,bertopic,n15_c100_s42,1,0.9603556067540078
37122,bertopic,n15_c100_s42,2,1.0
37241,bertopic,n15_c100_s42,6,0.6097804174022848
37289,bertopic,n15_c100_s42,4,0.8939105786056402
38068,bertopic,n15_c100_s42,7,1.0
38130,bertopic,n15_c100_s42,3,0.7442743683647439
38397,bertopic,n15_c100_s42,3,0.6694164052930887
38774,bertopic,n15_c100_s42,13,0.8402749927869281
38952,bertopic,n15_c100_s42,-1,0.0
39053,bertopic,n15_c100_s42,10,1.0
39204,bertopic,n15_c100_s42,3,0.5746133726513507
39234,bertopic,n15_c100_s42,5,0.7952083579428907
40130,bertopic,n15_c100_s42,-1,0.0
40296,bertopic,n15_c100_s42,1,0.9603556067540078
40454,bertopic,n15_c100_s42,3,1.0
40807,bertopic,n15_c100_s42,17,1.0
41150,bertopic,n15_c100_s42,12,0.9578544211365422
41235,bertopic,n15_c100_s42,1,0.2962735117173171
41649,bertopic,n15_c100_s42,13,1.0
41765,bertopic,n15_c100_s42,3,0.9417446461437188
41883,bertopic,n15_c100_s42,15,1.0
42206,bertopic,n15_c100_s42,11,1.0
42360,bertopic,n15_c100_s42,11,1.0
42454,bertopic,n15_c100_s42,9,0.8875230267616503
43243,bertopic,n15_c100_s42,-1,0.0
43481,bertopic,n15_c100_s42,14,0.32139884743017616
43606,bertopic,n15_c100_s42,6,0.850545640708154
43636,bertopic,n15_c100_s42,20,1.0
44273,bertopic,n15_c100_s42,5,0.7276567383465922
44421,bertopic,n15_c100_s42,-1,0.0
44459,bertopic,n15_c100_s42,0,1.0
44507,bertopic,n15_c100_s42,-1,0.0
44761,bertopic,n15_c100_s42,4,1.0
44828,bertopic,n15_c100_s42,3,1.0
44886,bertopic,n15_c100_s42,16,1.0
44926,bertopic,n15_c100_s42,-1,0.0
45170,bertopic,n15_c100_s42,6,0.7660837729952801
45318,bertopic,n15_c100_s42,20,0.8181356355152282
45333,bertopic,n15_c100_s42,4,0.8939105786056402
45594,bertopic,n15_c100_s42,6,0.9842314039448293
45601,bertopic,n15_c100_s42,8,1.0
45666,bertopic,n15_c100_s42,6,1.0
45929,bertopic,n15_c100_s42,0,1.0
46773,bertopic,n15_c100_s42,3,0.410419474400701
46798,bertopic,n15_c100_s42,1,0.9603556067540078
47374,bertopic,n15_c100_s42,4,0.751375338110363
47878,bertopic,n15_c100_s42,-1,0.0
48013,bertopic,n15_c100_s42,-1,0.0
48054,bertopic,n15_c100_s42,11,1.0
48189,bertopic,n15_c100_s42,3,0.9417446461437188
48429,bertopic,n15_c100_s42,5,0.8772187580339897
48523,bertopic,n15_c100_s42,0,1.0
48645,bertopic,n15_c100_s42,3,0.5163380450322697
48719,bertopic,n15_c100_s42,3,0.9417446461437188
48986,bertopic,n15_c100_s42,11,1.0
49147,bertopic,n15_c100_s42,-1,0.0
49182,bertopic,n15_c100_s42,14,1.0
49242,bertopic,n15_c100_s42,14,1.0
49457,bertopic,n15_c100_s42,-1,0.0
49694,bertopic,n15_c100_s42,3,0.9838062897888229
50156,bertopic,n15_c100_s42,-1,0.0
50396,bertopic,n15_c100_s42,12,1.0
50448,bertopic,n15_c100_s42,2,1.0
50669,bertopic,n15_c100_s42,17,1.0
51001,bertopic,n15_c100_s42,20,0.7163333366035852
51195,bertopic,n15_c100_s42,9,1.0
51957,bertopic,n15_c100_s42,6,1.0
52032,bertopic,n15_c100_s42,3,0.6367157235240254
52281,bertopic,n15_c100_s42,3,0.9417446461437188
52788,bertopic,n15_c100_s42,6,1.0
52904,bertopic,n15_c100_s42,12,1.0
53033,bertopic,n15_c100_s42,-1,0.0
53036,bertopic,n15_c100_s42,-1,0.0
53127,bertopic,n15_c100_s42,3,1.0
53281,bertopic,n15_c100_s42,4,1.0
53378,bertopic,n15_c100_s42,9,1.0
53444,bertopic,n15_c100_s42,10,1.0
53522,bertopic,n15_c100_s42,11,1.0
53977,bertopic,n15_c100_s42,6,1.0
54284,bertopic,n15_c100_s42,0,1.0
54295,bertopic,n15_c100_s42,12,1.0
55518,bertopic,n15_c100_s42,3,0.9417446461437188
55684,bertopic,n15_c100_s42,-1,0.0
55997,bertopic,n15_c100_s42,20,1.0
56047,bertopic,n15_c100_s42,3,1.0
56383,bertopic,n15_c100_s42,6,0.9376367715722572
56427,bertopic,n15_c100_s42,11,0.7358381628174118
56476,bertopic,n15_c100_s42,1,0.5569327066882215
56477,bertopic,n15_c100_s42,-1,0.0
56571,bertopic,n15_c100_s42,1,1.0
56582,bertopic,n15_c100_s42,-1,0.0
56617,bertopic,n15_c100_s42,-1,0.0
56838,bertopic,n15_c100_s42,21,1.0
57121,bertopic,n15_c100_s42,7,0.7621278744775771
57340,bertopic,n15_c100_s42,3,0.5163380450322697
57357,bertopic,n15_c100_s42,-1,0.0
57436,bertopic,n15_c100_s42,11,0.7690672957908332
57487,bertopic,n15_c100_s42,11,1.0
59278,bertopic,n15_c100_s42,0,1.0
59330,bertopic,n15_c100_s42,1,1.0
60166,bertopic,n15_c100_s42,3,0.49087247898644243
60190,bertopic,n15_c100_s42,6,0.6097804174022848
60525,bertopic,n15_c100_s42,2,1.0
60772,bertopic,n15_c100_s42,3,0.5795253702879617
60790,bertopic,n15_c100_s42,15,0.6670384476044233
60943,bertopic,n15_c100_s42,-1,0.0
60989,bertopic,n15_c100_s42,4,0.5945970321172419
61037,bertopic,n15_c100_s42,1,1.0
61392,bertopic,n15_c100_s42,-1,0.0
61399,bertopic,n15_c100_s42,9,1.0
61433,bertopic,n15_c100_s42,10,0.6814270610691762
61614,bertopic,n15_c100_s42,7,1.0
61618,bertopic,n15_c100_s42,22,1.0
61634,bertopic,n15_c100_s42,1,1.0
61874,bertopic,n15_c100_s42,3,0.9417446461437188
62010,bertopic,n15_c100_s42,-1,0.0
62225,bertopic,n15_c100_s42,5,1.0
62396,bertopic,n15_c100_s42,2,1.0
62514,bertopic,n15_c100_s42,2,1.0
62536,bertopic,n15_c100_s42,2,0.8138489586351653
62561,bertopic,n15_c100_s42,-1,0.0
62909,bertopic,n15_c100_s42,2,1.0
63202,bertopic,n15_c100_s42,2,1.0
63485,bertopic,n15_c100_s42,1,0.9603556067540078
63812,bertopic,n15_c100_s42,1,0.3492321434883388
64049,bertopic,n15_c100_s42,8,1.0
64159,bertopic,n15_c100_s42,2,1.0
64288,bertopic,n15_c100_s42,20,1.0
64460,bertopic,n15_c100_s42,0,1.0
64660,bertopic,n15_c100_s42,9,0.9970282737655833
65325,bertopic,n15_c100_s42,13,1.0
66799,bertopic,n15_c100_s42,6,0.7078229535490083
67010,bertopic,n15_c100_s42,-1,0.0
67102,bertopic,n15_c100_s42,-1,0.0
67221,bertopic,n15_c100_s42,2,1.0
67486,bertopic,n15_c100_s42,5,0.8701839817249094
67860,bertopic,n15_c100_s42,-1,0.0
68053,bertopic,n15_c100_s42,-1,0.0
68520,bertopic,n15_c100_s42,1,0.9603556067540078
68807,bertopic,n15_c100_s42,5,1.0
69068,bertopic,n15_c100_s42,11,1.0
69258,bertopic,n15_c100_s42,7,1.0
70036,bertopic,n15_c100_s42,3,0.6467413535049514
70485,bertopic,n15_c100_s42,2,1.0
70557,bertopic,n15_c100_s42,9,1.0
70943,bertopic,n15_c100_s42,-1,0.0
71054,bertopic,n15_c100_s42,21,1.0
71331,bertopic,n15_c100_s42,16,0.8289451557901646
71519,bertopic,n15_c100_s42,6,0.7092084562327563
71879,bertopic,n15_c100_s42,4,0.688845505103658
71942,bertopic,n15_c100_s42,14,0.25533368214296903
72159,bertopic,n15_c100_s42,-1,0.0
72242,bertopic,n15_c100_s42,11,1.0
72412,bertopic,n15_c100_s42,3,0.8273328305262353
72552,bertopic,n15_c100_s42,20,0.9564072655053839
72770,bertopic,n15_c100_s42,4,0.751375338110363
73421,bertopic,n15_c100_s42,-1,0.0
73478,bertopic,n15_c100_s42,7,1.0
73841,bertopic,n15_c100_s42,8,1.0
73919,bertopic,n15_c100_s42,-1,0.0
74002,bertopic,n15_c100_s42,-1,0.0
74128,bertopic,n15_c100_s42,16,0.6349559089151843
74554,bertopic,n15_c100_s42,4,1.0
75484,bertopic,n15_c100_s42,-1,0.0
76050,bertopic,n15_c100_s42,7,1.0
76152,bertopic,n15_c100_s42,6,0.6097804174022848
76171,bertopic,n15_c100_s42,13,1.0
76296,bertopic,n15_c100_s42,3,0.9417446461437188
76323,bertopic,n15_c100_s42,-1,0.0
76379,bertopic,n15_c100_s42,-1,0.0
77023,bertopic,n15_c100_s42,6,1.0
78009,bertopic,n15_c100_s42,2,1.0
78179,bertopic,n15_c100_s42,1,1.0
78211,bertopic,n15_c100_s42,-1,0.0
78357,bertopic,n15_c100_s42,10,0.6814270610691762
78501,bertopic,n15_c100_s42,9,0.9254636876439808
78524,bertopic,n15_c100_s42,9,1.0
78603,bertopic,n15_c100_s42,1,1.0
79028,bertopic,n15_c100_s42,3,0.9417446461437188
79129,bertopic,n15_c100_s42,23,1.0
79661,bertopic,n15_c100_s42,0,1.0
80282,bertopic,n15_c100_s42,1,0.9603556067540078
80316,bertopic,n15_c100_s42,1,0.7186769245492767
80570,bertopic,n15_c100_s42,9,1.0
80631,bertopic,n15_c100_s42,1,1.0
80746,bertopic,n15_c100_s42,5,1.0
81605,bertopic,n15_c100_s42,11,1.0
81713,bertopic,n15_c100_s42,11,1.0
81755,bertopic,n15_c100_s42,-1,0.0
81778,bertopic,n15_c100_s42,4,1.0
82147,bertopic,n15_c100_s42,0,0.784011507153867
82319,bertopic,n15_c100_s42,10,0.6814270610691762
82733,bertopic,n15_c100_s42,-1,0.0
82814,bertopic,n15_c100_s42,-1,0.0
83020,bertopic,n15_c100_s42,-1,0.0
83321,bertopic,n15_c100_s42,0,1.0
83391,bertopic,n15_c100_s42,-1,0.0
83576,bertopic,n15_c100_s42,20,1.0
84049,bertopic,n15_c100_s42,0,1.0
84779,bertopic,n15_c100_s42,0,1.0
84812,bertopic,n15_c100_s42,1,1.0
85969,bertopic,n15_c100_s42,15,1.0
86321,bertopic,n15_c100_s42,11,1.0
86508,bertopic,n15_c100_s42,10,1.0
87000,bertopic,n15_c100_s42,3,0.7442743683647439
87049,bertopic,n15_c100_s42,12,1.0
87587,bertopic,n15_c100_s42,6,1.0
87874,bertopic,n15_c100_s42,6,0.6097804174022848
88070,bertopic,n15_c100_s42,2,1.0
88079,bertopic,n15_c100_s42,-1,0.0
88571,bertopic,n15_c100_s42,4,0.5945970321172419
88657,bertopic,n15_c100_s42,1,1.0
89301,bertopic,n15_c100_s42,9,1.0
89410,bertopic,n15_c100_s42,8,0.922642872529795
89624,bertopic,n15_c100_s42,-1,0.0
89801,bertopic,n15_c100_s42,13,1.0
89830,bertopic,n15_c100_s42,0,1.0
89847,bertopic,n15_c100_s42,20,1.0
89873,bertopic,n15_c100_s42,10,0.7872179023365911
89919,bertopic,n15_c100_s42,-1,0.0
89926,bertopic,n15_c100_s42,15,1.0
89957,bertopic,n15_c100_s42,11,1.0
90406,bertopic,n15_c100_s42,8,1.0
90724,bertopic,n15_c100_s42,-1,0.0
91137,bertopic,n15_c100_s42,17,1.0
91212,bertopic,n15_c100_s42,-1,0.0
91317,bertopic,n15_c100_s42,0,1.0
91669,bertopic,n15_c100_s42,16,1.0
91911,bertopic,n15_c100_s42,8,1.0
92331,bertopic,n15_c100_s42,-1,0.0
92399,bertopic,n15_c100_s42,2,1.0
92447,bertopic,n15_c100_s42,1,0.9609824701315759
92485,bertopic,n15_c100_s42,3,0.3500795659788362
92507,bertopic,n15_c100_s42,0,0.6735973546403773
92521,bertopic,n15_c100_s42,5,1.0
92660,bertopic,n15_c100_s42,6,0.850545640708154
92766,bertopic,n15_c100_s42,1,1.0
92962,bertopic,n15_c100_s42,11,1.0
94288,bertopic,n15_c100_s42,5,0.8772187580339897
94315,bertopic,n15_c100_s42,3,0.9417446461437188
95209,bertopic,n15_c100_s42,3,0.9417446461437188
95243,bertopic,n15_c100_s42,3,0.7442743683647439
95502,bertopic,n15_c100_s42,2,0.7303963553979936
95503,bertopic,n15_c100_s42,1,0.3492321434883388
95505,bertopic,n15_c100_s42,12,1.0
95887,bertopic,n15_c100_s42,3,0.9417446461437188
96093,bertopic,n15_c100_s42,-1,0.0
96587,bertopic,n15_c100_s42,11,1.0
97339,bertopic,n15_c100_s42,7,0.3464272948812775
97796,bertopic,n15_c100_s42,2,1.0
97953,bertopic,n15_c100_s42,3,1.0
98192,bertopic,n15_c100_s42,-1,0.0
98320,bertopic,n15_c100_s42,1,0.9603556067540078
98372,bertopic,n15_c100_s42,8,0.9556739235040745
98422,bertopic,n15_c100_s42,4,0.5945970321172419
98649,bertopic,n15_c100_s42,3,0.9417446461437188
98692,bertopic,n15_c100_s42,11,0.6622479871699721
98812,bertopic,n15_c100_s42,5,0.8691984963581251
98882,bertopic,n15_c100_s42,-1,0.0
99053,bertopic,n15_c100_s42,6,0.6097804174022848
99311,bertopic,n15_c100_s42,-1,0.0
99362,bertopic,n15_c100_s42,14,1.0
99429,bertopic,n15_c100_s42,11,1.0
99690,bertopic,n15_c100_s42,13,1.0
99888,bertopic,n15_c100_s42,0,1.0
100550,bertopic,n15_c100_s42,5,0.9498638311613158
100730,bertopic,n15_c100_s42,-1,0.0
100962,bertopic,n15_c100_s42,-1,0.0
101231,bertopic,n15_c100_s42,10,1.0
101764,bertopic,n15_c100_s42,8,1.0
101775,bertopic,n15_c100_s42,-1,0.0
101854,bertopic,n15_c100_s42,3,0.9417446461437188
101901,bertopic,n15_c100_s42,0,0.9896509997446999
102431,bertopic,n15_c100_s42,5,0.7253580271946702
102601,bertopic,n15_c100_s42,11,0.6622479871699721
102738,bertopic,n15_c100_s42,3,0.9417446461437188
102885,bertopic,n15_c100_s42,-1,0.0
102902,bertopic,n15_c100_s42,0,1.0
103750,bertopic,n15_c100_s42,2,1.0
104233,bertopic,n15_c100_s42,5,1.0
104546,bertopic,n15_c100_s42,11,1.0
104601,bertopic,n15_c100_s42,1,1.0
104855,bertopic,n15_c100_s42,-1,0.0
105357,bertopic,n15_c100_s42,11,1.0
105490,bertopic,n15_c100_s42,13,1.0
106202,bertopic,n15_c100_s42,3,0.40906608343390155
106439,bertopic,n15_c100_s42,1,1.0
106717,bertopic,n15_c100_s42,-1,0.0
107060,bertopic,n15_c100_s42,17,1.0
107314,bertopic,n15_c100_s42,6,0.6092362696297597
107334,bertopic,n15_c100_s42,-1,0.0
107625,bertopic,n15_c100_s42,1,1.0
108455,bertopic,n15_c100_s42,-1,0.0
108461,bertopic,n15_c100_s42,0,1.0
109175,bertopic,n15_c100_s42,-1,0.0
109347,bertopic,n15_c100_s42,5,0.9539017464099094
109367,bertopic,n15_c100_s42,10,1.0
109381,bertopic,n15_c100_s42,11,1.0
109470,bertopic,n15_c100_s42,0,1.0
109503,bertopic,n15_c100_s42,6,1.0
110123,bertopic,n15_c100_s42,13,0.8609802227955526
110274,bertopic,n15_c100_s42,-1,0.0
110368,bertopic,n15_c100_s42,3,1.0
110828,bertopic,n15_c100_s42,5,0.76349383880686
110861,bertopic,n15_c100_s42,6,0.6097804174022848
110923,bertopic,n15_c100_s42,5,0.710989745641109
110945,bertopic,n15_c100_s42,2,1.0
111432,bertopic,n15_c100_s42,-1,0.0
111618,bertopic,n15_c100_s42,1,0.3492321434883388
112184,bertopic,n15_c100_s42,11,1.0
112673,bertopic,n15_c100_s42,-1,0.0
113785,bertopic,n15_c100_s42,13,0.44251141790106124
113818,bertopic,n15_c100_s42,11,1.0
113906,bertopic,n15_c100_s42,11,0.6967156832189844
114291,bertopic,n15_c100_s42,11,1.0
114519,bertopic,n15_c100_s42,-1,0.0
115008,bertopic,n15_c100_s42,13,1.0
115166,bertopic,n15_c100_s42,1,0.9603556067540078
115239,bertopic,n15_c100_s42,9,0.7360294593575545
115378,bertopic,n15_c100_s42,11,1.0
115416,bertopic,n15_c100_s42,-1,0.0
115482,bertopic,n15_c100_s42,2,1.0
115506,bertopic,n15_c100_s42,17,1.0
115561,bertopic,n15_c100_s42,11,1.0
115935,bertopic,n15_c100_s42,9,1.0
116580,bertopic,n15_c100_s42,-1,0.0
117070,bertopic,n15_c100_s42,-1,0.0
117354,bertopic,n15_c100_s42,2,1.0
117646,bertopic,n15_c100_s42,11,0.4508049787502697
117905,bertopic,n15_c100_s42,16,1.0
118371,bertopic,n15_c100_s42,8,1.0
119090,bertopic,n15_c100_s42,13,1.0
119115,bertopic,n15_c100_s42,5,0.8575246203768836
119777,bertopic,n15_c100_s42,15,1.0
120054,bertopic,n15_c100_s42,-1,0.0
120126,bertopic,n15_c100_s42,19,1.0
120781,bertopic,n15_c100_s42,6,1.0
121300,bertopic,n15_c100_s42,5,0.9900800228154426
122087,bertopic,n15_c100_s42,20,0.7285218901435592
122128,bertopic,n15_c100_s42,3,0.9417446461437188
123233,bertopic,n15_c100_s42,-1,0.0
123354,bertopic,n15_c100_s42,20,0.8978709113607868
123513,bertopic,n15_c100_s42,6,0.6097804174022848
123677,bertopic,n15_c100_s42,0,1.0
124291,bertopic,n15_c100_s42,1,1.0
124504,bertopic,n15_c100_s42,3,0.9417446461437188
124924,bertopic,n15_c100_s42,-1,0.0
124998,bertopic,n15_c100_s42,13,0.7293894751772252
125146,bertopic,n15_c100_s42,0,0.8577374012022709
125299,bertopic,n15_c100_s42,-1,0.0
125714,bertopic,n15_c100_s42,3,1.0
125811,bertopic,n15_c100_s42,-1,0.0
125862,bertopic,n15_c100_s42,3,0.9417446461437188
126305,bertopic,n15_c100_s42,13,1.0
126787,bertopic,n15_c100_s42,11,0.38895335450210694
127076,bertopic,n15_c100_s42,8,0.9507331557129277
127077,bertopic,n15_c100_s42,-1,0.0
127252,bertopic,n15_c100_s42,8,1.0
127382,bertopic,n15_c100_s42,3,0.4423482372525339
127780,bertopic,n15_c100_s42,16,1.0
127807,bertopic,n15_c100_s42,16,1.0
128077,bertopic,n15_c100_s42,16,1.0
128329,bertopic,n15_c100_s42,15,1.0
128668,bertopic,n15_c100_s42,-1,0.0
129453,bertopic,n15_c100_s42,10,1.0
129521,bertopic,n15_c100_s42,-1,0.0
129697,bertopic,n15_c100_s42,2,1.0
130075,bertopic,n15_c100_s42,13,1.0
130193,bertopic,n15_c100_s42,-1,0.0
130229,bertopic,n15_c100_s42,17,1.0
130247,bertopic,n15_c100_s42,4,1.0
130332,bertopic,n15_c100_s42,9,1.0
130373,bertopic,n15_c100_s42,-1,0.0
130542,bertopic,n15_c100_s42,11,1.0
131018,bertopic,n15_c100_s42,3,0.4243877346372323
131134,bertopic,n15_c100_s42,1,0.6110143603309758
131630,bertopic,n15_c100_s42,13,1.0
131655,bertopic,n15_c100_s42,-1,0.0
131953,bertopic,n15_c100_s42,-1,0.0
132216,bertopic,n15_c100_s42,9,1.0
132343,bertopic,n15_c100_s42,-1,0.0
132371,bertopic,n15_c100_s42,1,0.3492321434883388
132580,bertopic,n15_c100_s42,11,1.0
132689,bertopic,n15_c100_s42,-1,0.0
133011,bertopic,n15_c100_s42,1,0.9677806152118041
133390,bertopic,n15_c100_s42,3,1.0
133467,bertopic,n15_c100_s42,15,1.0
133776,bertopic,n15_c100_s42,-1,0.0
134147,bertopic,n15_c100_s42,0,1.0
134265,bertopic,n15_c100_s42,12,0.9578544211365422
134759,bertopic,n15_c100_s42,6,0.8045925571502041
134864,bertopic,n15_c100_s42,3,0.7442743683647439
135098,bertopic,n15_c100_s42,17,1.0
137255,bertopic,n15_c100_s42,4,0.751375338110363
137501,bertopic,n15_c100_s42,0,1.0
137526,bertopic,n15_c100_s42,20,1.0
137788,bertopic,n15_c100_s42,3,0.9417446461437188
138059,bertopic,n15_c100_s42,-1,0.0
138257,bertopic,n15_c100_s42,3,1.0
138447,bertopic,n15_c100_s42,4,0.751375338110363
138458,bertopic,n15_c100_s42,11,1.0
139177,bertopic,n15_c100_s42,22,1.0
139181,bertopic,n15_c100_s42,10,0.697984057552163
139355,bertopic,n15_c100_s42,9,1.0
140134,bertopic,n15_c100_s42,20,1.0
140242,bertopic,n15_c100_s42,12,1.0
140319,bertopic,n15_c100_s42,5,0.8680136431960623
140433,bertopic,n15_c100_s42,11,1.0
140479,bertopic,n15_c100_s42,1,1.0
140865,bertopic,n15_c100_s42,8,1.0
141179,bertopic,n15_c100_s42,13,1.0
141257,bertopic,n15_c100_s42,11,1.0
141399,bertopic,n15_c100_s42,6,1.0
141429,bertopic,n15_c100_s42,3,0.7714836495534894
141861,bertopic,n15_c100_s42,13,1.0
141920,bertopic,n15_c100_s42,-1,0.0
142165,bertopic,n15_c100_s42,-1,0.0
142216,bertopic,n15_c100_s42,2,1.0
142280,bertopic,n15_c100_s42,8,0.9954530488302014
142354,bertopic,n15_c100_s42,11,1.0
142857,bertopic,n15_c100_s42,2,1.0
142874,bertopic,n15_c100_s42,8,1.0
143292,bertopic,n15_c100_s42,20,1.0
143578,bertopic,n15_c100_s42,4,1.0
143689,bertopic,n15_c100_s42,16,1.0
143832,bertopic,n15_c100_s42,1,0.9603556067540078
144024,bertopic,n15_c100_s42,-1,0.0
144692,bertopic,n15_c100_s42,1,1.0
144696,bertopic,n15_c100_s42,3,0.5378078365510826
144709,bertopic,n15_c100_s42,1,0.7186769245492767
144921,bertopic,n15_c100_s42,11,0.6622479871699721
145458,bertopic,n15_c100_s42,12,1.0
145466,bertopic,n15_c100_s42,13,1.0
145515,bertopic,n15_c100_s42,3,0.9417446461437188
146165,bertopic,n15_c100_s42,0,0.6510404358118183
146804,bertopic,n15_c100_s42,-1,0.0
147134,bertopic,n15_c100_s42,-1,0.0
147174,bertopic,n15_c100_s42,5,1.0
147259,bertopic,n15_c100_s42,2,1.0
147557,bertopic,n15_c100_s42,-1,0.0
147902,bertopic,n15_c100_s42,-1,0.0
148461,bertopic,n15_c100_s42,3,1.0
148586,bertopic,n15_c100_s42,15,0.3307760604287303
149077,bertopic,n15_c100_s42,7,1.0
149365,bertopic,n15_c100_s42,3,0.7701588907754328
149398,bertopic,n15_c100_s42,2,1.0
150163,bertopic,n15_c100_s42,6,1.0
150607,bertopic,n15_c100_s42,3,0.5163380450322697
150859,bertopic,n15_c100_s42,5,1.0
150907,bertopic,n15_c100_s42,1,0.3492321434883388
151426,bertopic,n15_c100_s42,10,0.697984057552163
151602,bertopic,n15_c100_s42,-1,0.0
151703,bertopic,n15_c100_s42,3,0.8627335778325984
152273,bertopic,n15_c100_s42,11,1.0
152390,bertopic,n15_c100_s42,-1,0.0
152618,bertopic,n15_c100_s42,12,1.0
152738,bertopic,n15_c100_s42,0,1.0
152759,bertopic,n15_c100_s42,-1,0.0
152861,bertopic,n15_c100_s42,5,0.9498638311613158
153163,bertopic,n15_c100_s42,6,1.0
153367,bertopic,n15_c100_s42,-1,0.0
153749,bertopic,n15_c100_s42,8,1.0
153782,bertopic,n15_c100_s42,-1,0.0
153794,bertopic,n15_c100_s42,13,0.37973929653738175
154435,bertopic,n15_c100_s42,3,0.7442743683647439
154829,bertopic,n15_c100_s42,3,0.8887164683701413
155138,bertopic,n15_c100_s42,-1,0.0
155572,bertopic,n15_c100_s42,-1,0.0
155577,bertopic,n15_c100_s42,8,1.0
155990,bertopic,n15_c100_s42,3,0.9417446461437188
156160,bertopic,n15_c100_s42,1,0.3492321434883388
156667,bertopic,n15_c100_s42,-1,0.0
157217,bertopic,n15_c100_s42,-1,0.0
157293,bertopic,n15_c100_s42,13,1.0
158049,bertopic,n15_c100_s42,3,0.9417446461437188
158118,bertopic,n15_c100_s42,-1,0.0
158288,bertopic,n15_c100_s42,-1,0.0
158417,bertopic,n15_c100_s42,1,0.3492321434883388
159915,bertopic,n15_c100_s42,13,1.0
160084,bertopic,n15_c100_s42,-1,0.0
160307,bertopic,n15_c100_s42,6,0.6097804174022848
160391,bertopic,n15_c100_s42,4,1.0
160458,bertopic,n15_c100_s42,1,1.0
160910,bertopic,n15_c100_s42,1,1.0
161335,bertopic,n15_c100_s42,2,1.0
162325,bertopic,n15_c100_s42,7,1.0
162406,bertopic,n15_c100_s42,12,1.0
162493,bertopic,n15_c100_s42,11,0.9588609181471598
162892,bertopic,n15_c100_s42,14,0.7844968136012587
163252,bertopic,n15_c100_s42,-1,0.0
163289,bertopic,n15_c100_s42,12,1.0
163539,bertopic,n15_c100_s42,20,0.8978709113607868
163860,bertopic,n15_c100_s42,1,0.8360417610343446
164027,bertopic,n15_c100_s42,20,1.0
164048,bertopic,n15_c100_s42,1,0.3492321434883388
164182,bertopic,n15_c100_s42,6,0.9842314039448293
165132,bertopic,n15_c100_s42,11,1.0
165165,bertopic,n15_c100_s42,15,1.0
165310,bertopic,n15_c100_s42,2,1.0
165624,bertopic,n15_c100_s42,3,0.8099845578648233
165839,bertopic,n15_c100_s42,1,0.9603556067540078
165905,bertopic,n15_c100_s42,8,1.0
166141,bertopic,n15_c100_s42,11,1.0
166267,bertopic,n15_c100_s42,16,1.0
166775,bertopic,n15_c100_s42,3,0.711312467536921
167316,bertopic,n15_c100_s42,10,1.0
167433,bertopic,n15_c100_s42,11,1.0
167700,bertopic,n15_c100_s42,3,0.9417446461437188
168453,bertopic,n15_c100_s42,-1,0.0
168675,bertopic,n15_c100_s42,10,0.466215794655194
168754,bertopic,n15_c100_s42,11,1.0
169040,bertopic,n15_c100_s42,-1,0.0
169672,bertopic,n15_c100_s42,1,0.26998012718538983
169919,bertopic,n15_c100_s42,8,1.0
170023,bertopic,n15_c100_s42,13,1.0
170430,bertopic,n15_c100_s42,5,0.9498638311613158
170588,bertopic,n15_c100_s42,3,0.9417446461437188
170812,bertopic,n15_c100_s42,8,1.0
171269,bertopic,n15_c100_s42,4,0.5945970321172419
171494,bertopic,n15_c100_s42,6,1.0
171532,bertopic,n15_c100_s42,-1,0.0
171818,bertopic,n15_c100_s42,-1,0.0
172291,bertopic,n15_c100_s42,10,0.697984057552163
172331,bertopic,n15_c100_s42,9,0.9037182548705985
172404,bertopic,n15_c100_s42,11,1.0
172528,bertopic,n15_c100_s42,5,0.9910398612694831
172930,bertopic,n15_c100_s42,2,0.8335530572234224
173021,bertopic,n15_c100_s42,12,1.0
173150,bertopic,n15_c100_s42,-1,0.0
173485,bertopic,n15_c100_s42,16,1.0
174372,bertopic,n15_c100_s42,17,1.0
174898,bertopic,n15_c100_s42,10,0.697984057552163
175083,bertopic,n15_c100_s42,1,0.9609824701315759
175137,bertopic,n15_c100_s42,22,1.0
175451,bertopic,n15_c100_s42,23,1.0
176208,bertopic,n15_c100_s42,2,0.733484671554008
176213,bertopic,n15_c100_s42,11,1.0
176495,bertopic,n15_c100_s42,2,1.0
176558,bertopic,n15_c100_s42,2,1.0
176645,bertopic,n15_c100_s42,1,1.0
177277,bertopic,n15_c100_s42,-1,0.0
177542,bertopic,n15_c100_s42,1,0.7186769245492767
177670,bertopic,n15_c100_s42,3,0.3715813634348353
177858,bertopic,n15_c100_s42,12,1.0
178414,bertopic,n15_c100_s42,9,1.0
178516,bertopic,n15_c100_s42,-1,0.0
178592,bertopic,n15_c100_s42,-1,0.0
179281,bertopic,n15_c100_s42,-1,0.0
179475,bertopic,n15_c100_s42,12,1.0
179482,bertopic,n15_c100_s42,3,0.9417446461437188
179615,bertopic,n15_c100_s42,9,1.0
179786,bertopic,n15_c100_s42,19,0.6190014242955536
179849,bertopic,n15_c100_s42,12,0.9578544211365422
179980,bertopic,n15_c100_s42,4,1.0
180088,bertopic,n15_c100_s42,2,0.9626929597875836
180264,bertopic,n15_c100_s42,8,1.0
180517,bertopic,n15_c100_s42,11,1.0
180989,bertopic,n15_c100_s42,-1,0.0
181421,bertopic,n15_c100_s42,-1,0.0
181562,bertopic,n15_c100_s42,1,1.0
182387,bertopic,n15_c100_s42,1,0.3492321434883388
183087,bertopic,n15_c100_s42,2,1.0
183185,bertopic,n15_c100_s42,13,1.0
183539,bertopic,n15_c100_s42,19,0.4124443466133752
184365,bertopic,n15_c100_s42,0,1.0
185076,bertopic,n15_c100_s42,9,1.0
185482,bertopic,n15_c100_s42,7,1.0
185781,bertopic,n15_c100_s42,13,1.0
185801,bertopic,n15_c100_s42,7,0.7621278744775771
185802,bertopic,n15_c100_s42,12,1.0
186200,bertopic,n15_c100_s42,-1,0.0
186413,bertopic,n15_c100_s42,4,0.653390583202096
186552,bertopic,n15_c100_s42,16,1.0
186860,bertopic,n15_c100_s42,2,1.0
186920,bertopic,n15_c100_s42,3,0.5746133726513507
187624,bertopic,n15_c100_s42,16,1.0
187862,bertopic,n15_c100_s42,2,1.0
189272,bertopic,n15_c100_s42,15,1.0
189826,bertopic,n15_c100_s42,11,1.0
190212,bertopic,n15_c100_s42,14,1.0
190440,bertopic,n15_c100_s42,2,0.9671777116560487
207249,bertopic,n15_c100_s42,3,0.5746133726513507
209101,bertopic,n15_c100_s42,4,0.7454035501488618
209823,bertopic,n15_c100_s42,-1,0.0
210477,bertopic,n15_c100_s42,17,1.0
212525,bertopic,n15_c100_s42,14,1.0
213476,bertopic,n15_c100_s42,1,0.9603556067540078
213637,bertopic,n15_c100_s42,-1,0.0
213962,bertopic,n15_c100_s42,4,0.751375338110363
214506,bertopic,n15_c100_s42,-1,0.0
215622,bertopic,n15_c100_s42,-1,0.0
216046,bertopic,n15_c100_s42,7,1.0
216745,bertopic,n15_c100_s42,-1,0.0
217405,bertopic,n15_c100_s42,20,1.0
218059,bertopic,n15_c100_s42,3,1.0
219205,bertopic,n15_c100_s42,3,1.0
220070,bertopic,n15_c100_s42,21,1.0
220219,bertopic,n15_c100_s42,5,0.9274315746269063
221300,bertopic,n15_c100_s42,9,1.0
221543,bertopic,n15_c100_s42,9,1.0
225193,bertopic,n15_c100_s42,-1,0.0
225537,bertopic,n15_c100_s42,6,0.7091087023165829
227916,bertopic,n15_c100_s42,4,0.751375338110363
228098,bertopic,n15_c100_s42,19,1.0
229464,bertopic,n15_c100_s42,17,1.0
229766,bertopic,n15_c100_s42,4,0.751375338110363
229873,bertopic,n15_c100_s42,-1,0.0
230044,bertopic,n15_c100_s42,2,1.0
230646,bertopic,n15_c100_s42,4,0.751375338110363
230697,bertopic,n15_c100_s42,8,1.0
233108,bertopic,n15_c100_s42,4,0.751375338110363
234038,bertopic,n15_c100_s42,1,0.9603556067540078
234150,bertopic,n15_c100_s42,17,1.0
235588,bertopic,n15_c100_s42,0,1.0
236783,bertopic,n15_c100_s42,8,1.0
237316,bertopic,n15_c100_s42,8,1.0
238020,bertopic,n15_c100_s42,-1,0.0
239910,bertopic,n15_c100_s42,7,0.9725152692052681
241459,bertopic,n15_c100_s42,3,1.0
243015,bertopic,n15_c100_s42,4,0.7454035501488618
243273,bertopic,n15_c100_s42,16,1.0
243516,bertopic,n15_c100_s42,-1,0.0
244200,bertopic,n15_c100_s42,-1,0.0
244286,bertopic,n15_c100_s42,10,1.0
245122,bertopic,n15_c100_s42,3,0.3390175173571704
245414,bertopic,n15_c100_s42,4,0.7454035501488618
247430,bertopic,n15_c100_s42,16,1.0
247452,bertopic,n15_c100_s42,-1,0.0
250503,bertopic,n15_c100_s42,16,0.6402650468934095
250800,bertopic,n15_c100_s42,7,0.3921766465150963
251285,bertopic,n15_c100_s42,1,0.26998012718538983
252444,bertopic,n15_c100_s42,-1,0.0
252534,bertopic,n15_c100_s42,5,1.0
252606,bertopic,n15_c100_s42,0,1.0
253527,bertopic,n15_c100_s42,4,0.751375338110363
253602,bertopic,n15_c100_s42,4,0.751375338110363
254843,bertopic,n15_c100_s42,6,0.6097804174022848
255266,bertopic,n15_c100_s42,4,0.751375338110363
256590,bertopic,n15_c100_s42,14,0.25533368214296903
257094,bertopic,n15_c100_s42,9,0.9970282737655833
257363,bertopic,n15_c100_s42,9,1.0
258851,bertopic,n15_c100_s42,1,1.0
259508,bertopic,n15_c100_s42,-1,0.0
259930,bertopic,n15_c100_s42,7,0.3950849024105383
260872,bertopic,n15_c100_s42,7,0.5353455861362989
261067,bertopic,n15_c100_s42,-1,0.0
261162,bertopic,n15_c100_s42,5,0.9498638311613158
263520,bertopic,n15_c100_s42,5,1.0
264399,bertopic,n15_c100_s42,5,0.7830239260425901
265775,bertopic,n15_c100_s42,7,0.7621278744775771
265994,bertopic,n15_c100_s42,4,0.8939105786056402
266635,bertopic,n15_c100_s42,-1,0.0
267879,bertopic,n15_c100_s42,-1,0.0
267886,bertopic,n15_c100_s42,-1,0.0
268006,bertopic,n15_c100_s42,9,1.0
268436,bertopic,n15_c100_s42,8,1.0
268538,bertopic,n15_c100_s42,-1,0.0
268614,bertopic,n15_c100_s42,-1,0.0
268716,bertopic,n15_c100_s42,1,0.9603556067540078
268915,bertopic,n15_c100_s42,5,0.9274315746269063
269115,bertopic,n15_c100_s42,21,1.0
269723,bertopic,n15_c100_s42,20,1.0
269982,bertopic,n15_c100_s42,9,0.8196063506228516
270478,bertopic,n15_c100_s42,18,1.0
270535,bertopic,n15_c100_s42,8,1.0
270654,bertopic,n15_c100_s42,2,1.0
270679,bertopic,n15_c100_s42,4,0.5945970321172419
271016,bertopic,n15_c100_s42,-1,0.0
271079,bertopic,n15_c100_s42,3,0.4121635945481719
271364,bertopic,n15_c100_s42,22,1.0
271402,bertopic,n15_c100_s42,-1,0.0
271430,bertopic,n15_c100_s42,18,1.0
271554,bertopic,n15_c100_s42,9,0.9037182548705985
271922,bertopic,n15_c100_s42,9,1.0
271963,bertopic,n15_c100_s42,2,1.0
272040,bertopic,n15_c100_s42,3,0.30275403788814215
272157,bertopic,n15_c100_s42,5,0.9498638311613158
272186,bertopic,n15_c100_s42,19,1.0
272194,bertopic,n15_c100_s42,5,0.9837135762325263
272278,bertopic,n15_c100_s42,14,0.7844968136012587
272405,bertopic,n15_c100_s42,14,1.0
272438,bertopic,n15_c100_s42,17,1.0
272459,bertopic,n15_c100_s42,-1,0.0
272469,bertopic,n15_c100_s42,-1,0.0
272515,bertopic,n15_c100_s42,18,1.0
272564,bertopic,n15_c100_s42,-1,0.0
272655,bertopic,n15_c100_s42,4,0.5644219847474434
272699,bertopic,n15_c100_s42,15,1.0
272704,bertopic,n15_c100_s42,16,0.5340615766348344
272878,bertopic,n15_c100_s42,1,0.583900998992028
272913,bertopic,n15_c100_s42,-1,0.0
272980,bertopic,n15_c100_s42,21,1.0
273050,bertopic,n15_c100_s42,-1,0.0
273357,bertopic,n15_c100_s42,3,0.8488013087156944
273409,bertopic,n15_c100_s42,-1,0.0
273533,bertopic,n15_c100_s42,1,0.7186769245492767
273554,bertopic,n15_c100_s42,-1,0.0
273650,bertopic,n15_c100_s42,1,1.0
273681,bertopic,n15_c100_s42,-1,0.0
273939,bertopic,n15_c100_s42,3,0.9538436550170255
274379,bertopic,n15_c100_s42,19,1.0
274594,bertopic,n15_c100_s42,4,1.0
274895,bertopic,n15_c100_s42,16,1.0
274977,bertopic,n15_c100_s42,17,1.0
275252,bertopic,n15_c100_s42,3,0.30382167588199227
275282,bertopic,n15_c100_s42,2,1.0
275570,bertopic,n15_c100_s42,8,1.0
275737,bertopic,n15_c100_s42,17,1.0
275952,bertopic,n15_c100_s42,7,0.7621278744775771
276099,bertopic,n15_c100_s42,12,1.0
276592,bertopic,n15_c100_s42,13,0.6752680840618541
276980,bertopic,n15_c100_s42,-1,0.0
277723,bertopic,n15_c100_s42,2,1.0
277836,bertopic,n15_c100_s42,-1,0.0
277972,bertopic,n15_c100_s42,9,0.7187743277045415
278112,bertopic,n15_c100_s42,3,0.5746133726513507
278170,bertopic,n15_c100_s42,-1,0.0
278500,bertopic,n15_c100_s42,0,1.0
278699,bertopic,n15_c100_s42,-1,0.0
278876,bertopic,n15_c100_s42,21,1.0
278930,bertopic,n15_c100_s42,4,0.751375338110363
278968,bertopic,n15_c100_s42,-1,0.0
279066,bertopic,n15_c100_s42,4,1.0
279107,bertopic,n15_c100_s42,10,0.6814270610691762
279342,bertopic,n15_c100_s42,-1,0.0
279487,bertopic,n15_c100_s42,17,1.0
279624,bertopic,n15_c100_s42,17,1.0
279773,bertopic,n15_c100_s42,4,0.751375338110363
279801,bertopic,n15_c100_s42,-1,0.0
279842,bertopic,n15_c100_s42,10,0.466215794655194
280414,bertopic,n15_c100_s42,-1,0.0
280476,bertopic,n15_c100_s42,14,0.46071717728965234
280938,bertopic,n15_c100_s42,17,1.0
281139,bertopic,n15_c100_s42,-1,0.0
281215,bertopic,n15_c100_s42,5,0.8633408109145304
281244,bertopic,n15_c100_s42,10,1.0
281296,bertopic,n15_c100_s42,14,1.0
281469,bertopic,n15_c100_s42,17,1.0
281526,bertopic,n15_c100_s42,1,1.0
282008,bertopic,n15_c100_s42,-1,0.0
282105,bertopic,n15_c100_s42,2,0.8651751964967814
282502,bertopic,n15_c100_s42,6,0.6097804174022848
282508,bertopic,n15_c100_s42,7,0.7621278744775771
282696,bertopic,n15_c100_s42,5,1.0
282727,bertopic,n15_c100_s42,0,1.0
282743,bertopic,n15_c100_s42,23,1.0
283226,bertopic,n15_c100_s42,-1,0.0
283308,bertopic,n15_c100_s42,0,0.1344555810401498
283323,bertopic,n15_c100_s42,16,1.0
283337,bertopic,n15_c100_s42,-1,0.0
283403,bertopic,n15_c100_s42,7,1.0
283427,bertopic,n15_c100_s42,10,0.6814270610691762
283649,bertopic,n15_c100_s42,4,1.0
283716,bertopic,n15_c100_s42,8,1.0
284006,bertopic,n15_c100_s42,9,1.0
284035,bertopic,n15_c100_s42,-1,0.0
284262,bertopic,n15_c100_s42,12,0.9578544211365422
284378,bertopic,n15_c100_s42,1,1.0
284391,bertopic,n15_c100_s42,6,0.6097804174022848
284496,bertopic,n15_c100_s42,4,1.0
284573,bertopic,n15_c100_s42,9,1.0
284716,bertopic,n15_c100_s42,13,1.0
285007,bertopic,n15_c100_s42,14,1.0
285032,bertopic,n15_c100_s42,0,0.6093051438552628
285141,bertopic,n15_c100_s42,2,1.0
285322,bertopic,n15_c100_s42,4,0.5945970321172419
285389,bertopic,n15_c100_s42,9,1.0
285400,bertopic,n15_c100_s42,2,1.0
285480,bertopic,n15_c100_s42,4,0.5644219847474434
285595,bertopic,n15_c100_s42,14,1.0
285731,bertopic,n15_c100_s42,0,0.6565377315185027
285945,bertopic,n15_c100_s42,-1,0.0
285958,bertopic,n15_c100_s42,5,1.0
286008,bertopic,n15_c100_s42,1,1.0
286093,bertopic,n15_c100_s42,13,0.8410697994470053
286250,bertopic,n15_c100_s42,4,1.0
286485,bertopic,n15_c100_s42,-1,0.0
286607,bertopic,n15_c100_s42,-1,0.0
286784,bertopic,n15_c100_s42,1,1.0
287079,bertopic,n15_c100_s42,15,1.0
287116,bertopic,n15_c100_s42,-1,0.0
287307,bertopic,n15_c100_s42,3,0.5795253702879617
287325,bertopic,n15_c100_s42,-1,0.0
287328,bertopic,n15_c100_s42,17,1.0
287500,bertopic,n15_c100_s42,14,1.0
287635,bertopic,n15_c100_s42,2,1.0
287701,bertopic,n15_c100_s42,14,0.7519784403090682
287807,bertopic,n15_c100_s42,22,1.0
287881,bertopic,n15_c100_s42,20,1.0
287927,bertopic,n15_c100_s42,1,0.16364699451608886
287999,bertopic,n15_c100_s42,-1,0.0
288070,bertopic,n15_c100_s42,-1,0.0
288524,bertopic,n15_c100_s42,1,0.9516386936614706
288652,bertopic,n15_c100_s42,1,1.0
288688,bertopic,n15_c100_s42,6,0.6097804174022848
288709,bertopic,n15_c100_s42,15,1.0
288752,bertopic,n15_c100_s42,1,0.9727691048177136
288928,bertopic,n15_c100_s42,-1,0.0
288948,bertopic,n15_c100_s42,17,1.0
289081,bertopic,n15_c100_s42,0,1.0
289279,bertopic,n15_c100_s42,19,1.0
289310,bertopic,n15_c100_s42,1,1.0
289482,bertopic,n15_c100_s42,1,0.45634098363001124
289554,bertopic,n15_c100_s42,8,1.0
289750,bertopic,n15_c100_s42,7,0.7621278744775771
289753,bertopic,n15_c100_s42,22,1.0
289819,bertopic,n15_c100_s42,12,1.0
289928,bertopic,n15_c100_s42,18,1.0
289949,bertopic,n15_c100_s42,11,1.0
290103,bertopic,n15_c100_s42,-1,0.0
290240,bertopic,n15_c100_s42,-1,0.0
290286,bertopic,n15_c100_s42,1,1.0
290433,bertopic,n15_c100_s42,1,1.0
290447,bertopic,n15_c100_s42,19,1.0
290670,bertopic,n15_c100_s42,10,1.0
290728,bertopic,n15_c100_s42,19,1.0
290740,bertopic,n15_c100_s42,3,0.7442743683647439
290799,bertopic,n15_c100_s42,16,1.0
290847,bertopic,n15_c100_s42,1,1.0
290951,bertopic,n15_c100_s42,1,1.0
290971,bertopic,n15_c100_s42,20,1.0
291003,bertopic,n15_c100_s42,2,0.8262955049425678
291311,bertopic,n15_c100_s42,8,1.0
291465,bertopic,n15_c100_s42,1,1.0
291469,bertopic,n15_c100_s42,-1,0.0
291644,bertopic,n15_c100_s42,1,0.7670929103015399
291740,bertopic,n15_c100_s42,1,1.0
291787,bertopic,n15_c100_s42,2,0.7274326457614272
291865,bertopic,n15_c100_s42,4,1.0
291971,bertopic,n15_c100_s42,4,0.8939105786056402
292278,bertopic,n15_c100_s42,-1,0.0
292381,bertopic,n15_c100_s42,19,1.0
292625,bertopic,n15_c100_s42,-1,0.0
292777,bertopic,n15_c100_s42,-1,0.0
292944,bertopic,n15_c100_s42,12,1.0
293006,bertopic,n15_c100_s42,9,1.0
293055,bertopic,n15_c100_s42,-1,0.0
293144,bertopic,n15_c100_s42,8,1.0
293149,bertopic,n15_c100_s42,9,1.0
293442,bertopic,n15_c100_s42,9,1.0
293482,bertopic,n15_c100_s42,17,1.0
293571,bertopic,n15_c100_s42,12,1.0
293607,bertopic,n15_c100_s42,15,1.0
293754,bertopic,n15_c100_s42,16,1.0
293904,bertopic,n15_c100_s42,19,1.0
293916,bertopic,n15_c100_s42,13,1.0
293943,bertopic,n15_c100_s42,1,1.0
293980,bertopic,n15_c100_s42,1,1.0
294024,bertopic,n15_c100_s42,16,1.0
294181,bertopic,n15_c100_s42,1,1.0
294214,bertopic,n15_c100_s42,1,1.0
294306,bertopic,n15_c100_s42,-1,0.0
294412,bertopic,n15_c100_s42,4,0.751375338110363
294513,bertopic,n15_c100_s42,-1,0.0
294516,bertopic,n15_c100_s42,-1,0.0
294540,bertopic,n15_c100_s42,4,0.5945970321172419
294595,bertopic,n15_c100_s42,3,0.4302026256201797
294697,bertopic,n15_c100_s42,10,1.0
294717,bertopic,n15_c100_s42,-1,0.0
294871,bertopic,n15_c100_s42,1,0.9064319870052218
294959,bertopic,n15_c100_s42,3,0.9417446461437188
295238,bertopic,n15_c100_s42,0,1.0
295253,bertopic,n15_c100_s42,1,0.33987114574876937
295275,bertopic,n15_c100_s42,10,1.0
295347,bertopic,n15_c100_s42,9,1.0
295405,bertopic,n15_c100_s42,1,1.0
295441,bertopic,n15_c100_s42,-1,0.0
295462,bertopic,n15_c100_s42,-1,0.0
295506,bertopic,n15_c100_s42,2,0.9809922116559674
295555,bertopic,n15_c100_s42,19,1.0
296047,bertopic,n15_c100_s42,9,1.0
296462,bertopic,n15_c100_s42,12,1.0
296558,bertopic,n15_c100_s42,14,1.0
296601,bertopic,n15_c100_s42,18,0.98827082206367
296717,bertopic,n15_c100_s42,18,0.8572517586662484
296721,bertopic,n15_c100_s42,19,0.9411176187479847
297015,bertopic,n15_c100_s42,8,1.0
297137,bertopic,n15_c100_s42,18,1.0
297138,bertopic,n15_c100_s42,3,0.5795253702879617
297149,bertopic,n15_c100_s42,20,0.9175355158641422
297435,bertopic,n15_c100_s42,4,0.8939105786056402
297577,bertopic,n15_c100_s42,7,1.0
297705,bertopic,n15_c100_s42,0,0.8860462402743274
297813,bertopic,n15_c100_s42,1,0.5709642641993071
297824,bertopic,n15_c100_s42,12,0.9578544211365422
297878,bertopic,n15_c100_s42,-1,0.0
297905,bertopic,n15_c100_s42,14,1.0
298230,bertopic,n15_c100_s42,16,1.0
298271,bertopic,n15_c100_s42,0,0.3277305395150376
298300,bertopic,n15_c100_s42,1,1.0
298532,bertopic,n15_c100_s42,1,0.9603556067540078
298582,bertopic,n15_c100_s42,1,1.0
298583,bertopic,n15_c100_s42,5,0.9876662286405492
298652,bertopic,n15_c100_s42,9,1.0
298717,bertopic,n15_c100_s42,7,0.36879654871613915
298775,bertopic,n15_c100_s42,1,1.0
298935,bertopic,n15_c100_s42,19,1.0
299073,bertopic,n15_c100_s42,-1,0.0
299082,bertopic,n15_c100_s42,8,1.0
299154,bertopic,n15_c100_s42,4,0.7454035501488618
299159,bertopic,n15_c100_s42,16,0.5340615766348344
299373,bertopic,n15_c100_s42,14,1.0
299586,bertopic,n15_c100_s42,-1,0.0
299631,bertopic,n15_c100_s42,1,1.0
299915,bertopic,n15_c100_s42,4,1.0
299994,bertopic,n15_c100_s42,9,1.0
300016,bertopic,n15_c100_s42,0,1.0
300047,bertopic,n15_c100_s42,-1,0.0
300086,bertopic,n15_c100_s42,10,0.466215794655194
300101,bertopic,n15_c100_s42,1,1.0
300397,bertopic,n15_c100_s42,20,1.0
300514,bertopic,n15_c100_s42,9,1.0
300559,bertopic,n15_c100_s42,-1,0.0
300570,bertopic,n15_c100_s42,10,1.0
300624,bertopic,n15_c100_s42,16,1.0
301071,bertopic,n15_c100_s42,18,0.8572517586662484
301249,bertopic,n15_c100_s42,19,0.551700804014516
301330,bertopic,n15_c100_s42,14,1.0
301671,bertopic,n15_c100_s42,5,0.8053864770987463
301907,bertopic,n15_c100_s42,18,0.8572517586662484
302217,bertopic,n15_c100_s42,1,1.0
302281,bertopic,n15_c100_s42,3,1.0
302405,bertopic,n15_c100_s42,4,0.8939105786056402
302408,bertopic,n15_c100_s42,-1,0.0
302599,bertopic,n15_c100_s42,7,1.0
302663,bertopic,n15_c100_s42,10,0.8334543114661894
302705,bertopic,n15_c100_s42,1,0.9609824701315759
302791,bertopic,n15_c100_s42,8,1.0
302848,bertopic,n15_c100_s42,3,0.9417446461437188
303160,bertopic,n15_c100_s42,21,1.0
303179,bertopic,n15_c100_s42,2,1.0
303299,bertopic,n15_c100_s42,1,1.0
303375,bertopic,n15_c100_s42,17,1.0
303382,bertopic,n15_c100_s42,2,1.0
303394,bertopic,n15_c100_s42,4,1.0
303521,bertopic,n15_c100_s42,3,0.5592558004032354
303529,bertopic,n15_c100_s42,0,0.1344555810401498
303560,bertopic,n15_c100_s42,2,1.0
303629,bertopic,n15_c100_s42,11,1.0
303704,bertopic,n15_c100_s42,17,1.0
303767,bertopic,n15_c100_s42,9,0.9037182548705985
303901,bertopic,n15_c100_s42,18,1.0
303912,bertopic,n15_c100_s42,16,0.9173890074597074
304183,bertopic,n15_c100_s42,1,1.0
304215,bertopic,n15_c100_s42,2,1.0
304595,bertopic,n15_c100_s42,1,0.3492321434883388
304662,bertopic,n15_c100_s42,-1,0.0
305079,bertopic,n15_c100_s42,1,0.3492321434883388
305231,bertopic,n15_c100_s42,14,1.0
305320,bertopic,n15_c100_s42,1,0.3492321434883388
305337,bertopic,n15_c100_s42,1,1.0
305647,bertopic,n15_c100_s42,0,0.3277305395150376
305707,bertopic,n15_c100_s42,1,1.0
306128,bertopic,n15_c100_s42,-1,0.0
306196,bertopic,n15_c100_s42,15,0.12682601409205835
306237,bertopic,n15_c100_s42,9,1.0
306352,bertopic,n15_c100_s42,4,0.7454035501488618
306457,bertopic,n15_c100_s42,11,0.8998709794939561
306580,bertopic,n15_c100_s42,2,1.0
306934,bertopic,n15_c100_s42,14,0.7844968136012587
307195,bertopic,n15_c100_s42,-1,0.0
307481,bertopic,n15_c100_s42,1,0.8051814017870517
307846,bertopic,n15_c100_s42,1,0.3492321434883388
307852,bertopic,n15_c100_s42,1,0.3492321434883388
308189,bertopic,n15_c100_s42,14,1.0
308198,bertopic,n15_c100_s42,2,1.0
308290,bertopic,n15_c100_s42,-1,0.0
308415,bertopic,n15_c100_s42,5,0.833155372174684
308424,bertopic,n15_c100_s42,0,1.0
308545,bertopic,n15_c100_s42,8,1.0
308877,bertopic,n15_c100_s42,1,1.0
308967,bertopic,n15_c100_s42,15,0.7730909015035993
308992,bertopic,n15_c100_s42,17,1.0
309067,bertopic,n15_c100_s42,8,1.0
309411,bertopic,n15_c100_s42,-1,0.0
309482,bertopic,n15_c100_s42,3,0.5163380450322697
309687,bertopic,n15_c100_s42,1,0.6979993127295787
309756,bertopic,n15_c100_s42,-1,0.0
310163,bertopic,n15_c100_s42,3,0.5163380450322697
310334,bertopic,n15_c100_s42,3,0.5795253702879617
310375,bertopic,n15_c100_s42,4,0.7454035501488618
310529,bertopic,n15_c100_s42,10,1.0
310598,bertopic,n15_c100_s42,19,1.0
310642,bertopic,n15_c100_s42,-1,0.0
310732,bertopic,n15_c100_s42,19,1.0
310742,bertopic,n15_c100_s42,6,0.6097804174022848
310752,bertopic,n15_c100_s42,-1,0.0
310869,bertopic,n15_c100_s42,0,1.0
310995,bertopic,n15_c100_s42,6,1.0
311481,bertopic,n15_c100_s42,0,1.0
311548,bertopic,n15_c100_s42,13,1.0
311781,bertopic,n15_c100_s42,-1,0.0
311805,bertopic,n15_c100_s42,-1,0.0
312254,bertopic,n15_c100_s42,6,1.0
312348,bertopic,n15_c100_s42,1,0.9609824701315759
312498,bertopic,n15_c100_s42,1,0.9603556067540078
312612,bertopic,n15_c100_s42,17,1.0
312634,bertopic,n15_c100_s42,1,0.7186769245492767
312658,bertopic,n15_c100_s42,-1,0.0
312769,bertopic,n15_c100_s42,1,0.9609824701315759
312837,bertopic,n15_c100_s42,1,0.9609824701315759
312987,bertopic,n15_c100_s42,4,0.5945970321172419
313259,bertopic,n15_c100_s42,-1,0.0
313318,bertopic,n15_c100_s42,10,0.697984057552163
313507,bertopic,n15_c100_s42,15,1.0
313981,bertopic,n15_c100_s42,8,1.0
314101,bertopic,n15_c100_s42,-1,0.0
314390,bertopic,n15_c100_s42,0,1.0
314446,bertopic,n15_c100_s42,20,0.6879122473002575
314671,bertopic,n15_c100_s42,-1,0.0
314706,bertopic,n15_c100_s42,5,0.9436545197595422
315542,bertopic,n15_c100_s42,8,1.0
315673,bertopic,n15_c100_s42,4,0.5945970321172419
315877,bertopic,n15_c100_s42,-1,0.0
316052,bertopic,n15_c100_s42,9,0.7651866048537198
316171,bertopic,n15_c100_s42,7,1.0
316231,bertopic,n15_c100_s42,8,1.0
316234,bertopic,n15_c100_s42,-1,0.0
316449,bertopic,n15_c100_s42,5,1.0
316451,bertopic,n15_c100_s42,-1,0.0
316457,bertopic,n15_c100_s42,17,1.0
316465,bertopic,n15_c100_s42,-1,0.0
316477,bertopic,n15_c100_s42,18,1.0
316531,bertopic,n15_c100_s42,8,1.0
316772,bertopic,n15_c100_s42,-1,0.0
316929,bertopic,n15_c100_s42,0,1.0
316952,bertopic,n15_c100_s42,3,1.0
316989,bertopic,n15_c100_s42,7,1.0
317007,bertopic,n15_c100_s42,19,1.0
317029,bertopic,n15_c100_s42,18,0.8572517586662484
318527,bertopic,n15_c100_s42,8,0.9387285197805377
318923,bertopic,n15_c100_s42,4,1.0
319099,bertopic,n15_c100_s42,15,1.0
319625,bertopic,n15_c100_s42,2,1.0
319687,bertopic,n15_c100_s42,0,1.0
319944,bertopic,n15_c100_s42,10,0.8135269095259302
320180,bertopic,n15_c100_s42,0,0.6283157072339276
320374,bertopic,n15_c100_s42,0,1.0
320404,bertopic,n15_c100_s42,6,0.6097804174022848
320542,bertopic,n15_c100_s42,4,0.5644219847474434
320592,bertopic,n15_c100_s42,6,0.6097804174022848
321221,bertopic,n15_c100_s42,6,1.0
321544,bertopic,n15_c100_s42,6,1.0
321565,bertopic,n15_c100_s42,-1,0.0
321694,bertopic,n15_c100_s42,-1,0.0
321707,bertopic,n15_c100_s42,12,1.0
321762,bertopic,n15_c100_s42,5,1.0
321777,bertopic,n15_c100_s42,10,0.466215794655194
321831,bertopic,n15_c100_s42,5,1.0
322070,bertopic,n15_c100_s42,6,1.0
322214,bertopic,n15_c100_s42,17,1.0
322428,bertopic,n15_c100_s42,6,0.7567100045091549
322442,bertopic,n15_c100_s42,8,1.0
322618,bertopic,n15_c100_s42,-1,0.0
322884,bertopic,n15_c100_s42,21,1.0
323085,bertopic,n15_c100_s42,11,1.0
323182,bertopic,n15_c100_s42,14,1.0
323509,bertopic,n15_c100_s42,-1,0.0
324094,bertopic,n15_c100_s42,2,1.0
324551,bertopic,n15_c100_s42,6,1.0
325167,bertopic,n15_c100_s42,5,0.9498638311613158
325597,bertopic,n15_c100_s42,8,1.0
326466,bertopic,n15_c100_s42,19,1.0
326500,bertopic,n15_c100_s42,21,1.0
326560,bertopic,n15_c100_s42,14,1.0
326616,bertopic,n15_c100_s42,-1,0.0
326789,bertopic,n15_c100_s42,8,1.0
326794,bertopic,n15_c100_s42,2,1.0
326797,bertopic,n15_c100_s42,17,1.0
326822,bertopic,n15_c100_s42,8,1.0
326969,bertopic,n15_c100_s42,3,1.0
326987,bertopic,n15_c100_s42,6,0.6097804174022848
327071,bertopic,n15_c100_s42,-1,0.0
327155,bertopic,n15_c100_s42,19,1.0
327629,bertopic,n15_c100_s42,-1,0.0
328646,bertopic,n15_c100_s42,10,0.6814270610691762
328851,bertopic,n15_c100_s42,3,0.5795253702879617
328868,bertopic,n15_c100_s42,17,1.0
329041,bertopic,n15_c100_s42,-1,0.0
329043,bertopic,n15_c100_s42,-1,0.0
329447,bertopic,n15_c100_s42,15,1.0
329479,bertopic,n15_c100_s42,2,0.7365473200867206
329613,bertopic,n15_c100_s42,15,1.0
329624,bertopic,n15_c100_s42,7,1.0
329829,bertopic,n15_c100_s42,4,1.0
330378,bertopic,n15_c100_s42,21,1.0
330757,bertopic,n15_c100_s42,20,1.0
331768,bertopic,n15_c100_s42,12,1.0
331820,bertopic,n15_c100_s42,3,1.0
331878,bertopic,n15_c100_s42,-1,0.0
331937,bertopic,n15_c100_s42,-1,0.0
331985,bertopic,n15_c100_s42,1,1.0
332045,bertopic,n15_c100_s42,-1,0.0
332413,bertopic,n15_c100_s42,-1,0.0
332451,bertopic,n15_c100_s42,0,1.0
332482,bertopic,n15_c100_s42,2,1.0
332513,bertopic,n15_c100_s42,2,1.0
332617,bertopic,n15_c100_s42,-1,0.0
332966,bertopic,n15_c100_s42,11,1.0
332986,bertopic,n15_c100_s42,4,0.7454035501488618
333021,bertopic,n15_c100_s42,7,1.0
333260,bertopic,n15_c100_s42,2,0.733484671554008
333571,bertopic,n15_c100_s42,8,1.0
333687,bertopic,n15_c100_s42,1,1.0
334172,bertopic,n15_c100_s42,4,0.5644219847474434
334243,bertopic,n15_c100_s42,-1,0.0
334550,bertopic,n15_c100_s42,-1,0.0
334772,bertopic,n15_c100_s42,2,1.0
335061,bertopic,n15_c100_s42,-1,0.0
335114,bertopic,n15_c100_s42,17,1.0
335173,bertopic,n15_c100_s42,21,1.0
335239,bertopic,n15_c100_s42,-1,0.0
335401,bertopic,n15_c100_s42,-1,0.0
335766,bertopic,n15_c100_s42,0,1.0
335884,bertopic,n15_c100_s42,8,1.0
336033,bertopic,n15_c100_s42,-1,0.0
336178,bertopic,n15_c100_s42,5,0.9498638311613158
336531,bertopic,n15_c100_s42,16,1.0
336535,bertopic,n15_c100_s42,0,0.6884175929250534
336591,bertopic,n15_c100_s42,18,1.0
336692,bertopic,n15_c100_s42,-1,0.0
336733,bertopic,n15_c100_s42,4,0.5945970321172419
336896,bertopic,n15_c100_s42,17,1.0
337401,bertopic,n15_c100_s42,5,0.939316820464179
337596,bertopic,n15_c100_s42,-1,0.0
337610,bertopic,n15_c100_s42,16,1.0
337631,bertopic,n15_c100_s42,16,1.0
337681,bertopic,n15_c100_s42,6,0.7091087023165829
337828,bertopic,n15_c100_s42,-1,0.0
338070,bertopic,n15_c100_s42,2,1.0
338209,bertopic,n15_c100_s42,-1,0.0
338319,bertopic,n15_c100_s42,3,1.0
338777,bertopic,n15_c100_s42,3,1.0
338781,bertopic,n15_c100_s42,17,1.0
339209,bertopic,n15_c100_s42,-1,0.0
339230,bertopic,n15_c100_s42,14,1.0
339345,bertopic,n15_c100_s42,8,1.0
339780,bertopic,n15_c100_s42,10,0.466215794655194
340103,bertopic,n15_c100_s42,15,0.12682601409205835
340376,bertopic,n15_c100_s42,3,0.40465539343687723
340571,bertopic,n15_c100_s42,8,1.0
341178,bertopic,n15_c100_s42,14,1.0
341476,bertopic,n15_c100_s42,7,1.0
341738,bertopic,n15_c100_s42,-1,0.0
342345,bertopic,n15_c100_s42,0,1.0
342417,bertopic,n15_c100_s42,8,1.0
342509,bertopic,n15_c100_s42,6,0.6097804174022848
342627,bertopic,n15_c100_s42,18,1.0
342826,bertopic,n15_c100_s42,1,1.0
342831,bertopic,n15_c100_s42,-1,0.0
343034,bertopic,n15_c100_s42,10,1.0
343735,bertopic,n15_c100_s42,16,0.8268756325942184
343816,bertopic,n15_c100_s42,8,1.0
343921,bertopic,n15_c100_s42,4,0.5945970321172419
344002,bertopic,n15_c100_s42,5,0.9498638311613158
344068,bertopic,n15_c100_s42,3,0.7442743683647439
344195,bertopic,n15_c100_s42,5,1.0
344196,bertopic,n15_c100_s42,5,0.8977080062728776
344864,bertopic,n15_c100_s42,-1,0.0
345405,bertopic,n15_c100_s42,4,0.7454035501488618
345444,bertopic,n15_c100_s42,3,0.3715813634348353
345565,bertopic,n15_c100_s42,19,1.0
345699,bertopic,n15_c100_s42,-1,0.0
345783,bertopic,n15_c100_s42,4,1.0
345794,bertopic,n15_c100_s42,-1,0.0
345883,bertopic,n15_c100_s42,-1,0.0
345946,bertopic,n15_c100_s42,-1,0.0
346371,bertopic,n15_c100_s42,5,0.8772187580339897
346497,bertopic,n15_c100_s42,9,0.9136703916905072
346840,bertopic,n15_c100_s42,5,1.0
346847,bertopic,n15_c100_s42,-1,0.0
346872,bertopic,n15_c100_s42,5,0.9498638311613158
346929,bertopic,n15_c100_s42,4,0.5644219847474434
347086,bertopic,n15_c100_s42,-1,0.0
347156,bertopic,n15_c100_s42,-1,0.0
347335,bertopic,n15_c100_s42,-1,0.0
347407,bertopic,n15_c100_s42,19,1.0
347424,bertopic,n15_c100_s42,0,1.0
347437,bertopic,n15_c100_s42,10,0.697984057552163
347523,bertopic,n15_c100_s42,16,1.0
347559,bertopic,n15_c100_s42,10,0.6814270610691762
347605,bertopic,n15_c100_s42,-1,0.0
347990,bertopic,n15_c100_s42,0,1.0
347991,bertopic,n15_c100_s42,11,0.8998709794939561
348236,bertopic,n15_c100_s42,6,1.0
348757,bertopic,n15_c100_s42,6,1.0
349002,bertopic,n15_c100_s42,0,1.0
349026,bertopic,n15_c100_s42,-1,0.0
349135,bertopic,n15_c100_s42,2,1.0
349140,bertopic,n15_c100_s42,14,0.990062685953335
349185,bertopic,n15_c100_s42,4,1.0
349223,bertopic,n15_c100_s42,5,1.0
349359,bertopic,n15_c100_s42,-1,0.0
349388,bertopic,n15_c100_s42,-1,0.0
349460,bertopic,n15_c100_s42,4,1.0
349636,bertopic,n15_c100_s42,-1,0.0
349639,bertopic,n15_c100_s42,16,1.0
349700,bertopic,n15_c100_s42,5,0.811002516371144
349833,bertopic,n15_c100_s42,5,0.8772187580339897
349844,bertopic,n15_c100_s42,-1,0.0
349959,bertopic,n15_c100_s42,19,1.0
350083,bertopic,n15_c100_s42,8,1.0
350165,bertopic,n15_c100_s42,1,0.8638594218105464
350181,bertopic,n15_c100_s42,-1,0.0
350222,bertopic,n15_c100_s42,-1,0.0
350316,bertopic,n15_c100_s42,5,1.0
350352,bertopic,n15_c100_s42,11,1.0
350557,bertopic,n15_c100_s42,5,0.9274315746269063
350743,bertopic,n15_c100_s42,8,1.0
350829,bertopic,n15_c100_s42,10,0.6814270610691762
351208,bertopic,n15_c100_s42,-1,0.0
351226,bertopic,n15_c100_s42,-1,0.0
351568,bertopic,n15_c100_s42,6,0.6097804174022848
352192,bertopic,n15_c100_s42,19,1.0
352193,bertopic,n15_c100_s42,18,0.98827082206367
352236,bertopic,n15_c100_s42,5,0.8757089892717267
352407,bertopic,n15_c100_s42,7,0.7621278744775771
352440,bertopic,n15_c100_s42,10,1.0
352743,bertopic,n15_c100_s42,11,1.0
352773,bertopic,n15_c100_s42,-1,0.0
352880,bertopic,n15_c100_s42,14,1.0
353145,bertopic,n15_c100_s42,9,1.0
353146,bertopic,n15_c100_s42,5,0.8388234296532769
353420,bertopic,n15_c100_s42,4,1.0
353637,bertopic,n15_c100_s42,-1,0.0
353654,bertopic,n15_c100_s42,21,1.0
353673,bertopic,n15_c100_s42,5,1.0
353749,bertopic,n15_c100_s42,5,0.8900238372692166
353850,bertopic,n15_c100_s42,4,1.0
354103,bertopic,n15_c100_s42,4,0.5945970321172419
354136,bertopic,n15_c100_s42,5,1.0
354258,bertopic,n15_c100_s42,-1,0.0
354378,bertopic,n15_c100_s42,5,0.9191999553069875
354406,bertopic,n15_c100_s42,4,0.5945970321172419
354527,bertopic,n15_c100_s42,-1,0.0
354544,bertopic,n15_c100_s42,0,1.0
354997,bertopic,n15_c100_s42,4,0.751375338110363
355001,bertopic,n15_c100_s42,9,1.0
355024,bertopic,n15_c100_s42,17,1.0
355166,bertopic,n15_c100_s42,16,1.0
355343,bertopic,n15_c100_s42,5,0.764235749150699
355357,bertopic,n15_c100_s42,14,1.0
355382,bertopic,n15_c100_s42,23,1.0
355616,bertopic,n15_c100_s42,5,0.9723123829531245
355630,bertopic,n15_c100_s42,5,1.0
355774,bertopic,n15_c100_s42,21,1.0
355792,bertopic,n15_c100_s42,2,1.0
355796,bertopic,n15_c100_s42,0,0.3558423382999617
356281,bertopic,n15_c100_s42,8,1.0
356855,bertopic,n15_c100_s42,-1,0.0
356857,bertopic,n15_c100_s42,22,1.0
358357,bertopic,n15_c100_s42,-1,0.0
358395,bertopic,n15_c100_s42,5,0.8334704157047765
358889,bertopic,n15_c100_s42,8,1.0
358925,bertopic,n15_c100_s42,4,0.751375338110363
358977,bertopic,n15_c100_s42,-1,0.0
359100,bertopic,n15_c100_s42,11,1.0
359205,bertopic,n15_c100_s42,19,1.0
359210,bertopic,n15_c100_s42,2,0.7365473200867206
359607,bertopic,n15_c100_s42,4,1.0
359623,bertopic,n15_c100_s42,-1,0.0
359729,bertopic,n15_c100_s42,22,1.0
359944,bertopic,n15_c100_s42,10,0.697984057552163
360267,bertopic,n15_c100_s42,5,0.7730991332817428
360683,bertopic,n15_c100_s42,11,1.0
360913,bertopic,n15_c100_s42,6,0.6097804174022848
361045,bertopic,n15_c100_s42,20,1.0
361123,bertopic,n15_c100_s42,-1,0.0
361392,bertopic,n15_c100_s42,3,0.9417446461437188
361594,bertopic,n15_c100_s42,-1,0.0
361804,bertopic,n15_c100_s42,-1,0.0
361821,bertopic,n15_c100_s42,0,1.0
361869,bertopic,n15_c100_s42,5,0.7210645760774816
361975,bertopic,n15_c100_s42,19,1.0
362027,bertopic,n15_c100_s42,-1,0.0
362116,bertopic,n15_c100_s42,16,1.0
362266,bertopic,n15_c100_s42,3,0.3715813634348353
362434,bertopic,n15_c100_s42,0,0.2999611002241562
362435,bertopic,n15_c100_s42,-1,0.0
362600,bertopic,n15_c100_s42,8,1.0
362613,bertopic,n15_c100_s42,-1,0.0
362730,bertopic,n15_c100_s42,5,0.9498638311613158
362890,bertopic,n15_c100_s42,-1,0.0
362994,bertopic,n15_c100_s42,-1,0.0
363081,bertopic,n15_c100_s42,2,1.0
363240,bertopic,n15_c100_s42,6,0.850545640708154
363272,bertopic,n15_c100_s42,6,0.8313913030042871
363322,bertopic,n15_c100_s42,0,0.574921005536134
363461,bertopic,n15_c100_s42,-1,0.0
363508,bertopic,n15_c100_s42,8,1.0
363524,bertopic,n15_c100_s42,9,0.7863938072695672
363606,bertopic,n15_c100_s42,6,0.6097804174022848
363617,bertopic,n15_c100_s42,4,0.5945970321172419
363767,bertopic,n15_c100_s42,10,0.697984057552163
363817,bertopic,n15_c100_s42,5,0.7259042944176902
363954,bertopic,n15_c100_s42,12,1.0
363959,bertopic,n15_c100_s42,-1,0.0
363969,bertopic,n15_c100_s42,12,1.0
364193,bertopic,n15_c100_s42,7,0.7621278744775771
364226,bertopic,n15_c100_s42,-1,0.0
364252,bertopic,n15_c100_s42,-1,0.0
364285,bertopic,n15_c100_s42,0,0.7338903268784227
364293,bertopic,n15_c100_s42,10,0.466215794655194
364313,bertopic,n15_c100_s42,7,0.7621278744775771
364340,bertopic,n15_c100_s42,8,1.0
364349,bertopic,n15_c100_s42,-1,0.0
364369,bertopic,n15_c100_s42,-1,0.0
364415,bertopic,n15_c100_s42,8,1.0
364554,bertopic,n15_c100_s42,5,0.9498638311613158
364562,bertopic,n15_c100_s42,-1,0.0
364587,bertopic,n15_c100_s42,5,0.9262865302843497
364612,bertopic,n15_c100_s42,-1,0.0
364613,bertopic,n15_c100_s42,0,0.9256053401648642
364845,bertopic,n15_c100_s42,-1,0.0
364986,bertopic,n15_c100_s42,5,0.8568416810449039
365176,bertopic,n15_c100_s42,13,0.8046737406290587
365354,bertopic,n15_c100_s42,5,1.0
365449,bertopic,n15_c100_s42,-1,0.0
365468,bertopic,n15_c100_s42,12,1.0
365730,bertopic,n15_c100_s42,17,1.0
365767,bertopic,n15_c100_s42,7,1.0
365801,bertopic,n15_c100_s42,20,1.0
365804,bertopic,n15_c100_s42,0,1.0
365926,bertopic,n15_c100_s42,13,0.39000833832158954
366285,bertopic,n15_c100_s42,20,1.0
366460,bertopic,n15_c100_s42,3,0.5022600800089336
366529,bertopic,n15_c100_s42,16,1.0
366938,bertopic,n15_c100_s42,8,1.0
366960,bertopic,n15_c100_s42,2,1.0
367212,bertopic,n15_c100_s42,4,0.5945970321172419
367554,bertopic,n15_c100_s42,21,1.0
367848,bertopic,n15_c100_s42,20,1.0
367851,bertopic,n15_c100_s42,0,1.0
367852,bertopic,n15_c100_s42,0,1.0
368018,bertopic,n15_c100_s42,5,1.0
368020,bertopic,n15_c100_s42,-1,0.0
368530,bertopic,n15_c100_s42,0,1.0
368560,bertopic,n15_c100_s42,13,1.0
368648,bertopic,n15_c100_s42,0,0.2524173631357046
368729,bertopic,n15_c100_s42,-1,0.0
368776,bertopic,n15_c100_s42,5,0.8838121426044451
368900,bertopic,n15_c100_s42,-1,0.0
369104,bertopic,n15_c100_s42,12,1.0
369148,bertopic,n15_c100_s42,0,1.0
369697,bertopic,n15_c100_s42,-1,0.0
370001,bertopic,n15_c100_s42,20,1.0
370438,bertopic,n15_c100_s42,6,0.555419973991064
370542,bertopic,n15_c100_s42,14,1.0
370556,bertopic,n15_c100_s42,14,1.0
370979,bertopic,n15_c100_s42,10,0.466215794655194
370995,bertopic,n15_c100_s42,-1,0.0
371086,bertopic,n15_c100_s42,0,1.0
371300,bertopic,n15_c100_s42,5,0.7972227557701975
371747,bertopic,n15_c100_s42,8,1.0
371976,bertopic,n15_c100_s42,5,0.8524879217892257
371981,bertopic,n15_c100_s42,-1,0.0
372026,bertopic,n15_c100_s42,5,0.9498638311613158
372075,bertopic,n15_c100_s42,-1,0.0
372130,bertopic,n15_c100_s42,10,0.6814270610691762
372378,bertopic,n15_c100_s42,2,0.8787740429138093
372396,bertopic,n15_c100_s42,-1,0.0
372397,bertopic,n15_c100_s42,-1,0.0
372435,bertopic,n15_c100_s42,-1,0.0
372668,bertopic,n15_c100_s42,4,0.7454035501488618
372672,bertopic,n15_c100_s42,0,1.0
372699,bertopic,n15_c100_s42,12,1.0
372804,bertopic,n15_c100_s42,19,1.0
372987,bertopic,n15_c100_s42,19,1.0
373063,bertopic,n15_c100_s42,2,1.0
373168,bertopic,n15_c100_s42,4,0.5945970321172419
373318,bertopic,n15_c100_s42,4,0.9771161887528053
373359,bertopic,n15_c100_s42,8,1.0
373373,bertopic,n15_c100_s42,15,1.0
373419,bertopic,n15_c100_s42,10,1.0
373440,bertopic,n15_c100_s42,1,1.0
373453,bertopic,n15_c100_s42,3,0.5795253702879617
373536,bertopic,n15_c100_s42,1,1.0
373541,bertopic,n15_c100_s42,14,1.0
373567,bertopic,n15_c100_s42,18,1.0
373686,bertopic,n15_c100_s42,7,0.3929587819414512
373970,bertopic,n15_c100_s42,5,1.0
374413,bertopic,n15_c100_s42,10,1.0
374489,bertopic,n15_c100_s42,2,1.0
374496,bertopic,n15_c100_s42,2,1.0
374611,bertopic,n15_c100_s42,16,1.0
374634,bertopic,n15_c100_s42,5,0.9498638311613158
374666,bertopic,n15_c100_s42,3,1.0
374801,bertopic,n15_c100_s42,2,0.8914576755482968
375062,bertopic,n15_c100_s42,15,0.25520694978207886
375111,bertopic,n15_c100_s42,-1,0.0
375119,bertopic,n15_c100_s42,16,1.0
375210,bertopic,n15_c100_s42,5,0.9474103151151525
375223,bertopic,n15_c100_s42,1,0.7539030508941553
375243,bertopic,n15_c100_s42,18,0.8572517586662484
375381,bertopic,n15_c100_s42,5,0.9498638311613158
375590,bertopic,n15_c100_s42,-1,0.0
375608,bertopic,n15_c100_s42,5,1.0
375682,bertopic,n15_c100_s42,5,0.7166274740213648
375820,bertopic,n15_c100_s42,4,0.751375338110363
375824,bertopic,n15_c100_s42,8,1.0
376330,bertopic,n15_c100_s42,7,0.768131410627924
376554,bertopic,n15_c100_s42,-1,0.0
376828,bertopic,n15_c100_s42,19,1.0
376939,bertopic,n15_c100_s42,8,1.0
377253,bertopic,n15_c100_s42,2,1.0
377373,bertopic,n15_c100_s42,0,1.0
377897,bertopic,n15_c100_s42,21,1.0
377918,bertopic,n15_c100_s42,-1,0.0
377955,bertopic,n15_c100_s42,15,1.0
378167,bertopic,n15_c100_s42,2,1.0
378248,bertopic,n15_c100_s42,6,0.850545640708154
378413,bertopic,n15_c100_s42,4,0.5945970321172419
378472,bertopic,n15_c100_s42,14,0.25533368214296903
378868,bertopic,n15_c100_s42,0,1.0
379171,bertopic,n15_c100_s42,5,1.0
379369,bertopic,n15_c100_s42,8,1.0
379568,bertopic,n15_c100_s42,-1,0.0
379757,bertopic,n15_c100_s42,8,1.0
379842,bertopic,n15_c100_s42,3,0.8744844033277526
379954,bertopic,n15_c100_s42,6,1.0
380168,bertopic,n15_c100_s42,1,0.583900998992028
380169,bertopic,n15_c100_s42,8,1.0
380170,bertopic,n15_c100_s42,5,0.9759293429767797
380179,bertopic,n15_c100_s42,13,1.0
380361,bertopic,n15_c100_s42,13,1.0
380406,bertopic,n15_c100_s42,17,1.0
380732,bertopic,n15_c100_s42,5,0.9498638311613158
381397,bertopic,n15_c100_s42,2,0.7365473200867206
381731,bertopic,n15_c100_s42,-1,0.0
382628,bertopic,n15_c100_s42,-1,0.0
382913,bertopic,n15_c100_s42,-1,0.0
383177,bertopic,n15_c100_s42,9,0.9970282737655833
383402,bertopic,n15_c100_s42,-1,0.0
383442,bertopic,n15_c100_s42,-1,0.0
383664,bertopic,n15_c100_s42,19,1.0
384102,bertopic,n15_c100_s42,1,0.8671606788621229
384199,bertopic,n15_c100_s42,5,0.9498638311613158
384438,bertopic,n15_c100_s42,7,1.0
384749,bertopic,n15_c100_s42,1,0.8626867940449322
384797,bertopic,n15_c100_s42,-1,0.0
384900,bertopic,n15_c100_s42,1,0.9367595421512549
385053,bertopic,n15_c100_s42,14,1.0
385102,bertopic,n15_c100_s42,11,1.0
385220,bertopic,n15_c100_s42,8,0.9601241400121155
385277,bertopic,n15_c100_s42,19,1.0
385397,bertopic,n15_c100_s42,10,0.8135646348639308
385591,bertopic,n15_c100_s42,8,1.0
385771,bertopic,n15_c100_s42,-1,0.0
385791,bertopic,n15_c100_s42,1,0.9536425156050928
385819,bertopic,n15_c100_s42,5,0.8738354489999365
385918,bertopic,n15_c100_s42,15,1.0
386722,bertopic,n15_c100_s42,18,0.98827082206367
387235,bertopic,n15_c100_s42,0,1.0
389475,bertopic,n15_c100_s42,15,1.0
390533,bertopic,n15_c100_s42,8,1.0
390564,bertopic,n15_c100_s42,20,1.0
392330,bertopic,n15_c100_s42,-1,0.0
393831,bertopic,n15_c100_s42,7,0.7621278744775771
394655,bertopic,n15_c100_s42,0,1.0
395842,bertopic,n15_c100_s42,-1,0.0
397292,bertopic,n15_c100_s42,5,0.9498638311613158
397671,bertopic,n15_c100_s42,18,1.0
398523,bertopic,n15_c100_s42,-1,0.0
399236,bertopic,n15_c100_s42,-1,0.0
399758,bertopic,n15_c100_s42,11,0.8998709794939561
399794,bertopic,n15_c100_s42,2,1.0
399796,bertopic,n15_c100_s42,16,0.5340615766348344
399896,bertopic,n15_c100_s42,14,1.0
399942,bertopic,n15_c100_s42,7,1.0
399951,bertopic,n15_c100_s42,18,0.8572517586662484
400011,bertopic,n15_c100_s42,10,1.0
400030,bertopic,n15_c100_s42,21,1.0
400052,bertopic,n15_c100_s42,6,0.7332570341858372
400095,bertopic,n15_c100_s42,19,1.0
400125,bertopic,n15_c100_s42,-1,0.0
400335,bertopic,n15_c100_s42,-1,0.0
400337,bertopic,n15_c100_s42,-1,0.0
400390,bertopic,n15_c100_s42,-1,0.0
400458,bertopic,n15_c100_s42,-1,0.0
400841,bertopic,n15_c100_s42,-1,0.0
400868,bertopic,n15_c100_s42,2,0.7274326457614272
400956,bertopic,n15_c100_s42,4,0.5945970321172419
400994,bertopic,n15_c100_s42,11,0.8998709794939561
401406,bertopic,n15_c100_s42,0,1.0
401542,bertopic,n15_c100_s42,14,1.0
401596,bertopic,n15_c100_s42,14,1.0
402065,bertopic,n15_c100_s42,7,0.5634129198123025
402458,bertopic,n15_c100_s42,9,1.0
402907,bertopic,n15_c100_s42,8,1.0
403133,bertopic,n15_c100_s42,9,0.8583306174858352
403359,bertopic,n15_c100_s42,2,0.733484671554008
403437,bertopic,n15_c100_s42,13,1.0
403993,bertopic,n15_c100_s42,18,0.8572517586662484
404356,bertopic,n15_c100_s42,-1,0.0
404748,bertopic,n15_c100_s42,17,1.0
405026,bertopic,n15_c100_s42,-1,0.0
405270,bertopic,n15_c100_s42,17,1.0
405488,bertopic,n15_c100_s42,-1,0.0
405909,bertopic,n15_c100_s42,10,0.697984057552163
406072,bertopic,n15_c100_s42,4,1.0
406162,bertopic,n15_c100_s42,15,1.0
406192,bertopic,n15_c100_s42,10,1.0
406273,bertopic,n15_c100_s42,-1,0.0
406310,bertopic,n15_c100_s42,4,1.0
406331,bertopic,n15_c100_s42,6,1.0
406364,bertopic,n15_c100_s42,-1,0.0
406509,bertopic,n15_c100_s42,2,1.0
406638,bertopic,n15_c100_s42,8,1.0
406642,bertopic,n15_c100_s42,4,1.0
406712,bertopic,n15_c100_s42,10,1.0
406733,bertopic,n15_c100_s42,4,0.8939105786056402
406856,bertopic,n15_c100_s42,3,0.7470317483493544
406872,bertopic,n15_c100_s42,19,1.0
407706,bertopic,n15_c100_s42,18,0.8572517586662484
408607,bertopic,n15_c100_s42,2,1.0
409005,bertopic,n15_c100_s42,3,0.43539090472175296
409869,bertopic,n15_c100_s42,4,0.751375338110363
410378,bertopic,n15_c100_s42,1,0.583900998992028
410422,bertopic,n15_c100_s42,16,1.0
410469,bertopic,n15_c100_s42,-1,0.0
410583,bertopic,n15_c100_s42,17,1.0
410601,bertopic,n15_c100_s42,10,0.466215794655194
410602,bertopic,n15_c100_s42,3,0.8682303008810848
410639,bertopic,n15_c100_s42,8,0.9591851427250849
410714,bertopic,n15_c100_s42,18,1.0
410730,bertopic,n15_c100_s42,6,0.983047362450806
410770,bertopic,n15_c100_s42,10,0.8800351063824176
410793,bertopic,n15_c100_s42,17,1.0
410812,bertopic,n15_c100_s42,-1,0.0
410824,bertopic,n15_c100_s42,16,1.0
410850,bertopic,n15_c100_s42,6,1.0
410941,bertopic,n15_c100_s42,5,0.8772187580339897
410967,bertopic,n15_c100_s42,0,1.0
411099,bertopic,n15_c100_s42,17,1.0
411227,bertopic,n15_c100_s42,7,0.6349286232856879
411242,bertopic,n15_c100_s42,11,1.0
411446,bertopic,n15_c100_s42,0,1.0
411475,bertopic,n15_c100_s42,3,1.0
411549,bertopic,n15_c100_s42,4,0.5945970321172419
411566,bertopic,n15_c100_s42,18,1.0
411571,bertopic,n15_c100_s42,21,1.0
411583,bertopic,n15_c100_s42,2,0.733484671554008
411584,bertopic,n15_c100_s42,-1,0.0
411605,bertopic,n15_c100_s42,7,1.0
411714,bertopic,n15_c100_s42,-1,0.0
412054,bertopic,n15_c100_s42,12,1.0
412209,bertopic,n15_c100_s42,-1,0.0
412276,bertopic,n15_c100_s42,22,1.0
412349,bertopic,n15_c100_s42,19,1.0
413027,bertopic,n15_c100_s42,15,0.9483757143454018
413813,bertopic,n15_c100_s42,-1,0.0
413883,bertopic,n15_c100_s42,-1,0.0
414006,bertopic,n15_c100_s42,2,1.0
414031,bertopic,n15_c100_s42,0,1.0
414299,bertopic,n15_c100_s42,-1,0.0
414612,bertopic,n15_c100_s42,7,1.0
414743,bertopic,n15_c100_s42,7,0.3929587819414512
415423,bertopic,n15_c100_s42,1,1.0
415781,bertopic,n15_c100_s42,1,1.0
415795,bertopic,n15_c100_s42,10,1.0
415888,bertopic,n15_c100_s42,6,0.7091087023165829
415973,bertopic,n15_c100_s42,3,1.0
416061,bertopic,n15_c100_s42,-1,0.0
416180,bertopic,n15_c100_s42,16,1.0
416309,bertopic,n15_c100_s42,-1,0.0
416588,bertopic,n15_c100_s42,19,1.0
416664,bertopic,n15_c100_s42,-1,0.0
416737,bertopic,n15_c100_s42,-1,0.0
416743,bertopic,n15_c100_s42,6,0.6097804174022848
416754,bertopic,n15_c100_s42,-1,0.0
416785,bertopic,n15_c100_s42,3,0.7442743683647439
416805,bertopic,n15_c100_s42,18,1.0
416814,bertopic,n15_c100_s42,-1,0.0
416834,bertopic,n15_c100_s42,0,1.0
416863,bertopic,n15_c100_s42,2,1.0
417199,bertopic,n15_c100_s42,1,0.3382817239262441
417221,bertopic,n15_c100_s42,4,0.8939105786056402
417252,bertopic,n15_c100_s42,1,0.9603556067540078
417296,bertopic,n15_c100_s42,-1,0.0
417325,bertopic,n15_c100_s42,21,1.0
417779,bertopic,n15_c100_s42,19,1.0
417863,bertopic,n15_c100_s42,18,1.0
418042,bertopic,n15_c100_s42,14,1.0
418249,bertopic,n15_c100_s42,2,0.7365473200867206
418389,bertopic,n15_c100_s42,8,1.0
418544,bertopic,n15_c100_s42,-1,0.0
418940,bertopic,n15_c100_s42,7,1.0
419092,bertopic,n15_c100_s42,18,1.0
419200,bertopic,n15_c100_s42,22,1.0
419293,bertopic,n15_c100_s42,11,1.0
419579,bertopic,n15_c100_s42,3,0.5795253702879617
419946,bertopic,n15_c100_s42,5,0.9137073407851636
420359,bertopic,n15_c100_s42,8,0.9622530280876155
421213,bertopic,n15_c100_s42,20,1.0
421370,bertopic,n15_c100_s42,10,0.466215794655194
421384,bertopic,n15_c100_s42,-1,0.0
421399,bertopic,n15_c100_s42,21,1.0
421523,bertopic,n15_c100_s42,2,1.0
421641,bertopic,n15_c100_s42,8,1.0
421682,bertopic,n15_c100_s42,0,0.3277305395150376
421828,bertopic,n15_c100_s42,12,1.0
421981,bertopic,n15_c100_s42,14,1.0
422047,bertopic,n15_c100_s42,19,1.0
422084,bertopic,n15_c100_s42,6,0.6097804174022848
422272,bertopic,n15_c100_s42,-1,0.0
422645,bertopic,n15_c100_s42,16,1.0
424106,bertopic,n15_c100_s42,18,1.0
424374,bertopic,n15_c100_s42,17,1.0
424711,bertopic,n15_c100_s42,8,0.9170154694633184
425154,bertopic,n15_c100_s42,0,1.0
425202,bertopic,n15_c100_s42,1,0.26998012718538983
425300,bertopic,n15_c100_s42,11,0.8998709794939561
425664,bertopic,n15_c100_s42,12,1.0
425830,bertopic,n15_c100_s42,9,0.9970282737655833
426180,bertopic,n15_c100_s42,-1,0.0
426210,bertopic,n15_c100_s42,0,1.0
426230,bertopic,n15_c100_s42,-1,0.0
426323,bertopic,n15_c100_s42,3,0.5746133726513507
426452,bertopic,n15_c100_s42,-1,0.0
426476,bertopic,n15_c100_s42,-1,0.0
426614,bertopic,n15_c100_s42,16,1.0
426646,bertopic,n15_c100_s42,-1,0.0
426700,bertopic,n15_c100_s42,6,1.0
427023,bertopic,n15_c100_s42,10,1.0
427185,bertopic,n15_c100_s42,3,1.0
427552,bertopic,n15_c100_s42,12,1.0
427604,bertopic,n15_c100_s42,6,1.0
427932,bertopic,n15_c100_s42,-1,0.0
427942,bertopic,n15_c100_s42,16,1.0
428456,bertopic,n15_c100_s42,10,1.0
428710,bertopic,n15_c100_s42,4,0.5945970321172419
429070,bertopic,n15_c100_s42,21,1.0
429410,bertopic,n15_c100_s42,15,1.0
429420,bertopic,n15_c100_s42,6,1.0
429948,bertopic,n15_c100_s42,-1,0.0
429993,bertopic,n15_c100_s42,-1,0.0
430143,bertopic,n15_c100_s42,1,0.9609824701315759
430348,bertopic,n15_c100_s42,-1,0.0
430368,bertopic,n15_c100_s42,18,1.0
430380,bertopic,n15_c100_s42,10,0.466215794655194
430542,bertopic,n15_c100_s42,3,1.0
430739,bertopic,n15_c100_s42,4,1.0
430874,bertopic,n15_c100_s42,-1,0.0
431240,bertopic,n15_c100_s42,7,1.0
431280,bertopic,n15_c100_s42,6,0.7091087023165829
431405,bertopic,n15_c100_s42,0,1.0
431716,bertopic,n15_c100_s42,20,0.6840582783689771
431737,bertopic,n15_c100_s42,2,0.9063025441066175
431838,bertopic,n15_c100_s42,2,1.0
431928,bertopic,n15_c100_s42,3,0.3920202392482878
431987,bertopic,n15_c100_s42,-1,0.0
432036,bertopic,n15_c100_s42,10,1.0
432064,bertopic,n15_c100_s42,21,1.0
432081,bertopic,n15_c100_s42,10,1.0
432128,bertopic,n15_c100_s42,-1,0.0
432142,bertopic,n15_c100_s42,2,1.0
432188,bertopic,n15_c100_s42,7,1.0
432201,bertopic,n15_c100_s42,3,0.5795253702879617
432273,bertopic,n15_c100_s42,1,0.9615204853760435
432282,bertopic,n15_c100_s42,15,0.27283061863757113
432293,bertopic,n15_c100_s42,-1,0.0
432308,bertopic,n15_c100_s42,12,1.0
432405,bertopic,n15_c100_s42,14,1.0
432500,bertopic,n15_c100_s42,-1,0.0
432573,bertopic,n15_c100_s42,-1,0.0
432874,bertopic,n15_c100_s42,8,1.0
432956,bertopic,n15_c100_s42,-1,0.0
433026,bertopic,n15_c100_s42,11,1.0
433050,bertopic,n15_c100_s42,-1,0.0
433217,bertopic,n15_c100_s42,18,1.0
433539,bertopic,n15_c100_s42,1,1.0
433811,bertopic,n15_c100_s42,-1,0.0
433844,bertopic,n15_c100_s42,4,0.5945970321172419
433901,bertopic,n15_c100_s42,10,0.6814270610691762
434863,bertopic,n15_c100_s42,9,1.0
435016,bertopic,n15_c100_s42,2,0.926797430425397
435344,bertopic,n15_c100_s42,19,1.0
435632,bertopic,n15_c100_s42,-1,0.0
435705,bertopic,n15_c100_s42,-1,0.0
435972,bertopic,n15_c100_s42,8,1.0
435994,bertopic,n15_c100_s42,-1,0.0
436015,bertopic,n15_c100_s42,12,1.0
436192,bertopic,n15_c100_s42,-1,0.0
436354,bertopic,n15_c100_s42,3,1.0
436430,bertopic,n15_c100_s42,-1,0.0
436472,bertopic,n15_c100_s42,-1,0.0
436500,bertopic,n15_c100_s42,-1,0.0
436545,bertopic,n15_c100_s42,6,0.6097804174022848
436747,bertopic,n15_c100_s42,18,1.0
436820,bertopic,n15_c100_s42,-1,0.0
436919,bertopic,n15_c100_s42,15,1.0
436961,bertopic,n15_c100_s42,-1,0.0
436965,bertopic,n15_c100_s42,3,1.0
437039,bertopic,n15_c100_s42,4,0.7454035501488618
437146,bertopic,n15_c100_s42,-1,0.0
437291,bertopic,n15_c100_s42,10,0.466215794655194
437371,bertopic,n15_c100_s42,2,1.0
437429,bertopic,n15_c100_s42,21,1.0
437446,bertopic,n15_c100_s42,2,0.9626929597875836
437461,bertopic,n15_c100_s42,-1,0.0
437471,bertopic,n15_c100_s42,13,0.7770443520822472
437519,bertopic,n15_c100_s42,7,1.0
437537,bertopic,n15_c100_s42,3,0.8024264375567246
437582,bertopic,n15_c100_s42,7,1.0
438876,bertopic,n15_c100_s42,1,1.0
438905,bertopic,n15_c100_s42,19,1.0
438920,bertopic,n15_c100_s42,-1,0.0
439044,bertopic,n15_c100_s42,19,0.8255097861869535
439481,bertopic,n15_c100_s42,-1,0.0
439601,bertopic,n15_c100_s42,-1,0.0
439609,bertopic,n15_c100_s42,7,1.0
439833,bertopic,n15_c100_s42,5,0.7099177587586153
439902,bertopic,n15_c100_s42,3,0.8747574804079706
440280,bertopic,n15_c100_s42,12,0.9578544211365422
440299,bertopic,n15_c100_s42,-1,0.0
440355,bertopic,n15_c100_s42,8,0.9439662886576222
440418,bertopic,n15_c100_s42,1,1.0
440443,bertopic,n15_c100_s42,19,1.0
440529,bertopic,n15_c100_s42,17,1.0
440690,bertopic,n15_c100_s42,3,1.0
440719,bertopic,n15_c100_s42,2,1.0
440801,bertopic,n15_c100_s42,-1,0.0
440806,bertopic,n15_c100_s42,7,1.0
440908,bertopic,n15_c100_s42,5,0.7703044153400408
440919,bertopic,n15_c100_s42,4,1.0
440924,bertopic,n15_c100_s42,8,0.9221038582059351
440955,bertopic,n15_c100_s42,5,0.9498638311613158
441037,bertopic,n15_c100_s42,8,1.0
441127,bertopic,n15_c100_s42,0,0.8268749849356781
441312,bertopic,n15_c100_s42,21,1.0
441314,bertopic,n15_c100_s42,20,1.0
441480,bertopic,n15_c100_s42,6,0.6097804174022848
441491,bertopic,n15_c100_s42,4,0.5945970321172419
441563,bertopic,n15_c100_s42,19,1.0
441624,bertopic,n15_c100_s42,6,0.6097804174022848
441717,bertopic,n15_c100_s42,12,1.0
441964,bertopic,n15_c100_s42,16,1.0
442031,bertopic,n15_c100_s42,1,0.9603556067540078
442054,bertopic,n15_c100_s42,15,1.0
442293,bertopic,n15_c100_s42,-1,0.0
442316,bertopic,n15_c100_s42,-1,0.0
442463,bertopic,n15_c100_s42,8,1.0
442476,bertopic,n15_c100_s42,3,0.9417446461437188
442486,bertopic,n15_c100_s42,2,1.0
442635,bertopic,n15_c100_s42,6,0.850545640708154
442647,bertopic,n15_c100_s42,7,0.7621278744775771
442817,bertopic,n15_c100_s42,8,1.0
442842,bertopic,n15_c100_s42,10,1.0
442873,bertopic,n15_c100_s42,0,0.7528176837722469
442900,bertopic,n15_c100_s42,5,0.8772187580339897
443029,bertopic,n15_c100_s42,18,1.0
443179,bertopic,n15_c100_s42,16,0.5340615766348344
443180,bertopic,n15_c100_s42,8,1.0
443196,bertopic,n15_c100_s42,9,0.8109527755363902
443393,bertopic,n15_c100_s42,1,0.9609824701315759
443401,bertopic,n15_c100_s42,8,1.0
443405,bertopic,n15_c100_s42,22,1.0
443462,bertopic,n15_c100_s42,13,1.0
443555,bertopic,n15_c100_s42,2,1.0
443618,bertopic,n15_c100_s42,-1,0.0
443777,bertopic,n15_c100_s42,4,0.751375338110363
443843,bertopic,n15_c100_s42,4,1.0
443870,bertopic,n15_c100_s42,2,1.0
443871,bertopic,n15_c100_s42,2,1.0
444055,bertopic,n15_c100_s42,4,1.0
444057,bertopic,n15_c100_s42,8,1.0
444104,bertopic,n15_c100_s42,14,0.25533368214296903
444181,bertopic,n15_c100_s42,-1,0.0
444344,bertopic,n15_c100_s42,8,0.994226027343413
444371,bertopic,n15_c100_s42,4,0.8939105786056402
444439,bertopic,n15_c100_s42,6,1.0
444561,bertopic,n15_c100_s42,16,1.0
444803,bertopic,n15_c100_s42,-1,0.0
444832,bertopic,n15_c100_s42,19,1.0
445494,bertopic,n15_c100_s42,5,1.0
445857,bertopic,n15_c100_s42,13,1.0
445867,bertopic,n15_c100_s42,21,1.0
445956,bertopic,n15_c100_s42,15,1.0
446064,bertopic,n15_c100_s42,3,0.719019389382129
446319,bertopic,n15_c100_s42,-1,0.0
446324,bertopic,n15_c100_s42,4,0.6628585375224257
446379,bertopic,n15_c100_s42,2,1.0
446490,bertopic,n15_c100_s42,7,1.0
446522,bertopic,n15_c100_s42,18,1.0
446581,bertopic,n15_c100_s42,-1,0.0
446623,bertopic,n15_c100_s42,-1,0.0
446710,bertopic,n15_c100_s42,-1,0.0
446777,bertopic,n15_c100_s42,2,1.0
446902,bertopic,n15_c100_s42,7,0.7621278744775771
446927,bertopic,n15_c100_s42,-1,0.0
446956,bertopic,n15_c100_s42,-1,0.0
446957,bertopic,n15_c100_s42,-1,0.0
446958,bertopic,n15_c100_s42,-1,0.0
447010,bertopic,n15_c100_s42,17,1.0
447073,bertopic,n15_c100_s42,18,0.8572517586662484
447095,bertopic,n15_c100_s42,8,1.0
447123,bertopic,n15_c100_s42,19,1.0
447125,bertopic,n15_c100_s42,8,1.0
447429,bertopic,n15_c100_s42,2,1.0
449355,bertopic,n15_c100_s42,14,1.0
449680,bertopic,n15_c100_s42,18,1.0
450038,bertopic,n15_c100_s42,2,1.0
450056,bertopic,n15_c100_s42,-1,0.0
450066,bertopic,n15_c100_s42,-1,0.0
450128,bertopic,n15_c100_s42,18,0.8572517586662484
450227,bertopic,n15_c100_s42,4,0.5945970321172419
450231,bertopic,n15_c100_s42,-1,0.0
450272,bertopic,n15_c100_s42,5,0.9498638311613158
450292,bertopic,n15_c100_s42,4,0.8939105786056402
450360,bertopic,n15_c100_s42,1,0.7940102333735709
450364,bertopic,n15_c100_s42,8,1.0
450446,bertopic,n15_c100_s42,0,0.8469374060985656
450553,bertopic,n15_c100_s42,8,0.9234722171666176
450596,bertopic,n15_c100_s42,-1,0.0
450715,bertopic,n15_c100_s42,5,1.0
450766,bertopic,n15_c100_s42,6,1.0
450804,bertopic,n15_c100_s42,-1,0.0
450805,bertopic,n15_c100_s42,-1,0.0
451002,bertopic,n15_c100_s42,-1,0.0
451025,bertopic,n15_c100_s42,6,0.617866762560719
451077,bertopic,n15_c100_s42,5,0.9498638311613158
451223,bertopic,n15_c100_s42,12,1.0
453369,bertopic,n15_c100_s42,7,0.7237547402370964
453386,bertopic,n15_c100_s42,7,0.7621278744775771
453392,bertopic,n15_c100_s42,10,1.0
453457,bertopic,n15_c100_s42,-1,0.0
453459,bertopic,n15_c100_s42,18,0.8572517586662484
453483,bertopic,n15_c100_s42,7,1.0
453595,bertopic,n15_c100_s42,-1,0.0
453643,bertopic,n15_c100_s42,0,1.0
453678,bertopic,n15_c100_s42,6,1.0
453699,bertopic,n15_c100_s42,21,1.0
453721,bertopic,n15_c100_s42,10,0.466215794655194
453738,bertopic,n15_c100_s42,-1,0.0
453778,bertopic,n15_c100_s42,-1,0.0
453786,bertopic,n15_c100_s42,18,1.0
453843,bertopic,n15_c100_s42,3,0.712869317006147
453858,bertopic,n15_c100_s42,-1,0.0
454168,bertopic,n15_c100_s42,10,0.6815866505439735
454675,bertopic,n15_c100_s42,-1,0.0
455316,bertopic,n15_c100_s42,11,1.0
455374,bertopic,n15_c100_s42,10,1.0
455404,bertopic,n15_c100_s42,1,0.3492321434883388
455502,bertopic,n15_c100_s42,8,1.0
455676,bertopic,n15_c100_s42,3,1.0
455693,bertopic,n15_c100_s42,7,1.0
456011,bertopic,n15_c100_s42,16,1.0
456920,bertopic,n15_c100_s42,-1,0.0
457247,bertopic,n15_c100_s42,4,0.9120632767817297
457271,bertopic,n15_c100_s42,7,1.0
457301,bertopic,n15_c100_s42,4,0.5945970321172419
457323,bertopic,n15_c100_s42,2,1.0
457352,bertopic,n15_c100_s42,8,1.0
457417,bertopic,n15_c100_s42,3,0.3715813634348353
457430,bertopic,n15_c100_s42,17,1.0
457438,bertopic,n15_c100_s42,1,1.0
457513,bertopic,n15_c100_s42,15,0.25511494115179556
457530,bertopic,n15_c100_s42,-1,0.0
457574,bertopic,n15_c100_s42,20,1.0
457646,bertopic,n15_c100_s42,10,0.6814270610691762
457650,bertopic,n15_c100_s42,-1,0.0
457678,bertopic,n15_c100_s42,16,1.0
457682,bertopic,n15_c100_s42,3,1.0
457758,bertopic,n15_c100_s42,4,0.7454035501488618
458664,bertopic,n15_c100_s42,12,1.0
459503,bertopic,n15_c100_s42,1,0.9603556067540078
459535,bertopic,n15_c100_s42,22,1.0
459544,bertopic,n15_c100_s42,13,1.0
459576,bertopic,n15_c100_s42,20,1.0
459584,bertopic,n15_c100_s42,18,0.98827082206367
459605,bertopic,n15_c100_s42,5,0.9498638311613158
459618,bertopic,n15_c100_s42,19,0.9480700703025273
459658,bertopic,n15_c100_s42,5,0.7503218256407262
459684,bertopic,n15_c100_s42,7,0.7621278744775771
459724,bertopic,n15_c100_s42,18,1.0
459733,bertopic,n15_c100_s42,7,1.0
459735,bertopic,n15_c100_s42,-1,0.0
459768,bertopic,n15_c100_s42,3,0.5795253702879617
459774,bertopic,n15_c100_s42,19,1.0
459887,bertopic,n15_c100_s42,3,1.0
459888,bertopic,n15_c100_s42,-1,0.0
459900,bertopic,n15_c100_s42,3,0.4611428664110982
459918,bertopic,n15_c100_s42,13,1.0
459969,bertopic,n15_c100_s42,7,0.38444580916153875
460287,bertopic,n15_c100_s42,0,1.0
461040,bertopic,n15_c100_s42,-1,0.0
461287,bertopic,n15_c100_s42,15,1.0
461333,bertopic,n15_c100_s42,2,1.0
461337,bertopic,n15_c100_s42,-1,0.0
461387,bertopic,n15_c100_s42,1,1.0
461399,bertopic,n15_c100_s42,-1,0.0
461405,bertopic,n15_c100_s42,19,1.0
461467,bertopic,n15_c100_s42,-1,0.0
461530,bertopic,n15_c100_s42,3,0.8760384194973838
461544,bertopic,n15_c100_s42,-1,0.0
461612,bertopic,n15_c100_s42,16,1.0
461658,bertopic,n15_c100_s42,-1,0.0
461704,bertopic,n15_c100_s42,4,1.0
461751,bertopic,n15_c100_s42,3,0.5000887928422484
461759,bertopic,n15_c100_s42,-1,0.0
462095,bertopic,n15_c100_s42,15,0.12682601409205835
463196,bertopic,n15_c100_s42,0,1.0
463323,bertopic,n15_c100_s42,2,0.7274326457614272
463443,bertopic,n15_c100_s42,17,1.0
463533,bertopic,n15_c100_s42,4,0.5945970321172419
463575,bertopic,n15_c100_s42,-1,0.0
463653,bertopic,n15_c100_s42,20,1.0
463679,bertopic,n15_c100_s42,-1,0.0
463689,bertopic,n15_c100_s42,-1,0.0
463804,bertopic,n15_c100_s42,8,1.0
463935,bertopic,n15_c100_s42,-1,0.0
464032,bertopic,n15_c100_s42,12,1.0
464041,bertopic,n15_c100_s42,18,1.0
464042,bertopic,n15_c100_s42,7,0.6546306560829773
464082,bertopic,n15_c100_s42,7,0.7621278744775771
464092,bertopic,n15_c100_s42,3,0.9875754236999241
464100,bertopic,n15_c100_s42,1,0.8661502516687394
464111,bertopic,n15_c100_s42,-1,0.0
464208,bertopic,n15_c100_s42,14,1.0
464536,bertopic,n15_c100_s42,11,1.0
465432,bertopic,n15_c100_s42,-1,0.0
465781,bertopic,n15_c100_s42,1,0.26998012718538983
465844,bertopic,n15_c100_s42,-1,0.0
465866,bertopic,n15_c100_s42,18,0.98827082206367
465913,bertopic,n15_c100_s42,8,1.0
465926,bertopic,n15_c100_s42,-1,0.0
465945,bertopic,n15_c100_s42,1,0.408626549513945
466029,bertopic,n15_c100_s42,3,1.0
466125,bertopic,n15_c100_s42,2,1.0
466164,bertopic,n15_c100_s42,-1,0.0
466207,bertopic,n15_c100_s42,3,0.7442743683647439
466216,bertopic,n15_c100_s42,2,1.0
466336,bertopic,n15_c100_s42,12,1.0
466399,bertopic,n15_c100_s42,2,0.7365473200867206
466437,bertopic,n15_c100_s42,2,1.0
466467,bertopic,n15_c100_s42,8,1.0
466476,bertopic,n15_c100_s42,3,0.3896333238521198
466492,bertopic,n15_c100_s42,3,1.0
466520,bertopic,n15_c100_s42,11,1.0
467327,bertopic,n15_c100_s42,-1,0.0
467945,bertopic,n15_c100_s42,18,0.8572517586662484
468316,bertopic,n15_c100_s42,12,1.0
468557,bertopic,n15_c100_s42,7,1.0
468562,bertopic,n15_c100_s42,6,0.6097804174022848
468595,bertopic,n15_c100_s42,-1,0.0
468651,bertopic,n15_c100_s42,20,1.0
468652,bertopic,n15_c100_s42,0,0.7827753842432635
469100,bertopic,n15_c100_s42,2,1.0
469225,bertopic,n15_c100_s42,5,0.9498638311613158
469920,bertopic,n15_c100_s42,-1,0.0
471063,bertopic,n15_c100_s42,-1,0.0
471085,bertopic,n15_c100_s42,10,0.697984057552163
471416,bertopic,n15_c100_s42,3,1.0
471430,bertopic,n15_c100_s42,13,0.9291105005225769
471445,bertopic,n15_c100_s42,4,0.7454035501488618
471638,bertopic,n15_c100_s42,7,0.7621278744775771
471661,bertopic,n15_c100_s42,4,0.5644219847474434
471675,bertopic,n15_c100_s42,10,0.36311673185588783
471703,bertopic,n15_c100_s42,-1,0.0
471759,bertopic,n15_c100_s42,0,1.0
471912,bertopic,n15_c100_s42,8,1.0
471933,bertopic,n15_c100_s42,8,1.0
471939,bertopic,n15_c100_s42,-1,0.0
471973,bertopic,n15_c100_s42,3,0.9417446461437188
473216,bertopic,n15_c100_s42,8,1.0
473286,bertopic,n15_c100_s42,-1,0.0
473793,bertopic,n15_c100_s42,-1,0.0
474289,bertopic,n15_c100_s42,-1,0.0
474337,bertopic,n15_c100_s42,6,1.0
474487,bertopic,n15_c100_s42,-1,0.0
474538,bertopic,n15_c100_s42,5,0.9365248350888643
474898,bertopic,n15_c100_s42,17,1.0
475795,bertopic,n15_c100_s42,2,0.7365473200867206
476332,bertopic,n15_c100_s42,12,1.0
476927,bertopic,n15_c100_s42,15,1.0
476963,bertopic,n15_c100_s42,8,0.9303389156527038
476968,bertopic,n15_c100_s42,-1,0.0
476978,bertopic,n15_c100_s42,17,1.0
477077,bertopic,n15_c100_s42,-1,0.0
477088,bertopic,n15_c100_s42,10,1.0
477101,bertopic,n15_c100_s42,6,0.6097804174022848
477106,bertopic,n15_c100_s42,18,1.0
477235,bertopic,n15_c100_s42,-1,0.0
477305,bertopic,n15_c100_s42,8,1.0
477370,bertopic,n15_c100_s42,17,1.0
477437,bertopic,n15_c100_s42,-1,0.0
477459,bertopic,n15_c100_s42,7,1.0
477539,bertopic,n15_c100_s42,-1,0.0
477635,bertopic,n15_c100_s42,-1,0.0
477658,bertopic,n15_c100_s42,-1,0.0
477660,bertopic,n15_c100_s42,-1,0.0
477682,bertopic,n15_c100_s42,12,1.0
478016,bertopic,n15_c100_s42,19,1.0
478817,bertopic,n15_c100_s42,10,0.9211929709115788
478943,bertopic,n15_c100_s42,-1,0.0
479036,bertopic,n15_c100_s42,3,0.5795253702879617
479099,bertopic,n15_c100_s42,7,0.3929587819414512
479410,bertopic,n15_c100_s42,10,1.0
479415,bertopic,n15_c100_s42,5,0.8772187580339897
479431,bertopic,n15_c100_s42,11,1.0
479438,bertopic,n15_c100_s42,18,0.8572517586662484
479522,bertopic,n15_c100_s42,22,1.0
479581,bertopic,n15_c100_s42,14,0.6713615033832429
479583,bertopic,n15_c100_s42,1,0.9609824701315759
479614,bertopic,n15_c100_s42,13,0.7943897646289689
479619,bertopic,n15_c100_s42,-1,0.0
479651,bertopic,n15_c100_s42,-1,0.0
479838,bertopic,n15_c100_s42,2,0.7365473200867206
479873,bertopic,n15_c100_s42,11,1.0
479921,bertopic,n15_c100_s42,16,1.0
479926,bertopic,n15_c100_s42,-1,0.0
479980,bertopic,n15_c100_s42,21,1.0
479986,bertopic,n15_c100_s42,8,1.0
480028,bertopic,n15_c100_s42,4,0.736825764177354
480768,bertopic,n15_c100_s42,-1,0.0
480783,bertopic,n15_c100_s42,2,1.0
481646,bertopic,n15_c100_s42,0,1.0
481749,bertopic,n15_c100_s42,2,1.0
481767,bertopic,n15_c100_s42,14,1.0
481820,bertopic,n15_c100_s42,-1,0.0
482152,bertopic,n15_c100_s42,5,0.7739601457496361
482238,bertopic,n15_c100_s42,5,0.8491675740424272
482241,bertopic,n15_c100_s42,2,0.733484671554008
482319,bertopic,n15_c100_s42,-1,0.0
482353,bertopic,n15_c100_s42,11,0.8998709794939561
482421,bertopic,n15_c100_s42,8,1.0
482627,bertopic,n15_c100_s42,5,0.9498638311613158
483784,bertopic,n15_c100_s42,20,1.0
483838,bertopic,n15_c100_s42,20,1.0
483988,bertopic,n15_c100_s42,6,0.6875213284890276
484073,bertopic,n15_c100_s42,-1,0.0
484079,bertopic,n15_c100_s42,-1,0.0
484115,bertopic,n15_c100_s42,19,1.0
484157,bertopic,n15_c100_s42,2,0.3660888077406
484220,bertopic,n15_c100_s42,9,0.9037182548705985
484288,bertopic,n15_c100_s42,10,1.0
484435,bertopic,n15_c100_s42,4,1.0
484439,bertopic,n15_c100_s42,7,1.0
484456,bertopic,n15_c100_s42,17,1.0
484608,bertopic,n15_c100_s42,3,0.5795253702879617
484629,bertopic,n15_c100_s42,2,1.0
484751,bertopic,n15_c100_s42,4,0.751375338110363
484858,bertopic,n15_c100_s42,7,0.6339290924769511
485518,bertopic,n15_c100_s42,10,0.6037237472382035
486011,bertopic,n15_c100_s42,19,1.0
486798,bertopic,n15_c100_s42,17,1.0
486860,bertopic,n15_c100_s42,5,0.8413023569240738
486861,bertopic,n15_c100_s42,16,1.0
486877,bertopic,n15_c100_s42,0,1.0
486978,bertopic,n15_c100_s42,17,1.0
487012,bertopic,n15_c100_s42,4,0.5945970321172419
487016,bertopic,n15_c100_s42,10,0.9426333822491132
487085,bertopic,n15_c100_s42,-1,0.0
487216,bertopic,n15_c100_s42,14,1.0
487977,bertopic,n15_c100_s42,7,1.0
488172,bertopic,n15_c100_s42,1,1.0
488824,bertopic,n15_c100_s42,-1,0.0
488825,bertopic,n15_c100_s42,-1,0.0
488844,bertopic,n15_c100_s42,6,0.34359719365455227
488874,bertopic,n15_c100_s42,16,1.0
488913,bertopic,n15_c100_s42,2,1.0
489064,bertopic,n15_c100_s42,2,1.0
489107,bertopic,n15_c100_s42,9,1.0
489114,bertopic,n15_c100_s42,-1,0.0
489163,bertopic,n15_c100_s42,16,1.0
489221,bertopic,n15_c100_s42,10,0.466215794655194
489234,bertopic,n15_c100_s42,-1,0.0
489263,bertopic,n15_c100_s42,5,0.9223046769283475
489337,bertopic,n15_c100_s42,-1,0.0
489439,bertopic,n15_c100_s42,-1,0.0
489482,bertopic,n15_c100_s42,4,0.5945970321172419
489530,bertopic,n15_c100_s42,-1,0.0
489559,bertopic,n15_c100_s42,18,0.9400862639143568
489653,bertopic,n15_c100_s42,12,1.0
489735,bertopic,n15_c100_s42,-1,0.0
489819,bertopic,n15_c100_s42,-1,0.0
491067,bertopic,n15_c100_s42,9,0.9552112770984961
491375,bertopic,n15_c100_s42,-1,0.0
491428,bertopic,n15_c100_s42,1,1.0
491542,bertopic,n15_c100_s42,19,1.0
491548,bertopic,n15_c100_s42,-1,0.0
491598,bertopic,n15_c100_s42,2,0.7365473200867206
491620,bertopic,n15_c100_s42,22,1.0
491822,bertopic,n15_c100_s42,15,1.0
492212,bertopic,n15_c100_s42,0,1.0
493979,bertopic,n15_c100_s42,1,0.9609824701315759
494027,bertopic,n15_c100_s42,3,0.34820915751011355
494031,bertopic,n15_c100_s42,4,0.5293702876533339
494115,bertopic,n15_c100_s42,3,1.0
494161,bertopic,n15_c100_s42,13,1.0
494229,bertopic,n15_c100_s42,22,1.0
494282,bertopic,n15_c100_s42,13,0.4626106405323561
494525,bertopic,n15_c100_s42,1,0.8039554114270762
494626,bertopic,n15_c100_s42,11,1.0
494723,bertopic,n15_c100_s42,21,1.0
496131,bertopic,n15_c100_s42,3,0.5795253702879617
496220,bertopic,n15_c100_s42,-1,0.0
496252,bertopic,n15_c100_s42,10,1.0
496366,bertopic,n15_c100_s42,-1,0.0
496445,bertopic,n15_c100_s42,14,1.0
496447,bertopic,n15_c100_s42,-1,0.0
496606,bertopic,n15_c100_s42,10,0.9000802043990859
496752,bertopic,n15_c100_s42,-1,0.0
496800,bertopic,n15_c100_s42,14,1.0
496813,bertopic,n15_c100_s42,-1,0.0
496913,bertopic,n15_c100_s42,21,1.0
496952,bertopic,n15_c100_s42,20,1.0
496962,bertopic,n15_c100_s42,14,0.2980277974968879
497038,bertopic,n15_c100_s42,14,1.0
497100,bertopic,n15_c100_s42,-1,0.0
497255,bertopic,n15_c100_s42,18,0.98827082206367
497274,bertopic,n15_c100_s42,13,1.0
497296,bertopic,n15_c100_s42,-1,0.0
497304,bertopic,n15_c100_s42,4,0.8939105786056402
497322,bertopic,n15_c100_s42,19,1.0
497392,bertopic,n15_c100_s42,-1,0.0
497413,bertopic,n15_c100_s42,18,0.98827082206367
497497,bertopic,n15_c100_s42,12,1.0
497505,bertopic,n15_c100_s42,3,1.0
497555,bertopic,n15_c100_s42,-1,0.0
497666,bertopic,n15_c100_s42,12,1.0
497718,bertopic,n15_c100_s42,-1,0.0
497727,bertopic,n15_c100_s42,18,0.8572517586662484
497750,bertopic,n15_c100_s42,-1,0.0
497856,bertopic,n15_c100_s42,4,1.0
497874,bertopic,n15_c100_s42,12,0.9578544211365422
497890,bertopic,n15_c100_s42,8,1.0
497893,bertopic,n15_c100_s42,17,1.0
498063,bertopic,n15_c100_s42,-1,0.0
498085,bertopic,n15_c100_s42,-1,0.0
498088,bertopic,n15_c100_s42,16,1.0
498101,bertopic,n15_c100_s42,14,1.0
498246,bertopic,n15_c100_s42,-1,0.0
498337,bertopic,n15_c100_s42,8,1.0
498671,bertopic,n15_c100_s42,18,1.0
498912,bertopic,n15_c100_s42,-1,0.0
498918,bertopic,n15_c100_s42,1,1.0
498964,bertopic,n15_c100_s42,7,1.0
498969,bertopic,n15_c100_s42,2,1.0
499000,bertopic,n15_c100_s42,-1,0.0
499097,bertopic,n15_c100_s42,12,1.0
499113,bertopic,n15_c100_s42,7,0.7621278744775771
499154,bertopic,n15_c100_s42,1,0.7997986813053227
499189,bertopic,n15_c100_s42,-1,0.0
499248,bertopic,n15_c100_s42,-1,0.0
499278,bertopic,n15_c100_s42,2,0.9626929597875836
499333,bertopic,n15_c100_s42,-1,0.0
499356,bertopic,n15_c100_s42,7,0.3812107386330731
499390,bertopic,n15_c100_s42,-1,0.0
499418,bertopic,n15_c100_s42,10,0.466215794655194
499439,bertopic,n15_c100_s42,4,0.7264872589558478
499463,bertopic,n15_c100_s42,-1,0.0
500081,bertopic,n15_c100_s42,12,0.9578544211365422
500196,bertopic,n15_c100_s42,0,1.0
500279,bertopic,n15_c100_s42,14,1.0
500333,bertopic,n15_c100_s42,-1,0.0
500345,bertopic,n15_c100_s42,8,0.9599768555817878
500537,bertopic,n15_c100_s42,-1,0.0
502006,bertopic,n15_c100_s42,17,1.0
503632,bertopic,n15_c100_s42,14,0.7844968136012587
503778,bertopic,n15_c100_s42,14,1.0
505906,bertopic,n15_c100_s42,9,0.9037182548705985
506635,bertopic,n15_c100_s42,2,1.0
506955,bertopic,n15_c100_s42,8,1.0
507122,bertopic,n15_c100_s42,6,1.0
508115,bertopic,n15_c100_s42,-1,0.0
508869,bertopic,n15_c100_s42,7,0.7016026120279156
508937,bertopic,n15_c100_s42,1,1.0
509506,bertopic,n15_c100_s42,9,1.0
511170,bertopic,n15_c100_s42,12,0.9578544211365422
511179,bertopic,n15_c100_s42,7,1.0
511252,bertopic,n15_c100_s42,-1,0.0
511331,bertopic,n15_c100_s42,4,1.0
511345,bertopic,n15_c100_s42,4,1.0
511399,bertopic,n15_c100_s42,17,1.0
511565,bertopic,n15_c100_s42,22,1.0
511588,bertopic,n15_c100_s42,12,0.9578544211365422
511730,bertopic,n15_c100_s42,-1,0.0
511777,bertopic,n15_c100_s42,-1,0.0
511797,bertopic,n15_c100_s42,3,0.5163380450322697
511823,bertopic,n15_c100_s42,2,1.0
511827,bertopic,n15_c100_s42,-1,0.0
511961,bertopic,n15_c100_s42,-1,0.0
511962,bertopic,n15_c100_s42,9,1.0
512005,bertopic,n15_c100_s42,9,1.0
512013,bertopic,n15_c100_s42,9,1.0
512039,bertopic,n15_c100_s42,2,1.0
512057,bertopic,n15_c100_s42,9,1.0
512300,bertopic,n15_c100_s42,10,0.6655682096210815
512473,bertopic,n15_c100_s42,0,1.0
512660,bertopic,n15_c100_s42,-1,0.0
512733,bertopic,n15_c100_s42,-1,0.0
512832,bertopic,n15_c100_s42,2,0.3660888077406
512852,bertopic,n15_c100_s42,-1,0.0
512924,bertopic,n15_c100_s42,-1,0.0
513063,bertopic,n15_c100_s42,16,1.0
513118,bertopic,n15_c100_s42,-1,0.0
513363,bertopic,n15_c100_s42,13,0.9183463260583141
513460,bertopic,n15_c100_s42,-1,0.0
513500,bertopic,n15_c100_s42,5,0.8772187580339897
513642,bertopic,n15_c100_s42,8,1.0
513775,bertopic,n15_c100_s42,2,1.0
513805,bertopic,n15_c100_s42,-1,0.0
513841,bertopic,n15_c100_s42,20,1.0
514057,bertopic,n15_c100_s42,3,1.0
514133,bertopic,n15_c100_s42,-1,0.0
514176,bertopic,n15_c100_s42,18,1.0
514182,bertopic,n15_c100_s42,-1,0.0
514664,bertopic,n15_c100_s42,-1,0.0
514787,bertopic,n15_c100_s42,9,1.0
514805,bertopic,n15_c100_s42,4,0.8939105786056402
514832,bertopic,n15_c100_s42,10,1.0
514860,bertopic,n15_c100_s42,8,1.0
514938,bertopic,n15_c100_s42,3,1.0
514960,bertopic,n15_c100_s42,-1,0.0
514974,bertopic,n15_c100_s42,3,0.6069676918852573
515042,bertopic,n15_c100_s42,9,1.0
515080,bertopic,n15_c100_s42,3,0.6303895345801298
515136,bertopic,n15_c100_s42,8,1.0
515159,bertopic,n15_c100_s42,14,1.0
515219,bertopic,n15_c100_s42,7,0.7621278744775771
515272,bertopic,n15_c100_s42,-1,0.0
515699,bertopic,n15_c100_s42,-1,0.0
515842,bertopic,n15_c100_s42,13,1.0
515927,bertopic,n15_c100_s42,-1,0.0
515958,bertopic,n15_c100_s42,20,1.0
516092,bertopic,n15_c100_s42,7,0.7621278744775771
516109,bertopic,n15_c100_s42,0,1.0
516293,bertopic,n15_c100_s42,17,1.0
516330,bertopic,n15_c100_s42,17,1.0
516367,bertopic,n15_c100_s42,7,0.7621278744775771
516403,bertopic,n15_c100_s42,22,1.0
516408,bertopic,n15_c100_s42,16,1.0
516409,bertopic,n15_c100_s42,2,0.3660888077406
516421,bertopic,n15_c100_s42,22,1.0
516440,bertopic,n15_c100_s42,20,1.0
516488,bertopic,n15_c100_s42,9,0.9679087132513372
517090,bertopic,n15_c100_s42,-1,0.0
517138,bertopic,n15_c100_s42,8,1.0
517204,bertopic,n15_c100_s42,-1,0.0
517420,bertopic,n15_c100_s42,0,1.0
517505,bertopic,n15_c100_s42,14,1.0
517550,bertopic,n15_c100_s42,5,0.9498638311613158
517674,bertopic,n15_c100_s42,9,0.9970282737655833
517758,bertopic,n15_c100_s42,17,1.0
517821,bertopic,n15_c100_s42,0,1.0
517822,bertopic,n15_c100_s42,9,0.9970282737655833
517838,bertopic,n15_c100_s42,2,1.0
517852,bertopic,n15_c100_s42,9,0.9293695269827094
517981,bertopic,n15_c100_s42,2,1.0
518213,bertopic,n15_c100_s42,-1,0.0
518246,bertopic,n15_c100_s42,2,1.0
518263,bertopic,n15_c100_s42,2,1.0
518483,bertopic,n15_c100_s42,10,0.44064035161526593
518526,bertopic,n15_c100_s42,2,1.0
518600,bertopic,n15_c100_s42,21,1.0
518770,bertopic,n15_c100_s42,3,0.3715813634348353
518930,bertopic,n15_c100_s42,2,0.3660888077406
519054,bertopic,n15_c100_s42,-1,0.0
519122,bertopic,n15_c100_s42,1,0.16364699451608886
519227,bertopic,n15_c100_s42,16,1.0
519285,bertopic,n15_c100_s42,10,0.9226572297298277
519442,bertopic,n15_c100_s42,20,1.0
519454,bertopic,n15_c100_s42,10,0.9318425222754306
519497,bertopic,n15_c100_s42,-1,0.0
519678,bertopic,n15_c100_s42,12,1.0
519737,bertopic,n15_c100_s42,0,1.0
519768,bertopic,n15_c100_s42,-1,0.0
520270,bertopic,n15_c100_s42,4,0.751375338110363
520379,bertopic,n15_c100_s42,5,0.7154009552469349
520436,bertopic,n15_c100_s42,-1,0.0
520508,bertopic,n15_c100_s42,-1,0.0
520596,bertopic,n15_c100_s42,2,1.0
520696,bertopic,n15_c100_s42,-1,0.0
520721,bertopic,n15_c100_s42,-1,0.0
521362,bertopic,n15_c100_s42,-1,0.0
521484,bertopic,n15_c100_s42,4,0.751375338110363
521891,bertopic,n15_c100_s42,-1,0.0
521904,bertopic,n15_c100_s42,8,1.0
522426,bertopic,n15_c100_s42,0,1.0
522438,bertopic,n15_c100_s42,0,1.0
522469,bertopic,n15_c100_s42,7,0.7621278744775771
522791,bertopic,n15_c100_s42,-1,0.0
523019,bertopic,n15_c100_s42,21,1.0
523222,bertopic,n15_c100_s42,0,1.0
523316,bertopic,n15_c100_s42,-1,0.0
523377,bertopic,n15_c100_s42,21,1.0
523538,bertopic,n15_c100_s42,0,1.0
523850,bertopic,n15_c100_s42,0,1.0
523908,bertopic,n15_c100_s42,4,0.751375338110363
524036,bertopic,n15_c100_s42,15,1.0
524145,bertopic,n15_c100_s42,-1,0.0
524190,bertopic,n15_c100_s42,-1,0.0
524511,bertopic,n15_c100_s42,17,1.0
524536,bertopic,n15_c100_s42,2,1.0
524630,bertopic,n15_c100_s42,-1,0.0
524757,bertopic,n15_c100_s42,0,1.0
524928,bertopic,n15_c100_s42,4,1.0
524986,bertopic,n15_c100_s42,4,1.0
525124,bertopic,n15_c100_s42,20,1.0
525133,bertopic,n15_c100_s42,17,1.0
525139,bertopic,n15_c100_s42,16,1.0
525194,bertopic,n15_c100_s42,-1,0.0
525300,bertopic,n15_c100_s42,-1,0.0
525367,bertopic,n15_c100_s42,7,1.0
525409,bertopic,n15_c100_s42,13,0.5425265721551539
525412,bertopic,n15_c100_s42,20,1.0
525456,bertopic,n15_c100_s42,13,1.0
525516,bertopic,n15_c100_s42,-1,0.0
525732,bertopic,n15_c100_s42,5,0.9498638311613158
525922,bertopic,n15_c100_s42,14,1.0
525979,bertopic,n15_c100_s42,17,1.0
526042,bertopic,n15_c100_s42,6,0.6097804174022848
526238,bertopic,n15_c100_s42,17,1.0
526366,bertopic,n15_c100_s42,17,1.0
526532,bertopic,n15_c100_s42,15,1.0
526678,bertopic,n15_c100_s42,4,1.0
526726,bertopic,n15_c100_s42,20,1.0
526886,bertopic,n15_c100_s42,0,1.0
526947,bertopic,n15_c100_s42,12,1.0
526953,bertopic,n15_c100_s42,20,1.0
526970,bertopic,n15_c100_s42,21,1.0
527032,bertopic,n15_c100_s42,9,0.9510920093167368
527100,bertopic,n15_c100_s42,9,1.0
527102,bertopic,n15_c100_s42,9,1.0
527245,bertopic,n15_c100_s42,-1,0.0
527272,bertopic,n15_c100_s42,22,1.0
527358,bertopic,n15_c100_s42,-1,0.0
527538,bertopic,n15_c100_s42,-1,0.0
527542,bertopic,n15_c100_s42,7,0.7621278744775771
527555,bertopic,n15_c100_s42,-1,0.0
527579,bertopic,n15_c100_s42,12,1.0
527763,bertopic,n15_c100_s42,-1,0.0
527928,bertopic,n15_c100_s42,-1,0.0
528014,bertopic,n15_c100_s42,-1,0.0
528219,bertopic,n15_c100_s42,16,1.0
528257,bertopic,n15_c100_s42,2,1.0
528287,bertopic,n15_c100_s42,21,1.0
528469,bertopic,n15_c100_s42,-1,0.0
528560,bertopic,n15_c100_s42,22,1.0
528562,bertopic,n15_c100_s42,15,0.985759075475683
528614,bertopic,n15_c100_s42,-1,0.0
528663,bertopic,n15_c100_s42,8,1.0
528701,bertopic,n15_c100_s42,22,1.0
528715,bertopic,n15_c100_s42,22,1.0
528747,bertopic,n15_c100_s42,0,1.0
528750,bertopic,n15_c100_s42,20,1.0
528769,bertopic,n15_c100_s42,0,1.0
528783,bertopic,n15_c100_s42,0,1.0
528784,bertopic,n15_c100_s42,0,1.0
528785,bertopic,n15_c100_s42,0,1.0
528799,bertopic,n15_c100_s42,0,0.8484320894330157
528806,bertopic,n15_c100_s42,0,1.0
528994,bertopic,n15_c100_s42,2,1.0
529019,bertopic,n15_c100_s42,17,1.0
529024,bertopic,n15_c100_s42,16,1.0
529054,bertopic,n15_c100_s42,0,1.0
529298,bertopic,n15_c100_s42,-1,0.0
529411,bertopic,n15_c100_s42,8,1.0
529430,bertopic,n15_c100_s42,14,0.25533368214296903
529729,bertopic,n15_c100_s42,6,0.8597879026094172
530150,bertopic,n15_c100_s42,7,1.0
530361,bertopic,n15_c100_s42,-1,0.0
530398,bertopic,n15_c100_s42,14,1.0
530405,bertopic,n15_c100_s42,0,1.0
530436,bertopic,n15_c100_s42,22,1.0
530451,bertopic,n15_c100_s42,-1,0.0
530462,bertopic,n15_c100_s42,3,1.0
530489,bertopic,n15_c100_s42,9,0.8102658821873974
530549,bertopic,n15_c100_s42,6,0.6097804174022848
530658,bertopic,n15_c100_s42,5,0.9498638311613158
530817,bertopic,n15_c100_s42,-1,0.0
530840,bertopic,n15_c100_s42,-1,0.0
530871,bertopic,n15_c100_s42,7,1.0
530990,bertopic,n15_c100_s42,15,0.9544673329692945
531039,bertopic,n15_c100_s42,20,0.9176107905148094
531051,bertopic,n15_c100_s42,4,0.751375338110363
531151,bertopic,n15_c100_s42,-1,0.0
531339,bertopic,n15_c100_s42,17,1.0
531459,bertopic,n15_c100_s42,17,1.0
531474,bertopic,n15_c100_s42,9,1.0
531490,bertopic,n15_c100_s42,2,1.0
531522,bertopic,n15_c100_s42,9,0.9902750953723644
531531,bertopic,n15_c100_s42,2,1.0
531537,bertopic,n15_c100_s42,2,1.0
531554,bertopic,n15_c100_s42,20,1.0
531594,bertopic,n15_c100_s42,6,0.6097804174022848
531597,bertopic,n15_c100_s42,8,0.9495003767407368
531615,bertopic,n15_c100_s42,6,0.6097804174022848
531744,bertopic,n15_c100_s42,11,0.7138234266180288
531745,bertopic,n15_c100_s42,6,0.6097804174022848
531801,bertopic,n15_c100_s42,2,1.0
531894,bertopic,n15_c100_s42,6,0.6097804174022848
531964,bertopic,n15_c100_s42,6,0.6097804174022848
531978,bertopic,n15_c100_s42,22,1.0
531987,bertopic,n15_c100_s42,6,0.5567183875094475
532013,bertopic,n15_c100_s42,0,1.0
532151,bertopic,n15_c100_s42,4,1.0
532231,bertopic,n15_c100_s42,0,1.0
532235,bertopic,n15_c100_s42,13,1.0
532242,bertopic,n15_c100_s42,3,1.0
532245,bertopic,n15_c100_s42,-1,0.0
532266,bertopic,n15_c100_s42,13,1.0
532268,bertopic,n15_c100_s42,22,0.9668440634524292
532278,bertopic,n15_c100_s42,3,0.5163380450322697
532325,bertopic,n15_c100_s42,22,1.0
532346,bertopic,n15_c100_s42,7,1.0
532373,bertopic,n15_c100_s42,22,1.0
532416,bertopic,n15_c100_s42,22,1.0
532425,bertopic,n15_c100_s42,7,0.7591724345869412
532443,bertopic,n15_c100_s42,-1,0.0
532449,bertopic,n15_c100_s42,7,0.7621278744775771
532513,bertopic,n15_c100_s42,-1,0.0
532573,bertopic,n15_c100_s42,17,1.0
532644,bertopic,n15_c100_s42,17,1.0
532654,bertopic,n15_c100_s42,22,1.0
532663,bertopic,n15_c100_s42,17,1.0
532672,bertopic,n15_c100_s42,7,0.7621278744775771
532693,bertopic,n15_c100_s42,0,1.0
532716,bertopic,n15_c100_s42,-1,0.0
532781,bertopic,n15_c100_s42,2,1.0
532782,bertopic,n15_c100_s42,0,1.0
532799,bertopic,n15_c100_s42,-1,0.0
532812,bertopic,n15_c100_s42,-1,0.0
532823,bertopic,n15_c100_s42,-1,0.0
532828,bertopic,n15_c100_s42,22,1.0
532896,bertopic,n15_c100_s42,-1,0.0
532914,bertopic,n15_c100_s42,-1,0.0
532953,bertopic,n15_c100_s42,9,1.0
533057,bertopic,n15_c100_s42,8,1.0
533058,bertopic,n15_c100_s42,21,1.0
533085,bertopic,n15_c100_s42,2,1.0
533196,bertopic,n15_c100_s42,8,1.0
533242,bertopic,n15_c100_s42,0,1.0
533250,bertopic,n15_c100_s42,0,1.0
533262,bertopic,n15_c100_s42,8,0.9726069673568497
533285,bertopic,n15_c100_s42,10,1.0
533288,bertopic,n15_c100_s42,-1,0.0
533306,bertopic,n15_c100_s42,-1,0.0
533407,bertopic,n15_c100_s42,-1,0.0
533428,bertopic,n15_c100_s42,-1,0.0
533642,bertopic,n15_c100_s42,1,0.26998012718538983
533835,bertopic,n15_c100_s42,9,0.9037182548705985
533845,bertopic,n15_c100_s42,7,0.7621278744775771
533871,bertopic,n15_c100_s42,-1,0.0
533882,bertopic,n15_c100_s42,19,1.0
533917,bertopic,n15_c100_s42,10,1.0
533998,bertopic,n15_c100_s42,11,1.0
534007,bertopic,n15_c100_s42,20,1.0
534077,bertopic,n15_c100_s42,22,1.0
534195,bertopic,n15_c100_s42,1,0.16364699451608886
534290,bertopic,n15_c100_s42,6,0.6097804174022848
534308,bertopic,n15_c100_s42,10,0.8995724118284802
534363,bertopic,n15_c100_s42,12,1.0
534382,bertopic,n15_c100_s42,4,1.0
534472,bertopic,n15_c100_s42,-1,0.0
534489,bertopic,n15_c100_s42,9,1.0
534509,bertopic,n15_c100_s42,2,1.0
534534,bertopic,n15_c100_s42,-1,0.0
534575,bertopic,n15_c100_s42,5,0.9498638311613158
534716,bertopic,n15_c100_s42,10,0.7724366692134477
534884,bertopic,n15_c100_s42,6,0.6174577625348966
534886,bertopic,n15_c100_s42,-1,0.0
534985,bertopic,n15_c100_s42,1,1.0
535092,bertopic,n15_c100_s42,16,1.0
535101,bertopic,n15_c100_s42,1,1.0
535122,bertopic,n15_c100_s42,6,0.6097804174022848
535230,bertopic,n15_c100_s42,-1,0.0
535237,bertopic,n15_c100_s42,6,0.6097804174022848
535242,bertopic,n15_c100_s42,9,1.0
535311,bertopic,n15_c100_s42,4,1.0
535323,bertopic,n15_c100_s42,22,0.9434330282533996
535451,bertopic,n15_c100_s42,6,0.6097804174022848
535473,bertopic,n15_c100_s42,-1,0.0
535564,bertopic,n15_c100_s42,13,1.0
535633,bertopic,n15_c100_s42,4,0.5644219847474434
535724,bertopic,n15_c100_s42,-1,0.0
535802,bertopic,n15_c100_s42,-1,0.0
535817,bertopic,n15_c100_s42,1,1.0
535879,bertopic,n15_c100_s42,22,1.0
535909,bertopic,n15_c100_s42,7,1.0
536024,bertopic,n15_c100_s42,17,1.0
536518,bertopic,n15_c100_s42,6,0.9870768827705111
536545,bertopic,n15_c100_s42,6,1.0
536605,bertopic,n15_c100_s42,-1,0.0
536618,bertopic,n15_c100_s42,1,0.16364699451608886
536920,bertopic,n15_c100_s42,8,1.0
536999,bertopic,n15_c100_s42,7,0.7621278744775771
537046,bertopic,n15_c100_s42,21,1.0
537187,bertopic,n15_c100_s42,1,1.0
537251,bertopic,n15_c100_s42,0,0.1344555810401498
537257,bertopic,n15_c100_s42,0,1.0
537353,bertopic,n15_c100_s42,3,1.0
537401,bertopic,n15_c100_s42,19,1.0
537422,bertopic,n15_c100_s42,-1,0.0
537437,bertopic,n15_c100_s42,13,0.43084493473370816
537486,bertopic,n15_c100_s42,15,1.0
537540,bertopic,n15_c100_s42,0,0.1344555810401498
537622,bertopic,n15_c100_s42,13,1.0
537714,bertopic,n15_c100_s42,-1,0.0
537741,bertopic,n15_c100_s42,14,1.0
538018,bertopic,n15_c100_s42,-1,0.0
538067,bertopic,n15_c100_s42,2,1.0
538170,bertopic,n15_c100_s42,15,0.9992651820381145
538222,bertopic,n15_c100_s42,1,0.583900998992028
538244,bertopic,n15_c100_s42,8,0.9502047027887788
538337,bertopic,n15_c100_s42,-1,0.0
538458,bertopic,n15_c100_s42,-1,0.0
538473,bertopic,n15_c100_s42,-1,0.0
538492,bertopic,n15_c100_s42,1,0.8973605420616111
538519,bertopic,n15_c100_s42,9,1.0
538680,bertopic,n15_c100_s42,9,1.0
538689,bertopic,n15_c100_s42,16,1.0
538703,bertopic,n15_c100_s42,0,1.0
538717,bertopic,n15_c100_s42,20,1.0
538770,bertopic,n15_c100_s42,-1,0.0
538792,bertopic,n15_c100_s42,-1,0.0
538833,bertopic,n15_c100_s42,17,1.0
538838,bertopic,n15_c100_s42,2,0.733484671554008
538955,bertopic,n15_c100_s42,1,1.0
539051,bertopic,n15_c100_s42,1,0.8057640470698969
539052,bertopic,n15_c100_s42,2,0.8602847819021172
539101,bertopic,n15_c100_s42,2,1.0
539223,bertopic,n15_c100_s42,16,1.0
539365,bertopic,n15_c100_s42,4,0.8939105786056402
539369,bertopic,n15_c100_s42,4,0.8939105786056402
539540,bertopic,n15_c100_s42,-1,0.0
539737,bertopic,n15_c100_s42,1,0.583900998992028
539863,bertopic,n15_c100_s42,8,1.0
539927,bertopic,n15_c100_s42,2,1.0
540126,bertopic,n15_c100_s42,12,1.0
540219,bertopic,n15_c100_s42,-1,0.0
540367,bertopic,n15_c100_s42,13,1.0
540368,bertopic,n15_c100_s42,12,1.0
540442,bertopic,n15_c100_s42,15,1.0
540451,bertopic,n15_c100_s42,10,1.0
540477,bertopic,n15_c100_s42,2,0.3660888077406
540534,bertopic,n15_c100_s42,2,1.0
540630,bertopic,n15_c100_s42,12,1.0
540669,bertopic,n15_c100_s42,4,0.5945970321172419
540693,bertopic,n15_c100_s42,21,1.0
540869,bertopic,n15_c100_s42,21,1.0
540895,bertopic,n15_c100_s42,0,0.6735973546403773
540914,bertopic,n15_c100_s42,-1,0.0
540964,bertopic,n15_c100_s42,-1,0.0
541045,bertopic,n15_c100_s42,2,0.9626929597875836
541104,bertopic,n15_c100_s42,17,1.0
541137,bertopic,n15_c100_s42,13,1.0
541162,bertopic,n15_c100_s42,4,0.5945970321172419
541211,bertopic,n15_c100_s42,-1,0.0
541339,bertopic,n15_c100_s42,-1,0.0
541374,bertopic,n15_c100_s42,-1,0.0
541385,bertopic,n15_c100_s42,16,0.5340615766348344
541402,bertopic,n15_c100_s42,14,1.0
541424,bertopic,n15_c100_s42,16,1.0
541446,bertopic,n15_c100_s42,14,1.0
541518,bertopic,n15_c100_s42,-1,0.0
541556,bertopic,n15_c100_s42,-1,0.0
541586,bertopic,n15_c100_s42,-1,0.0
541848,bertopic,n15_c100_s42,23,1.0
541900,bertopic,n15_c100_s42,-1,0.0
541933,bertopic,n15_c100_s42,-1,0.0
541967,bertopic,n15_c100_s42,9,1.0
542073,bertopic,n15_c100_s42,-1,0.0
542075,bertopic,n15_c100_s42,12,1.0
542164,bertopic,n15_c100_s42,7,0.7621278744775771
542345,bertopic,n15_c100_s42,16,1.0
542423,bertopic,n15_c100_s42,0,1.0
542446,bertopic,n15_c100_s42,0,1.0
542542,bertopic,n15_c100_s42,15,1.0
542770,bertopic,n15_c100_s42,-1,0.0
542814,bertopic,n15_c100_s42,4,1.0
542853,bertopic,n15_c100_s42,13,1.0
542860,bertopic,n15_c100_s42,10,1.0
542911,bertopic,n15_c100_s42,7,1.0
542917,bertopic,n15_c100_s42,0,0.3277305395150376
542927,bertopic,n15_c100_s42,0,1.0
543061,bertopic,n15_c100_s42,0,0.7594353614421889
543074,bertopic,n15_c100_s42,-1,0.0
543199,bertopic,n15_c100_s42,-1,0.0
543253,bertopic,n15_c100_s42,4,1.0
543527,bertopic,n15_c100_s42,15,1.0
543631,bertopic,n15_c100_s42,0,0.8252224512077474
543752,bertopic,n15_c100_s42,13,1.0
543798,bertopic,n15_c100_s42,3,0.9417446461437188
543801,bertopic,n15_c100_s42,4,0.7454035501488618
543888,bertopic,n15_c100_s42,22,1.0
543931,bertopic,n15_c100_s42,12,1.0
543982,bertopic,n15_c100_s42,-1,0.0
544171,bertopic,n15_c100_s42,9,1.0
544222,bertopic,n15_c100_s42,12,1.0
544370,bertopic,n15_c100_s42,9,1.0
544383,bertopic,n15_c100_s42,0,1.0
544495,bertopic,n15_c100_s42,4,1.0
544549,bertopic,n15_c100_s42,-1,0.0
544691,bertopic,n15_c100_s42,2,1.0
544717,bertopic,n15_c100_s42,-1,0.0
544815,bertopic,n15_c100_s42,0,1.0
544945,bertopic,n15_c100_s42,-1,0.0
545076,bertopic,n15_c100_s42,12,1.0
545090,bertopic,n15_c100_s42,-1,0.0
545113,bertopic,n15_c100_s42,1,0.82109409496911
545349,bertopic,n15_c100_s42,1,1.0
545356,bertopic,n15_c100_s42,1,1.0
545373,bertopic,n15_c100_s42,-1,0.0
545605,bertopic,n15_c100_s42,19,0.5146808202295752
545612,bertopic,n15_c100_s42,5,0.7273912391104268
545631,bertopic,n15_c100_s42,2,1.0
545646,bertopic,n15_c100_s42,17,1.0
545698,bertopic,n15_c100_s42,-1,0.0
545713,bertopic,n15_c100_s42,1,0.3492321434883388
545815,bertopic,n15_c100_s42,8,1.0
545913,bertopic,n15_c100_s42,-1,0.0
545996,bertopic,n15_c100_s42,15,1.0
546020,bertopic,n15_c100_s42,19,1.0
546031,bertopic,n15_c100_s42,-1,0.0
546045,bertopic,n15_c100_s42,1,0.9609824701315759
546051,bertopic,n15_c100_s42,-1,0.0
546058,bertopic,n15_c100_s42,12,1.0
546154,bertopic,n15_c100_s42,8,0.9692148844517516
546160,bertopic,n15_c100_s42,0,1.0
546207,bertopic,n15_c100_s42,7,1.0
546245,bertopic,n15_c100_s42,-1,0.0
546308,bertopic,n15_c100_s42,2,0.7365473200867206
546320,bertopic,n15_c100_s42,8,0.9612356538709174
546374,bertopic,n15_c100_s42,-1,0.0
546490,bertopic,n15_c100_s42,2,1.0
546531,bertopic,n15_c100_s42,22,1.0
546575,bertopic,n15_c100_s42,3,1.0
546698,bertopic,n15_c100_s42,-1,0.0
546719,bertopic,n15_c100_s42,2,1.0
546846,bertopic,n15_c100_s42,12,1.0
546848,bertopic,n15_c100_s42,-1,0.0
547261,bertopic,n15_c100_s42,17,1.0
547350,bertopic,n15_c100_s42,15,0.8519188422237207
547354,bertopic,n15_c100_s42,12,1.0
547487,bertopic,n15_c100_s42,1,0.3492321434883388
547492,bertopic,n15_c100_s42,2,0.733484671554008
547511,bertopic,n15_c100_s42,-1,0.0
547560,bertopic,n15_c100_s42,19,1.0
547575,bertopic,n15_c100_s42,10,0.9584621368322734
547684,bertopic,n15_c100_s42,0,0.1344555810401498
547687,bertopic,n15_c100_s42,-1,0.0
547776,bertopic,n15_c100_s42,5,0.8227731237673479
547821,bertopic,n15_c100_s42,12,1.0
547826,bertopic,n15_c100_s42,8,0.9732838622789369
547863,bertopic,n15_c100_s42,0,0.3277305395150376
547928,bertopic,n15_c100_s42,0,1.0
547959,bertopic,n15_c100_s42,15,1.0
548026,bertopic,n15_c100_s42,-1,0.0
548152,bertopic,n15_c100_s42,1,0.3492321434883388
548169,bertopic,n15_c100_s42,17,1.0
548254,bertopic,n15_c100_s42,1,0.3492321434883388
548362,bertopic,n15_c100_s42,2,1.0
548526,bertopic,n15_c100_s42,-1,0.0
548559,bertopic,n15_c100_s42,22,1.0
548607,bertopic,n15_c100_s42,13,1.0
548636,bertopic,n15_c100_s42,22,1.0
548701,bertopic,n15_c100_s42,-1,0.0
548736,bertopic,n15_c100_s42,3,0.5163380450322697
548773,bertopic,n15_c100_s42,-1,0.0
548800,bertopic,n15_c100_s42,-1,0.0
548878,bertopic,n15_c100_s42,-1,0.0
548965,bertopic,n15_c100_s42,-1,0.0
548981,bertopic,n15_c100_s42,22,1.0
549015,bertopic,n15_c100_s42,-1,0.0
549049,bertopic,n15_c100_s42,17,1.0
549108,bertopic,n15_c100_s42,4,0.7454035501488618
549122,bertopic,n15_c100_s42,22,1.0
549135,bertopic,n15_c100_s42,-1,0.0
549219,bertopic,n15_c100_s42,-1,0.0
549236,bertopic,n15_c100_s42,6,0.43274946833891026
549255,bertopic,n15_c100_s42,12,1.0
549333,bertopic,n15_c100_s42,22,1.0
549355,bertopic,n15_c100_s42,-1,0.0
549361,bertopic,n15_c100_s42,10,1.0
549367,bertopic,n15_c100_s42,2,1.0
549379,bertopic,n15_c100_s42,-1,0.0
549443,bertopic,n15_c100_s42,5,0.9438801719096025
549469,bertopic,n15_c100_s42,1,0.9609824701315759
549481,bertopic,n15_c100_s42,8,1.0
549579,bertopic,n15_c100_s42,22,1.0
549605,bertopic,n15_c100_s42,22,0.9768259430545553
549711,bertopic,n15_c100_s42,2,1.0
549737,bertopic,n15_c100_s42,-1,0.0
549751,bertopic,n15_c100_s42,10,0.8995724118284802
549914,bertopic,n15_c100_s42,15,1.0
550064,bertopic,n15_c100_s42,2,1.0
550072,bertopic,n15_c100_s42,4,0.5945970321172419
550080,bertopic,n15_c100_s42,5,0.8772187580339897
550108,bertopic,n15_c100_s42,-1,0.0
550249,bertopic,n15_c100_s42,-1,0.0
550273,bertopic,n15_c100_s42,1,0.9609824701315759
550330,bertopic,n15_c100_s42,1,0.9609824701315759
550411,bertopic,n15_c100_s42,0,0.5721608202923522
550444,bertopic,n15_c100_s42,0,1.0
550450,bertopic,n15_c100_s42,1,0.9603556067540078
550480,bertopic,n15_c100_s42,1,0.9609824701315759
550483,bertopic,n15_c100_s42,1,0.9603556067540078
550508,bertopic,n15_c100_s42,1,0.7186769245492767
550534,bertopic,n15_c100_s42,1,0.9603556067540078
550553,bertopic,n15_c100_s42,1,0.7186769245492767
550590,bertopic,n15_c100_s42,-1,0.0
550666,bertopic,n15_c100_s42,1,0.9603556067540078
550820,bertopic,n15_c100_s42,-1,0.0
550836,bertopic,n15_c100_s42,11,0.68547599801836
550872,bertopic,n15_c100_s42,22,1.0
550901,bertopic,n15_c100_s42,4,0.5644219847474434
551022,bertopic,n15_c100_s42,19,1.0
551073,bertopic,n15_c100_s42,-1,0.0
551081,bertopic,n15_c100_s42,13,0.49891432150266996
551096,bertopic,n15_c100_s42,-1,0.0
551207,bertopic,n15_c100_s42,-1,0.0
551265,bertopic,n15_c100_s42,4,1.0
551280,bertopic,n15_c100_s42,2,1.0
551297,bertopic,n15_c100_s42,-1,0.0
551395,bertopic,n15_c100_s42,6,0.9074177721745885
551428,bertopic,n15_c100_s42,-1,0.0
551481,bertopic,n15_c100_s42,4,0.5644219847474434
551515,bertopic,n15_c100_s42,9,0.8280017635785082
551580,bertopic,n15_c100_s42,22,1.0
551582,bertopic,n15_c100_s42,-1,0.0
551586,bertopic,n15_c100_s42,16,1.0
551716,bertopic,n15_c100_s42,12,1.0
551754,bertopic,n15_c100_s42,2,1.0
551912,bertopic,n15_c100_s42,2,1.0
552002,bertopic,n15_c100_s42,12,1.0
552020,bertopic,n15_c100_s42,10,1.0
552086,bertopic,n15_c100_s42,20,1.0
552104,bertopic,n15_c100_s42,9,0.9070726784946346
552167,bertopic,n15_c100_s42,6,1.0
552188,bertopic,n15_c100_s42,6,1.0
552206,bertopic,n15_c100_s42,6,0.8385925446780245
552207,bertopic,n15_c100_s42,6,1.0
552221,bertopic,n15_c100_s42,1,0.9603556067540078
552260,bertopic,n15_c100_s42,15,1.0
552364,bertopic,n15_c100_s42,6,0.9319237792510112
552399,bertopic,n15_c100_s42,14,1.0
552421,bertopic,n15_c100_s42,6,0.9565153415632767
552476,bertopic,n15_c100_s42,21,1.0
552500,bertopic,n15_c100_s42,2,1.0
552506,bertopic,n15_c100_s42,6,0.6097804174022848
552513,bertopic,n15_c100_s42,17,1.0
552543,bertopic,n15_c100_s42,6,0.7681282910978476
552561,bertopic,n15_c100_s42,16,0.6658203709583818
552584,bertopic,n15_c100_s42,6,1.0
552663,bertopic,n15_c100_s42,17,1.0
552667,bertopic,n15_c100_s42,6,1.0
552725,bertopic,n15_c100_s42,22,1.0
552737,bertopic,n15_c100_s42,22,1.0
552741,bertopic,n15_c100_s42,0,1.0
552761,bertopic,n15_c100_s42,2,1.0
552791,bertopic,n15_c100_s42,15,1.0
553200,bertopic,n15_c100_s42,6,1.0
553205,bertopic,n15_c100_s42,19,1.0
553270,bertopic,n15_c100_s42,5,0.8888210443306773
553278,bertopic,n15_c100_s42,2,1.0
553460,bertopic,n15_c100_s42,12,1.0
553484,bertopic,n15_c100_s42,0,0.7039002400217588
553628,bertopic,n15_c100_s42,3,0.5746133726513507
553802,bertopic,n15_c100_s42,3,1.0
553941,bertopic,n15_c100_s42,3,0.8922994637589087
553997,bertopic,n15_c100_s42,-1,0.0
554009,bertopic,n15_c100_s42,0,0.9333487563259163
554062,bertopic,n15_c100_s42,2,0.9512401733374696
554121,bertopic,n15_c100_s42,3,0.4711289567626825
554126,bertopic,n15_c100_s42,6,0.850545640708154
554133,bertopic,n15_c100_s42,-1,0.0
554230,bertopic,n15_c100_s42,5,0.9498638311613158
554294,bertopic,n15_c100_s42,6,0.9439730449854937
554391,bertopic,n15_c100_s42,-1,0.0
554442,bertopic,n15_c100_s42,13,0.5985368561170693
554492,bertopic,n15_c100_s42,-1,0.0
554543,bertopic,n15_c100_s42,-1,0.0
554685,bertopic,n15_c100_s42,-1,0.0
554745,bertopic,n15_c100_s42,6,1.0
554759,bertopic,n15_c100_s42,22,1.0
554820,bertopic,n15_c100_s42,6,0.850545640708154
554844,bertopic,n15_c100_s42,15,1.0
555019,bertopic,n15_c100_s42,4,0.5945970321172419
555048,bertopic,n15_c100_s42,2,1.0
555056,bertopic,n15_c100_s42,10,0.6814270610691762
555062,bertopic,n15_c100_s42,-1,0.0
555506,bertopic,n15_c100_s42,0,1.0
555549,bertopic,n15_c100_s42,4,0.7454035501488618
555641,bertopic,n15_c100_s42,-1,0.0
555737,bertopic,n15_c100_s42,19,1.0
555783,bertopic,n15_c100_s42,10,0.9353390583295678
555870,bertopic,n15_c100_s42,16,1.0
555933,bertopic,n15_c100_s42,4,0.688845505103658
555969,bertopic,n15_c100_s42,8,1.0
556008,bertopic,n15_c100_s42,-1,0.0
556034,bertopic,n15_c100_s42,6,0.7091087023165829
556197,bertopic,n15_c100_s42,4,0.5945970321172419
556377,bertopic,n15_c100_s42,5,0.9498638311613158
556380,bertopic,n15_c100_s42,14,1.0
556557,bertopic,n15_c100_s42,15,0.12682601409205835
556570,bertopic,n15_c100_s42,6,0.8797661283167332
556585,bertopic,n15_c100_s42,7,0.7621278744775771
556622,bertopic,n15_c100_s42,16,0.5340615766348344
556635,bertopic,n15_c100_s42,2,1.0
556708,bertopic,n15_c100_s42,-1,0.0
556751,bertopic,n15_c100_s42,3,1.0
556948,bertopic,n15_c100_s42,2,0.733484671554008
556974,bertopic,n15_c100_s42,-1,0.0
557015,bertopic,n15_c100_s42,6,1.0
557078,bertopic,n15_c100_s42,2,0.9626929597875836
557122,bertopic,n15_c100_s42,12,1.0
557176,bertopic,n15_c100_s42,7,0.7621278744775771
557244,bertopic,n15_c100_s42,16,1.0
557262,bertopic,n15_c100_s42,-1,0.0
557284,bertopic,n15_c100_s42,2,1.0
557350,bertopic,n15_c100_s42,0,1.0
557442,bertopic,n15_c100_s42,-1,0.0
557857,bertopic,n15_c100_s42,4,0.5945970321172419
557868,bertopic,n15_c100_s42,4,1.0
557988,bertopic,n15_c100_s42,-1,0.0
557996,bertopic,n15_c100_s42,2,1.0
558178,bertopic,n15_c100_s42,-1,0.0
558413,bertopic,n15_c100_s42,15,1.0
558564,bertopic,n15_c100_s42,17,1.0
558652,bertopic,n15_c100_s42,22,1.0
558731,bertopic,n15_c100_s42,-1,0.0
558769,bertopic,n15_c100_s42,4,0.5945970321172419
558896,bertopic,n15_c100_s42,21,0.9949745595858344
558940,bertopic,n15_c100_s42,4,1.0
559059,bertopic,n15_c100_s42,0,1.0
559407,bertopic,n15_c100_s42,19,1.0
559507,bertopic,n15_c100_s42,10,0.6814270610691762
559536,bertopic,n15_c100_s42,22,1.0
559585,bertopic,n15_c100_s42,0,1.0
559597,bertopic,n15_c100_s42,9,1.0
559815,bertopic,n15_c100_s42,17,1.0
559853,bertopic,n15_c100_s42,2,1.0
559866,bertopic,n15_c100_s42,5,1.0
559920,bertopic,n15_c100_s42,14,1.0
560010,bertopic,n15_c100_s42,-1,0.0
560052,bertopic,n15_c100_s42,0,1.0
560283,bertopic,n15_c100_s42,0,1.0
560291,bertopic,n15_c100_s42,3,0.8274021638981207
560327,bertopic,n15_c100_s42,4,1.0
560330,bertopic,n15_c100_s42,-1,0.0
560368,bertopic,n15_c100_s42,12,1.0
560409,bertopic,n15_c100_s42,17,1.0
560436,bertopic,n15_c100_s42,-1,0.0
560649,bertopic,n15_c100_s42,7,0.8129242511055638
560713,bertopic,n15_c100_s42,2,1.0
560910,bertopic,n15_c100_s42,6,1.0
561017,bertopic,n15_c100_s42,0,1.0
561059,bertopic,n15_c100_s42,23,1.0
561102,bertopic,n15_c100_s42,18,1.0
561262,bertopic,n15_c100_s42,2,1.0
561342,bertopic,n15_c100_s42,4,0.7454035501488618
561402,bertopic,n15_c100_s42,4,1.0
562011,bertopic,n15_c100_s42,9,1.0
562096,bertopic,n15_c100_s42,2,1.0
562373,bertopic,n15_c100_s42,6,0.7456925152656048
562627,bertopic,n15_c100_s42,15,1.0
562656,bertopic,n15_c100_s42,1,0.8671606788621229
562705,bertopic,n15_c100_s42,6,1.0
562713,bertopic,n15_c100_s42,-1,0.0
562777,bertopic,n15_c100_s42,6,1.0
562962,bertopic,n15_c100_s42,13,1.0
563028,bertopic,n15_c100_s42,-1,0.0
563043,bertopic,n15_c100_s42,10,1.0
563237,bertopic,n15_c100_s42,22,1.0
563310,bertopic,n15_c100_s42,4,0.5945970321172419
563428,bertopic,n15_c100_s42,16,0.5990672596051171
563562,bertopic,n15_c100_s42,4,0.751375338110363
563606,bertopic,n15_c100_s42,4,0.5945970321172419
563716,bertopic,n15_c100_s42,2,1.0
563736,bertopic,n15_c100_s42,18,1.0
563774,bertopic,n15_c100_s42,2,0.7365473200867206
563870,bertopic,n15_c100_s42,15,1.0
564061,bertopic,n15_c100_s42,0,1.0
564110,bertopic,n15_c100_s42,15,0.12682601409205835
564294,bertopic,n15_c100_s42,-1,0.0
564426,bertopic,n15_c100_s42,-1,0.0
564476,bertopic,n15_c100_s42,21,1.0
564562,bertopic,n15_c100_s42,4,0.5945970321172419
564695,bertopic,n15_c100_s42,-1,0.0
564808,bertopic,n15_c100_s42,3,0.3715813634348353
564887,bertopic,n15_c100_s42,20,1.0
564981,bertopic,n15_c100_s42,15,1.0
565085,bertopic,n15_c100_s42,7,0.7621278744775771
565323,bertopic,n15_c100_s42,0,1.0
565485,bertopic,n15_c100_s42,6,1.0
565529,bertopic,n15_c100_s42,2,1.0
565598,bertopic,n15_c100_s42,-1,0.0
565654,bertopic,n15_c100_s42,3,0.5817501613510243
565790,bertopic,n15_c100_s42,-1,0.0
565832,bertopic,n15_c100_s42,0,1.0
565873,bertopic,n15_c100_s42,4,0.5945970321172419
565886,bertopic,n15_c100_s42,7,0.7388535594915897
565964,bertopic,n15_c100_s42,-1,0.0
566067,bertopic,n15_c100_s42,21,1.0
566139,bertopic,n15_c100_s42,1,0.26998012718538983
566214,bertopic,n15_c100_s42,1,0.26998012718538983
566438,bertopic,n15_c100_s42,8,1.0
566451,bertopic,n15_c100_s42,12,0.9450725594650841
566478,bertopic,n15_c100_s42,5,0.9498638311613158
566626,bertopic,n15_c100_s42,13,0.7994953239010024
566687,bertopic,n15_c100_s42,-1,0.0
566735,bertopic,n15_c100_s42,4,0.5644219847474434
566827,bertopic,n15_c100_s42,2,1.0
566929,bertopic,n15_c100_s42,-1,0.0
567016,bertopic,n15_c100_s42,0,1.0
567033,bertopic,n15_c100_s42,0,1.0
567038,bertopic,n15_c100_s42,0,1.0
567040,bertopic,n15_c100_s42,0,1.0
567094,bertopic,n15_c100_s42,-1,0.0
567137,bertopic,n15_c100_s42,0,0.90458743881053
567141,bertopic,n15_c100_s42,0,1.0
567285,bertopic,n15_c100_s42,0,0.1344555810401498
567617,bertopic,n15_c100_s42,2,0.8791638520552585
567672,bertopic,n15_c100_s42,10,0.6814270610691762
567805,bertopic,n15_c100_s42,13,1.0
568002,bertopic,n15_c100_s42,0,1.0
568156,bertopic,n15_c100_s42,-1,0.0
568166,bertopic,n15_c100_s42,-1,0.0
568243,bertopic,n15_c100_s42,4,0.7454035501488618
568292,bertopic,n15_c100_s42,10,0.46405749364208687
568837,bertopic,n15_c100_s42,3,0.3715813634348353
568992,bertopic,n15_c100_s42,-1,0.0
569009,bertopic,n15_c100_s42,17,1.0
569044,bertopic,n15_c100_s42,4,1.0
569205,bertopic,n15_c100_s42,4,0.7454035501488618
569354,bertopic,n15_c100_s42,2,1.0
569480,bertopic,n15_c100_s42,4,1.0
569506,bertopic,n15_c100_s42,15,0.2579423201461107
569629,bertopic,n15_c100_s42,2,1.0
570603,bertopic,n15_c100_s42,2,0.8271832573219676
571389,bertopic,n15_c100_s42,-1,0.0
576920,bertopic,n15_c100_s42,-1,0.0
577338,bertopic,n15_c100_s42,9,1.0
578713,bertopic,n15_c100_s42,7,1.0
582036,bertopic,n15_c100_s42,14,1.0
586844,bertopic,n15_c100_s42,-1,0.0
587422,bertopic,n15_c100_s42,20,1.0
589437,bertopic,n15_c100_s42,9,1.0
590150,bertopic,n15_c100_s42,-1,0.0
592051,bertopic,n15_c100_s42,5,1.0
598866,bertopic,n15_c100_s42,15,0.12682601409205835
600392,bertopic,n15_c100_s42,1,0.583900998992028
600706,bertopic,n15_c100_s42,14,1.0
602727,bertopic,n15_c100_s42,7,1.0
602851,bertopic,n15_c100_s42,8,0.9195748248607872
603832,bertopic,n15_c100_s42,0,1.0
604489,bertopic,n15_c100_s42,9,0.7634553250844193
608360,bertopic,n15_c100_s42,10,0.9370484957045736
608599,bertopic,n15_c100_s42,13,0.53179647247425
609335,bertopic,n15_c100_s42,19,1.0
610962,bertopic,n15_c100_s42,21,1.0
614593,bertopic,n15_c100_s42,14,1.0
615041,bertopic,n15_c100_s42,6,1.0
617701,bertopic,n15_c100_s42,-1,0.0
619719,bertopic,n15_c100_s42,-1,0.0
620069,bertopic,n15_c100_s42,5,1.0
622146,bertopic,n15_c100_s42,-1,0.0
623162,bertopic,n15_c100_s42,10,1.0
623174,bertopic,n15_c100_s42,-1,0.0
624005,bertopic,n15_c100_s42,-1,0.0
625400,bertopic,n15_c100_s42,-1,0.0
627373,bertopic,n15_c100_s42,7,0.7621278744775771
629330,bertopic,n15_c100_s42,14,1.0
635355,bertopic,n15_c100_s42,-1,0.0
636059,bertopic,n15_c100_s42,13,0.5748242658357872
641233,bertopic,n15_c100_s42,11,0.6622479871699721
641254,bertopic,n15_c100_s42,15,1.0
641306,bertopic,n15_c100_s42,8,1.0
645141,bertopic,n15_c100_s42,-1,0.0
646775,bertopic,n15_c100_s42,8,1.0
646853,bertopic,n15_c100_s42,4,0.5945970321172419
647749,bertopic,n15_c100_s42,3,1.0
647793,bertopic,n15_c100_s42,3,1.0
648284,bertopic,n15_c100_s42,5,0.9274315746269063
649738,bertopic,n15_c100_s42,16,1.0
650217,bertopic,n15_c100_s42,2,1.0
650310,bertopic,n15_c100_s42,13,1.0
650337,bertopic,n15_c100_s42,13,0.7839310194113182
650456,bertopic,n15_c100_s42,21,1.0
650686,bertopic,n15_c100_s42,20,1.0
650941,bertopic,n15_c100_s42,-1,0.0
651000,bertopic,n15_c100_s42,8,1.0
651240,bertopic,n15_c100_s42,8,1.0
651890,bertopic,n15_c100_s42,-1,0.0
654131,bertopic,n15_c100_s42,-1,0.0
654463,bertopic,n15_c100_s42,19,1.0
654552,bertopic,n15_c100_s42,9,0.9037182548705985
654648,bertopic,n15_c100_s42,14,0.25533368214296903
656038,bertopic,n15_c100_s42,4,0.8939105786056402
656246,bertopic,n15_c100_s42,4,0.5945970321172419
657205,bertopic,n15_c100_s42,7,1.0
657566,bertopic,n15_c100_s42,13,1.0
658037,bertopic,n15_c100_s42,8,1.0
658203,bertopic,n15_c100_s42,7,0.3929587819414512
658396,bertopic,n15_c100_s42,14,0.7844968136012587
658987,bertopic,n15_c100_s42,1,0.6395684318504014
659058,bertopic,n15_c100_s42,2,1.0
659235,bertopic,n15_c100_s42,3,0.8436336211810589
659272,bertopic,n15_c100_s42,1,0.750896406352853
659284,bertopic,n15_c100_s42,0,1.0
659365,bertopic,n15_c100_s42,-1,0.0
659788,bertopic,n15_c100_s42,10,1.0
659832,bertopic,n15_c100_s42,0,1.0
660079,bertopic,n15_c100_s42,-1,0.0
660113,bertopic,n15_c100_s42,4,0.751375338110363
660369,bertopic,n15_c100_s42,0,1.0
660608,bertopic,n15_c100_s42,6,1.0
660755,bertopic,n15_c100_s42,5,0.8772187580339897
660895,bertopic,n15_c100_s42,7,0.7621278744775771
660904,bertopic,n15_c100_s42,10,1.0
661062,bertopic,n15_c100_s42,4,0.8939105786056402
661200,bertopic,n15_c100_s42,0,1.0
661215,bertopic,n15_c100_s42,9,1.0
661574,bertopic,n15_c100_s42,-1,0.0
661725,bertopic,n15_c100_s42,12,1.0
662701,bertopic,n15_c100_s42,10,0.35044787043999875
663919,bertopic,n15_c100_s42,10,1.0
665315,bertopic,n15_c100_s42,14,0.7844968136012587
666200,bertopic,n15_c100_s42,-1,0.0
666810,bertopic,n15_c100_s42,13,0.9454323657271602
667190,bertopic,n15_c100_s42,8,1.0
667860,bertopic,n15_c100_s42,4,0.8939105786056402
669845,bertopic,n15_c100_s42,3,1.0
669848,bertopic,n15_c100_s42,9,0.8963016104918179
669937,bertopic,n15_c100_s42,-1,0.0
669941,bertopic,n15_c100_s42,3,1.0
670968,bertopic,n15_c100_s42,8,1.0
671140,bertopic,n15_c100_s42,10,0.697984057552163
671264,bertopic,n15_c100_s42,7,0.7621278744775771
671332,bertopic,n15_c100_s42,5,0.8500021612990872
671530,bertopic,n15_c100_s42,11,1.0
671716,bertopic,n15_c100_s42,3,1.0
671874,bertopic,n15_c100_s42,4,0.7454035501488618
672187,bertopic,n15_c100_s42,8,1.0
672188,bertopic,n15_c100_s42,8,1.0
672208,bertopic,n15_c100_s42,-1,0.0
672216,bertopic,n15_c100_s42,-1,0.0
672224,bertopic,n15_c100_s42,7,0.7621278744775771
672255,bertopic,n15_c100_s42,8,1.0
672259,bertopic,n15_c100_s42,8,1.0
672266,bertopic,n15_c100_s42,5,0.8871897404510893
672285,bertopic,n15_c100_s42,19,1.0
672350,bertopic,n15_c100_s42,8,1.0
672648,bertopic,n15_c100_s42,14,0.7844968136012587
672738,bertopic,n15_c100_s42,7,0.3929587819414512
672889,bertopic,n15_c100_s42,5,1.0
673275,bertopic,n15_c100_s42,19,1.0
673442,bertopic,n15_c100_s42,3,0.541589092846837
673580,bertopic,n15_c100_s42,7,0.7592138051322145
674506,bertopic,n15_c100_s42,5,0.9906862275501518
674842,bertopic,n15_c100_s42,-1,0.0
675026,bertopic,n15_c100_s42,0,1.0
675108,bertopic,n15_c100_s42,6,0.850545640708154
675446,bertopic,n15_c100_s42,-1,0.0
675822,bertopic,n15_c100_s42,4,0.688845505103658
675946,bertopic,n15_c100_s42,6,0.8454762627727312
677283,bertopic,n15_c100_s42,5,0.9242928691727985
678454,bertopic,n15_c100_s42,-1,0.0
678786,bertopic,n15_c100_s42,13,0.8007958045095578
679255,bertopic,n15_c100_s42,4,0.5945970321172419
679282,bertopic,n15_c100_s42,-1,0.0
680093,bertopic,n15_c100_s42,3,0.5377328899239383
681005,bertopic,n15_c100_s42,4,0.7454035501488618
681256,bertopic,n15_c100_s42,0,0.3277305395150376
682450,bertopic,n15_c100_s42,-1,0.0
682792,bertopic,n15_c100_s42,21,1.0
682795,bertopic,n15_c100_s42,7,0.7621278744775771
684367,bertopic,n15_c100_s42,0,1.0
684523,bertopic,n15_c100_s42,8,0.9386051600074383
684662,bertopic,n15_c100_s42,7,0.736944347038468
685773,bertopic,n15_c100_s42,14,0.25533368214296903
686017,bertopic,n15_c100_s42,0,1.0
686476,bertopic,n15_c100_s42,3,1.0
686825,bertopic,n15_c100_s42,2,0.3660888077406
686901,bertopic,n15_c100_s42,11,0.6499789748644191
687371,bertopic,n15_c100_s42,7,0.533837255469192
687392,bertopic,n15_c100_s42,8,0.9765933420548455
687573,bertopic,n15_c100_s42,16,0.5340615766348344
687672,bertopic,n15_c100_s42,14,1.0
687861,bertopic,n15_c100_s42,0,0.1344555810401498
688223,bertopic,n15_c100_s42,-1,0.0
688427,bertopic,n15_c100_s42,3,0.5746133726513507
689217,bertopic,n15_c100_s42,2,0.3660888077406
689930,bertopic,n15_c100_s42,7,0.3929587819414512
690064,bertopic,n15_c100_s42,-1,0.0
690689,bertopic,n15_c100_s42,2,1.0
691058,bertopic,n15_c100_s42,-1,0.0
692064,bertopic,n15_c100_s42,12,1.0
692103,bertopic,n15_c100_s42,4,0.8939105786056402
693494,bertopic,n15_c100_s42,22,1.0
693639,bertopic,n15_c100_s42,6,0.850545640708154
693796,bertopic,n15_c100_s42,12,0.934612932166116
694629,bertopic,n15_c100_s42,14,1.0
695507,bertopic,n15_c100_s42,0,1.0
695646,bertopic,n15_c100_s42,9,0.9845998762293617
695834,bertopic,n15_c100_s42,-1,0.0
696932,bertopic,n15_c100_s42,7,0.3929587819414512
697017,bertopic,n15_c100_s42,7,0.7621278744775771
697046,bertopic,n15_c100_s42,10,1.0
697183,bertopic,n15_c100_s42,3,0.43499230152444096
697295,bertopic,n15_c100_s42,22,1.0
697643,bertopic,n15_c100_s42,-1,0.0
697663,bertopic,n15_c100_s42,13,0.7826055620116902
697849,bertopic,n15_c100_s42,12,1.0
698280,bertopic,n15_c100_s42,4,1.0
698457,bertopic,n15_c100_s42,-1,0.0
699032,bertopic,n15_c100_s42,10,0.5961461523181121
699594,bertopic,n15_c100_s42,5,0.9274315746269063
699720,bertopic,n15_c100_s42,12,1.0
701079,bertopic,n15_c100_s42,-1,0.0
703683,bertopic,n15_c100_s42,20,1.0
703890,bertopic,n15_c100_s42,17,1.0
704137,bertopic,n15_c100_s42,-1,0.0
704168,bertopic,n15_c100_s42,6,1.0
704790,bertopic,n15_c100_s42,-1,0.0
704909,bertopic,n15_c100_s42,-1,0.0
704931,bertopic,n15_c100_s42,0,1.0
706120,bertopic,n15_c100_s42,14,0.580577447409181
707021,bertopic,n15_c100_s42,18,0.8492606267195577
707393,bertopic,n15_c100_s42,15,1.0
707539,bertopic,n15_c100_s42,-1,0.0
708274,bertopic,n15_c100_s42,-1,0.0
709574,bertopic,n15_c100_s42,-1,0.0
710220,bertopic,n15_c100_s42,-1,0.0
710778,bertopic,n15_c100_s42,15,1.0
710990,bertopic,n15_c100_s42,-1,0.0
711238,bertopic,n15_c100_s42,1,1.0
711327,bertopic,n15_c100_s42,9,1.0
711526,bertopic,n15_c100_s42,-1,0.0
711747,bertopic,n15_c100_s42,17,1.0
713563,bertopic,n15_c100_s42,5,0.9498638311613158
713863,bertopic,n15_c100_s42,21,1.0
714598,bertopic,n15_c100_s42,7,0.4245547423451517
715089,bertopic,n15_c100_s42,3,1.0
715332,bertopic,n15_c100_s42,1,0.8798161344723625
715731,bertopic,n15_c100_s42,1,0.8431664002166811
716169,bertopic,n15_c100_s42,19,1.0
717048,bertopic,n15_c100_s42,0,1.0
718752,bertopic,n15_c100_s42,17,1.0
719093,bertopic,n15_c100_s42,17,1.0
719149,bertopic,n15_c100_s42,1,0.583900998992028
719493,bertopic,n15_c100_s42,4,1.0
720256,bertopic,n15_c100_s42,12,1.0
720997,bertopic,n15_c100_s42,-1,0.0
721187,bertopic,n15_c100_s42,1,0.7186769245492767
721633,bertopic,n15_c100_s42,11,1.0
722331,bertopic,n15_c100_s42,15,1.0
723845,bertopic,n15_c100_s42,4,1.0
725574,bertopic,n15_c100_s42,2,1.0
725605,bertopic,n15_c100_s42,0,1.0
725827,bertopic,n15_c100_s42,15,1.0
727150,bertopic,n15_c100_s42,13,1.0
727347,bertopic,n15_c100_s42,-1,0.0
727745,bertopic,n15_c100_s42,5,0.9662046527598749
728317,bertopic,n15_c100_s42,-1,0.0
729085,bertopic,n15_c100_s42,12,1.0
729270,bertopic,n15_c100_s42,14,1.0
730351,bertopic,n15_c100_s42,2,1.0
730651,bertopic,n15_c100_s42,9,1.0
731051,bertopic,n15_c100_s42,7,1.0
734258,bertopic,n15_c100_s42,-1,0.0
735258,bertopic,n15_c100_s42,7,0.7621278744775771
735350,bertopic,n15_c100_s42,6,1.0
735597,bertopic,n15_c100_s42,10,1.0
736369,bertopic,n15_c100_s42,0,1.0
736628,bertopic,n15_c100_s42,10,0.6814270610691762
736713,bertopic,n15_c100_s42,-1,0.0
737005,bertopic,n15_c100_s42,17,1.0
737083,bertopic,n15_c100_s42,7,1.0
737896,bertopic,n15_c100_s42,2,1.0
738247,bertopic,n15_c100_s42,7,0.7621278744775771
738462,bertopic,n15_c100_s42,-1,0.0
738524,bertopic,n15_c100_s42,4,0.7454035501488618
738718,bertopic,n15_c100_s42,-1,0.0
739406,bertopic,n15_c100_s42,-1,0.0
739497,bertopic,n15_c100_s42,-1,0.0
740804,bertopic,n15_c100_s42,15,0.8424237449790613
741068,bertopic,n15_c100_s42,0,1.0
741213,bertopic,n15_c100_s42,5,0.9089675056890201
742014,bertopic,n15_c100_s42,12,1.0
742272,bertopic,n15_c100_s42,0,0.3277305395150376
742408,bertopic,n15_c100_s42,5,0.7922248345720276
743015,bertopic,n15_c100_s42,22,1.0
743992,bertopic,n15_c100_s42,12,1.0
744328,bertopic,n15_c100_s42,11,0.7461438157056329
744612,bertopic,n15_c100_s42,3,1.0
744814,bertopic,n15_c100_s42,0,1.0
745242,bertopic,n15_c100_s42,-1,0.0
746933,bertopic,n15_c100_s42,2,1.0
747079,bertopic,n15_c100_s42,-1,0.0
748725,bertopic,n15_c100_s42,5,0.9498638311613158
749422,bertopic,n15_c100_s42,4,0.7454035501488618
751604,bertopic,n15_c100_s42,8,1.0
751753,bertopic,n15_c100_s42,-1,0.0
752173,bertopic,n15_c100_s42,9,1.0
753032,bertopic,n15_c100_s42,7,1.0
755679,bertopic,n15_c100_s42,-1,0.0
756819,bertopic,n15_c100_s42,17,1.0
757036,bertopic,n15_c100_s42,22,1.0
757221,bertopic,n15_c100_s42,-1,0.0
757276,bertopic,n15_c100_s42,4,0.7454035501488618
757335,bertopic,n15_c100_s42,1,0.9603556067540078
758285,bertopic,n15_c100_s42,15,1.0
758405,bertopic,n15_c100_s42,22,1.0
759519,bertopic,n15_c100_s42,16,1.0
759725,bertopic,n15_c100_s42,-1,0.0
759807,bertopic,n15_c100_s42,12,1.0
759838,bertopic,n15_c100_s42,-1,0.0
760498,bertopic,n15_c100_s42,-1,0.0
761422,bertopic,n15_c100_s42,19,1.0
761724,bertopic,n15_c100_s42,4,0.5945970321172419
761897,bertopic,n15_c100_s42,2,1.0
762072,bertopic,n15_c100_s42,9,1.0
762193,bertopic,n15_c100_s42,12,1.0
762384,bertopic,n15_c100_s42,19,0.673081474613662
763279,bertopic,n15_c100_s42,21,1.0
764188,bertopic,n15_c100_s42,-1,0.0
764314,bertopic,n15_c100_s42,1,0.16364699451608886
764835,bertopic,n15_c100_s42,0,0.5644630111026292
766713,bertopic,n15_c100_s42,21,1.0
766993,bertopic,n15_c100_s42,21,1.0
767883,bertopic,n15_c100_s42,-1,0.0
769465,bertopic,n15_c100_s42,16,0.6846992080081009
770322,bertopic,n15_c100_s42,-1,0.0
771869,bertopic,n15_c100_s42,20,1.0
771928,bertopic,n15_c100_s42,14,1.0
772136,bertopic,n15_c100_s42,22,1.0
772217,bertopic,n15_c100_s42,3,0.5307306288313407
773372,bertopic,n15_c100_s42,-1,0.0
773611,bertopic,n15_c100_s42,17,1.0
774457,bertopic,n15_c100_s42,6,0.850545640708154
774968,bertopic,n15_c100_s42,0,1.0
776924,bertopic,n15_c100_s42,14,1.0
777495,bertopic,n15_c100_s42,0,1.0
777620,bertopic,n15_c100_s42,16,0.5340615766348344
778092,bertopic,n15_c100_s42,6,0.6097804174022848
778468,bertopic,n15_c100_s42,7,0.6860737394989957
778870,bertopic,n15_c100_s42,15,1.0
779172,bertopic,n15_c100_s42,2,1.0
779958,bertopic,n15_c100_s42,-1,0.0
780578,bertopic,n15_c100_s42,16,1.0
781275,bertopic,n15_c100_s42,-1,0.0
781432,bertopic,n15_c100_s42,1,0.5707825155550558
781582,bertopic,n15_c100_s42,0,0.8250617086387059
782090,bertopic,n15_c100_s42,11,0.6622479871699721
782821,bertopic,n15_c100_s42,2,0.7365473200867206
783607,bertopic,n15_c100_s42,10,1.0
784006,bertopic,n15_c100_s42,-1,0.0
784090,bertopic,n15_c100_s42,0,0.9797470914678114
784568,bertopic,n15_c100_s42,2,1.0
784877,bertopic,n15_c100_s42,21,1.0
785271,bertopic,n15_c100_s42,10,0.679355114813507
786056,bertopic,n15_c100_s42,10,1.0
786573,bertopic,n15_c100_s42,-1,0.0
788354,bertopic,n15_c100_s42,16,1.0
788517,bertopic,n15_c100_s42,-1,0.0
788620,bertopic,n15_c100_s42,22,1.0
789059,bertopic,n15_c100_s42,1,0.5445879944318435
789077,bertopic,n15_c100_s42,15,0.7059897608570528
789163,bertopic,n15_c100_s42,13,1.0
790004,bertopic,n15_c100_s42,14,1.0
790446,bertopic,n15_c100_s42,-1,0.0
791899,bertopic,n15_c100_s42,-1,0.0
791926,bertopic,n15_c100_s42,0,1.0
792286,bertopic,n15_c100_s42,12,1.0
792589,bertopic,n15_c100_s42,6,1.0
792727,bertopic,n15_c100_s42,0,1.0
793151,bertopic,n15_c100_s42,18,1.0
793457,bertopic,n15_c100_s42,-1,0.0
793694,bertopic,n15_c100_s42,6,0.9712668434468021
794269,bertopic,n15_c100_s42,15,1.0
794318,bertopic,n15_c100_s42,9,0.9970282737655833
794584,bertopic,n15_c100_s42,12,1.0
794590,bertopic,n15_c100_s42,-1,0.0
794646,bertopic,n15_c100_s42,0,1.0
794905,bertopic,n15_c100_s42,-1,0.0
794972,bertopic,n15_c100_s42,0,1.0
795345,bertopic,n15_c100_s42,-1,0.0
795664,bertopic,n15_c100_s42,6,0.6892181624146273
795837,bertopic,n15_c100_s42,-1,0.0
795956,bertopic,n15_c100_s42,6,1.0
796487,bertopic,n15_c100_s42,-1,0.0
797103,bertopic,n15_c100_s42,12,1.0
797985,bertopic,n15_c100_s42,-1,0.0
798188,bertopic,n15_c100_s42,-1,0.0
798365,bertopic,n15_c100_s42,16,1.0
798457,bertopic,n15_c100_s42,12,1.0
798666,bertopic,n15_c100_s42,0,0.1344555810401498
798803,bertopic,n15_c100_s42,13,1.0
801936,bertopic,n15_c100_s42,15,0.9469266991536253
802290,bertopic,n15_c100_s42,4,1.0
803132,bertopic,n15_c100_s42,2,0.733484671554008
803138,bertopic,n15_c100_s42,1,1.0
803194,bertopic,n15_c100_s42,5,0.723538279071829
803576,bertopic,n15_c100_s42,2,0.3660888077406
804067,bertopic,n15_c100_s42,1,0.3492321434883388
804529,bertopic,n15_c100_s42,2,1.0
804591,bertopic,n15_c100_s42,20,1.0
805419,bertopic,n15_c100_s42,8,1.0
805485,bertopic,n15_c100_s42,-1,0.0
806530,bertopic,n15_c100_s42,21,1.0
806751,bertopic,n15_c100_s42,-1,0.0
807671,bertopic,n15_c100_s42,3,1.0
809437,bertopic,n15_c100_s42,6,0.6097804174022848
809730,bertopic,n15_c100_s42,-1,0.0
809864,bertopic,n15_c100_s42,-1,0.0
810393,bertopic,n15_c100_s42,2,0.8341422598456091
811330,bertopic,n15_c100_s42,-1,0.0
811461,bertopic,n15_c100_s42,3,0.5163380450322697
811718,bertopic,n15_c100_s42,-1,0.0
812041,bertopic,n15_c100_s42,0,1.0
812080,bertopic,n15_c100_s42,-1,0.0
813514,bertopic,n15_c100_s42,0,1.0
813811,bertopic,n15_c100_s42,0,1.0
814041,bertopic,n15_c100_s42,14,0.8533877448882242
814542,bertopic,n15_c100_s42,16,1.0
815056,bertopic,n15_c100_s42,-1,0.0
816239,bertopic,n15_c100_s42,-1,0.0
816490,bertopic,n15_c100_s42,4,0.5644219847474434
816512,bertopic,n15_c100_s42,2,1.0
816686,bertopic,n15_c100_s42,0,1.0
817063,bertopic,n15_c100_s42,4,0.7454035501488618
817240,bertopic,n15_c100_s42,17,1.0
817356,bertopic,n15_c100_s42,2,0.7365473200867206
818744,bertopic,n15_c100_s42,11,0.812828666928322
819637,bertopic,n15_c100_s42,-1,0.0
820417,bertopic,n15_c100_s42,22,1.0
820499,bertopic,n15_c100_s42,22,1.0
820808,bertopic,n15_c100_s42,22,1.0
821259,bertopic,n15_c100_s42,15,1.0
822463,bertopic,n15_c100_s42,7,0.7621278744775771
823365,bertopic,n15_c100_s42,4,0.8311166445154394
823757,bertopic,n15_c100_s42,1,1.0
825847,bertopic,n15_c100_s42,-1,0.0
826079,bertopic,n15_c100_s42,0,0.3277305395150376
826309,bertopic,n15_c100_s42,2,0.733484671554008
826448,bertopic,n15_c100_s42,21,1.0
826583,bertopic,n15_c100_s42,-1,0.0
829336,bertopic,n15_c100_s42,8,1.0
829401,bertopic,n15_c100_s42,1,1.0
829443,bertopic,n15_c100_s42,-1,0.0
829512,bertopic,n15_c100_s42,1,0.583900998992028
829925,bertopic,n15_c100_s42,2,1.0
830755,bertopic,n15_c100_s42,-1,0.0
830861,bertopic,n15_c100_s42,16,0.4618445727149849
831003,bertopic,n15_c100_s42,2,1.0
831140,bertopic,n15_c100_s42,22,0.9838071970354624
831455,bertopic,n15_c100_s42,12,0.9578544211365422
832164,bertopic,n15_c100_s42,8,1.0
832451,bertopic,n15_c100_s42,2,0.7365473200867206
832539,bertopic,n15_c100_s42,5,0.7430997574987228
833507,bertopic,n15_c100_s42,12,1.0
833652,bertopic,n15_c100_s42,-1,0.0
833753,bertopic,n15_c100_s42,17,1.0
833755,bertopic,n15_c100_s42,5,0.9498638311613158
834089,bertopic,n15_c100_s42,5,0.7918372410886582
834965,bertopic,n15_c100_s42,21,1.0
835091,bertopic,n15_c100_s42,7,1.0
836593,bertopic,n15_c100_s42,0,1.0
836771,bertopic,n15_c100_s42,9,1.0
837069,bertopic,n15_c100_s42,-1,0.0
837722,bertopic,n15_c100_s42,14,1.0
837949,bertopic,n15_c100_s42,20,1.0
838913,bertopic,n15_c100_s42,3,1.0
839276,bertopic,n15_c100_s42,3,0.5163380450322697
839417,bertopic,n15_c100_s42,17,1.0
839428,bertopic,n15_c100_s42,22,1.0
839954,bertopic,n15_c100_s42,5,1.0
840427,bertopic,n15_c100_s42,15,0.9553188899002948
840576,bertopic,n15_c100_s42,-1,0.0
840991,bertopic,n15_c100_s42,-1,0.0
841015,bertopic,n15_c100_s42,22,0.9741739025862263
842319,bertopic,n15_c100_s42,7,0.7621278744775771
844378,bertopic,n15_c100_s42,0,1.0
845221,bertopic,n15_c100_s42,-1,0.0
845621,bertopic,n15_c100_s42,2,1.0
845957,bertopic,n15_c100_s42,7,1.0
846074,bertopic,n15_c100_s42,8,1.0
846205,bertopic,n15_c100_s42,-1,0.0
846430,bertopic,n15_c100_s42,-1,0.0
846635,bertopic,n15_c100_s42,13,1.0
846655,bertopic,n15_c100_s42,4,1.0
847418,bertopic,n15_c100_s42,5,0.8137150195434409
848231,bertopic,n15_c100_s42,-1,0.0
848372,bertopic,n15_c100_s42,0,1.0
848879,bertopic,n15_c100_s42,-1,0.0
850856,bertopic,n15_c100_s42,0,1.0
850916,bertopic,n15_c100_s42,22,1.0
851542,bertopic,n15_c100_s42,2,1.0
852157,bertopic,n15_c100_s42,2,1.0
852174,bertopic,n15_c100_s42,0,0.7196506567368857
852434,bertopic,n15_c100_s42,-1,0.0
854666,bertopic,n15_c100_s42,-1,0.0
855462,bertopic,n15_c100_s42,-1,0.0
856248,bertopic,n15_c100_s42,17,1.0
858622,bertopic,n15_c100_s42,10,0.466215794655194
858970,bertopic,n15_c100_s42,11,0.812828666928322
859505,bertopic,n15_c100_s42,14,0.25533368214296903
863262,bertopic,n15_c100_s42,-1,0.0
864280,bertopic,n15_c100_s42,-1,0.0
865209,bertopic,n15_c100_s42,1,0.3492321434883388
868781,bertopic,n15_c100_s42,4,0.751375338110363
869869,bertopic,n15_c100_s42,17,1.0
871970,bertopic,n15_c100_s42,-1,0.0
873775,bertopic,n15_c100_s42,4,1.0
875499,bertopic,n15_c100_s42,-1,0.0
876108,bertopic,n15_c100_s42,14,1.0
876480,bertopic,n15_c100_s42,2,1.0
876541,bertopic,n15_c100_s42,-1,0.0
877267,bertopic,n15_c100_s42,-1,0.0
878033,bertopic,n15_c100_s42,17,1.0
881117,bertopic,n15_c100_s42,-1,0.0
882051,bertopic,n15_c100_s42,16,1.0
882911,bertopic,n15_c100_s42,0,1.0
888566,bertopic,n15_c100_s42,9,1.0
889190,bertopic,n15_c100_s42,7,0.7197323484157219
889993,bertopic,n15_c100_s42,9,1.0
890018,bertopic,n15_c100_s42,6,0.6097804174022848
890036,bertopic,n15_c100_s42,-1,0.0
891180,bertopic,n15_c100_s42,-1,0.0
891504,bertopic,n15_c100_s42,-1,0.0
892785,bertopic,n15_c100_s42,7,1.0
893155,bertopic,n15_c100_s42,-1,0.0
894631,bertopic,n15_c100_s42,-1,0.0
895040,bertopic,n15_c100_s42,9,1.0
896968,bertopic,n15_c100_s42,-1,0.0
898207,bertopic,n15_c100_s42,14,0.772562718866075
898994,bertopic,n15_c100_s42,3,0.8338942370396711
900355,bertopic,n15_c100_s42,6,0.7217004445638816
901198,bertopic,n15_c100_s42,-1,0.0
903482,bertopic,n15_c100_s42,-1,0.0
903837,bertopic,n15_c100_s42,5,0.7829757320137288
904099,bertopic,n15_c100_s42,14,0.7844968136012587
906185,bertopic,n15_c100_s42,3,1.0
906511,bertopic,n15_c100_s42,4,0.7454035501488618
907428,bertopic,n15_c100_s42,16,1.0
907506,bertopic,n15_c100_s42,4,1.0
908241,bertopic,n15_c100_s42,2,1.0
909050,bertopic,n15_c100_s42,-1,0.0
909535,bertopic,n15_c100_s42,14,0.25533368214296903
910391,bertopic,n15_c100_s42,7,0.7621278744775771
910966,bertopic,n15_c100_s42,6,1.0
911482,bertopic,n15_c100_s42,-1,0.0
912087,bertopic,n15_c100_s42,3,0.9417446461437188
912459,bertopic,n15_c100_s42,-1,0.0
912821,bertopic,n15_c100_s42,0,1.0
913484,bertopic,n15_c100_s42,1,0.9603556067540078
913524,bertopic,n15_c100_s42,1,0.6084524667276154
913700,bertopic,n15_c100_s42,7,1.0
913708,bertopic,n15_c100_s42,2,1.0
914128,bertopic,n15_c100_s42,16,1.0
914767,bertopic,n15_c100_s42,16,1.0
914838,bertopic,n15_c100_s42,-1,0.0
915745,bertopic,n15_c100_s42,5,0.8406464762247984
917093,bertopic,n15_c100_s42,-1,0.0
919888,bertopic,n15_c100_s42,-1,0.0
920139,bertopic,n15_c100_s42,17,1.0
920360,bertopic,n15_c100_s42,2,1.0
920513,bertopic,n15_c100_s42,10,0.40842551581995507
921356,bertopic,n15_c100_s42,0,1.0
921590,bertopic,n15_c100_s42,5,1.0
922266,bertopic,n15_c100_s42,0,1.0
923043,bertopic,n15_c100_s42,8,1.0
923715,bertopic,n15_c100_s42,4,1.0
924953,bertopic,n15_c100_s42,15,1.0
925391,bertopic,n15_c100_s42,17,1.0
925961,bertopic,n15_c100_s42,2,1.0
926212,bertopic,n15_c100_s42,-1,0.0
926526,bertopic,n15_c100_s42,4,1.0
926858,bertopic,n15_c100_s42,13,1.0
926992,bertopic,n15_c100_s42,-1,0.0
927582,bertopic,n15_c100_s42,21,1.0
928473,bertopic,n15_c100_s42,10,0.697984057552163
929989,bertopic,n15_c100_s42,-1,0.0
931446,bertopic,n15_c100_s42,-1,0.0
931451,bertopic,n15_c100_s42,9,1.0
931661,bertopic,n15_c100_s42,-1,0.0
932266,bertopic,n15_c100_s42,0,1.0
932468,bertopic,n15_c100_s42,-1,0.0
933784,bertopic,n15_c100_s42,7,0.7621278744775771
936437,bertopic,n15_c100_s42,9,0.7063567551213165
936494,bertopic,n15_c100_s42,17,1.0
938557,bertopic,n15_c100_s42,-1,0.0
938810,bertopic,n15_c100_s42,-1,0.0
939062,bertopic,n15_c100_s42,-1,0.0
939431,bertopic,n15_c100_s42,22,0.9724570874010424
939974,bertopic,n15_c100_s42,2,1.0
940148,bertopic,n15_c100_s42,-1,0.0
942698,bertopic,n15_c100_s42,7,0.7621278744775771
943473,bertopic,n15_c100_s42,-1,0.0
943536,bertopic,n15_c100_s42,1,1.0
944349,bertopic,n15_c100_s42,4,0.751375338110363
944415,bertopic,n15_c100_s42,2,1.0
946748,bertopic,n15_c100_s42,14,1.0
947165,bertopic,n15_c100_s42,17,1.0
947678,bertopic,n15_c100_s42,0,1.0
949593,bertopic,n15_c100_s42,5,1.0
951771,bertopic,n15_c100_s42,2,1.0
951940,bertopic,n15_c100_s42,15,1.0
952202,bertopic,n15_c100_s42,-1,0.0
952335,bertopic,n15_c100_s42,0,1.0
955033,bertopic,n15_c100_s42,1,0.9790672767578223
955035,bertopic,n15_c100_s42,9,1.0
956899,bertopic,n15_c100_s42,11,0.6622479871699721
966254,bertopic,n15_c100_s42,4,0.5945970321172419
966855,bertopic,n15_c100_s42,15,0.12682601409205835
967053,bertopic,n15_c100_s42,-1,0.0
967464,bertopic,n15_c100_s42,12,1.0
967645,bertopic,n15_c100_s42,6,0.8640273687475046
968273,bertopic,n15_c100_s42,20,1.0
968481,bertopic,n15_c100_s42,0,0.7448876462288601
968642,bertopic,n15_c100_s42,6,0.850545640708154
968857,bertopic,n15_c100_s42,23,0.5719028034832649
970440,bertopic,n15_c100_s42,6,0.7091087023165829
970571,bertopic,n15_c100_s42,9,1.0
971340,bertopic,n15_c100_s42,15,1.0
971558,bertopic,n15_c100_s42,0,1.0
971958,bertopic,n15_c100_s42,14,1.0
972573,bertopic,n15_c100_s42,4,0.5945970321172419
973210,bertopic,n15_c100_s42,0,0.1344555810401498
975342,bertopic,n15_c100_s42,0,1.0
975444,bertopic,n15_c100_s42,7,1.0
975611,bertopic,n15_c100_s42,-1,0.0
975756,bertopic,n15_c100_s42,7,0.38578145651669055
976410,bertopic,n15_c100_s42,0,0.1344555810401498
978624,bertopic,n15_c100_s42,-1,0.0
979489,bertopic,n15_c100_s42,0,1.0
979552,bertopic,n15_c100_s42,22,1.0
979962,bertopic,n15_c100_s42,-1,0.0
980182,bertopic,n15_c100_s42,-1,0.0
980581,bertopic,n15_c100_s42,14,1.0
980991,bertopic,n15_c100_s42,10,0.6814270610691762
981047,bertopic,n15_c100_s42,-1,0.0
981270,bertopic,n15_c100_s42,11,1.0
981287,bertopic,n15_c100_s42,17,1.0
981413,bertopic,n15_c100_s42,22,1.0
981727,bertopic,n15_c100_s42,-1,0.0
982506,bertopic,n15_c100_s42,21,1.0
983155,bertopic,n15_c100_s42,2,1.0
983284,bertopic,n15_c100_s42,19,1.0
984215,bertopic,n15_c100_s42,7,0.7205045933069081
984662,bertopic,n15_c100_s42,4,1.0
986295,bertopic,n15_c100_s42,14,1.0
986633,bertopic,n15_c100_s42,22,1.0
986953,bertopic,n15_c100_s42,-1,0.0
987048,bertopic,n15_c100_s42,6,1.0
987253,bertopic,n15_c100_s42,15,0.8015576460212248
987483,bertopic,n15_c100_s42,4,0.751375338110363
987539,bertopic,n15_c100_s42,0,1.0
988656,bertopic,n15_c100_s42,-1,0.0
988691,bertopic,n15_c100_s42,15,1.0
988991,bertopic,n15_c100_s42,4,0.751375338110363
990161,bertopic,n15_c100_s42,2,1.0
990208,bertopic,n15_c100_s42,4,0.751375338110363
991167,bertopic,n15_c100_s42,2,1.0
991269,bertopic,n15_c100_s42,0,1.0
991872,bertopic,n15_c100_s42,-1,0.0
991935,bertopic,n15_c100_s42,5,0.7570932418685224
992944,bertopic,n15_c100_s42,15,1.0
993158,bertopic,n15_c100_s42,10,0.697984057552163
993844,bertopic,n15_c100_s42,2,1.0
994375,bertopic,n15_c100_s42,19,1.0
994611,bertopic,n15_c100_s42,15,1.0
995628,bertopic,n15_c100_s42,1,0.9609824701315759
996167,bertopic,n15_c100_s42,14,0.7844968136012587
996276,bertopic,n15_c100_s42,4,0.5945970321172419
996714,bertopic,n15_c100_s42,1,0.9603556067540078
996931,bertopic,n15_c100_s42,14,0.25533368214296903
996940,bertopic,n15_c100_s42,-1,0.0
998870,bertopic,n15_c100_s42,12,1.0
998995,bertopic,n15_c100_s42,21,1.0
999286,bertopic,n15_c100_s42,10,1.0
999384,bertopic,n15_c100_s42,3,0.5163380450322697
999559,bertopic,n15_c100_s42,15,0.30390215226913725
999623,bertopic,n15_c100_s42,4,1.0
1000178,bertopic,n15_c100_s42,4,0.8939105786056402
1000189,bertopic,n15_c100_s42,14,1.0
1000307,bertopic,n15_c100_s42,3,0.5163380450322697
1000340,bertopic,n15_c100_s42,10,1.0
1000380,bertopic,n15_c100_s42,2,0.7106805705980909
1000528,bertopic,n15_c100_s42,9,1.0
1000611,bertopic,n15_c100_s42,10,0.697984057552163
1000749,bertopic,n15_c100_s42,8,1.0
1001047,bertopic,n15_c100_s42,-1,0.0
1001274,bertopic,n15_c100_s42,4,0.751375338110363
1001458,bertopic,n15_c100_s42,4,0.751375338110363
1002776,bertopic,n15_c100_s42,1,0.583900998992028
1003046,bertopic,n15_c100_s42,5,1.0
1003287,bertopic,n15_c100_s42,7,0.7621278744775771
1003291,bertopic,n15_c100_s42,-1,0.0
1003352,bertopic,n15_c100_s42,15,1.0
1003542,bertopic,n15_c100_s42,6,0.5513018507937301
1004826,bertopic,n15_c100_s42,15,0.12682601409205835
1005957,bertopic,n15_c100_s42,-1,0.0
1006766,bertopic,n15_c100_s42,-1,0.0
1008637,bertopic,n15_c100_s42,18,1.0
1008724,bertopic,n15_c100_s42,2,1.0
1009546,bertopic,n15_c100_s42,0,1.0
1009940,bertopic,n15_c100_s42,0,1.0
1010256,bertopic,n15_c100_s42,3,1.0
1010446,bertopic,n15_c100_s42,-1,0.0
1010509,bertopic,n15_c100_s42,-1,0.0
1010772,bertopic,n15_c100_s42,4,0.5945970321172419
1011128,bertopic,n15_c100_s42,7,0.7621278744775771
1011670,bertopic,n15_c100_s42,12,1.0
1011897,bertopic,n15_c100_s42,0,1.0
1011957,bertopic,n15_c100_s42,-1,0.0
1013214,bertopic,n15_c100_s42,6,1.0
1013505,bertopic,n15_c100_s42,10,0.697984057552163
1013715,bertopic,n15_c100_s42,4,1.0
1013753,bertopic,n15_c100_s42,-1,0.0
1014352,bertopic,n15_c100_s42,4,0.5945970321172419
1014631,bertopic,n15_c100_s42,0,1.0
1015842,bertopic,n15_c100_s42,4,0.688845505103658
1015982,bertopic,n15_c100_s42,-1,0.0
1016249,bertopic,n15_c100_s42,10,0.697984057552163
1016372,bertopic,n15_c100_s42,1,0.26998012718538983
1017197,bertopic,n15_c100_s42,-1,0.0
1017852,bertopic,n15_c100_s42,-1,0.0
1018156,bertopic,n15_c100_s42,1,0.3492321434883388
1019074,bertopic,n15_c100_s42,3,0.5163380450322697
1019171,bertopic,n15_c100_s42,-1,0.0
1019255,bertopic,n15_c100_s42,7,0.42574021857482347
1019557,bertopic,n15_c100_s42,12,1.0
1019722,bertopic,n15_c100_s42,-1,0.0
1019745,bertopic,n15_c100_s42,2,1.0
1020533,bertopic,n15_c100_s42,17,1.0
1020889,bertopic,n15_c100_s42,13,0.8208421176250672
1020917,bertopic,n15_c100_s42,8,1.0
1020940,bertopic,n15_c100_s42,-1,0.0
1021384,bertopic,n15_c100_s42,12,1.0
1021736,bertopic,n15_c100_s42,21,1.0
1021989,bertopic,n15_c100_s42,6,1.0
1022416,bertopic,n15_c100_s42,16,1.0
1022856,bertopic,n15_c100_s42,10,0.9157191475460392
1022941,bertopic,n15_c100_s42,-1,0.0
1023622,bertopic,n15_c100_s42,0,0.9876355822795261
1023669,bertopic,n15_c100_s42,2,1.0
1023726,bertopic,n15_c100_s42,0,1.0
1023811,bertopic,n15_c100_s42,20,1.0
1023901,bertopic,n15_c100_s42,0,1.0
1024280,bertopic,n15_c100_s42,5,0.8772187580339897
1024345,bertopic,n15_c100_s42,0,1.0
1025219,bertopic,n15_c100_s42,15,1.0
1025410,bertopic,n15_c100_s42,0,0.6735973546403773
1025600,bertopic,n15_c100_s42,-1,0.0
1026708,bertopic,n15_c100_s42,0,1.0
1026799,bertopic,n15_c100_s42,0,1.0
1027124,bertopic,n15_c100_s42,9,1.0
1028597,bertopic,n15_c100_s42,9,0.7923377026948717
1029189,bertopic,n15_c100_s42,0,1.0
1029846,bertopic,n15_c100_s42,17,1.0
1029892,bertopic,n15_c100_s42,16,0.5340615766348344
1030051,bertopic,n15_c100_s42,0,1.0
1030230,bertopic,n15_c100_s42,0,1.0
1031034,bertopic,n15_c100_s42,4,0.8939105786056402
1031347,bertopic,n15_c100_s42,4,0.7454035501488618
1031601,bertopic,n15_c100_s42,0,1.0
1032243,bertopic,n15_c100_s42,22,1.0
1032430,bertopic,n15_c100_s42,16,1.0
1032439,bertopic,n15_c100_s42,7,0.3929587819414512
1032462,bertopic,n15_c100_s42,3,0.8212337528343985
1032772,bertopic,n15_c100_s42,0,1.0
1033027,bertopic,n15_c100_s42,4,0.5945970321172419
1033232,bertopic,n15_c100_s42,-1,0.0
1033395,bertopic,n15_c100_s42,5,1.0
1034845,bertopic,n15_c100_s42,-1,0.0
1034900,bertopic,n15_c100_s42,7,0.3929587819414512
1034953,bertopic,n15_c100_s42,4,0.751375338110363
1035229,bertopic,n15_c100_s42,18,1.0
1035289,bertopic,n15_c100_s42,19,1.0
1035310,bertopic,n15_c100_s42,10,1.0
1035367,bertopic,n15_c100_s42,5,0.9498638311613158
1035380,bertopic,n15_c100_s42,8,1.0
1035388,bertopic,n15_c100_s42,-1,0.0
1035429,bertopic,n15_c100_s42,4,0.5945970321172419
1035544,bertopic,n15_c100_s42,4,1.0
1035994,bertopic,n15_c100_s42,6,1.0
1036613,bertopic,n15_c100_s42,0,1.0
1037469,bertopic,n15_c100_s42,3,0.3416843439516682
1037617,bertopic,n15_c100_s42,6,1.0
1038352,bertopic,n15_c100_s42,19,1.0
1040208,bertopic,n15_c100_s42,0,1.0
1040297,bertopic,n15_c100_s42,-1,0.0
1040352,bertopic,n15_c100_s42,0,1.0
1042129,bertopic,n15_c100_s42,21,1.0
1043663,bertopic,n15_c100_s42,6,1.0
1043877,bertopic,n15_c100_s42,2,1.0
1044229,bertopic,n15_c100_s42,13,1.0
1044609,bertopic,n15_c100_s42,8,1.0
1044777,bertopic,n15_c100_s42,4,0.751375338110363
1044904,bertopic,n15_c100_s42,0,1.0
1044974,bertopic,n15_c100_s42,7,0.6271253929556426
1044981,bertopic,n15_c100_s42,7,0.7621278744775771
1045140,bertopic,n15_c100_s42,1,0.3492321434883388
1045154,bertopic,n15_c100_s42,4,0.751375338110363
1047012,bertopic,n15_c100_s42,-1,0.0
1047052,bertopic,n15_c100_s42,7,0.7223736986730077
1048141,bertopic,n15_c100_s42,-1,0.0
1048375,bertopic,n15_c100_s42,-1,0.0
1048410,bertopic,n15_c100_s42,16,1.0
1048805,bertopic,n15_c100_s42,4,0.688845505103658
1049420,bertopic,n15_c100_s42,21,1.0
1050845,bertopic,n15_c100_s42,15,0.8208861332349814
1051104,bertopic,n15_c100_s42,4,1.0
1053526,bertopic,n15_c100_s42,2,1.0
1053725,bertopic,n15_c100_s42,-1,0.0
1053754,bertopic,n15_c100_s42,9,1.0
1055222,bertopic,n15_c100_s42,14,1.0
1055609,bertopic,n15_c100_s42,-1,0.0
1055813,bertopic,n15_c100_s42,5,0.9979915827759864
1056195,bertopic,n15_c100_s42,15,1.0
1056210,bertopic,n15_c100_s42,-1,0.0
1056986,bertopic,n15_c100_s42,4,0.5945970321172419
1057503,bertopic,n15_c100_s42,2,0.9563651856502888
1057649,bertopic,n15_c100_s42,-1,0.0
1059360,bertopic,n15_c100_s42,14,1.0
1059969,bertopic,n15_c100_s42,0,1.0
1060043,bertopic,n15_c100_s42,14,0.25533368214296903
1060532,bertopic,n15_c100_s42,20,1.0
1060803,bertopic,n15_c100_s42,-1,0.0
1061551,bertopic,n15_c100_s42,15,1.0
1061978,bertopic,n15_c100_s42,5,0.916647886745346
1062074,bertopic,n15_c100_s42,-1,0.0
1062739,bertopic,n15_c100_s42,7,0.6075583342374459
1062797,bertopic,n15_c100_s42,9,0.9503693782589647
1063424,bertopic,n15_c100_s42,12,1.0
1063437,bertopic,n15_c100_s42,0,0.3277305395150376
1063454,bertopic,n15_c100_s42,9,1.0
1063476,bertopic,n15_c100_s42,1,0.3492321434883388
1064404,bertopic,n15_c100_s42,2,1.0
1065299,bertopic,n15_c100_s42,6,0.6097804174022848
1065448,bertopic,n15_c100_s42,2,1.0
1066123,bertopic,n15_c100_s42,0,1.0
1066522,bertopic,n15_c100_s42,6,0.6097804174022848
1067578,bertopic,n15_c100_s42,7,1.0
1067693,bertopic,n15_c100_s42,0,1.0
1069084,bertopic,n15_c100_s42,-1,0.0
1069106,bertopic,n15_c100_s42,12,1.0
1069254,bertopic,n15_c100_s42,2,0.7365473200867206
1069513,bertopic,n15_c100_s42,21,1.0
1069835,bertopic,n15_c100_s42,14,0.25533368214296903
1069840,bertopic,n15_c100_s42,0,1.0
1070162,bertopic,n15_c100_s42,8,1.0
1070665,bertopic,n15_c100_s42,16,0.9635998338081235
1070969,bertopic,n15_c100_s42,4,0.8939105786056402
1071080,bertopic,n15_c100_s42,-1,0.0
1071107,bertopic,n15_c100_s42,-1,0.0
1071215,bertopic,n15_c100_s42,2,1.0
1072037,bertopic,n15_c100_s42,0,0.1344555810401498
1072289,bertopic,n15_c100_s42,9,1.0
1072551,bertopic,n15_c100_s42,15,0.25392599038793245
1072623,bertopic,n15_c100_s42,21,1.0
1073104,bertopic,n15_c100_s42,5,0.9373384874572204
1073234,bertopic,n15_c100_s42,-1,0.0
1073292,bertopic,n15_c100_s42,9,1.0
1073802,bertopic,n15_c100_s42,2,1.0
1074110,bertopic,n15_c100_s42,-1,0.0
1074238,bertopic,n15_c100_s42,22,1.0
1076235,bertopic,n15_c100_s42,8,1.0
1076466,bertopic,n15_c100_s42,-1,0.0
1076467,bertopic,n15_c100_s42,16,1.0
1076495,bertopic,n15_c100_s42,16,0.5340615766348344
1076705,bertopic,n15_c100_s42,22,1.0
1077122,bertopic,n15_c100_s42,8,1.0
1077485,bertopic,n15_c100_s42,7,0.7621278744775771
1078023,bertopic,n15_c100_s42,14,1.0
1078248,bertopic,n15_c100_s42,1,0.9609824701315759
1078560,bertopic,n15_c100_s42,1,0.16364699451608886
1078592,bertopic,n15_c100_s42,19,0.6363591303942506
1079076,bertopic,n15_c100_s42,0,0.9173448550975469
1079790,bertopic,n15_c100_s42,0,0.5357892421988093
1080149,bertopic,n15_c100_s42,21,1.0
1080614,bertopic,n15_c100_s42,0,1.0
1080759,bertopic,n15_c100_s42,4,1.0
1080788,bertopic,n15_c100_s42,-1,0.0
1080884,bertopic,n15_c100_s42,0,1.0
1081001,bertopic,n15_c100_s42,5,0.9498638311613158
1081342,bertopic,n15_c100_s42,2,1.0
1081892,bertopic,n15_c100_s42,8,1.0
1082238,bertopic,n15_c100_s42,5,0.8111925115086407
1083077,bertopic,n15_c100_s42,-1,0.0
1083556,bertopic,n15_c100_s42,0,1.0
1084556,bertopic,n15_c100_s42,2,1.0
1084685,bertopic,n15_c100_s42,21,1.0
1084698,bertopic,n15_c100_s42,-1,0.0
1084727,bertopic,n15_c100_s42,9,1.0
1084772,bertopic,n15_c100_s42,-1,0.0
1085540,bertopic,n15_c100_s42,-1,0.0
1086110,bertopic,n15_c100_s42,9,1.0
1086352,bertopic,n15_c100_s42,8,1.0
1087088,bertopic,n15_c100_s42,5,0.8772187580339897
1087763,bertopic,n15_c100_s42,16,1.0
1087979,bertopic,n15_c100_s42,15,0.7070433222425879
1088031,bertopic,n15_c100_s42,2,1.0
1088610,bertopic,n15_c100_s42,7,0.7574934685647443
1088726,bertopic,n15_c100_s42,7,0.7621278744775771
1089680,bertopic,n15_c100_s42,0,1.0
1089743,bertopic,n15_c100_s42,22,1.0
1089980,bertopic,n15_c100_s42,1,0.26998012718538983
1090059,bertopic,n15_c100_s42,-1,0.0
1090082,bertopic,n15_c100_s42,10,1.0
1090851,bertopic,n15_c100_s42,-1,0.0
1091144,bertopic,n15_c100_s42,4,0.8939105786056402
1091597,bertopic,n15_c100_s42,7,0.6448389173356023
1091700,bertopic,n15_c100_s42,7,0.7621278744775771
1092044,bertopic,n15_c100_s42,2,0.3660888077406
1092137,bertopic,n15_c100_s42,3,0.5163380450322697
1092142,bertopic,n15_c100_s42,4,0.5945970321172419
1093059,bertopic,n15_c100_s42,11,0.6617287603852634
1093801,bertopic,n15_c100_s42,14,1.0
1094257,bertopic,n15_c100_s42,-1,0.0
1094353,bertopic,n15_c100_s42,17,1.0
1095314,bertopic,n15_c100_s42,-1,0.0
1095730,bertopic,n15_c100_s42,12,0.9578544211365422
1095744,bertopic,n15_c100_s42,-1,0.0
1095794,bertopic,n15_c100_s42,17,1.0
1096069,bertopic,n15_c100_s42,4,1.0
1096200,bertopic,n15_c100_s42,-1,0.0
1096241,bertopic,n15_c100_s42,9,1.0
1096298,bertopic,n15_c100_s42,9,0.7759777726897427
1096461,bertopic,n15_c100_s42,-1,0.0
1096507,bertopic,n15_c100_s42,-1,0.0
1096572,bertopic,n15_c100_s42,-1,0.0
1096749,bertopic,n15_c100_s42,0,1.0
1097185,bertopic,n15_c100_s42,2,0.3660888077406
1097300,bertopic,n15_c100_s42,21,1.0
1097409,bertopic,n15_c100_s42,5,0.9498638311613158
1097521,bertopic,n15_c100_s42,-1,0.0
1097866,bertopic,n15_c100_s42,2,1.0
1098259,bertopic,n15_c100_s42,8,1.0
1098545,bertopic,n15_c100_s42,-1,0.0
1098819,bertopic,n15_c100_s42,-1,0.0
1098963,bertopic,n15_c100_s42,-1,0.0
1098982,bertopic,n15_c100_s42,-1,0.0
1099091,bertopic,n15_c100_s42,8,1.0
1099235,bertopic,n15_c100_s42,10,1.0
1099490,bertopic,n15_c100_s42,-1,0.0
1099494,bertopic,n15_c100_s42,16,0.39351937958996186
1099514,bertopic,n15_c100_s42,9,0.9314492194826327
1099526,bertopic,n15_c100_s42,7,0.7621278744775771
1099659,bertopic,n15_c100_s42,8,1.0
1099789,bertopic,n15_c100_s42,-1,0.0
1099991,bertopic,n15_c100_s42,-1,0.0
1100292,bertopic,n15_c100_s42,-1,0.0
1100313,bertopic,n15_c100_s42,-1,0.0
1100338,bertopic,n15_c100_s42,2,0.3660888077406
1100413,bertopic,n15_c100_s42,-1,0.0
1100434,bertopic,n15_c100_s42,14,1.0
1100449,bertopic,n15_c100_s42,8,1.0
1100552,bertopic,n15_c100_s42,16,1.0
1100594,bertopic,n15_c100_s42,17,1.0
1100861,bertopic,n15_c100_s42,-1,0.0
1100932,bertopic,n15_c100_s42,4,1.0
1100975,bertopic,n15_c100_s42,0,1.0
1100995,bertopic,n15_c100_s42,8,1.0
1101219,bertopic,n15_c100_s42,8,1.0
1101347,bertopic,n15_c100_s42,0,1.0
1101600,bertopic,n15_c100_s42,2,1.0
1101650,bertopic,n15_c100_s42,8,1.0
1101774,bertopic,n15_c100_s42,21,1.0
1101833,bertopic,n15_c100_s42,2,1.0
1102145,bertopic,n15_c100_s42,2,1.0
1102171,bertopic,n15_c100_s42,16,0.9951387140275517
1102209,bertopic,n15_c100_s42,20,1.0
1102291,bertopic,n15_c100_s42,-1,0.0
1102329,bertopic,n15_c100_s42,21,1.0
1102357,bertopic,n15_c100_s42,-1,0.0
1102380,bertopic,n15_c100_s42,3,0.5163380450322697
1102591,bertopic,n15_c100_s42,5,0.9488582748590996
1102629,bertopic,n15_c100_s42,2,1.0
1102677,bertopic,n15_c100_s42,8,1.0
1102830,bertopic,n15_c100_s42,-1,0.0
1102838,bertopic,n15_c100_s42,-1,0.0
1102965,bertopic,n15_c100_s42,-1,0.0
1103065,bertopic,n15_c100_s42,-1,0.0
1103081,bertopic,n15_c100_s42,-1,0.0
1103395,bertopic,n15_c100_s42,-1,0.0
1103566,bertopic,n15_c100_s42,8,1.0
1103673,bertopic,n15_c100_s42,-1,0.0
1103695,bertopic,n15_c100_s42,-1,0.0
1103889,bertopic,n15_c100_s42,0,1.0
1103910,bertopic,n15_c100_s42,0,1.0
1104481,bertopic,n15_c100_s42,-1,0.0
1104538,bertopic,n15_c100_s42,0,1.0
1105907,bertopic,n15_c100_s42,4,1.0
1105913,bertopic,n15_c100_s42,-1,0.0
1105941,bertopic,n15_c100_s42,20,1.0
1105952,bertopic,n15_c100_s42,20,1.0
1106184,bertopic,n15_c100_s42,13,1.0
1106279,bertopic,n15_c100_s42,1,0.16364699451608886
1106821,bertopic,n15_c100_s42,0,0.9633828650928299
1107054,bertopic,n15_c100_s42,9,0.8608025993187285
1107129,bertopic,n15_c100_s42,12,1.0
1107310,bertopic,n15_c100_s42,16,1.0
1107428,bertopic,n15_c100_s42,-1,0.0
1107525,bertopic,n15_c100_s42,20,1.0
1107629,bertopic,n15_c100_s42,-1,0.0
1108008,bertopic,n15_c100_s42,20,1.0
1108317,bertopic,n15_c100_s42,0,1.0
1108557,bertopic,n15_c100_s42,22,1.0
1108766,bertopic,n15_c100_s42,10,0.5012921019387344
1109432,bertopic,n15_c100_s42,13,0.9316474874972962
1109710,bertopic,n15_c100_s42,15,1.0
1109970,bertopic,n15_c100_s42,2,1.0
1110115,bertopic,n15_c100_s42,6,0.6097804174022848
1110127,bertopic,n15_c100_s42,3,0.9132415636077937
1110172,bertopic,n15_c100_s42,6,0.6097804174022848
1110269,bertopic,n15_c100_s42,6,0.6097804174022848
1110328,bertopic,n15_c100_s42,6,0.5850298997894119
1110439,bertopic,n15_c100_s42,5,1.0
1110451,bertopic,n15_c100_s42,0,1.0
1110625,bertopic,n15_c100_s42,-1,0.0
1110676,bertopic,n15_c100_s42,3,0.5163380450322697
1110709,bertopic,n15_c100_s42,3,1.0
1110792,bertopic,n15_c100_s42,-1,0.0
1110901,bertopic,n15_c100_s42,0,1.0
1110981,bertopic,n15_c100_s42,1,0.9603556067540078
1111001,bertopic,n15_c100_s42,-1,0.0
1111532,bertopic,n15_c100_s42,6,0.6097804174022848
1111947,bertopic,n15_c100_s42,0,0.8672816891779546
1112028,bertopic,n15_c100_s42,-1,0.0
1112046,bertopic,n15_c100_s42,1,0.9603556067540078
1112330,bertopic,n15_c100_s42,6,0.6097804174022848
1112600,bertopic,n15_c100_s42,7,1.0
1112879,bertopic,n15_c100_s42,5,0.939316820464179
1113001,bertopic,n15_c100_s42,2,1.0
1113004,bertopic,n15_c100_s42,1,1.0
1113072,bertopic,n15_c100_s42,3,0.5163380450322697
1113366,bertopic,n15_c100_s42,15,1.0
1113844,bertopic,n15_c100_s42,1,1.0
1113949,bertopic,n15_c100_s42,5,0.8260176539544545
1114316,bertopic,n15_c100_s42,1,1.0
1114352,bertopic,n15_c100_s42,1,0.583900998992028
1114794,bertopic,n15_c100_s42,10,0.9914616197785713
1114827,bertopic,n15_c100_s42,1,0.5410446420176566
1114891,bertopic,n15_c100_s42,3,1.0
1114995,bertopic,n15_c100_s42,13,1.0
1115098,bertopic,n15_c100_s42,17,1.0
1115154,bertopic,n15_c100_s42,13,1.0
1115204,bertopic,n15_c100_s42,-1,0.0
1115380,bertopic,n15_c100_s42,1,1.0
1115412,bertopic,n15_c100_s42,4,0.751375338110363
1115576,bertopic,n15_c100_s42,1,1.0
1115643,bertopic,n15_c100_s42,1,0.9603556067540078
1115941,bertopic,n15_c100_s42,12,1.0
1116089,bertopic,n15_c100_s42,1,0.9603556067540078
1116562,bertopic,n15_c100_s42,4,1.0
1116827,bertopic,n15_c100_s42,17,1.0
1116858,bertopic,n15_c100_s42,6,0.6097804174022848
1116913,bertopic,n15_c100_s42,15,1.0
1117195,bertopic,n15_c100_s42,9,1.0
1117230,bertopic,n15_c100_s42,-1,0.0
1117275,bertopic,n15_c100_s42,1,1.0
1117493,bertopic,n15_c100_s42,4,1.0
1117508,bertopic,n15_c100_s42,9,1.0
1117531,bertopic,n15_c100_s42,1,1.0
1117684,bertopic,n15_c100_s42,1,1.0
1117698,bertopic,n15_c100_s42,-1,0.0
1118052,bertopic,n15_c100_s42,1,1.0
1118073,bertopic,n15_c100_s42,1,0.9609824701315759
1118141,bertopic,n15_c100_s42,9,1.0
1118205,bertopic,n15_c100_s42,10,1.0
1118246,bertopic,n15_c100_s42,2,1.0
1118312,bertopic,n15_c100_s42,1,1.0
1118440,bertopic,n15_c100_s42,12,1.0
1118480,bertopic,n15_c100_s42,3,1.0
1118533,bertopic,n15_c100_s42,22,1.0
1118668,bertopic,n15_c100_s42,2,1.0
1118759,bertopic,n15_c100_s42,1,0.9609824701315759
1118824,bertopic,n15_c100_s42,2,1.0
1118923,bertopic,n15_c100_s42,5,1.0
1119095,bertopic,n15_c100_s42,1,0.7424005170920349
1119264,bertopic,n15_c100_s42,1,0.9603556067540078
1119296,bertopic,n15_c100_s42,2,1.0
1119321,bertopic,n15_c100_s42,1,0.3492321434883388
1119376,bertopic,n15_c100_s42,19,0.46258110797077817
1119387,bertopic,n15_c100_s42,1,0.3492321434883388
1119504,bertopic,n15_c100_s42,-1,0.0
1119709,bertopic,n15_c100_s42,7,1.0
1119724,bertopic,n15_c100_s42,10,1.0
1119732,bertopic,n15_c100_s42,1,0.3492321434883388
1119837,bertopic,n15_c100_s42,1,0.3492321434883388
1119949,bertopic,n15_c100_s42,-1,0.0
1120028,bertopic,n15_c100_s42,2,0.990865053716622
1120135,bertopic,n15_c100_s42,3,0.5163380450322697
1120334,bertopic,n15_c100_s42,21,1.0
1121077,bertopic,n15_c100_s42,8,1.0
1121307,bertopic,n15_c100_s42,1,0.9603556067540078
1121314,bertopic,n15_c100_s42,1,0.9603556067540078
1121341,bertopic,n15_c100_s42,1,0.9609824701315759
1121447,bertopic,n15_c100_s42,1,0.7186769245492767
1121643,bertopic,n15_c100_s42,3,0.556137208286509
1121926,bertopic,n15_c100_s42,-1,0.0
1122060,bertopic,n15_c100_s42,23,1.0
1122687,bertopic,n15_c100_s42,6,1.0
1122913,bertopic,n15_c100_s42,6,1.0
1123071,bertopic,n15_c100_s42,6,1.0
1123093,bertopic,n15_c100_s42,-1,0.0
1124310,bertopic,n15_c100_s42,3,0.5163380450322697
1124347,bertopic,n15_c100_s42,6,1.0
1124353,bertopic,n15_c100_s42,-1,0.0
1124387,bertopic,n15_c100_s42,6,0.850545640708154
1124797,bertopic,n15_c100_s42,20,1.0
1124824,bertopic,n15_c100_s42,-1,0.0
1124977,bertopic,n15_c100_s42,-1,0.0
1125019,bertopic,n15_c100_s42,0,1.0
1125021,bertopic,n15_c100_s42,13,0.6248998037023555
1125760,bertopic,n15_c100_s42,6,0.7091087023165829
1126048,bertopic,n15_c100_s42,3,1.0
1126258,bertopic,n15_c100_s42,15,0.12682601409205835
1126719,bertopic,n15_c100_s42,2,1.0
1126733,bertopic,n15_c100_s42,2,0.9626929597875836
1127164,bertopic,n15_c100_s42,1,0.3492321434883388
1127853,bertopic,n15_c100_s42,20,1.0
1128790,bertopic,n15_c100_s42,-1,0.0
1128885,bertopic,n15_c100_s42,6,1.0
1128919,bertopic,n15_c100_s42,2,1.0
1128965,bertopic,n15_c100_s42,0,1.0
1129054,bertopic,n15_c100_s42,1,1.0
1129221,bertopic,n15_c100_s42,2,0.9626929597875836
1129241,bertopic,n15_c100_s42,5,1.0
1129745,bertopic,n15_c100_s42,3,1.0
1129847,bertopic,n15_c100_s42,2,1.0
1129929,bertopic,n15_c100_s42,5,0.7200275786101381
1130065,bertopic,n15_c100_s42,10,0.466215794655194
1130119,bertopic,n15_c100_s42,1,0.8671606788621229
1130131,bertopic,n15_c100_s42,6,1.0
1130323,bertopic,n15_c100_s42,3,0.5163380450322697
1130384,bertopic,n15_c100_s42,2,1.0
1130842,bertopic,n15_c100_s42,18,1.0
1130955,bertopic,n15_c100_s42,15,1.0
1131856,bertopic,n15_c100_s42,12,1.0
1132014,bertopic,n15_c100_s42,6,1.0
1132074,bertopic,n15_c100_s42,3,0.8659283303122646
1132163,bertopic,n15_c100_s42,-1,0.0
1132406,bertopic,n15_c100_s42,16,1.0
1132415,bertopic,n15_c100_s42,23,1.0
1132790,bertopic,n15_c100_s42,4,0.5777388156849123
1133215,bertopic,n15_c100_s42,15,1.0
1133283,bertopic,n15_c100_s42,2,0.7365473200867206
1133321,bertopic,n15_c100_s42,19,1.0
1133411,bertopic,n15_c100_s42,0,1.0
1133518,bertopic,n15_c100_s42,0,1.0
1133697,bertopic,n15_c100_s42,-1,0.0
1133760,bertopic,n15_c100_s42,0,1.0
1133776,bertopic,n15_c100_s42,13,1.0
1133880,bertopic,n15_c100_s42,15,0.7829166257660403
1134028,bertopic,n15_c100_s42,-1,0.0
1134165,bertopic,n15_c100_s42,4,0.7454035501488618
1134199,bertopic,n15_c100_s42,15,1.0
1134222,bertopic,n15_c100_s42,0,1.0
1134608,bertopic,n15_c100_s42,-1,0.0
1134753,bertopic,n15_c100_s42,20,0.8249772915146234
1134862,bertopic,n15_c100_s42,6,0.9925624306989881
1135019,bertopic,n15_c100_s42,15,0.25379313965020517
1135134,bertopic,n15_c100_s42,2,1.0
1135142,bertopic,n15_c100_s42,15,1.0
1136015,bertopic,n15_c100_s42,0,1.0
1136884,bertopic,n15_c100_s42,2,0.9626929597875836
1137187,bertopic,n15_c100_s42,4,1.0
1137490,bertopic,n15_c100_s42,21,1.0
1137796,bertopic,n15_c100_s42,2,0.9626929597875836
1138035,bertopic,n15_c100_s42,17,1.0
1138182,bertopic,n15_c100_s42,10,0.3353511252559264
1138623,bertopic,n15_c100_s42,1,0.28807636886564675
1138707,bertopic,n15_c100_s42,-1,0.0
1139842,bertopic,n15_c100_s42,5,0.7585333322787178
1140181,bertopic,n15_c100_s42,0,1.0
1140801,bertopic,n15_c100_s42,14,1.0
1141046,bertopic,n15_c100_s42,15,0.9839302496957048
1141197,bertopic,n15_c100_s42,15,0.12682601409205835
1141638,bertopic,n15_c100_s42,17,1.0
1141813,bertopic,n15_c100_s42,-1,0.0
1141951,bertopic,n15_c100_s42,0,1.0
1142937,bertopic,n15_c100_s42,21,1.0
1144824,bertopic,n15_c100_s42,-1,0.0
1145165,bertopic,n15_c100_s42,12,1.0
1145638,bertopic,n15_c100_s42,9,1.0
1146027,bertopic,n15_c100_s42,-1,0.0
1146042,bertopic,n15_c100_s42,6,1.0
1146152,bertopic,n15_c100_s42,-1,0.0
1146252,bertopic,n15_c100_s42,20,1.0
1146352,bertopic,n15_c100_s42,-1,0.0
1147158,bertopic,n15_c100_s42,7,0.7621278744775771
1147273,bertopic,n15_c100_s42,-1,0.0
1147402,bertopic,n15_c100_s42,-1,0.0
1147699,bertopic,n15_c100_s42,2,1.0
1148447,bertopic,n15_c100_s42,4,1.0
1148547,bertopic,n15_c100_s42,6,1.0
1148606,bertopic,n15_c100_s42,0,1.0
1148875,bertopic,n15_c100_s42,10,0.9348100709493412
1149101,bertopic,n15_c100_s42,7,0.7621278744775771
1149294,bertopic,n15_c100_s42,7,0.7621278744775771
1149383,bertopic,n15_c100_s42,10,1.0
1150390,bertopic,n15_c100_s42,1,0.6900295106973668
1150687,bertopic,n15_c100_s42,4,1.0
1151009,bertopic,n15_c100_s42,0,1.0
1151445,bertopic,n15_c100_s42,2,1.0
1151675,bertopic,n15_c100_s42,10,1.0
1151793,bertopic,n15_c100_s42,20,0.7036464112544747
1154042,bertopic,n15_c100_s42,0,1.0
1154242,bertopic,n15_c100_s42,6,0.6097804174022848
1154680,bertopic,n15_c100_s42,0,0.8446653574187508
1155302,bertopic,n15_c100_s42,7,1.0
1156050,bertopic,n15_c100_s42,-1,0.0
1158781,bertopic,n15_c100_s42,-1,0.0
1159641,bertopic,n15_c100_s42,21,1.0
1160696,bertopic,n15_c100_s42,-1,0.0
1161665,bertopic,n15_c100_s42,-1,0.0
1161789,bertopic,n15_c100_s42,17,1.0
1161895,bertopic,n15_c100_s42,7,0.6728549103742236
1162509,bertopic,n15_c100_s42,-1,0.0
1162778,bertopic,n15_c100_s42,12,0.9578544211365422
1163727,bertopic,n15_c100_s42,0,0.8905794290538647
1163846,bertopic,n15_c100_s42,1,1.0
1166428,bertopic,n15_c100_s42,11,0.812828666928322
1166606,bertopic,n15_c100_s42,7,0.44957460654557396
1172193,bertopic,n15_c100_s42,11,1.0
1173734,bertopic,n15_c100_s42,7,1.0
1176583,bertopic,n15_c100_s42,11,0.6763684517331435
1176973,bertopic,n15_c100_s42,9,1.0
1177723,bertopic,n15_c100_s42,16,0.5340615766348344
1177972,bertopic,n15_c100_s42,-1,0.0
1178665,bertopic,n15_c100_s42,10,0.697984057552163
1179288,bertopic,n15_c100_s42,10,0.466215794655194
1179930,bertopic,n15_c100_s42,12,1.0
1180166,bertopic,n15_c100_s42,0,1.0
1180430,bertopic,n15_c100_s42,-1,0.0
1180915,bertopic,n15_c100_s42,-1,0.0
1182632,bertopic,n15_c100_s42,9,1.0
1185968,bertopic,n15_c100_s42,3,0.3715813634348353
1189527,bertopic,n15_c100_s42,6,1.0
1189737,bertopic,n15_c100_s42,0,1.0
1190471,bertopic,n15_c100_s42,2,1.0
1191095,bertopic,n15_c100_s42,1,0.16364699451608886
1191971,bertopic,n15_c100_s42,6,0.6097804174022848
1192253,bertopic,n15_c100_s42,21,1.0
1192680,bertopic,n15_c100_s42,-1,0.0
1193022,bertopic,n15_c100_s42,0,1.0
1196817,bertopic,n15_c100_s42,-1,0.0
1198108,bertopic,n15_c100_s42,-1,0.0
1200295,bertopic,n15_c100_s42,-1,0.0
1200453,bertopic,n15_c100_s42,-1,0.0
1200649,bertopic,n15_c100_s42,7,1.0
1200694,bertopic,n15_c100_s42,7,1.0
1202138,bertopic,n15_c100_s42,1,0.9360363511835246
1202164,bertopic,n15_c100_s42,16,1.0
1202753,bertopic,n15_c100_s42,4,0.7454035501488618
1203775,bertopic,n15_c100_s42,9,0.6637853707247058
1205723,bertopic,n15_c100_s42,6,0.850545640708154
1207633,bertopic,n15_c100_s42,-1,0.0
1208066,bertopic,n15_c100_s42,17,1.0
1209971,bertopic,n15_c100_s42,22,1.0
1213628,bertopic,n15_c100_s42,14,1.0
1214551,bertopic,n15_c100_s42,-1,0.0
1215205,bertopic,n15_c100_s42,2,0.9626929597875836
1215569,bertopic,n15_c100_s42,9,1.0
1215831,bertopic,n15_c100_s42,7,0.7621278744775771
1216753,bertopic,n15_c100_s42,9,1.0
1217154,bertopic,n15_c100_s42,4,1.0
1217384,bertopic,n15_c100_s42,-1,0.0
1222251,bertopic,n15_c100_s42,3,0.9417446461437188
1222276,bertopic,n15_c100_s42,13,1.0
1223277,bertopic,n15_c100_s42,3,0.9188020742213842
1223412,bertopic,n15_c100_s42,2,1.0
1225916,bertopic,n15_c100_s42,-1,0.0
1226995,bertopic,n15_c100_s42,-1,0.0
1227271,bertopic,n15_c100_s42,13,1.0
1227710,bertopic,n15_c100_s42,14,0.25533368214296903
1228096,bertopic,n15_c100_s42,7,0.7621278744775771
1228776,bertopic,n15_c100_s42,6,1.0
1229008,bertopic,n15_c100_s42,-1,0.0
1229988,bertopic,n15_c100_s42,3,0.7037403008670217
1231622,bertopic,n15_c100_s42,14,1.0
1231635,bertopic,n15_c100_s42,-1,0.0
1231901,bertopic,n15_c100_s42,13,1.0
1232008,bertopic,n15_c100_s42,4,0.751375338110363
1232174,bertopic,n15_c100_s42,1,1.0
1233088,bertopic,n15_c100_s42,12,1.0
1233385,bertopic,n15_c100_s42,7,1.0
1233422,bertopic,n15_c100_s42,3,1.0
1235322,bertopic,n15_c100_s42,1,0.7675571842660702
1236378,bertopic,n15_c100_s42,3,1.0
1237031,bertopic,n15_c100_s42,6,0.7091087023165829
1237170,bertopic,n15_c100_s42,1,0.583900998992028
1237413,bertopic,n15_c100_s42,7,0.7621278744775771
1237848,bertopic,n15_c100_s42,15,1.0
1237922,bertopic,n15_c100_s42,16,1.0
1238889,bertopic,n15_c100_s42,7,0.7621278744775771
1238961,bertopic,n15_c100_s42,9,1.0
1239523,bertopic,n15_c100_s42,13,1.0
1240026,bertopic,n15_c100_s42,-1,0.0
1241291,bertopic,n15_c100_s42,14,0.25533368214296903
1242184,bertopic,n15_c100_s42,17,1.0
1245244,bertopic,n15_c100_s42,2,1.0
1248105,bertopic,n15_c100_s42,8,1.0
1248204,bertopic,n15_c100_s42,4,0.751375338110363
1248300,bertopic,n15_c100_s42,9,1.0
1250399,bertopic,n15_c100_s42,5,1.0
1251753,bertopic,n15_c100_s42,-1,0.0
1252071,bertopic,n15_c100_s42,19,0.6942418123368349
1252327,bertopic,n15_c100_s42,13,1.0
1254524,bertopic,n15_c100_s42,20,1.0
1256404,bertopic,n15_c100_s42,4,0.5788302857528629
1257472,bertopic,n15_c100_s42,20,0.7447308110710114
1260426,bertopic,n15_c100_s42,6,0.6097804174022848
1261053,bertopic,n15_c100_s42,21,1.0
1261757,bertopic,n15_c100_s42,0,1.0
1262969,bertopic,n15_c100_s42,4,0.6279695719744072
1263492,bertopic,n15_c100_s42,17,1.0
1264343,bertopic,n15_c100_s42,13,1.0
1264590,bertopic,n15_c100_s42,9,1.0
1264716,bertopic,n15_c100_s42,4,0.546341369073439
1266683,bertopic,n15_c100_s42,-1,0.0
1267035,bertopic,n15_c100_s42,9,1.0
1267428,bertopic,n15_c100_s42,6,0.6097804174022848
1267998,bertopic,n15_c100_s42,0,1.0
1270171,bertopic,n15_c100_s42,-1,0.0
1271152,bertopic,n15_c100_s42,16,0.20740855699722183
1271406,bertopic,n15_c100_s42,-1,0.0
1273521,bertopic,n15_c100_s42,17,1.0
1274004,bertopic,n15_c100_s42,14,1.0
1275243,bertopic,n15_c100_s42,7,0.7621278744775771
1275309,bertopic,n15_c100_s42,2,0.7942111631652888
1276979,bertopic,n15_c100_s42,4,0.751375338110363
1277211,bertopic,n15_c100_s42,9,1.0
1277828,bertopic,n15_c100_s42,-1,0.0
1278728,bertopic,n15_c100_s42,7,0.38744444015228974
1280692,bertopic,n15_c100_s42,1,1.0
1282492,bertopic,n15_c100_s42,11,0.6622479871699721
1282669,bertopic,n15_c100_s42,-1,0.0
1283815,bertopic,n15_c100_s42,15,1.0
1285885,bertopic,n15_c100_s42,9,1.0
1286087,bertopic,n15_c100_s42,-1,0.0
1286957,bertopic,n15_c100_s42,7,0.7621278744775771
1288369,bertopic,n15_c100_s42,1,0.9080997182324889
1293162,bertopic,n15_c100_s42,7,0.7621278744775771
1293332,bertopic,n15_c100_s42,17,1.0
1293933,bertopic,n15_c100_s42,14,1.0
1295827,bertopic,n15_c100_s42,-1,0.0
1295853,bertopic,n15_c100_s42,11,0.8998709794939561
1295865,bertopic,n15_c100_s42,3,0.38844285554338304
1295888,bertopic,n15_c100_s42,21,1.0
1296775,bertopic,n15_c100_s42,17,1.0
1297875,bertopic,n15_c100_s42,0,1.0
1298653,bertopic,n15_c100_s42,-1,0.0
1303438,bertopic,n15_c100_s42,2,1.0
1303474,bertopic,n15_c100_s42,7,0.7621278744775771
1304857,bertopic,n15_c100_s42,0,1.0
1305880,bertopic,n15_c100_s42,-1,0.0
1306813,bertopic,n15_c100_s42,4,0.7454035501488618
1307171,bertopic,n15_c100_s42,-1,0.0
1311466,bertopic,n15_c100_s42,-1,0.0
1312605,bertopic,n15_c100_s42,13,1.0
1312667,bertopic,n15_c100_s42,-1,0.0
1312787,bertopic,n15_c100_s42,22,1.0
1313336,bertopic,n15_c100_s42,9,0.7904314387246095
1314141,bertopic,n15_c100_s42,0,0.3277305395150376
1314588,bertopic,n15_c100_s42,0,0.1344555810401498
1315353,bertopic,n15_c100_s42,-1,0.0
1316358,bertopic,n15_c100_s42,5,0.9597555320007486
1317422,bertopic,n15_c100_s42,2,1.0
1319309,bertopic,n15_c100_s42,11,0.812828666928322
1319652,bertopic,n15_c100_s42,18,0.98827082206367
1322468,bertopic,n15_c100_s42,-1,0.0
1322941,bertopic,n15_c100_s42,7,0.7621278744775771
1325291,bertopic,n15_c100_s42,-1,0.0
1326263,bertopic,n15_c100_s42,7,0.7621278744775771
1326419,bertopic,n15_c100_s42,1,0.26998012718538983
1327705,bertopic,n15_c100_s42,20,1.0
1328425,bertopic,n15_c100_s42,4,1.0
1328433,bertopic,n15_c100_s42,12,0.9578544211365422
1328559,bertopic,n15_c100_s42,7,1.0
1328590,bertopic,n15_c100_s42,12,0.9578544211365422
1328629,bertopic,n15_c100_s42,12,1.0
1328920,bertopic,n15_c100_s42,-1,0.0
1329456,bertopic,n15_c100_s42,-1,0.0
1330537,bertopic,n15_c100_s42,17,1.0
1331105,bertopic,n15_c100_s42,-1,0.0
1331247,bertopic,n15_c100_s42,22,1.0
1331568,bertopic,n15_c100_s42,16,1.0
1331824,bertopic,n15_c100_s42,8,1.0
1332132,bertopic,n15_c100_s42,14,1.0
1332151,bertopic,n15_c100_s42,22,1.0
1333447,bertopic,n15_c100_s42,10,1.0
1333466,bertopic,n15_c100_s42,-1,0.0
1333612,bertopic,n15_c100_s42,14,1.0
1333849,bertopic,n15_c100_s42,-1,0.0
1333894,bertopic,n15_c100_s42,5,0.9498638311613158
1334215,bertopic,n15_c100_s42,20,1.0
1334660,bertopic,n15_c100_s42,5,0.8043204014847739
1334867,bertopic,n15_c100_s42,9,0.9343738418097635
1334990,bertopic,n15_c100_s42,3,0.9417446461437188
1335182,bertopic,n15_c100_s42,3,1.0
1335569,bertopic,n15_c100_s42,-1,0.0
1335873,bertopic,n15_c100_s42,-1,0.0
1336013,bertopic,n15_c100_s42,22,1.0
1336227,bertopic,n15_c100_s42,6,0.6097804174022848
1336272,bertopic,n15_c100_s42,-1,0.0
1336457,bertopic,n15_c100_s42,19,1.0
1336508,bertopic,n15_c100_s42,6,0.6097804174022848
1336545,bertopic,n15_c100_s42,-1,0.0
1336635,bertopic,n15_c100_s42,-1,0.0
1336697,bertopic,n15_c100_s42,5,0.8299390783880514
1336889,bertopic,n15_c100_s42,22,1.0
1337777,bertopic,n15_c100_s42,1,1.0
1337833,bertopic,n15_c100_s42,-1,0.0
1337953,bertopic,n15_c100_s42,3,0.5163380450322697
1338185,bertopic,n15_c100_s42,1,1.0
1338187,bertopic,n15_c100_s42,0,1.0
1338591,bertopic,n15_c100_s42,8,1.0
1338720,bertopic,n15_c100_s42,-1,0.0
1339546,bertopic,n15_c100_s42,1,0.583900998992028
1339717,bertopic,n15_c100_s42,-1,0.0
1339936,bertopic,n15_c100_s42,-1,0.0
1340018,bertopic,n15_c100_s42,0,0.1344555810401498
1340221,bertopic,n15_c100_s42,5,0.9498638311613158
1340290,bertopic,n15_c100_s42,12,1.0
1340354,bertopic,n15_c100_s42,-1,0.0
1340550,bertopic,n15_c100_s42,11,0.7461438157056329
1340579,bertopic,n15_c100_s42,-1,0.0
1340837,bertopic,n15_c100_s42,5,0.9274315746269063
1340896,bertopic,n15_c100_s42,3,1.0
1341084,bertopic,n15_c100_s42,18,1.0
1341136,bertopic,n15_c100_s42,12,1.0
1341197,bertopic,n15_c100_s42,10,1.0
1341211,bertopic,n15_c100_s42,4,1.0
1341349,bertopic,n15_c100_s42,2,1.0
1341492,bertopic,n15_c100_s42,19,1.0
1341518,bertopic,n15_c100_s42,16,1.0
1341529,bertopic,n15_c100_s42,18,1.0
1341600,bertopic,n15_c100_s42,18,1.0
1341631,bertopic,n15_c100_s42,22,1.0
1341648,bertopic,n15_c100_s42,1,0.9609824701315759
1341653,bertopic,n15_c100_s42,5,1.0
1341654,bertopic,n15_c100_s42,3,0.9813994710696438
1341717,bertopic,n15_c100_s42,0,0.23560015028267306
1341723,bertopic,n15_c100_s42,-1,0.0
1341731,bertopic,n15_c100_s42,-1,0.0
1341735,bertopic,n15_c100_s42,19,0.6995872472353761
1341778,bertopic,n15_c100_s42,-1,0.0
1341855,bertopic,n15_c100_s42,18,1.0
1341861,bertopic,n15_c100_s42,5,0.9498638311613158
1341976,bertopic,n15_c100_s42,2,0.7365473200867206
1341980,bertopic,n15_c100_s42,18,1.0
1341997,bertopic,n15_c100_s42,2,1.0
1342072,bertopic,n15_c100_s42,18,1.0
1342094,bertopic,n15_c100_s42,-1,0.0
1342147,bertopic,n15_c100_s42,-1,0.0
1342200,bertopic,n15_c100_s42,1,0.577519801558418
1342209,bertopic,n15_c100_s42,5,0.7399739684538389
1342353,bertopic,n15_c100_s42,1,0.8735701367335987
1342385,bertopic,n15_c100_s42,5,0.8299112352953
1342387,bertopic,n15_c100_s42,1,0.3492321434883388
1342400,bertopic,n15_c100_s42,1,1.0
1342431,bertopic,n15_c100_s42,1,0.9609824701315759
1342456,bertopic,n15_c100_s42,14,0.7049501254736673
1342504,bertopic,n15_c100_s42,18,1.0
1342820,bertopic,n15_c100_s42,17,1.0
1342923,bertopic,n15_c100_s42,18,1.0
1343205,bertopic,n15_c100_s42,-1,0.0
1343217,bertopic,n15_c100_s42,22,0.9498732164380203
1343397,bertopic,n15_c100_s42,18,1.0
1343705,bertopic,n15_c100_s42,-1,0.0
1343918,bertopic,n15_c100_s42,21,1.0
1346153,bertopic,n15_c100_s42,7,0.7621278744775771
1347867,bertopic,n15_c100_s42,7,0.7621278744775771
1349045,bertopic,n15_c100_s42,7,0.4540027094819529
1350240,bertopic,n15_c100_s42,4,1.0
1350512,bertopic,n15_c100_s42,-1,0.0
1350627,bertopic,n15_c100_s42,-1,0.0
1350933,bertopic,n15_c100_s42,0,1.0
1352422,bertopic,n15_c100_s42,2,1.0
1352426,bertopic,n15_c100_s42,4,0.5945970321172419
1352433,bertopic,n15_c100_s42,19,1.0
1352468,bertopic,n15_c100_s42,5,0.9317451154352365
1352471,bertopic,n15_c100_s42,1,0.9609824701315759
1352495,bertopic,n15_c100_s42,21,1.0
1352496,bertopic,n15_c100_s42,18,1.0
1352515,bertopic,n15_c100_s42,-1,0.0
1352534,bertopic,n15_c100_s42,1,0.8322296680625831
1352596,bertopic,n15_c100_s42,1,0.9609824701315759
1352613,bertopic,n15_c100_s42,1,0.9038023783362015
1352718,bertopic,n15_c100_s42,18,1.0
1352820,bertopic,n15_c100_s42,-1,0.0
1352903,bertopic,n15_c100_s42,18,1.0
1352958,bertopic,n15_c100_s42,19,1.0
1352995,bertopic,n15_c100_s42,18,1.0
1353016,bertopic,n15_c100_s42,2,1.0
1353060,bertopic,n15_c100_s42,-1,0.0
1353072,bertopic,n15_c100_s42,2,1.0
1353120,bertopic,n15_c100_s42,18,1.0
1353281,bertopic,n15_c100_s42,20,1.0
1353290,bertopic,n15_c100_s42,5,0.7202088332332651
1353320,bertopic,n15_c100_s42,-1,0.0
1353323,bertopic,n15_c100_s42,18,1.0
1353372,bertopic,n15_c100_s42,-1,0.0
1353458,bertopic,n15_c100_s42,0,0.8894141263008447
1353520,bertopic,n15_c100_s42,18,1.0
1353567,bertopic,n15_c100_s42,19,1.0
1353575,bertopic,n15_c100_s42,13,1.0
1353735,bertopic,n15_c100_s42,18,1.0
1353748,bertopic,n15_c100_s42,5,0.8177395726038369
1353809,bertopic,n15_c100_s42,-1,0.0
1353844,bertopic,n15_c100_s42,18,1.0
1353851,bertopic,n15_c100_s42,2,0.8778865827702653
1353908,bertopic,n15_c100_s42,18,1.0
1354016,bertopic,n15_c100_s42,5,0.8772187580339897
1354033,bertopic,n15_c100_s42,18,1.0
1354073,bertopic,n15_c100_s42,3,0.9417446461437188
1354115,bertopic,n15_c100_s42,3,0.5325789787560463
1354131,bertopic,n15_c100_s42,3,1.0
1354200,bertopic,n15_c100_s42,18,1.0
1354225,bertopic,n15_c100_s42,6,0.850545640708154
1354386,bertopic,n15_c100_s42,-1,0.0
1354429,bertopic,n15_c100_s42,19,1.0
1354493,bertopic,n15_c100_s42,18,1.0
1354538,bertopic,n15_c100_s42,8,1.0
1354555,bertopic,n15_c100_s42,18,1.0
1354623,bertopic,n15_c100_s42,4,0.5945970321172419
1354630,bertopic,n15_c100_s42,5,0.7721912154780086
1354634,bertopic,n15_c100_s42,18,1.0
1354764,bertopic,n15_c100_s42,10,0.6502468194278831
1354790,bertopic,n15_c100_s42,18,1.0
1354799,bertopic,n15_c100_s42,18,1.0
1354892,bertopic,n15_c100_s42,3,0.4022183356724971
1354928,bertopic,n15_c100_s42,5,0.9498638311613158
1355075,bertopic,n15_c100_s42,18,1.0
1355098,bertopic,n15_c100_s42,10,0.466215794655194
1355148,bertopic,n15_c100_s42,18,1.0
1355189,bertopic,n15_c100_s42,19,1.0
1355212,bertopic,n15_c100_s42,18,1.0
1355277,bertopic,n15_c100_s42,0,1.0
1355289,bertopic,n15_c100_s42,-1,0.0
1355306,bertopic,n15_c100_s42,0,1.0
1355387,bertopic,n15_c100_s42,0,0.26634822563413885
1355464,bertopic,n15_c100_s42,19,0.7132050203442498
1355474,bertopic,n15_c100_s42,5,0.9498638311613158
1355513,bertopic,n15_c100_s42,8,1.0
1355600,bertopic,n15_c100_s42,0,1.0
1355641,bertopic,n15_c100_s42,-1,0.0
1355698,bertopic,n15_c100_s42,19,1.0
1355959,bertopic,n15_c100_s42,-1,0.0
1356010,bertopic,n15_c100_s42,3,0.8023179616914295
1356076,bertopic,n15_c100_s42,18,1.0
1356190,bertopic,n15_c100_s42,16,1.0
1356274,bertopic,n15_c100_s42,18,1.0
1356290,bertopic,n15_c100_s42,3,0.5163380450322697
1356495,bertopic,n15_c100_s42,3,0.5163380450322697
1356519,bertopic,n15_c100_s42,18,1.0
1356599,bertopic,n15_c100_s42,18,1.0
1356604,bertopic,n15_c100_s42,-1,0.0
1356627,bertopic,n15_c100_s42,14,0.7844968136012587
1356668,bertopic,n15_c100_s42,12,0.9578544211365422
1356670,bertopic,n15_c100_s42,15,1.0
1356825,bertopic,n15_c100_s42,5,0.7510821250115883
1356942,bertopic,n15_c100_s42,18,1.0
1356967,bertopic,n15_c100_s42,18,1.0
1356975,bertopic,n15_c100_s42,3,1.0
1357163,bertopic,n15_c100_s42,-1,0.0
1357414,bertopic,n15_c100_s42,18,1.0
1357473,bertopic,n15_c100_s42,4,0.751375338110363
1357554,bertopic,n15_c100_s42,18,1.0
1357652,bertopic,n15_c100_s42,5,0.8466970443954863
1357665,bertopic,n15_c100_s42,6,1.0
1357813,bertopic,n15_c100_s42,18,1.0
1357853,bertopic,n15_c100_s42,18,1.0
1357960,bertopic,n15_c100_s42,18,1.0
1358114,bertopic,n15_c100_s42,-1,0.0
1358178,bertopic,n15_c100_s42,14,0.25533368214296903
1358210,bertopic,n15_c100_s42,22,1.0
1358250,bertopic,n15_c100_s42,-1,0.0
1358624,bertopic,n15_c100_s42,15,1.0
1358742,bertopic,n15_c100_s42,-1,0.0
1358818,bertopic,n15_c100_s42,18,1.0
1358971,bertopic,n15_c100_s42,0,1.0
1359310,bertopic,n15_c100_s42,0,1.0
1359637,bertopic,n15_c100_s42,21,1.0
1359667,bertopic,n15_c100_s42,-1,0.0
1359688,bertopic,n15_c100_s42,18,1.0
1359697,bertopic,n15_c100_s42,18,1.0
1360008,bertopic,n15_c100_s42,-1,0.0
1360222,bertopic,n15_c100_s42,-1,0.0
1360241,bertopic,n15_c100_s42,0,1.0
1360518,bertopic,n15_c100_s42,-1,0.0
1360532,bertopic,n15_c100_s42,13,0.9915730425088612
1360803,bertopic,n15_c100_s42,18,1.0
1361392,bertopic,n15_c100_s42,18,1.0
1361989,bertopic,n15_c100_s42,5,0.7851319206474237
1362085,bertopic,n15_c100_s42,3,0.508272267670878
1362270,bertopic,n15_c100_s42,4,0.5945970321172419
1363598,bertopic,n15_c100_s42,8,1.0
1364107,bertopic,n15_c100_s42,21,1.0
1364501,bertopic,n15_c100_s42,-1,0.0
1365761,bertopic,n15_c100_s42,-1,0.0
1365820,bertopic,n15_c100_s42,7,0.5904998517251169
1365942,bertopic,n15_c100_s42,6,1.0
1366210,bertopic,n15_c100_s42,2,1.0
1367076,bertopic,n15_c100_s42,3,0.5163380450322697
1367334,bertopic,n15_c100_s42,4,1.0
1368672,bertopic,n15_c100_s42,-1,0.0
1368830,bertopic,n15_c100_s42,-1,0.0
1369052,bertopic,n15_c100_s42,2,1.0
1369207,bertopic,n15_c100_s42,-1,0.0
1370009,bertopic,n15_c100_s42,16,1.0
1370734,bertopic,n15_c100_s42,12,0.9578544211365422
1371099,bertopic,n15_c100_s42,7,0.7010526408007319
1372834,bertopic,n15_c100_s42,-1,0.0
1373382,bertopic,n15_c100_s42,7,0.7621278744775771
1373517,bertopic,n15_c100_s42,8,1.0
1374213,bertopic,n15_c100_s42,-1,0.0
1374351,bertopic,n15_c100_s42,16,1.0
1374888,bertopic,n15_c100_s42,5,0.9173047620204663
1375962,bertopic,n15_c100_s42,8,1.0
1377305,bertopic,n15_c100_s42,9,0.9970282737655833
1378147,bertopic,n15_c100_s42,15,0.32174065161154075
1378625,bertopic,n15_c100_s42,17,1.0
1378806,bertopic,n15_c100_s42,2,1.0
1379129,bertopic,n15_c100_s42,10,0.4775561498602521
1379802,bertopic,n15_c100_s42,-1,0.0
1380129,bertopic,n15_c100_s42,6,0.8087597550348318
1381254,bertopic,n15_c100_s42,16,0.9669476377787237
1381696,bertopic,n15_c100_s42,-1,0.0
1381808,bertopic,n15_c100_s42,20,1.0
1383057,bertopic,n15_c100_s42,0,1.0
1383889,bertopic,n15_c100_s42,4,0.8939105786056402
1385669,bertopic,n15_c100_s42,-1,0.0
1386600,bertopic,n15_c100_s42,11,1.0
1386891,bertopic,n15_c100_s42,0,0.6045848133671266
1386909,bertopic,n15_c100_s42,4,0.7454035501488618
1386978,bertopic,n15_c100_s42,-1,0.0
1387913,bertopic,n15_c100_s42,5,0.76349383880686
1388481,bertopic,n15_c100_s42,17,1.0
1388627,bertopic,n15_c100_s42,3,1.0
1389193,bertopic,n15_c100_s42,-1,0.0
1389237,bertopic,n15_c100_s42,7,1.0
1389776,bertopic,n15_c100_s42,6,0.7567100045091549
1389785,bertopic,n15_c100_s42,0,1.0
1391001,bertopic,n15_c100_s42,5,0.8437364359328252
1391878,bertopic,n15_c100_s42,-1,0.0
1392171,bertopic,n15_c100_s42,-1,0.0
1392616,bertopic,n15_c100_s42,0,0.5676249703556613
1392742,bertopic,n15_c100_s42,10,0.697984057552163
1393021,bertopic,n15_c100_s42,5,0.7893160256865499
1393149,bertopic,n15_c100_s42,0,1.0
1393280,bertopic,n15_c100_s42,-1,0.0
1393391,bertopic,n15_c100_s42,-1,0.0
1393488,bertopic,n15_c100_s42,16,1.0
1393512,bertopic,n15_c100_s42,0,1.0
1393553,bertopic,n15_c100_s42,-1,0.0
1393777,bertopic,n15_c100_s42,4,0.5945970321172419
1394418,bertopic,n15_c100_s42,0,0.635061484373618
1394813,bertopic,n15_c100_s42,15,0.8303654193575003
1395113,bertopic,n15_c100_s42,-1,0.0
1396305,bertopic,n15_c100_s42,0,1.0
1396536,bertopic,n15_c100_s42,3,0.5795253702879617
1397992,bertopic,n15_c100_s42,0,1.0
1398139,bertopic,n15_c100_s42,4,0.7454035501488618
1398174,bertopic,n15_c100_s42,4,1.0
1398252,bertopic,n15_c100_s42,4,1.0
1398346,bertopic,n15_c100_s42,-1,0.0
1399933,bertopic,n15_c100_s42,-1,0.0
1400276,bertopic,n15_c100_s42,8,1.0
1401281,bertopic,n15_c100_s42,16,1.0
1401776,bertopic,n15_c100_s42,7,1.0
1403499,bertopic,n15_c100_s42,20,1.0
1403543,bertopic,n15_c100_s42,11,0.812828666928322
1403618,bertopic,n15_c100_s42,0,0.8683971448673102
1403934,bertopic,n15_c100_s42,-1,0.0
1404262,bertopic,n15_c100_s42,12,1.0
1404449,bertopic,n15_c100_s42,8,1.0
1404526,bertopic,n15_c100_s42,9,1.0
1405038,bertopic,n15_c100_s42,0,1.0
1405327,bertopic,n15_c100_s42,-1,0.0
1406803,bertopic,n15_c100_s42,5,1.0
1407139,bertopic,n15_c100_s42,-1,0.0
1407233,bertopic,n15_c100_s42,12,1.0
1407371,bertopic,n15_c100_s42,3,0.3715813634348353
1407589,bertopic,n15_c100_s42,15,1.0
1408074,bertopic,n15_c100_s42,15,1.0
1408639,bertopic,n15_c100_s42,3,0.5795253702879617
1408737,bertopic,n15_c100_s42,3,0.5795253702879617
1409160,bertopic,n15_c100_s42,-1,0.0
1409834,bertopic,n15_c100_s42,15,1.0
1410309,bertopic,n15_c100_s42,-1,0.0
1410817,bertopic,n15_c100_s42,0,1.0
1410862,bertopic,n15_c100_s42,0,1.0
1410997,bertopic,n15_c100_s42,0,1.0
1411119,bertopic,n15_c100_s42,0,1.0
1411519,bertopic,n15_c100_s42,16,1.0
1411756,bertopic,n15_c100_s42,15,0.9007442731109817
1412149,bertopic,n15_c100_s42,0,1.0
1412424,bertopic,n15_c100_s42,-1,0.0
1412975,bertopic,n15_c100_s42,14,0.25533368214296903
1413114,bertopic,n15_c100_s42,-1,0.0
1413469,bertopic,n15_c100_s42,3,0.8783398048110329
1413886,bertopic,n15_c100_s42,-1,0.0
1414377,bertopic,n15_c100_s42,8,1.0
1414621,bertopic,n15_c100_s42,0,1.0
1414854,bertopic,n15_c100_s42,16,1.0
1418587,bertopic,n15_c100_s42,5,0.9274315746269063
1419130,bertopic,n15_c100_s42,11,1.0
1419281,bertopic,n15_c100_s42,8,1.0
1419373,bertopic,n15_c100_s42,15,0.9392988852978132
1420150,bertopic,n15_c100_s42,14,1.0
1420359,bertopic,n15_c100_s42,17,1.0
1420676,bertopic,n15_c100_s42,-1,0.0
1421290,bertopic,n15_c100_s42,6,0.6097804174022848
1421554,bertopic,n15_c100_s42,10,1.0
1421739,bertopic,n15_c100_s42,7,0.3929587819414512
1422211,bertopic,n15_c100_s42,11,0.812828666928322
1422237,bertopic,n15_c100_s42,14,0.25533368214296903
1422305,bertopic,n15_c100_s42,2,1.0
1422445,bertopic,n15_c100_s42,16,1.0
1422449,bertopic,n15_c100_s42,22,1.0
1422805,bertopic,n15_c100_s42,0,1.0
1423023,bertopic,n15_c100_s42,11,0.812828666928322
1423636,bertopic,n15_c100_s42,3,0.3612544383570033
1423827,bertopic,n15_c100_s42,0,1.0
1424324,bertopic,n15_c100_s42,3,0.5163380450322697
1424560,bertopic,n15_c100_s42,22,1.0
1424726,bertopic,n15_c100_s42,7,1.0
1425329,bertopic,n15_c100_s42,4,1.0
1425381,bertopic,n15_c100_s42,2,1.0
1425396,bertopic,n15_c100_s42,11,0.812828666928322
1425918,bertopic,n15_c100_s42,0,0.6496186928220912
1426603,bertopic,n15_c100_s42,22,1.0
1427271,bertopic,n15_c100_s42,3,1.0
1427504,bertopic,n15_c100_s42,0,1.0
1428060,bertopic,n15_c100_s42,17,1.0
1428577,bertopic,n15_c100_s42,5,0.8772187580339897
1429008,bertopic,n15_c100_s42,-1,0.0
1429314,bertopic,n15_c100_s42,-1,0.0
1429483,bertopic,n15_c100_s42,1,0.26998012718538983
1429660,bertopic,n15_c100_s42,-1,0.0
1430221,bertopic,n15_c100_s42,7,0.7621278744775771
1430422,bertopic,n15_c100_s42,-1,0.0
1431867,bertopic,n15_c100_s42,10,0.697984057552163
1433003,bertopic,n15_c100_s42,4,1.0
1433177,bertopic,n15_c100_s42,0,1.0
1433228,bertopic,n15_c100_s42,7,1.0
1433399,bertopic,n15_c100_s42,20,1.0
1433559,bertopic,n15_c100_s42,2,1.0
1434021,bertopic,n15_c100_s42,6,0.3332965451553221
1434138,bertopic,n15_c100_s42,5,0.7174667159763295
1435315,bertopic,n15_c100_s42,-1,0.0
1435944,bertopic,n15_c100_s42,1,1.0
1435954,bertopic,n15_c100_s42,7,1.0
1435966,bertopic,n15_c100_s42,13,1.0
1436002,bertopic,n15_c100_s42,1,1.0
1436096,bertopic,n15_c100_s42,16,1.0
1436232,bertopic,n15_c100_s42,-1,0.0
1436382,bertopic,n15_c100_s42,3,0.9417446461437188
1436761,bertopic,n15_c100_s42,3,0.9417446461437188
1436769,bertopic,n15_c100_s42,6,0.6097804174022848
1437201,bertopic,n15_c100_s42,4,0.8939105786056402
1437730,bertopic,n15_c100_s42,7,1.0
1438428,bertopic,n15_c100_s42,8,1.0
1438672,bertopic,n15_c100_s42,3,1.0
1439249,bertopic,n15_c100_s42,4,0.5644219847474434
1439868,bertopic,n15_c100_s42,15,1.0
1440498,bertopic,n15_c100_s42,5,0.8606300731447787
1442827,bertopic,n15_c100_s42,5,0.8772187580339897
1443154,bertopic,n15_c100_s42,3,0.7163618567501269
1443270,bertopic,n15_c100_s42,7,1.0
1443466,bertopic,n15_c100_s42,7,1.0
1443642,bertopic,n15_c100_s42,7,1.0
1443675,bertopic,n15_c100_s42,7,1.0
1443679,bertopic,n15_c100_s42,7,1.0
1443967,bertopic,n15_c100_s42,7,1.0
1444123,bertopic,n15_c100_s42,10,1.0
1444388,bertopic,n15_c100_s42,9,1.0
1444407,bertopic,n15_c100_s42,1,0.9603556067540078
1444816,bertopic,n15_c100_s42,-1,0.0
1445155,bertopic,n15_c100_s42,-1,0.0
1445868,bertopic,n15_c100_s42,14,0.7844968136012587
1446344,bertopic,n15_c100_s42,3,1.0
1447236,bertopic,n15_c100_s42,14,0.7217800534226364
1447277,bertopic,n15_c100_s42,14,0.6723244808804043
1447518,bertopic,n15_c100_s42,19,1.0
1447668,bertopic,n15_c100_s42,1,1.0
1448206,bertopic,n15_c100_s42,1,1.0
1448247,bertopic,n15_c100_s42,3,0.4400954616548171
1448250,bertopic,n15_c100_s42,-1,0.0
1448327,bertopic,n15_c100_s42,8,0.9344481371414334
1448611,bertopic,n15_c100_s42,11,0.812828666928322
1448896,bertopic,n15_c100_s42,1,0.36680069914803276
1449283,bertopic,n15_c100_s42,0,1.0
1449372,bertopic,n15_c100_s42,-1,0.0
1449655,bertopic,n15_c100_s42,1,1.0
1449677,bertopic,n15_c100_s42,0,1.0
1449683,bertopic,n15_c100_s42,0,0.90321742882971
1449805,bertopic,n15_c100_s42,14,0.7844968136012587
1449843,bertopic,n15_c100_s42,14,0.7844968136012587
1450043,bertopic,n15_c100_s42,1,1.0
1450121,bertopic,n15_c100_s42,22,1.0
1450731,bertopic,n15_c100_s42,-1,0.0
1450759,bertopic,n15_c100_s42,-1,0.0
1451103,bertopic,n15_c100_s42,-1,0.0
1451408,bertopic,n15_c100_s42,10,0.697984057552163
1451509,bertopic,n15_c100_s42,15,0.5529608621026516
1451529,bertopic,n15_c100_s42,0,0.6542392992068327
1451625,bertopic,n15_c100_s42,15,1.0
1452133,bertopic,n15_c100_s42,14,1.0
1453222,bertopic,n15_c100_s42,-1,0.0
1453255,bertopic,n15_c100_s42,15,1.0
1453330,bertopic,n15_c100_s42,-1,0.0
1453464,bertopic,n15_c100_s42,2,1.0
1453989,bertopic,n15_c100_s42,1,0.583900998992028
1454189,bertopic,n15_c100_s42,-1,0.0
1454199,bertopic,n15_c100_s42,-1,0.0
1454244,bertopic,n15_c100_s42,10,1.0
1454277,bertopic,n15_c100_s42,-1,0.0
1454429,bertopic,n15_c100_s42,3,1.0
1454947,bertopic,n15_c100_s42,8,1.0
1454949,bertopic,n15_c100_s42,3,1.0
1455111,bertopic,n15_c100_s42,-1,0.0
1455238,bertopic,n15_c100_s42,0,1.0
1455283,bertopic,n15_c100_s42,5,0.8772187580339897
1455354,bertopic,n15_c100_s42,7,1.0
1455402,bertopic,n15_c100_s42,1,1.0
1455720,bertopic,n15_c100_s42,-1,0.0
1455994,bertopic,n15_c100_s42,9,1.0
1456517,bertopic,n15_c100_s42,8,0.9796441196497396
1456665,bertopic,n15_c100_s42,13,1.0
1456962,bertopic,n15_c100_s42,-1,0.0
1457263,bertopic,n15_c100_s42,5,0.9498638311613158
1457325,bertopic,n15_c100_s42,-1,0.0
1457859,bertopic,n15_c100_s42,1,1.0
1457932,bertopic,n15_c100_s42,3,0.42263760391524957
1457983,bertopic,n15_c100_s42,2,0.8971013336109194
1458072,bertopic,n15_c100_s42,1,0.8286675008247927
1458241,bertopic,n15_c100_s42,-1,0.0
1458262,bertopic,n15_c100_s42,3,0.5795253702879617
1458275,bertopic,n15_c100_s42,3,0.485475342875821
1458437,bertopic,n15_c100_s42,12,1.0
1458616,bertopic,n15_c100_s42,1,0.9603556067540078
1458672,bertopic,n15_c100_s42,22,1.0
1458964,bertopic,n15_c100_s42,8,1.0
1459015,bertopic,n15_c100_s42,16,1.0
1459678,bertopic,n15_c100_s42,7,0.703918741701733
1459715,bertopic,n15_c100_s42,20,1.0
1459749,bertopic,n15_c100_s42,4,0.8939105786056402
1459777,bertopic,n15_c100_s42,4,0.8939105786056402
1459845,bertopic,n15_c100_s42,13,0.9186618635021457
1459893,bertopic,n15_c100_s42,16,1.0
1459929,bertopic,n15_c100_s42,4,0.8939105786056402
1459987,bertopic,n15_c100_s42,-1,0.0
1460048,bertopic,n15_c100_s42,-1,0.0
1460075,bertopic,n15_c100_s42,4,0.8939105786056402
1460145,bertopic,n15_c100_s42,2,0.7274326457614272
1460432,bertopic,n15_c100_s42,13,1.0
1460462,bertopic,n15_c100_s42,2,1.0
1460518,bertopic,n15_c100_s42,8,0.9738087921119112
1461227,bertopic,n15_c100_s42,-1,0.0
1461289,bertopic,n15_c100_s42,-1,0.0
1461300,bertopic,n15_c100_s42,-1,0.0
1461315,bertopic,n15_c100_s42,21,1.0
1461357,bertopic,n15_c100_s42,1,0.583900998992028
1461797,bertopic,n15_c100_s42,5,0.7666252133581744
1461825,bertopic,n15_c100_s42,0,1.0
1461835,bertopic,n15_c100_s42,8,1.0
1461873,bertopic,n15_c100_s42,14,1.0
1461916,bertopic,n15_c100_s42,14,0.25533368214296903
1462157,bertopic,n15_c100_s42,11,0.812828666928322
1462192,bertopic,n15_c100_s42,11,0.812828666928322
1462467,bertopic,n15_c100_s42,10,0.697984057552163
1464287,bertopic,n15_c100_s42,6,0.6097804174022848
1464707,bertopic,n15_c100_s42,5,0.9223749683568488
1465268,bertopic,n15_c100_s42,11,0.8049490893468261
1465580,bertopic,n15_c100_s42,-1,0.0
1465862,bertopic,n15_c100_s42,-1,0.0
1467500,bertopic,n15_c100_s42,3,1.0
1468123,bertopic,n15_c100_s42,-1,0.0
1468145,bertopic,n15_c100_s42,3,0.9417446461437188
1468240,bertopic,n15_c100_s42,6,1.0
1468764,bertopic,n15_c100_s42,13,1.0
1469128,bertopic,n15_c100_s42,15,1.0
1471831,bertopic,n15_c100_s42,2,1.0
1472174,bertopic,n15_c100_s42,5,1.0
1472393,bertopic,n15_c100_s42,13,1.0
1472475,bertopic,n15_c100_s42,12,1.0
1472765,bertopic,n15_c100_s42,0,0.6735973546403773
1473282,bertopic,n15_c100_s42,1,0.8771706539979303
1473571,bertopic,n15_c100_s42,13,1.0
1473593,bertopic,n15_c100_s42,11,0.812828666928322
1473646,bertopic,n15_c100_s42,3,1.0
1473689,bertopic,n15_c100_s42,-1,0.0
1473885,bertopic,n15_c100_s42,15,0.9051721590814066
1474107,bertopic,n15_c100_s42,14,1.0
1474637,bertopic,n15_c100_s42,0,0.1344555810401498
1475061,bertopic,n15_c100_s42,14,1.0
1475207,bertopic,n15_c100_s42,1,1.0
1475268,bertopic,n15_c100_s42,3,1.0
1476126,bertopic,n15_c100_s42,14,0.7958320140854328
1476496,bertopic,n15_c100_s42,14,1.0
1476625,bertopic,n15_c100_s42,1,1.0
1476870,bertopic,n15_c100_s42,21,1.0
1477069,bertopic,n15_c100_s42,-1,0.0
1477305,bertopic,n15_c100_s42,-1,0.0
1477493,bertopic,n15_c100_s42,3,0.7088290510052027
1477562,bertopic,n15_c100_s42,13,1.0
1479172,bertopic,n15_c100_s42,14,1.0
1479182,bertopic,n15_c100_s42,-1,0.0
1479188,bertopic,n15_c100_s42,-1,0.0
1479421,bertopic,n15_c100_s42,8,1.0
1479744,bertopic,n15_c100_s42,12,1.0
1479969,bertopic,n15_c100_s42,0,1.0
1480263,bertopic,n15_c100_s42,12,1.0
1480343,bertopic,n15_c100_s42,14,0.25533368214296903
1480473,bertopic,n15_c100_s42,7,1.0
1480689,bertopic,n15_c100_s42,1,1.0
1481916,bertopic,n15_c100_s42,2,1.0
1482195,bertopic,n15_c100_s42,15,0.9863035679301574
1482391,bertopic,n15_c100_s42,8,0.9478212967072337
1482463,bertopic,n15_c100_s42,12,0.8770877556047043
1482515,bertopic,n15_c100_s42,1,0.9603556067540078
1482810,bertopic,n15_c100_s42,0,1.0
1483028,bertopic,n15_c100_s42,10,0.697984057552163
1483236,bertopic,n15_c100_s42,1,0.9603556067540078
1483699,bertopic,n15_c100_s42,-1,0.0
1483702,bertopic,n15_c100_s42,-1,0.0
1483857,bertopic,n15_c100_s42,7,1.0
1484827,bertopic,n15_c100_s42,0,0.6515100231515181
1484861,bertopic,n15_c100_s42,13,1.0
1485022,bertopic,n15_c100_s42,1,0.9603556067540078
1485226,bertopic,n15_c100_s42,-1,0.0
1485402,bertopic,n15_c100_s42,4,1.0
1485515,bertopic,n15_c100_s42,1,1.0
1486206,bertopic,n15_c100_s42,13,1.0
1486828,bertopic,n15_c100_s42,2,1.0
1486861,bertopic,n15_c100_s42,15,1.0
1487166,bertopic,n15_c100_s42,-1,0.0
1487279,bertopic,n15_c100_s42,9,0.9003264302202145
1487657,bertopic,n15_c100_s42,-1,0.0
1488073,bertopic,n15_c100_s42,-1,0.0
1488503,bertopic,n15_c100_s42,13,1.0
1489314,bertopic,n15_c100_s42,9,1.0
1489479,bertopic,n15_c100_s42,10,1.0
1489556,bertopic,n15_c100_s42,2,1.0
1489671,bertopic,n15_c100_s42,15,0.34357748814373296
1489886,bertopic,n15_c100_s42,8,1.0
1489966,bertopic,n15_c100_s42,3,0.9417446461437188
1490025,bertopic,n15_c100_s42,22,0.9341308203201418
1490662,bertopic,n15_c100_s42,0,1.0
1490725,bertopic,n15_c100_s42,-1,0.0
1490887,bertopic,n15_c100_s42,7,1.0
1491534,bertopic,n15_c100_s42,7,0.3929587819414512
1491726,bertopic,n15_c100_s42,20,1.0
1491889,bertopic,n15_c100_s42,2,1.0
1492240,bertopic,n15_c100_s42,11,0.812828666928322
1492365,bertopic,n15_c100_s42,-1,0.0
1492483,bertopic,n15_c100_s42,0,1.0
1492756,bertopic,n15_c100_s42,0,1.0
1492867,bertopic,n15_c100_s42,19,1.0
1492957,bertopic,n15_c100_s42,0,1.0
1493310,bertopic,n15_c100_s42,3,0.5674019327660912
1493469,bertopic,n15_c100_s42,10,0.697984057552163
1493972,bertopic,n15_c100_s42,0,1.0
1494075,bertopic,n15_c100_s42,12,1.0
1494496,bertopic,n15_c100_s42,10,1.0
1494699,bertopic,n15_c100_s42,8,1.0
1494894,bertopic,n15_c100_s42,10,0.697984057552163
1495194,bertopic,n15_c100_s42,2,1.0
1495228,bertopic,n15_c100_s42,4,0.8939105786056402
1495233,bertopic,n15_c100_s42,1,1.0
1495239,bertopic,n15_c100_s42,-1,0.0
1495404,bertopic,n15_c100_s42,1,1.0
1495440,bertopic,n15_c100_s42,10,1.0
1495553,bertopic,n15_c100_s42,-1,0.0
1495677,bertopic,n15_c100_s42,-1,0.0
1495775,bertopic,n15_c100_s42,3,1.0
1496266,bertopic,n15_c100_s42,-1,0.0
1496293,bertopic,n15_c100_s42,2,1.0
1496432,bertopic,n15_c100_s42,2,1.0
1496436,bertopic,n15_c100_s42,19,0.38190327031507837
1496526,bertopic,n15_c100_s42,14,1.0
1496680,bertopic,n15_c100_s42,-1,0.0
1496826,bertopic,n15_c100_s42,17,1.0
1497092,bertopic,n15_c100_s42,10,0.697984057552163
1497392,bertopic,n15_c100_s42,4,0.7454035501488618
1497441,bertopic,n15_c100_s42,11,0.7867292262523279
1497562,bertopic,n15_c100_s42,10,0.697984057552163
1497811,bertopic,n15_c100_s42,-1,0.0
1498127,bertopic,n15_c100_s42,-1,0.0
1498364,bertopic,n15_c100_s42,-1,0.0
1498493,bertopic,n15_c100_s42,5,1.0
1498498,bertopic,n15_c100_s42,7,0.7621278744775771
1498576,bertopic,n15_c100_s42,17,1.0
1498626,bertopic,n15_c100_s42,8,1.0
1498789,bertopic,n15_c100_s42,8,1.0
1499016,bertopic,n15_c100_s42,-1,0.0
1499096,bertopic,n15_c100_s42,-1,0.0
1499112,bertopic,n15_c100_s42,12,1.0
1499270,bertopic,n15_c100_s42,12,1.0
1499361,bertopic,n15_c100_s42,-1,0.0
1499586,bertopic,n15_c100_s42,4,0.7454035501488618
1499672,bertopic,n15_c100_s42,0,1.0
1499709,bertopic,n15_c100_s42,6,1.0
1499813,bertopic,n15_c100_s42,-1,0.0
1499973,bertopic,n15_c100_s42,10,0.9778677422769011
1500095,bertopic,n15_c100_s42,0,1.0
1500173,bertopic,n15_c100_s42,0,0.793224837185483
1500499,bertopic,n15_c100_s42,-1,0.0
1500634,bertopic,n15_c100_s42,2,0.7365473200867206
1500676,bertopic,n15_c100_s42,4,0.8939105786056402
1500738,bertopic,n15_c100_s42,4,1.0
1500963,bertopic,n15_c100_s42,3,0.5795253702879617
1501574,bertopic,n15_c100_s42,2,1.0
1501578,bertopic,n15_c100_s42,2,1.0
1502199,bertopic,n15_c100_s42,2,0.9626929597875836
1502390,bertopic,n15_c100_s42,20,0.9021492313397519
1502766,bertopic,n15_c100_s42,8,1.0
1502904,bertopic,n15_c100_s42,12,1.0
1502922,bertopic,n15_c100_s42,3,1.0
1503008,bertopic,n15_c100_s42,-1,0.0
1503312,bertopic,n15_c100_s42,2,1.0
1503519,bertopic,n15_c100_s42,13,1.0
1503634,bertopic,n15_c100_s42,-1,0.0
1503852,bertopic,n15_c100_s42,0,1.0
1504597,bertopic,n15_c100_s42,8,1.0
1504665,bertopic,n15_c100_s42,0,1.0
1504919,bertopic,n15_c100_s42,8,1.0
1505312,bertopic,n15_c100_s42,0,1.0
1505383,bertopic,n15_c100_s42,5,0.9498638311613158
1505704,bertopic,n15_c100_s42,10,0.697984057552163
1505868,bertopic,n15_c100_s42,21,1.0
1505959,bertopic,n15_c100_s42,20,1.0
1506500,bertopic,n15_c100_s42,15,0.8451069387904806
1507104,bertopic,n15_c100_s42,1,0.3492321434883388
1507401,bertopic,n15_c100_s42,10,1.0
1507627,bertopic,n15_c100_s42,10,1.0
1507831,bertopic,n15_c100_s42,10,0.6754907776612035
1507969,bertopic,n15_c100_s42,1,0.3492321434883388
1508022,bertopic,n15_c100_s42,10,0.697984057552163
1508136,bertopic,n15_c100_s42,13,1.0
1508674,bertopic,n15_c100_s42,13,1.0
1509113,bertopic,n15_c100_s42,4,0.688845505103658
1509437,bertopic,n15_c100_s42,4,0.5945970321172419
1509486,bertopic,n15_c100_s42,14,1.0
1509498,bertopic,n15_c100_s42,0,1.0
1509817,bertopic,n15_c100_s42,4,0.8493721543906826
1509923,bertopic,n15_c100_s42,5,0.9498638311613158
1510125,bertopic,n15_c100_s42,14,1.0
1510588,bertopic,n15_c100_s42,1,0.9021275515689694
1510958,bertopic,n15_c100_s42,1,0.3492321434883388
1511533,bertopic,n15_c100_s42,10,0.697984057552163
1511673,bertopic,n15_c100_s42,-1,0.0
1511859,bertopic,n15_c100_s42,-1,0.0
1511860,bertopic,n15_c100_s42,15,0.8714076754816094
1512573,bertopic,n15_c100_s42,11,0.812828666928322
1512689,bertopic,n15_c100_s42,3,0.40423990850251
1513723,bertopic,n15_c100_s42,5,0.9498638311613158
1513871,bertopic,n15_c100_s42,3,0.5163380450322697
1514186,bertopic,n15_c100_s42,17,1.0
1514274,bertopic,n15_c100_s42,21,1.0
1514325,bertopic,n15_c100_s42,5,0.9498638311613158
1514580,bertopic,n15_c100_s42,4,0.7454035501488618
1514606,bertopic,n15_c100_s42,7,1.0
1515184,bertopic,n15_c100_s42,3,0.3715813634348353
1515210,bertopic,n15_c100_s42,10,1.0
1515246,bertopic,n15_c100_s42,3,0.5795253702879617
1515274,bertopic,n15_c100_s42,1,0.3492321434883388
1515359,bertopic,n15_c100_s42,8,1.0
1515570,bertopic,n15_c100_s42,4,0.5747792601242215
1515598,bertopic,n15_c100_s42,4,0.8939105786056402
1515749,bertopic,n15_c100_s42,14,0.25533368214296903
1515808,bertopic,n15_c100_s42,-1,0.0
1516138,bertopic,n15_c100_s42,3,0.42746204129452514
1516280,bertopic,n15_c100_s42,1,0.9603556067540078
1516649,bertopic,n15_c100_s42,17,1.0
1516702,bertopic,n15_c100_s42,8,1.0
1516736,bertopic,n15_c100_s42,7,0.7621278744775771
1517627,bertopic,n15_c100_s42,14,0.7844968136012587
1517695,bertopic,n15_c100_s42,-1,0.0
1517727,bertopic,n15_c100_s42,-1,0.0
1517867,bertopic,n15_c100_s42,3,0.9417446461437188
1517964,bertopic,n15_c100_s42,4,0.8939105786056402
1518533,bertopic,n15_c100_s42,19,1.0
1519045,bertopic,n15_c100_s42,4,0.5945970321172419
1519200,bertopic,n15_c100_s42,2,1.0
1519498,bertopic,n15_c100_s42,-1,0.0
1519584,bertopic,n15_c100_s42,0,0.8263927121984038
1519848,bertopic,n15_c100_s42,-1,0.0
1520160,bertopic,n15_c100_s42,7,0.7621278744775771
1520425,bertopic,n15_c100_s42,1,0.9609824701315759
1520737,bertopic,n15_c100_s42,1,0.9603556067540078
1520908,bertopic,n15_c100_s42,1,0.9603556067540078
1520918,bertopic,n15_c100_s42,16,1.0
1521008,bertopic,n15_c100_s42,10,0.697984057552163
1521252,bertopic,n15_c100_s42,1,0.9603556067540078
1521557,bertopic,n15_c100_s42,-1,0.0
1521679,bertopic,n15_c100_s42,1,0.7186769245492767
1521726,bertopic,n15_c100_s42,1,0.9603556067540078
1521733,bertopic,n15_c100_s42,1,0.7186769245492767
1522251,bertopic,n15_c100_s42,14,0.7818122277702096
1522969,bertopic,n15_c100_s42,0,1.0
1523554,bertopic,n15_c100_s42,0,1.0
1524302,bertopic,n15_c100_s42,7,0.6513837674147013
1524595,bertopic,n15_c100_s42,18,0.98827082206367
1524652,bertopic,n15_c100_s42,4,1.0
1524974,bertopic,n15_c100_s42,7,0.38787511812811964
1525140,bertopic,n15_c100_s42,-1,0.0
1525270,bertopic,n15_c100_s42,3,0.5746133726513507
1525606,bertopic,n15_c100_s42,-1,0.0
1525636,bertopic,n15_c100_s42,0,0.9766744062169658
1526226,bertopic,n15_c100_s42,16,1.0
1526572,bertopic,n15_c100_s42,13,1.0
1526808,bertopic,n15_c100_s42,-1,0.0
1526886,bertopic,n15_c100_s42,0,0.1344555810401498
1527006,bertopic,n15_c100_s42,2,1.0
1527106,bertopic,n15_c100_s42,0,1.0
1527270,bertopic,n15_c100_s42,-1,0.0
1527880,bertopic,n15_c100_s42,12,1.0
1528242,bertopic,n15_c100_s42,4,1.0
1529188,bertopic,n15_c100_s42,5,1.0
1529305,bertopic,n15_c100_s42,21,1.0
1529625,bertopic,n15_c100_s42,1,1.0
1529644,bertopic,n15_c100_s42,6,1.0
1530080,bertopic,n15_c100_s42,6,0.9421384236061691
1530590,bertopic,n15_c100_s42,2,1.0
1530603,bertopic,n15_c100_s42,-1,0.0
1530720,bertopic,n15_c100_s42,0,1.0
1530764,bertopic,n15_c100_s42,6,1.0
1530838,bertopic,n15_c100_s42,16,0.6366354536322497
1531212,bertopic,n15_c100_s42,17,1.0
1531260,bertopic,n15_c100_s42,11,0.812828666928322
1531273,bertopic,n15_c100_s42,22,1.0
1531420,bertopic,n15_c100_s42,19,1.0
1531571,bertopic,n15_c100_s42,0,1.0
1532111,bertopic,n15_c100_s42,-1,0.0
1532719,bertopic,n15_c100_s42,3,0.7442743683647439
1534162,bertopic,n15_c100_s42,6,0.850545640708154
1534179,bertopic,n15_c100_s42,20,0.9819540248046489
1534504,bertopic,n15_c100_s42,-1,0.0
1534796,bertopic,n15_c100_s42,14,0.25533368214296903
1535832,bertopic,n15_c100_s42,0,1.0
1536549,bertopic,n15_c100_s42,-1,0.0
1536697,bertopic,n15_c100_s42,-1,0.0
1537297,bertopic,n15_c100_s42,0,1.0
1537636,bertopic,n15_c100_s42,0,1.0
1537770,bertopic,n15_c100_s42,-1,0.0
1537887,bertopic,n15_c100_s42,12,1.0
1538407,bertopic,n15_c100_s42,5,1.0
1538570,bertopic,n15_c100_s42,0,1.0
1538663,bertopic,n15_c100_s42,7,1.0
1538868,bertopic,n15_c100_s42,5,1.0
1539324,bertopic,n15_c100_s42,-1,0.0
1539331,bertopic,n15_c100_s42,-1,0.0
1539395,bertopic,n15_c100_s42,6,0.6097804174022848
1539403,bertopic,n15_c100_s42,3,0.9417446461437188
1540711,bertopic,n15_c100_s42,0,1.0
1540756,bertopic,n15_c100_s42,-1,0.0
1540774,bertopic,n15_c100_s42,2,1.0
1540776,bertopic,n15_c100_s42,2,0.7274326457614272
1540884,bertopic,n15_c100_s42,0,1.0
1541021,bertopic,n15_c100_s42,-1,0.0
1541093,bertopic,n15_c100_s42,0,1.0
1541238,bertopic,n15_c100_s42,3,0.9417446461437188
1541869,bertopic,n15_c100_s42,-1,0.0
1542070,bertopic,n15_c100_s42,-1,0.0
1542322,bertopic,n15_c100_s42,-1,0.0
1542483,bertopic,n15_c100_s42,-1,0.0
1542514,bertopic,n15_c100_s42,10,1.0
1542601,bertopic,n15_c100_s42,19,1.0
1542888,bertopic,n15_c100_s42,4,1.0
1542963,bertopic,n15_c100_s42,15,1.0
1542983,bertopic,n15_c100_s42,12,1.0
1543175,bertopic,n15_c100_s42,6,0.850545640708154
1543371,bertopic,n15_c100_s42,15,1.0
1543670,bertopic,n15_c100_s42,13,1.0
1543874,bertopic,n15_c100_s42,0,0.5568547760037132
1544114,bertopic,n15_c100_s42,0,0.9636971454959372
1544170,bertopic,n15_c100_s42,3,0.3398691867257588
1544450,bertopic,n15_c100_s42,-1,0.0
1544451,bertopic,n15_c100_s42,2,1.0
1544501,bertopic,n15_c100_s42,21,1.0
1544521,bertopic,n15_c100_s42,10,0.6814270610691762
1545235,bertopic,n15_c100_s42,-1,0.0
1545283,bertopic,n15_c100_s42,21,1.0
1546012,bertopic,n15_c100_s42,0,1.0
1546283,bertopic,n15_c100_s42,0,1.0
1546486,bertopic,n15_c100_s42,0,1.0
1546803,bertopic,n15_c100_s42,5,1.0
1547028,bertopic,n15_c100_s42,2,1.0
1547799,bertopic,n15_c100_s42,10,1.0
1547850,bertopic,n15_c100_s42,15,1.0
1547868,bertopic,n15_c100_s42,4,0.688845505103658
1548025,bertopic,n15_c100_s42,11,0.8956916687114123
1548624,bertopic,n15_c100_s42,-1,0.0
1549095,bertopic,n15_c100_s42,6,0.7091087023165829
1549163,bertopic,n15_c100_s42,21,1.0
1549742,bertopic,n15_c100_s42,15,1.0
1549766,bertopic,n15_c100_s42,8,1.0
1549906,bertopic,n15_c100_s42,17,1.0
1550076,bertopic,n15_c100_s42,2,1.0
1550274,bertopic,n15_c100_s42,4,0.5945970321172419
1551201,bertopic,n15_c100_s42,-1,0.0
1552027,bertopic,n15_c100_s42,1,0.5107075889927064
1552042,bertopic,n15_c100_s42,15,0.12682601409205835
1552436,bertopic,n15_c100_s42,19,1.0
1552526,bertopic,n15_c100_s42,6,0.7923905508847818
1553823,bertopic,n15_c100_s42,3,0.9417446461437188
1554221,bertopic,n15_c100_s42,-1,0.0
1554319,bertopic,n15_c100_s42,2,0.733484671554008
1554328,bertopic,n15_c100_s42,3,0.5795253702879617
1554564,bertopic,n15_c100_s42,7,0.3929587819414512
1554656,bertopic,n15_c100_s42,-1,0.0
1554691,bertopic,n15_c100_s42,-1,0.0
1555133,bertopic,n15_c100_s42,2,0.9626929597875836
1555803,bertopic,n15_c100_s42,-1,0.0
1555945,bertopic,n15_c100_s42,16,1.0
1555952,bertopic,n15_c100_s42,2,1.0
1555957,bertopic,n15_c100_s42,3,0.5795253702879617
1556983,bertopic,n15_c100_s42,0,1.0
1557452,bertopic,n15_c100_s42,16,1.0
1557814,bertopic,n15_c100_s42,0,1.0
1558294,bertopic,n15_c100_s42,6,1.0
1558297,bertopic,n15_c100_s42,0,1.0
1558386,bertopic,n15_c100_s42,16,1.0
1558528,bertopic,n15_c100_s42,-1,0.0
1558705,bertopic,n15_c100_s42,7,0.6862847704073536
1558919,bertopic,n15_c100_s42,3,0.8621851012727252
1559241,bertopic,n15_c100_s42,-1,0.0
1559325,bertopic,n15_c100_s42,0,1.0
1559378,bertopic,n15_c100_s42,-1,0.0
1559538,bertopic,n15_c100_s42,1,0.3492321434883388
1559623,bertopic,n15_c100_s42,-1,0.0
1559836,bertopic,n15_c100_s42,20,1.0
1560054,bertopic,n15_c100_s42,15,1.0
1560368,bertopic,n15_c100_s42,-1,0.0
1561560,bertopic,n15_c100_s42,2,1.0
1561578,bertopic,n15_c100_s42,2,0.7274326457614272
1562046,bertopic,n15_c100_s42,15,1.0
1562100,bertopic,n15_c100_s42,-1,0.0
1562779,bertopic,n15_c100_s42,3,0.5795253702879617
1563006,bertopic,n15_c100_s42,14,0.946308666501051
1563857,bertopic,n15_c100_s42,7,1.0
1564679,bertopic,n15_c100_s42,14,0.8290265923252609
1564741,bertopic,n15_c100_s42,7,0.7621278744775771
1565071,bertopic,n15_c100_s42,3,1.0
1565468,bertopic,n15_c100_s42,3,0.3926409289404718
1567458,bertopic,n15_c100_s42,12,1.0
1567486,bertopic,n15_c100_s42,4,0.751375338110363
1568134,bertopic,n15_c100_s42,19,1.0
1568789,bertopic,n15_c100_s42,10,0.6814270610691762
1568922,bertopic,n15_c100_s42,11,0.812828666928322
1568979,bertopic,n15_c100_s42,10,0.6814270610691762
1568982,bertopic,n15_c100_s42,0,1.0
1568998,bertopic,n15_c100_s42,-1,0.0
1569529,bertopic,n15_c100_s42,9,1.0
1570798,bertopic,n15_c100_s42,3,0.9966274177875268
1570810,bertopic,n15_c100_s42,2,0.6463026339399824
1571139,bertopic,n15_c100_s42,-1,0.0
1571143,bertopic,n15_c100_s42,-1,0.0
1571368,bertopic,n15_c100_s42,13,1.0
1571604,bertopic,n15_c100_s42,-1,0.0
1571733,bertopic,n15_c100_s42,-1,0.0
1571748,bertopic,n15_c100_s42,2,0.5333105448722979
1572189,bertopic,n15_c100_s42,13,0.5717080867123335
1572248,bertopic,n15_c100_s42,-1,0.0
1572346,bertopic,n15_c100_s42,-1,0.0
1572459,bertopic,n15_c100_s42,-1,0.0
1572646,bertopic,n15_c100_s42,4,0.8939105786056402
1572813,bertopic,n15_c100_s42,7,0.3929587819414512
1573020,bertopic,n15_c100_s42,8,1.0
1573782,bertopic,n15_c100_s42,0,1.0
1573787,bertopic,n15_c100_s42,4,0.751375338110363
1574359,bertopic,n15_c100_s42,4,0.8939105786056402
1574564,bertopic,n15_c100_s42,2,1.0
1575547,bertopic,n15_c100_s42,14,1.0
1576207,bertopic,n15_c100_s42,14,1.0
1580503,bertopic,n15_c100_s42,17,1.0
1581015,bertopic,n15_c100_s42,0,0.798307463453011
1581556,bertopic,n15_c100_s42,4,0.7454035501488618
1581904,bertopic,n15_c100_s42,4,0.751375338110363
1582089,bertopic,n15_c100_s42,4,1.0
1582804,bertopic,n15_c100_s42,-1,0.0
1583328,bertopic,n15_c100_s42,10,0.697984057552163
1583384,bertopic,n15_c100_s42,2,1.0
1583464,bertopic,n15_c100_s42,3,0.5851688455111171
1583692,bertopic,n15_c100_s42,-1,0.0
1584072,bertopic,n15_c100_s42,10,1.0
1584290,bertopic,n15_c100_s42,4,0.7454035501488618
1584463,bertopic,n15_c100_s42,4,0.7454035501488618
1584561,bertopic,n15_c100_s42,6,0.6026091492340636
1584690,bertopic,n15_c100_s42,15,0.32441426648638694
1584702,bertopic,n15_c100_s42,0,0.3277305395150376
1584723,bertopic,n15_c100_s42,-1,0.0
1585232,bertopic,n15_c100_s42,4,1.0
1585252,bertopic,n15_c100_s42,2,1.0
1585805,bertopic,n15_c100_s42,4,0.751375338110363
1586519,bertopic,n15_c100_s42,7,0.7621278744775771
1587467,bertopic,n15_c100_s42,1,0.8671606788621229
1588089,bertopic,n15_c100_s42,6,1.0
1588714,bertopic,n15_c100_s42,-1,0.0
1589034,bertopic,n15_c100_s42,-1,0.0
1590072,bertopic,n15_c100_s42,-1,0.0
1590296,bertopic,n15_c100_s42,4,0.5945970321172419
1590539,bertopic,n15_c100_s42,3,0.5795253702879617
1590598,bertopic,n15_c100_s42,7,0.7621278744775771
1590801,bertopic,n15_c100_s42,-1,0.0
1590969,bertopic,n15_c100_s42,22,1.0
1591081,bertopic,n15_c100_s42,22,1.0
1591317,bertopic,n15_c100_s42,-1,0.0
1592648,bertopic,n15_c100_s42,4,0.5945970321172419
1592996,bertopic,n15_c100_s42,7,0.3929587819414512
1593360,bertopic,n15_c100_s42,3,0.3715813634348353
1593802,bertopic,n15_c100_s42,15,1.0
1593842,bertopic,n15_c100_s42,15,0.6107595620207809
1593942,bertopic,n15_c100_s42,3,1.0
1594238,bertopic,n15_c100_s42,15,0.9580190054815534
1594886,bertopic,n15_c100_s42,7,0.7621278744775771
1595108,bertopic,n15_c100_s42,16,1.0
1595174,bertopic,n15_c100_s42,15,0.12682601409205835
1595833,bertopic,n15_c100_s42,0,1.0
1596054,bertopic,n15_c100_s42,-1,0.0
1596086,bertopic,n15_c100_s42,-1,0.0
1596783,bertopic,n15_c100_s42,-1,0.0
1597618,bertopic,n15_c100_s42,-1,0.0
1597802,bertopic,n15_c100_s42,0,0.6735973546403773
1598813,bertopic,n15_c100_s42,10,0.697984057552163
1599011,bertopic,n15_c100_s42,-1,0.0
1601162,bertopic,n15_c100_s42,15,0.3755280255802701
1601255,bertopic,n15_c100_s42,-1,0.0
1601952,bertopic,n15_c100_s42,0,1.0
1602097,bertopic,n15_c100_s42,0,0.6730809836223557
1602124,bertopic,n15_c100_s42,0,0.6735973546403773
1602322,bertopic,n15_c100_s42,0,1.0
1603249,bertopic,n15_c100_s42,9,1.0
1603303,bertopic,n15_c100_s42,0,1.0
1603708,bertopic,n15_c100_s42,7,0.7621278744775771
1603749,bertopic,n15_c100_s42,-1,0.0
1604979,bertopic,n15_c100_s42,1,0.9603556067540078
1605083,bertopic,n15_c100_s42,-1,0.0
1605481,bertopic,n15_c100_s42,15,1.0
1605630,bertopic,n15_c100_s42,9,1.0
1606053,bertopic,n15_c100_s42,15,1.0
1606367,bertopic,n15_c100_s42,7,0.7621278744775771
1606471,bertopic,n15_c100_s42,7,0.7621278744775771
1607996,bertopic,n15_c100_s42,4,0.751375338110363
1608050,bertopic,n15_c100_s42,4,0.751375338110363
1608305,bertopic,n15_c100_s42,6,1.0
1608343,bertopic,n15_c100_s42,6,1.0
1608523,bertopic,n15_c100_s42,-1,0.0
1608611,bertopic,n15_c100_s42,6,0.9570052422402533
1608877,bertopic,n15_c100_s42,2,1.0
1608878,bertopic,n15_c100_s42,19,1.0
1609173,bertopic,n15_c100_s42,6,1.0
1610786,bertopic,n15_c100_s42,10,0.5658354138298574
1611689,bertopic,n15_c100_s42,4,0.8939105786056402
1612202,bertopic,n15_c100_s42,11,0.6940400157372789
1612234,bertopic,n15_c100_s42,-1,0.0
1612259,bertopic,n15_c100_s42,-1,0.0
1612810,bertopic,n15_c100_s42,3,0.3715813634348353
1612909,bertopic,n15_c100_s42,17,1.0
1614015,bertopic,n15_c100_s42,9,1.0
1614893,bertopic,n15_c100_s42,12,1.0
1615227,bertopic,n15_c100_s42,12,1.0
1615573,bertopic,n15_c100_s42,12,1.0
1615715,bertopic,n15_c100_s42,17,1.0
1615722,bertopic,n15_c100_s42,4,0.688845505103658
1615725,bertopic,n15_c100_s42,21,1.0
1616337,bertopic,n15_c100_s42,1,0.26998012718538983
1616763,bertopic,n15_c100_s42,1,0.26998012718538983
1618925,bertopic,n15_c100_s42,12,1.0
1619965,bertopic,n15_c100_s42,7,0.3860462990045358
1620427,bertopic,n15_c100_s42,12,1.0
1620477,bertopic,n15_c100_s42,7,0.7621278744775771
1620517,bertopic,n15_c100_s42,12,1.0
1620531,bertopic,n15_c100_s42,12,1.0
1620652,bertopic,n15_c100_s42,14,0.25533368214296903
1620730,bertopic,n15_c100_s42,7,0.7621278744775771
1620782,bertopic,n15_c100_s42,3,0.5795253702879617
1621203,bertopic,n15_c100_s42,7,0.7621278744775771
1621700,bertopic,n15_c100_s42,1,1.0
1621877,bertopic,n15_c100_s42,-1,0.0
1622181,bertopic,n15_c100_s42,21,1.0
1622524,bertopic,n15_c100_s42,5,0.8698383285939121
1622573,bertopic,n15_c100_s42,7,0.41460551449036426
1622698,bertopic,n15_c100_s42,0,1.0
1622930,bertopic,n15_c100_s42,7,0.43104236059867745
1624003,bertopic,n15_c100_s42,0,1.0
1624371,bertopic,n15_c100_s42,20,1.0
1625072,bertopic,n15_c100_s42,-1,0.0
1625326,bertopic,n15_c100_s42,0,1.0
1626063,bertopic,n15_c100_s42,4,0.8939105786056402
1626112,bertopic,n15_c100_s42,1,0.9603556067540078
1626193,bertopic,n15_c100_s42,3,1.0
1626305,bertopic,n15_c100_s42,13,0.6181248775749013
1626331,bertopic,n15_c100_s42,2,0.7274326457614272
1626414,bertopic,n15_c100_s42,13,0.9031413198410793
1626427,bertopic,n15_c100_s42,-1,0.0
1626513,bertopic,n15_c100_s42,13,1.0
1627048,bertopic,n15_c100_s42,13,1.0
1627976,bertopic,n15_c100_s42,0,0.1344555810401498
1628020,bertopic,n15_c100_s42,19,1.0
1628061,bertopic,n15_c100_s42,15,0.9392436725226517
1628085,bertopic,n15_c100_s42,15,1.0
1628354,bertopic,n15_c100_s42,-1,0.0
1628417,bertopic,n15_c100_s42,21,1.0
1628529,bertopic,n15_c100_s42,-1,0.0
1628847,bertopic,n15_c100_s42,0,1.0
1628863,bertopic,n15_c100_s42,0,1.0
1628928,bertopic,n15_c100_s42,0,1.0
1628955,bertopic,n15_c100_s42,0,1.0
1629053,bertopic,n15_c100_s42,4,0.5945970321172419
1629082,bertopic,n15_c100_s42,12,1.0
1629201,bertopic,n15_c100_s42,0,1.0
1629324,bertopic,n15_c100_s42,0,1.0
1629357,bertopic,n15_c100_s42,4,0.6588472440162458
1629527,bertopic,n15_c100_s42,-1,0.0
1629581,bertopic,n15_c100_s42,0,1.0
1629804,bertopic,n15_c100_s42,13,1.0
1630109,bertopic,n15_c100_s42,4,1.0
1630227,bertopic,n15_c100_s42,0,1.0
1630233,bertopic,n15_c100_s42,0,1.0
1630240,bertopic,n15_c100_s42,0,1.0
1630342,bertopic,n15_c100_s42,13,1.0
1630541,bertopic,n15_c100_s42,4,0.8939105786056402
1630643,bertopic,n15_c100_s42,-1,0.0
1631344,bertopic,n15_c100_s42,-1,0.0
1631698,bertopic,n15_c100_s42,14,1.0
1631752,bertopic,n15_c100_s42,-1,0.0
1632025,bertopic,n15_c100_s42,0,1.0
1633050,bertopic,n15_c100_s42,12,1.0
1633094,bertopic,n15_c100_s42,0,1.0
1633144,bertopic,n15_c100_s42,12,1.0
1633190,bertopic,n15_c100_s42,12,1.0
1633362,bertopic,n15_c100_s42,10,0.6814270610691762
1633392,bertopic,n15_c100_s42,2,1.0
1633401,bertopic,n15_c100_s42,10,0.6814270610691762
1633413,bertopic,n15_c100_s42,12,1.0
1633448,bertopic,n15_c100_s42,0,1.0
1634199,bertopic,n15_c100_s42,19,1.0
1634480,bertopic,n15_c100_s42,13,0.9226844117000491
1634535,bertopic,n15_c100_s42,0,1.0
1634924,bertopic,n15_c100_s42,13,1.0
1635457,bertopic,n15_c100_s42,16,1.0
1635558,bertopic,n15_c100_s42,16,0.5340615766348344
1635802,bertopic,n15_c100_s42,13,1.0
1635844,bertopic,n15_c100_s42,21,1.0
1635991,bertopic,n15_c100_s42,0,1.0
1636083,bertopic,n15_c100_s42,0,1.0
1636243,bertopic,n15_c100_s42,0,1.0
1636404,bertopic,n15_c100_s42,0,1.0
1636431,bertopic,n15_c100_s42,0,1.0
1636592,bertopic,n15_c100_s42,0,1.0
1636718,bertopic,n15_c100_s42,0,1.0
1636835,bertopic,n15_c100_s42,3,0.3715813634348353
1637154,bertopic,n15_c100_s42,8,0.9303389156527038
1637297,bertopic,n15_c100_s42,3,0.3715813634348353
1637388,bertopic,n15_c100_s42,3,0.3715813634348353
1637480,bertopic,n15_c100_s42,-1,0.0
1637484,bertopic,n15_c100_s42,-1,0.0
1637670,bertopic,n15_c100_s42,19,1.0
1637750,bertopic,n15_c100_s42,0,1.0
1637917,bertopic,n15_c100_s42,0,1.0
1637962,bertopic,n15_c100_s42,4,0.7454035501488618
1638213,bertopic,n15_c100_s42,-1,0.0
1638474,bertopic,n15_c100_s42,0,0.43320776377670417
1638879,bertopic,n15_c100_s42,7,0.3929587819414512
1640012,bertopic,n15_c100_s42,7,0.3929587819414512
1641201,bertopic,n15_c100_s42,0,1.0
1641467,bertopic,n15_c100_s42,-1,0.0
1642038,bertopic,n15_c100_s42,15,0.26822667237653497
1642741,bertopic,n15_c100_s42,-1,0.0
1642850,bertopic,n15_c100_s42,-1,0.0
1643225,bertopic,n15_c100_s42,-1,0.0
1643304,bertopic,n15_c100_s42,0,1.0
1643410,bertopic,n15_c100_s42,-1,0.0
1643593,bertopic,n15_c100_s42,17,1.0
1643672,bertopic,n15_c100_s42,17,1.0
1643689,bertopic,n15_c100_s42,17,1.0
1643801,bertopic,n15_c100_s42,4,1.0
1643812,bertopic,n15_c100_s42,4,1.0
1644104,bertopic,n15_c100_s42,4,0.751375338110363
1644107,bertopic,n15_c100_s42,-1,0.0
1644185,bertopic,n15_c100_s42,0,0.6735973546403773
1644238,bertopic,n15_c100_s42,4,0.751375338110363
1644289,bertopic,n15_c100_s42,14,1.0
1644777,bertopic,n15_c100_s42,10,0.697984057552163
1645053,bertopic,n15_c100_s42,4,0.7454035501488618
1645255,bertopic,n15_c100_s42,17,1.0
1645318,bertopic,n15_c100_s42,17,1.0
1645518,bertopic,n15_c100_s42,14,0.315532309939203
1645809,bertopic,n15_c100_s42,4,0.5945970321172419
1645828,bertopic,n15_c100_s42,0,1.0
1645964,bertopic,n15_c100_s42,17,1.0
1646059,bertopic,n15_c100_s42,2,0.9660788003164535
1646133,bertopic,n15_c100_s42,11,0.812828666928322
1647389,bertopic,n15_c100_s42,15,0.2453916439019495
1647652,bertopic,n15_c100_s42,11,0.812828666928322
1647853,bertopic,n15_c100_s42,3,0.5795253702879617
1648054,bertopic,n15_c100_s42,2,1.0
1648219,bertopic,n15_c100_s42,11,0.812828666928322
1648790,bertopic,n15_c100_s42,8,0.9450099483296035
1649210,bertopic,n15_c100_s42,2,1.0
1649646,bertopic,n15_c100_s42,7,0.7621278744775771
1649970,bertopic,n15_c100_s42,10,0.6814270610691762
1650049,bertopic,n15_c100_s42,10,0.6814270610691762
1650196,bertopic,n15_c100_s42,0,1.0
1650249,bertopic,n15_c100_s42,2,1.0
1650886,bertopic,n15_c100_s42,8,1.0
1651326,bertopic,n15_c100_s42,4,0.751375338110363
1651339,bertopic,n15_c100_s42,4,0.751375338110363
1651505,bertopic,n15_c100_s42,4,0.751375338110363
1651781,bertopic,n15_c100_s42,4,0.751375338110363
1651888,bertopic,n15_c100_s42,4,0.751375338110363
1651889,bertopic,n15_c100_s42,4,0.751375338110363
1651902,bertopic,n15_c100_s42,4,0.751375338110363
1651924,bertopic,n15_c100_s42,4,0.751375338110363
1652591,bertopic,n15_c100_s42,0,1.0
1653181,bertopic,n15_c100_s42,-1,0.0
1654123,bertopic,n15_c100_s42,-1,0.0
1654397,bertopic,n15_c100_s42,7,0.7621278744775771
1654474,bertopic,n15_c100_s42,-1,0.0
1655065,bertopic,n15_c100_s42,10,1.0
1655750,bertopic,n15_c100_s42,0,1.0
1656280,bertopic,n15_c100_s42,0,1.0
1656434,bertopic,n15_c100_s42,-1,0.0
1657720,bertopic,n15_c100_s42,3,0.7961249911542136
1658202,bertopic,n15_c100_s42,-1,0.0
1658204,bertopic,n15_c100_s42,-1,0.0
1660561,bertopic,n15_c100_s42,16,1.0
1660628,bertopic,n15_c100_s42,5,0.7398366319668921
1661755,bertopic,n15_c100_s42,2,0.9725258896146424
1662908,bertopic,n15_c100_s42,20,1.0
1663598,bertopic,n15_c100_s42,0,1.0
1664651,bertopic,n15_c100_s42,-1,0.0
1664667,bertopic,n15_c100_s42,6,0.9280497806347134
1664914,bertopic,n15_c100_s42,7,1.0
1665044,bertopic,n15_c100_s42,6,0.850545640708154
1665218,bertopic,n15_c100_s42,15,1.0
1666448,bertopic,n15_c100_s42,2,1.0
1666522,bertopic,n15_c100_s42,4,0.5945970321172419
1666592,bertopic,n15_c100_s42,10,0.6814270610691762
1666754,bertopic,n15_c100_s42,7,0.3929587819414512
1667161,bertopic,n15_c100_s42,21,1.0
1669889,bertopic,n15_c100_s42,12,0.5642654772110349
1671510,bertopic,n15_c100_s42,6,0.7091087023165829
1673964,bertopic,n15_c100_s42,3,0.8434692709747446
1674689,bertopic,n15_c100_s42,-1,0.0
1676225,bertopic,n15_c100_s42,3,0.9417446461437188
1676319,bertopic,n15_c100_s42,3,0.5746133726513507
1676925,bertopic,n15_c100_s42,4,1.0
1677219,bertopic,n15_c100_s42,6,1.0
1678071,bertopic,n15_c100_s42,16,1.0
1679362,bertopic,n15_c100_s42,0,1.0
1681379,bertopic,n15_c100_s42,9,1.0
1682395,bertopic,n15_c100_s42,9,1.0
1683078,bertopic,n15_c100_s42,3,1.0
1683091,bertopic,n15_c100_s42,9,1.0
1683109,bertopic,n15_c100_s42,5,1.0
1683130,bertopic,n15_c100_s42,5,0.7534398922421417
1683707,bertopic,n15_c100_s42,-1,0.0
1684733,bertopic,n15_c100_s42,5,1.0
1684815,bertopic,n15_c100_s42,8,0.9926670168359042
1685072,bertopic,n15_c100_s42,1,0.583900998992028
1685266,bertopic,n15_c100_s42,4,0.8939105786056402
1686021,bertopic,n15_c100_s42,9,0.6958658692037573
1686112,bertopic,n15_c100_s42,8,1.0
1686355,bertopic,n15_c100_s42,20,1.0
1686518,bertopic,n15_c100_s42,3,0.5428775305682972
1687000,bertopic,n15_c100_s42,9,0.9037182548705985
1687424,bertopic,n15_c100_s42,-1,0.0
1688112,bertopic,n15_c100_s42,12,1.0
1689823,bertopic,n15_c100_s42,0,1.0
1690809,bertopic,n15_c100_s42,4,1.0
1691665,bertopic,n15_c100_s42,9,1.0
1691862,bertopic,n15_c100_s42,9,1.0
1692560,bertopic,n15_c100_s42,9,0.6751748467917101
1693028,bertopic,n15_c100_s42,5,1.0
1693980,bertopic,n15_c100_s42,23,1.0
1695724,bertopic,n15_c100_s42,9,0.720897204762081
1697471,bertopic,n15_c100_s42,9,1.0
1697669,bertopic,n15_c100_s42,15,1.0
1697963,bertopic,n15_c100_s42,23,1.0
1698281,bertopic,n15_c100_s42,15,1.0
1698411,bertopic,n15_c100_s42,-1,0.0
1698475,bertopic,n15_c100_s42,5,0.9474103151151525
1698981,bertopic,n15_c100_s42,8,1.0
1699396,bertopic,n15_c100_s42,6,0.6097804174022848
1699699,bertopic,n15_c100_s42,1,1.0
1699718,bertopic,n15_c100_s42,-1,0.0
1700125,bertopic,n15_c100_s42,9,1.0
1700225,bertopic,n15_c100_s42,23,1.0
1700548,bertopic,n15_c100_s42,15,1.0
1700627,bertopic,n15_c100_s42,9,1.0
1700716,bertopic,n15_c100_s42,2,1.0
1701825,bertopic,n15_c100_s42,5,0.7248489611911236
1702604,bertopic,n15_c100_s42,9,1.0
1702894,bertopic,n15_c100_s42,9,1.0
1703304,bertopic,n15_c100_s42,23,1.0
1704668,bertopic,n15_c100_s42,9,1.0
1704740,bertopic,n15_c100_s42,23,1.0
1705265,bertopic,n15_c100_s42,-1,0.0
1705327,bertopic,n15_c100_s42,-1,0.0
1706168,bertopic,n15_c100_s42,23,1.0
1706486,bertopic,n15_c100_s42,9,0.9970282737655833
1706496,bertopic,n15_c100_s42,5,1.0
1706540,bertopic,n15_c100_s42,13,1.0
1706737,bertopic,n15_c100_s42,23,1.0
1707062,bertopic,n15_c100_s42,9,1.0
1708593,bertopic,n15_c100_s42,13,1.0
1709044,bertopic,n15_c100_s42,5,0.8160589211892825
1709656,bertopic,n15_c100_s42,23,1.0
1709805,bertopic,n15_c100_s42,5,1.0
1709939,bertopic,n15_c100_s42,-1,0.0
1710264,bertopic,n15_c100_s42,5,1.0
1710764,bertopic,n15_c100_s42,23,1.0
1710933,bertopic,n15_c100_s42,9,1.0
1711239,bertopic,n15_c100_s42,23,1.0
1711692,bertopic,n15_c100_s42,-1,0.0
1712207,bertopic,n15_c100_s42,23,1.0
1712797,bertopic,n15_c100_s42,2,0.3660888077406
1713263,bertopic,n15_c100_s42,-1,0.0
1714928,bertopic,n15_c100_s42,9,1.0
1715015,bertopic,n15_c100_s42,9,1.0
1715532,bertopic,n15_c100_s42,1,1.0
1715850,bertopic,n15_c100_s42,23,1.0
1715958,bertopic,n15_c100_s42,9,1.0
1716332,bertopic,n15_c100_s42,5,1.0
1717227,bertopic,n15_c100_s42,-1,0.0
1717561,bertopic,n15_c100_s42,9,1.0
1718260,bertopic,n15_c100_s42,6,0.6097804174022848
1718954,bertopic,n15_c100_s42,23,1.0
1719182,bertopic,n15_c100_s42,-1,0.0
1719361,bertopic,n15_c100_s42,3,0.5766534810977342
1719455,bertopic,n15_c100_s42,5,1.0
1719954,bertopic,n15_c100_s42,23,1.0
1720340,bertopic,n15_c100_s42,23,1.0
1720393,bertopic,n15_c100_s42,23,1.0
1722098,bertopic,n15_c100_s42,-1,0.0
1722301,bertopic,n15_c100_s42,9,1.0
1723071,bertopic,n15_c100_s42,5,1.0
1723124,bertopic,n15_c100_s42,6,0.6097804174022848
1723294,bertopic,n15_c100_s42,20,1.0
1724660,bertopic,n15_c100_s42,9,0.9037182548705985
1725087,bertopic,n15_c100_s42,23,1.0
1725177,bertopic,n15_c100_s42,9,0.9037182548705985
1726786,bertopic,n15_c100_s42,9,1.0
1727314,bertopic,n15_c100_s42,9,1.0
1727348,bertopic,n15_c100_s42,23,1.0
1727748,bertopic,n15_c100_s42,13,0.6661781600395837
1728274,bertopic,n15_c100_s42,1,0.16364699451608886
1728370,bertopic,n15_c100_s42,-1,0.0
1728791,bertopic,n15_c100_s42,9,0.9970282737655833
1729194,bertopic,n15_c100_s42,9,0.8411898188104626
1731850,bertopic,n15_c100_s42,-1,0.0
1732329,bertopic,n15_c100_s42,6,0.6097804174022848
1732611,bertopic,n15_c100_s42,-1,0.0
1733429,bertopic,n15_c100_s42,0,1.0
1733690,bertopic,n15_c100_s42,23,1.0
1734395,bertopic,n15_c100_s42,-1,0.0
1734997,bertopic,n15_c100_s42,23,1.0
1737105,bertopic,n15_c100_s42,19,0.650229192887132
1737159,bertopic,n15_c100_s42,23,1.0
1737367,bertopic,n15_c100_s42,5,1.0
1738246,bertopic,n15_c100_s42,9,1.0
1739309,bertopic,n15_c100_s42,23,1.0
1740679,bertopic,n15_c100_s42,-1,0.0
1740693,bertopic,n15_c100_s42,19,0.5714504285435479
1741399,bertopic,n15_c100_s42,23,1.0
1743180,bertopic,n15_c100_s42,9,0.6893331836477431
1743215,bertopic,n15_c100_s42,-1,0.0
1743803,bertopic,n15_c100_s42,5,1.0
1745237,bertopic,n15_c100_s42,9,0.9035096592957906
1745303,bertopic,n15_c100_s42,9,0.9970282737655833
1745896,bertopic,n15_c100_s42,0,1.0
1745972,bertopic,n15_c100_s42,14,1.0
1746476,bertopic,n15_c100_s42,23,1.0
1746753,bertopic,n15_c100_s42,-1,0.0
1747022,bertopic,n15_c100_s42,0,1.0
1747741,bertopic,n15_c100_s42,-1,0.0
1748179,bertopic,n15_c100_s42,-1,0.0
1748483,bertopic,n15_c100_s42,9,1.0
1748926,bertopic,n15_c100_s42,8,1.0
1749111,bertopic,n15_c100_s42,13,1.0
1749433,bertopic,n15_c100_s42,-1,0.0
1749525,bertopic,n15_c100_s42,5,1.0
1749569,bertopic,n15_c100_s42,13,1.0
1749755,bertopic,n15_c100_s42,12,1.0
1749859,bertopic,n15_c100_s42,5,0.9116342682901334
1749863,bertopic,n15_c100_s42,5,1.0
1750089,bertopic,n15_c100_s42,23,1.0
1750589,bertopic,n15_c100_s42,12,1.0
1750711,bertopic,n15_c100_s42,-1,0.0
1750919,bertopic,n15_c100_s42,3,0.8821726288097202
1750939,bertopic,n15_c100_s42,9,1.0
1751352,bertopic,n15_c100_s42,23,1.0
1752783,bertopic,n15_c100_s42,1,1.0
1753410,bertopic,n15_c100_s42,-1,0.0
1754216,bertopic,n15_c100_s42,13,1.0
1756841,bertopic,n15_c100_s42,2,1.0
1757662,bertopic,n15_c100_s42,1,0.3492321434883388
1757765,bertopic,n15_c100_s42,23,1.0
1757933,bertopic,n15_c100_s42,9,1.0
1759498,bertopic,n15_c100_s42,23,1.0
1759830,bertopic,n15_c100_s42,23,1.0
1759873,bertopic,n15_c100_s42,23,1.0
1760552,bertopic,n15_c100_s42,9,1.0
1761953,bertopic,n15_c100_s42,9,1.0
1762654,bertopic,n15_c100_s42,23,1.0
1762824,bertopic,n15_c100_s42,-1,0.0
1762994,bertopic,n15_c100_s42,-1,0.0
1763439,bertopic,n15_c100_s42,23,1.0
1764269,bertopic,n15_c100_s42,6,1.0
1765393,bertopic,n15_c100_s42,23,1.0
1765897,bertopic,n15_c100_s42,12,1.0
1765978,bertopic,n15_c100_s42,23,1.0
1766021,bertopic,n15_c100_s42,12,1.0
1766529,bertopic,n15_c100_s42,5,1.0
1766769,bertopic,n15_c100_s42,23,1.0
1766969,bertopic,n15_c100_s42,6,1.0
1767208,bertopic,n15_c100_s42,9,1.0
1767405,bertopic,n15_c100_s42,2,0.5686712938637849
1767580,bertopic,n15_c100_s42,5,1.0
1768327,bertopic,n15_c100_s42,-1,0.0
1768788,bertopic,n15_c100_s42,23,1.0
1769257,bertopic,n15_c100_s42,9,1.0
1769738,bertopic,n15_c100_s42,1,0.7186769245492767
1770600,bertopic,n15_c100_s42,23,1.0
1770622,bertopic,n15_c100_s42,2,1.0
1771324,bertopic,n15_c100_s42,5,0.8551402777659067
1771782,bertopic,n15_c100_s42,23,1.0
1772764,bertopic,n15_c100_s42,23,1.0
1772835,bertopic,n15_c100_s42,9,1.0
1772931,bertopic,n15_c100_s42,9,1.0
1773425,bertopic,n15_c100_s42,23,1.0
1774287,bertopic,n15_c100_s42,23,1.0
1774660,bertopic,n15_c100_s42,23,1.0
1774761,bertopic,n15_c100_s42,9,1.0
1774912,bertopic,n15_c100_s42,9,0.7947298988237151
1775048,bertopic,n15_c100_s42,23,1.0
1775531,bertopic,n15_c100_s42,9,1.0
1777220,bertopic,n15_c100_s42,16,1.0
1777819,bertopic,n15_c100_s42,5,1.0
1778040,bertopic,n15_c100_s42,9,1.0
1778220,bertopic,n15_c100_s42,0,0.6469619180578672
1778534,bertopic,n15_c100_s42,23,1.0
1779124,bertopic,n15_c100_s42,23,1.0
1780784,bertopic,n15_c100_s42,9,1.0
1780870,bertopic,n15_c100_s42,23,1.0
1781369,bertopic,n15_c100_s42,23,1.0
1781371,bertopic,n15_c100_s42,13,1.0
1781465,bertopic,n15_c100_s42,-1,0.0
1781567,bertopic,n15_c100_s42,4,1.0
1781757,bertopic,n15_c100_s42,17,1.0
1782449,bertopic,n15_c100_s42,6,0.7262186144726183
1782773,bertopic,n15_c100_s42,6,1.0
1782894,bertopic,n15_c100_s42,23,1.0
1783088,bertopic,n15_c100_s42,5,1.0
1783472,bertopic,n15_c100_s42,-1,0.0
1784023,bertopic,n15_c100_s42,23,1.0
1784510,bertopic,n15_c100_s42,-1,0.0
1786605,bertopic,n15_c100_s42,0,1.0
1786860,bertopic,n15_c100_s42,2,1.0
1787190,bertopic,n15_c100_s42,23,1.0
1787369,bertopic,n15_c100_s42,23,1.0
1787402,bertopic,n15_c100_s42,23,1.0
1788046,bertopic,n15_c100_s42,23,1.0
1788210,bertopic,n15_c100_s42,23,1.0
1788249,bertopic,n15_c100_s42,5,1.0
1788658,bertopic,n15_c100_s42,23,1.0
1788669,bertopic,n15_c100_s42,9,1.0
1788823,bertopic,n15_c100_s42,9,1.0
1789010,bertopic,n15_c100_s42,5,1.0
1789341,bertopic,n15_c100_s42,23,1.0
1790219,bertopic,n15_c100_s42,6,1.0
1790464,bertopic,n15_c100_s42,-1,0.0
1790795,bertopic,n15_c100_s42,5,1.0
1792141,bertopic,n15_c100_s42,8,1.0
1792754,bertopic,n15_c100_s42,5,1.0
1793048,bertopic,n15_c100_s42,23,1.0
1793349,bertopic,n15_c100_s42,8,1.0
1793500,bertopic,n15_c100_s42,-1,0.0
1793650,bertopic,n15_c100_s42,23,1.0
1794330,bertopic,n15_c100_s42,-1,0.0
1794525,bertopic,n15_c100_s42,6,0.6097804174022848
1794830,bertopic,n15_c100_s42,5,0.9964359354521937
1794940,bertopic,n15_c100_s42,2,0.7449364483071218
1795442,bertopic,n15_c100_s42,9,1.0
1795528,bertopic,n15_c100_s42,9,1.0
1795592,bertopic,n15_c100_s42,3,1.0
1795901,bertopic,n15_c100_s42,1,0.7186769245492767
1796159,bertopic,n15_c100_s42,23,1.0
1796275,bertopic,n15_c100_s42,6,0.963197202456698
1797065,bertopic,n15_c100_s42,-1,0.0
1797180,bertopic,n15_c100_s42,6,0.850545640708154
1797356,bertopic,n15_c100_s42,6,1.0
1798409,bertopic,n15_c100_s42,-1,0.0
1798748,bertopic,n15_c100_s42,16,1.0
1799072,bertopic,n15_c100_s42,3,1.0
1799196,bertopic,n15_c100_s42,-1,0.0
1799623,bertopic,n15_c100_s42,6,1.0
1800294,bertopic,n15_c100_s42,5,1.0
1800390,bertopic,n15_c100_s42,23,1.0
1801977,bertopic,n15_c100_s42,-1,0.0
1802483,bertopic,n15_c100_s42,6,1.0
1803579,bertopic,n15_c100_s42,23,1.0
1803645,bertopic,n15_c100_s42,5,1.0
1804034,bertopic,n15_c100_s42,9,1.0
1804666,bertopic,n15_c100_s42,2,1.0
1804998,bertopic,n15_c100_s42,-1,0.0
1805507,bertopic,n15_c100_s42,-1,0.0
1806946,bertopic,n15_c100_s42,-1,0.0
1807432,bertopic,n15_c100_s42,-1,0.0
1807741,bertopic,n15_c100_s42,-1,0.0
1808525,bertopic,n15_c100_s42,-1,0.0
1808878,bertopic,n15_c100_s42,5,1.0
1809279,bertopic,n15_c100_s42,-1,0.0
1809745,bertopic,n15_c100_s42,23,1.0
1810050,bertopic,n15_c100_s42,5,1.0
1811161,bertopic,n15_c100_s42,-1,0.0
1811551,bertopic,n15_c100_s42,-1,0.0
1812418,bertopic,n15_c100_s42,5,1.0
1812560,bertopic,n15_c100_s42,5,1.0
1812849,bertopic,n15_c100_s42,15,1.0
1812942,bertopic,n15_c100_s42,4,0.688845505103658
1814127,bertopic,n15_c100_s42,-1,0.0
1814492,bertopic,n15_c100_s42,23,1.0
1814823,bertopic,n15_c100_s42,-1,0.0
1814857,bertopic,n15_c100_s42,-1,0.0
1815057,bertopic,n15_c100_s42,-1,0.0
1815347,bertopic,n15_c100_s42,0,1.0
1816307,bertopic,n15_c100_s42,-1,0.0
1816824,bertopic,n15_c100_s42,5,1.0
1817789,bertopic,n15_c100_s42,-1,0.0
1817911,bertopic,n15_c100_s42,-1,0.0
1819002,bertopic,n15_c100_s42,-1,0.0
1819063,bertopic,n15_c100_s42,8,1.0
1819183,bertopic,n15_c100_s42,-1,0.0
1819282,bertopic,n15_c100_s42,-1,0.0
1819310,bertopic,n15_c100_s42,-1,0.0
1819353,bertopic,n15_c100_s42,5,1.0
1819427,bertopic,n15_c100_s42,-1,0.0
1819806,bertopic,n15_c100_s42,-1,0.0
1819857,bertopic,n15_c100_s42,-1,0.0
1821007,bertopic,n15_c100_s42,-1,0.0
1821156,bertopic,n15_c100_s42,-1,0.0
1821596,bertopic,n15_c100_s42,15,0.12682601409205835
1824215,bertopic,n15_c100_s42,-1,0.0
1824347,bertopic,n15_c100_s42,-1,0.0
1824634,bertopic,n15_c100_s42,-1,0.0
1825156,bertopic,n15_c100_s42,-1,0.0
1826482,bertopic,n15_c100_s42,-1,0.0
1828952,bertopic,n15_c100_s42,5,0.8082892313782071
1828997,bertopic,n15_c100_s42,23,1.0
1829044,bertopic,n15_c100_s42,9,1.0
1829612,bertopic,n15_c100_s42,-1,0.0
1830227,bertopic,n15_c100_s42,-1,0.0
1832511,bertopic,n15_c100_s42,6,0.850545640708154
1833174,bertopic,n15_c100_s42,9,1.0
1833629,bertopic,n15_c100_s42,1,0.26998012718538983
1833849,bertopic,n15_c100_s42,6,0.7091087023165829
1834610,bertopic,n15_c100_s42,10,0.6814270610691762
1835823,bertopic,n15_c100_s42,3,0.3715813634348353
1836084,bertopic,n15_c100_s42,6,1.0
1837582,bertopic,n15_c100_s42,-1,0.0
1838801,bertopic,n15_c100_s42,-1,0.0
1839338,bertopic,n15_c100_s42,-1,0.0
1840067,bertopic,n15_c100_s42,-1,0.0
1840353,bertopic,n15_c100_s42,2,1.0
1841915,bertopic,n15_c100_s42,23,1.0
1844676,bertopic,n15_c100_s42,23,1.0
1846581,bertopic,n15_c100_s42,9,1.0
1848894,bertopic,n15_c100_s42,-1,0.0
1849673,bertopic,n15_c100_s42,23,1.0
1850279,bertopic,n15_c100_s42,3,1.0
1850586,bertopic,n15_c100_s42,-1,0.0
1850605,bertopic,n15_c100_s42,16,1.0
1850613,bertopic,n15_c100_s42,-1,0.0
1850656,bertopic,n15_c100_s42,11,0.8998709794939561
1850658,bertopic,n15_c100_s42,3,0.5200138260310726
1850698,bertopic,n15_c100_s42,-1,0.0
1850775,bertopic,n15_c100_s42,2,0.7365473200867206
1850805,bertopic,n15_c100_s42,23,1.0
1852817,bertopic,n15_c100_s42,23,1.0
1853776,bertopic,n15_c100_s42,0,1.0
1854231,bertopic,n15_c100_s42,2,1.0
1854565,bertopic,n15_c100_s42,-1,0.0
1855730,bertopic,n15_c100_s42,-1,0.0
1857855,bertopic,n15_c100_s42,5,0.8772187580339897
1859703,bertopic,n15_c100_s42,9,1.0
1859873,bertopic,n15_c100_s42,2,0.7365473200867206
1859986,bertopic,n15_c100_s42,23,1.0
1861945,bertopic,n15_c100_s42,9,1.0
1864354,bertopic,n15_c100_s42,14,0.7844968136012587
1864798,bertopic,n15_c100_s42,2,0.7266152478065422
1877554,bertopic,n15_c100_s42,20,1.0
1877561,bertopic,n15_c100_s42,9,1.0
1878318,bertopic,n15_c100_s42,9,0.8870937758568254
1882764,bertopic,n15_c100_s42,9,1.0
1887908,bertopic,n15_c100_s42,0,1.0
1898150,bertopic,n15_c100_s42,9,1.0
1903287,bertopic,n15_c100_s42,23,1.0
1903507,bertopic,n15_c100_s42,9,0.9037182548705985
1909651,bertopic,n15_c100_s42,-1,0.0
1910159,bertopic,n15_c100_s42,10,1.0
1910233,bertopic,n15_c100_s42,9,0.998229533766967
1910817,bertopic,n15_c100_s42,3,0.5292482143266618
1911320,bertopic,n15_c100_s42,9,0.9970282737655833
1911491,bertopic,n15_c100_s42,2,1.0
1911514,bertopic,n15_c100_s42,9,0.9970282737655833
1912688,bertopic,n15_c100_s42,-1,0.0
1912825,bertopic,n15_c100_s42,0,1.0
1913064,bertopic,n15_c100_s42,-1,0.0
1913151,bertopic,n15_c100_s42,0,1.0
1913394,bertopic,n15_c100_s42,-1,0.0
1913513,bertopic,n15_c100_s42,0,1.0
1913582,bertopic,n15_c100_s42,0,1.0
1914067,bertopic,n15_c100_s42,17,1.0
1914123,bertopic,n15_c100_s42,4,1.0
1914502,bertopic,n15_c100_s42,-1,0.0
1914556,bertopic,n15_c100_s42,-1,0.0
1914857,bertopic,n15_c100_s42,20,1.0
1914916,bertopic,n15_c100_s42,4,1.0
1914999,bertopic,n15_c100_s42,9,1.0
1915075,bertopic,n15_c100_s42,20,1.0
1915304,bertopic,n15_c100_s42,17,1.0
1915804,bertopic,n15_c100_s42,0,1.0
1916053,bertopic,n15_c100_s42,16,1.0
1916441,bertopic,n15_c100_s42,9,0.9037182548705985
1917032,bertopic,n15_c100_s42,9,0.9037182548705985
1917329,bertopic,n15_c100_s42,20,0.9603426877845372
1917366,bertopic,n15_c100_s42,2,1.0
1917376,bertopic,n15_c100_s42,6,0.6097804174022848
1917392,bertopic,n15_c100_s42,6,0.6097804174022848
1917662,bertopic,n15_c100_s42,6,0.6097804174022848
1917921,bertopic,n15_c100_s42,12,1.0
1918072,bertopic,n15_c100_s42,8,1.0
1918118,bertopic,n15_c100_s42,9,0.9037182548705985
1918149,bertopic,n15_c100_s42,2,1.0
1919027,bertopic,n15_c100_s42,20,1.0
1919141,bertopic,n15_c100_s42,4,1.0
1919384,bertopic,n15_c100_s42,20,1.0
1919642,bertopic,n15_c100_s42,13,1.0
1919898,bertopic,n15_c100_s42,1,1.0
1920049,bertopic,n15_c100_s42,11,0.6622479871699721
1920139,bertopic,n15_c100_s42,6,0.7577468581512207
1920344,bertopic,n15_c100_s42,6,1.0
1920462,bertopic,n15_c100_s42,6,1.0
1920552,bertopic,n15_c100_s42,0,1.0
1920614,bertopic,n15_c100_s42,1,1.0
1920979,bertopic,n15_c100_s42,1,1.0
1921087,bertopic,n15_c100_s42,1,0.26998012718538983
1921245,bertopic,n15_c100_s42,1,0.583900998992028
1921288,bertopic,n15_c100_s42,1,1.0
1921294,bertopic,n15_c100_s42,1,1.0
1921486,bertopic,n15_c100_s42,1,0.8862557422896485
1921595,bertopic,n15_c100_s42,1,1.0
1921610,bertopic,n15_c100_s42,20,1.0
1921687,bertopic,n15_c100_s42,1,1.0
1921781,bertopic,n15_c100_s42,1,1.0
1921794,bertopic,n15_c100_s42,1,0.583900998992028
1921824,bertopic,n15_c100_s42,23,1.0
1921913,bertopic,n15_c100_s42,19,1.0
1922057,bertopic,n15_c100_s42,1,1.0
1922173,bertopic,n15_c100_s42,2,1.0
1922205,bertopic,n15_c100_s42,1,0.583900998992028
1922459,bertopic,n15_c100_s42,12,1.0
1922629,bertopic,n15_c100_s42,1,0.879069553190549
1922795,bertopic,n15_c100_s42,13,1.0
1922828,bertopic,n15_c100_s42,15,0.7615905010332523
1922977,bertopic,n15_c100_s42,13,1.0
1923009,bertopic,n15_c100_s42,13,1.0
1923146,bertopic,n15_c100_s42,1,0.9792115721425
1923374,bertopic,n15_c100_s42,13,1.0
1923479,bertopic,n15_c100_s42,1,1.0
1923644,bertopic,n15_c100_s42,1,0.7682803393390694
1923697,bertopic,n15_c100_s42,1,1.0
1924497,bertopic,n15_c100_s42,-1,0.0
1924855,bertopic,n15_c100_s42,13,1.0
1924864,bertopic,n15_c100_s42,1,0.9496161563201518
1925034,bertopic,n15_c100_s42,-1,0.0
1925150,bertopic,n15_c100_s42,1,0.778379243809182
1925327,bertopic,n15_c100_s42,1,1.0
1925452,bertopic,n15_c100_s42,-1,0.0
1925613,bertopic,n15_c100_s42,4,0.8939105786056402
1927157,bertopic,n15_c100_s42,13,1.0
1927201,bertopic,n15_c100_s42,1,1.0
1927890,bertopic,n15_c100_s42,8,0.9510559662431035
1928474,bertopic,n15_c100_s42,1,0.3492321434883388
1928645,bertopic,n15_c100_s42,20,1.0
1928724,bertopic,n15_c100_s42,1,0.3492321434883388
1929485,bertopic,n15_c100_s42,0,1.0
1929633,bertopic,n15_c100_s42,1,0.3492321434883388
1929760,bertopic,n15_c100_s42,1,0.9603556067540078
1929763,bertopic,n15_c100_s42,1,0.9609824701315759
1929767,bertopic,n15_c100_s42,1,0.9603556067540078
1929768,bertopic,n15_c100_s42,1,0.7186769245492767
1930608,bertopic,n15_c100_s42,2,1.0
1931300,bertopic,n15_c100_s42,0,1.0
1931498,bertopic,n15_c100_s42,2,0.9434634091707669
1931996,bertopic,n15_c100_s42,6,0.850545640708154
1936683,bertopic,n15_c100_s42,-1,0.0
1945070,bertopic,n15_c100_s42,-1,0.0
1945313,bertopic,n15_c100_s42,1,0.5107075889927064
1945319,bertopic,n15_c100_s42,21,1.0
1945374,bertopic,n15_c100_s42,-1,0.0
1945392,bertopic,n15_c100_s42,8,1.0
1945405,bertopic,n15_c100_s42,19,0.9178509152637788
1945418,bertopic,n15_c100_s42,11,0.8998709794939561
1945429,bertopic,n15_c100_s42,2,0.6523927027883655
1945490,bertopic,n15_c100_s42,2,0.7279168623806908
1945530,bertopic,n15_c100_s42,3,1.0
1945546,bertopic,n15_c100_s42,4,1.0
1945567,bertopic,n15_c100_s42,18,0.8572517586662484
1945611,bertopic,n15_c100_s42,1,0.5107075889927064
1945733,bertopic,n15_c100_s42,4,0.5945970321172419
1946223,bertopic,n15_c100_s42,19,0.7411464670118305
1947980,bertopic,n15_c100_s42,-1,0.0
1948740,bertopic,n15_c100_s42,10,0.487163937252258
1948741,bertopic,n15_c100_s42,22,1.0
1949482,bertopic,n15_c100_s42,11,0.7461438157056329
1949955,bertopic,n15_c100_s42,-1,0.0
1950075,bertopic,n15_c100_s42,12,0.9578544211365422
1950644,bertopic,n15_c100_s42,-1,0.0
1951609,bertopic,n15_c100_s42,11,1.0
1951771,bertopic,n15_c100_s42,3,0.5163380450322697
1952739,bertopic,n15_c100_s42,-1,0.0
1953711,bertopic,n15_c100_s42,9,1.0
1955309,bertopic,n15_c100_s42,-1,0.0
1957301,bertopic,n15_c100_s42,-1,0.0
1960077,bertopic,n15_c100_s42,-1,0.0
1964448,bertopic,n15_c100_s42,10,1.0
1965386,bertopic,n15_c100_s42,-1,0.0
1967155,bertopic,n15_c100_s42,11,1.0
1967951,bertopic,n15_c100_s42,3,1.0
1970492,bertopic,n15_c100_s42,14,1.0
1970500,bertopic,n15_c100_s42,14,1.0
1970785,bertopic,n15_c100_s42,10,0.697984057552163
1971369,bertopic,n15_c100_s42,9,0.9970282737655833
1975413,bertopic,n15_c100_s42,-1,0.0
1976203,bertopic,n15_c100_s42,-1,0.0
1977473,bertopic,n15_c100_s42,2,1.0
1977542,bertopic,n15_c100_s42,2,1.0
1978978,bertopic,n15_c100_s42,3,0.5746133726513507
1980594,bertopic,n15_c100_s42,16,1.0
1983301,bertopic,n15_c100_s42,21,1.0
1985714,bertopic,n15_c100_s42,-1,0.0
1985731,bertopic,n15_c100_s42,-1,0.0
1986698,bertopic,n15_c100_s42,-1,0.0
1987308,bertopic,n15_c100_s42,5,0.9157016102955016
1987373,bertopic,n15_c100_s42,0,1.0
1987812,bertopic,n15_c100_s42,-1,0.0
1987816,bertopic,n15_c100_s42,0,1.0
1988414,bertopic,n15_c100_s42,0,1.0
1988762,bertopic,n15_c100_s42,0,1.0
1988873,bertopic,n15_c100_s42,11,0.7461438157056329
1988877,bertopic,n15_c100_s42,11,0.7461438157056329
1989809,bertopic,n15_c100_s42,0,1.0
1989941,bertopic,n15_c100_s42,5,0.9762819912934129
1990045,bertopic,n15_c100_s42,-1,0.0
1991285,bertopic,n15_c100_s42,0,1.0
1991332,bertopic,n15_c100_s42,5,0.8726969752864061
1991560,bertopic,n15_c100_s42,8,1.0
1991578,bertopic,n15_c100_s42,5,0.829143445220301
1991582,bertopic,n15_c100_s42,21,1.0
1991685,bertopic,n15_c100_s42,-1,0.0
1991804,bertopic,n15_c100_s42,5,1.0
1992116,bertopic,n15_c100_s42,0,1.0
1992590,bertopic,n15_c100_s42,-1,0.0
1993112,bertopic,n15_c100_s42,1,0.16364699451608886
1993759,bertopic,n15_c100_s42,20,1.0
1993811,bertopic,n15_c100_s42,7,1.0
1994088,bertopic,n15_c100_s42,11,0.7461438157056329
1994200,bertopic,n15_c100_s42,8,1.0
1994540,bertopic,n15_c100_s42,5,0.9498638311613158
1994982,bertopic,n15_c100_s42,2,1.0
1995093,bertopic,n15_c100_s42,12,0.9578544211365422
1996158,bertopic,n15_c100_s42,23,1.0
1996364,bertopic,n15_c100_s42,1,0.5107075889927064
1997760,bertopic,n15_c100_s42,20,1.0
1997762,bertopic,n15_c100_s42,20,1.0
1997763,bertopic,n15_c100_s42,1,0.3106005258111217
1998455,bertopic,n15_c100_s42,3,0.8143722758603489
1998813,bertopic,n15_c100_s42,15,1.0
1998814,bertopic,n15_c100_s42,15,1.0
1998925,bertopic,n15_c100_s42,0,1.0
1998992,bertopic,n15_c100_s42,0,0.7939536197664467
1999136,bertopic,n15_c100_s42,0,1.0
1999406,bertopic,n15_c100_s42,18,1.0
1999413,bertopic,n15_c100_s42,-1,0.0
1999416,bertopic,n15_c100_s42,8,0.9429495823241364
1999419,bertopic,n15_c100_s42,1,0.9603556067540078
1999799,bertopic,n15_c100_s42,11,0.7461438157056329
1999800,bertopic,n15_c100_s42,11,0.7461438157056329
1999902,bertopic,n15_c100_s42,16,1.0
1999907,bertopic,n15_c100_s42,4,1.0
2000287,bertopic,n15_c100_s42,0,1.0
2000408,bertopic,n15_c100_s42,9,1.0
2001063,bertopic,n15_c100_s42,11,1.0
2001078,bertopic,n15_c100_s42,11,1.0
2001263,bertopic,n15_c100_s42,20,1.0
2002133,bertopic,n15_c100_s42,9,1.0
2002376,bertopic,n15_c100_s42,0,1.0
2002387,bertopic,n15_c100_s42,5,0.7181108260295338
2003038,bertopic,n15_c100_s42,20,1.0
2003363,bertopic,n15_c100_s42,0,1.0
2003965,bertopic,n15_c100_s42,-1,0.0
2005390,bertopic,n15_c100_s42,3,0.38505243539633766
2007388,bertopic,n15_c100_s42,5,0.8621506045055068
2007389,bertopic,n15_c100_s42,5,1.0
2007445,bertopic,n15_c100_s42,16,1.0
2007592,bertopic,n15_c100_s42,3,0.9671147210881353
2007707,bertopic,n15_c100_s42,0,1.0
2008279,bertopic,n15_c100_s42,5,1.0
2009227,bertopic,n15_c100_s42,21,1.0
2009404,bertopic,n15_c100_s42,3,0.9417446461437188
2009473,bertopic,n15_c100_s42,21,1.0
2009559,bertopic,n15_c100_s42,8,1.0
2011091,bertopic,n15_c100_s42,7,1.0
2011679,bertopic,n15_c100_s42,3,1.0
2013225,bertopic,n15_c100_s42,-1,0.0
2013501,bertopic,n15_c100_s42,3,1.0
2013569,bertopic,n15_c100_s42,-1,0.0
2014497,bertopic,n15_c100_s42,8,1.0
2014759,bertopic,n15_c100_s42,9,1.0
2015012,bertopic,n15_c100_s42,-1,0.0
2015030,bertopic,n15_c100_s42,2,1.0
2015337,bertopic,n15_c100_s42,11,0.7461438157056329
2015402,bertopic,n15_c100_s42,3,1.0
2015579,bertopic,n15_c100_s42,2,1.0
2015581,bertopic,n15_c100_s42,-1,0.0
2015910,bertopic,n15_c100_s42,6,0.6097804174022848
2016180,bertopic,n15_c100_s42,-1,0.0
2017225,bertopic,n15_c100_s42,21,1.0
2017594,bertopic,n15_c100_s42,3,1.0
2017937,bertopic,n15_c100_s42,20,1.0
2017938,bertopic,n15_c100_s42,6,0.6097804174022848
2017939,bertopic,n15_c100_s42,6,0.6097804174022848
2019441,bertopic,n15_c100_s42,16,1.0
2019516,bertopic,n15_c100_s42,2,1.0
2021619,bertopic,n15_c100_s42,13,0.8821739185286962
2021983,bertopic,n15_c100_s42,0,1.0
2022527,bertopic,n15_c100_s42,-1,0.0
2023244,bertopic,n15_c100_s42,1,0.9603556067540078
2023474,bertopic,n15_c100_s42,13,1.0
2024007,bertopic,n15_c100_s42,13,1.0
2024008,bertopic,n15_c100_s42,13,1.0
2024011,bertopic,n15_c100_s42,13,1.0
2024174,bertopic,n15_c100_s42,-1,0.0
2024289,bertopic,n15_c100_s42,11,0.7461438157056329
2024401,bertopic,n15_c100_s42,4,1.0
2024482,bertopic,n15_c100_s42,7,0.7621278744775771
2024509,bertopic,n15_c100_s42,1,0.9603556067540078
2024682,bertopic,n15_c100_s42,23,1.0
2025132,bertopic,n15_c100_s42,11,0.6622479871699721
2025463,bertopic,n15_c100_s42,1,0.7363960467496131
2026211,bertopic,n15_c100_s42,8,1.0
2028370,bertopic,n15_c100_s42,-1,0.0
2028405,bertopic,n15_c100_s42,11,0.6622479871699721
2028568,bertopic,n15_c100_s42,-1,0.0
2028611,bertopic,n15_c100_s42,11,1.0
2028764,bertopic,n15_c100_s42,-1,0.0
2029014,bertopic,n15_c100_s42,11,0.7461438157056329
2029290,bertopic,n15_c100_s42,1,0.940342258738476
2029717,bertopic,n15_c100_s42,7,1.0
2029718,bertopic,n15_c100_s42,7,1.0
2030076,bertopic,n15_c100_s42,12,1.0
2030240,bertopic,n15_c100_s42,11,1.0
2030242,bertopic,n15_c100_s42,11,1.0
2030261,bertopic,n15_c100_s42,11,1.0
2031168,bertopic,n15_c100_s42,3,0.9417446461437188
2031195,bertopic,n15_c100_s42,8,1.0
2031196,bertopic,n15_c100_s42,-1,0.0
2031472,bertopic,n15_c100_s42,11,0.5189058387198185
2031482,bertopic,n15_c100_s42,1,0.6912010750581502
2031483,bertopic,n15_c100_s42,7,1.0
2031486,bertopic,n15_c100_s42,13,1.0
2032150,bertopic,n15_c100_s42,1,1.0
2032154,bertopic,n15_c100_s42,6,1.0
2032266,bertopic,n15_c100_s42,1,1.0
2033352,bertopic,n15_c100_s42,15,1.0
2033927,bertopic,n15_c100_s42,2,1.0
2034218,bertopic,n15_c100_s42,11,0.7461438157056329
2034219,bertopic,n15_c100_s42,11,0.7461438157056329
2034220,bertopic,n15_c100_s42,11,0.7461438157056329
2034376,bertopic,n15_c100_s42,10,0.7734250494662924
2034377,bertopic,n15_c100_s42,10,0.697984057552163
2034608,bertopic,n15_c100_s42,-1,0.0
2035212,bertopic,n15_c100_s42,3,1.0
2035473,bertopic,n15_c100_s42,-1,0.0
2036373,bertopic,n15_c100_s42,0,1.0
2036375,bertopic,n15_c100_s42,10,0.697984057552163
2036922,bertopic,n15_c100_s42,1,1.0
2036923,bertopic,n15_c100_s42,1,0.7123736790200065
2036924,bertopic,n15_c100_s42,13,1.0
2037033,bertopic,n15_c100_s42,2,1.0
2037304,bertopic,n15_c100_s42,-1,0.0
2038117,bertopic,n15_c100_s42,4,0.8939105786056402
2038130,bertopic,n15_c100_s42,4,0.8939105786056402
2038366,bertopic,n15_c100_s42,11,0.6620353214449377
2038672,bertopic,n15_c100_s42,1,0.9603556067540078
2039029,bertopic,n15_c100_s42,11,0.7461438157056329
2039030,bertopic,n15_c100_s42,11,0.7461438157056329
2039035,bertopic,n15_c100_s42,11,0.7461438157056329
2039173,bertopic,n15_c100_s42,4,0.8939105786056402
2039175,bertopic,n15_c100_s42,4,0.8939105786056402
2039530,bertopic,n15_c100_s42,1,0.9603556067540078
2039950,bertopic,n15_c100_s42,1,1.0
2039969,bertopic,n15_c100_s42,1,0.3492321434883388
2040358,bertopic,n15_c100_s42,11,1.0
2040360,bertopic,n15_c100_s42,11,1.0
2040363,bertopic,n15_c100_s42,11,0.7276876740903867
2040365,bertopic,n15_c100_s42,2,0.7551642938761841
2040367,bertopic,n15_c100_s42,11,1.0
2040368,bertopic,n15_c100_s42,11,1.0
2040369,bertopic,n15_c100_s42,11,1.0
2040569,bertopic,n15_c100_s42,20,1.0
2040735,bertopic,n15_c100_s42,20,1.0
2041509,bertopic,n15_c100_s42,1,0.583900998992028
2041628,bertopic,n15_c100_s42,21,1.0
2042151,bertopic,n15_c100_s42,1,0.7810776238699796
2042152,bertopic,n15_c100_s42,1,0.3492321434883388
2042154,bertopic,n15_c100_s42,1,0.583900998992028
2042157,bertopic,n15_c100_s42,1,0.583900998992028
2042158,bertopic,n15_c100_s42,1,1.0
2042316,bertopic,n15_c100_s42,19,1.0
2042976,bertopic,n15_c100_s42,5,0.9498638311613158
2043450,bertopic,n15_c100_s42,8,1.0
2043453,bertopic,n15_c100_s42,-1,0.0
2043934,bertopic,n15_c100_s42,-1,0.0
2044003,bertopic,n15_c100_s42,7,1.0
2044156,bertopic,n15_c100_s42,-1,0.0
2044184,bertopic,n15_c100_s42,22,1.0
2044257,bertopic,n15_c100_s42,11,0.7461438157056329
2044423,bertopic,n15_c100_s42,3,0.9417446461437188
2044436,bertopic,n15_c100_s42,10,0.697984057552163
2045872,bertopic,n15_c100_s42,12,1.0
2046239,bertopic,n15_c100_s42,5,0.9379957352337894
2047211,bertopic,n15_c100_s42,13,1.0
2047219,bertopic,n15_c100_s42,13,1.0
2047320,bertopic,n15_c100_s42,2,0.9626929597875836
2047539,bertopic,n15_c100_s42,-1,0.0
2048315,bertopic,n15_c100_s42,9,0.7702585424728752
2049150,bertopic,n15_c100_s42,11,0.7461438157056329
2050124,bertopic,n15_c100_s42,12,1.0
2050252,bertopic,n15_c100_s42,21,1.0
2050630,bertopic,n15_c100_s42,20,1.0
2051044,bertopic,n15_c100_s42,11,0.6622479871699721
2051060,bertopic,n15_c100_s42,3,0.9331605335833709
2051915,bertopic,n15_c100_s42,1,1.0
2052862,bertopic,n15_c100_s42,15,1.0
2053100,bertopic,n15_c100_s42,16,1.0
2053572,bertopic,n15_c100_s42,7,1.0
2053691,bertopic,n15_c100_s42,11,0.7461438157056329
2053719,bertopic,n15_c100_s42,-1,0.0
2054476,bertopic,n15_c100_s42,1,1.0
2054776,bertopic,n15_c100_s42,-1,0.0
2055852,bertopic,n15_c100_s42,16,1.0
2056125,bertopic,n15_c100_s42,4,0.7454035501488618
2056550,bertopic,n15_c100_s42,13,1.0
2056757,bertopic,n15_c100_s42,8,1.0
2057845,bertopic,n15_c100_s42,3,0.49833090515208295
2058363,bertopic,n15_c100_s42,19,1.0
2058406,bertopic,n15_c100_s42,12,1.0
2058433,bertopic,n15_c100_s42,3,1.0
2058922,bertopic,n15_c100_s42,21,1.0
2059350,bertopic,n15_c100_s42,12,1.0
2059784,bertopic,n15_c100_s42,8,1.0
2060050,bertopic,n15_c100_s42,11,1.0
2060367,bertopic,n15_c100_s42,9,1.0
2060632,bertopic,n15_c100_s42,0,1.0
2061242,bertopic,n15_c100_s42,1,1.0
2062317,bertopic,n15_c100_s42,10,0.5139359960913484
2062938,bertopic,n15_c100_s42,5,1.0
2063072,bertopic,n15_c100_s42,11,0.7461438157056329
2063227,bertopic,n15_c100_s42,19,0.4068632155358495
2063228,bertopic,n15_c100_s42,10,0.4278141845802301
2063522,bertopic,n15_c100_s42,3,0.5552788693522349
2063675,bertopic,n15_c100_s42,2,1.0
2063954,bertopic,n15_c100_s42,1,1.0
2064159,bertopic,n15_c100_s42,12,1.0
2064339,bertopic,n15_c100_s42,5,1.0
2064505,bertopic,n15_c100_s42,3,1.0
2065168,bertopic,n15_c100_s42,-1,0.0
2065425,bertopic,n15_c100_s42,3,1.0
2065523,bertopic,n15_c100_s42,11,1.0
2065880,bertopic,n15_c100_s42,3,0.9417446461437188
2066166,bertopic,n15_c100_s42,5,0.9498638311613158
2066291,bertopic,n15_c100_s42,-1,0.0
2066373,bertopic,n15_c100_s42,5,1.0
2066451,bertopic,n15_c100_s42,5,1.0
2067016,bertopic,n15_c100_s42,5,1.0
2067515,bertopic,n15_c100_s42,3,0.9417446461437188
2067699,bertopic,n15_c100_s42,4,0.688845505103658
2067894,bertopic,n15_c100_s42,11,0.7461438157056329
2068031,bertopic,n15_c100_s42,10,0.8554861321577645
2068606,bertopic,n15_c100_s42,1,0.3492321434883388
2068811,bertopic,n15_c100_s42,12,1.0
2068903,bertopic,n15_c100_s42,11,0.6622479871699721
2069482,bertopic,n15_c100_s42,1,0.3492321434883388
2069818,bertopic,n15_c100_s42,16,1.0
2069830,bertopic,n15_c100_s42,11,0.6622479871699721
2070092,bertopic,n15_c100_s42,0,0.3277305395150376
2070126,bertopic,n15_c100_s42,5,0.8570175374532495
2070198,bertopic,n15_c100_s42,-1,0.0
2070252,bertopic,n15_c100_s42,0,0.1344555810401498
2070261,bertopic,n15_c100_s42,-1,0.0
2070336,bertopic,n15_c100_s42,11,1.0
2070644,bertopic,n15_c100_s42,17,1.0
2070739,bertopic,n15_c100_s42,2,0.9626929597875836
2070740,bertopic,n15_c100_s42,1,1.0
2070741,bertopic,n15_c100_s42,2,1.0
2070892,bertopic,n15_c100_s42,22,1.0
2070928,bertopic,n15_c100_s42,6,1.0
2072426,bertopic,n15_c100_s42,11,0.7461438157056329
2072531,bertopic,n15_c100_s42,4,0.688845505103658
2072532,bertopic,n15_c100_s42,4,0.688845505103658
2074928,bertopic,n15_c100_s42,17,1.0
2074981,bertopic,n15_c100_s42,1,0.3492321434883388
2074983,bertopic,n15_c100_s42,1,0.3492321434883388
2076397,bertopic,n15_c100_s42,5,0.9498638311613158
2076827,bertopic,n15_c100_s42,4,0.8939105786056402
2076872,bertopic,n15_c100_s42,10,0.8031878148229837
2078495,bertopic,n15_c100_s42,1,0.9609824701315759
2078807,bertopic,n15_c100_s42,3,0.5163380450322697
2079697,bertopic,n15_c100_s42,11,1.0
2080208,bertopic,n15_c100_s42,2,1.0
2080520,bertopic,n15_c100_s42,-1,0.0
2080524,bertopic,n15_c100_s42,11,0.6622479871699721
2080559,bertopic,n15_c100_s42,-1,0.0
2080964,bertopic,n15_c100_s42,11,0.7461438157056329
2081038,bertopic,n15_c100_s42,-1,0.0
2081158,bertopic,n15_c100_s42,3,0.5603309257613376
2081268,bertopic,n15_c100_s42,3,0.9019473159386998
2081505,bertopic,n15_c100_s42,1,0.9603556067540078
2081635,bertopic,n15_c100_s42,11,0.6622479871699721
2082839,bertopic,n15_c100_s42,11,1.0
2082840,bertopic,n15_c100_s42,11,1.0
2083475,bertopic,n15_c100_s42,1,0.7186769245492767
2083552,bertopic,n15_c100_s42,1,0.9609824701315759
2083754,bertopic,n15_c100_s42,11,0.6622479871699721
2083779,bertopic,n15_c100_s42,1,0.9603556067540078
2083848,bertopic,n15_c100_s42,1,0.7186769245492767
2084534,bertopic,n15_c100_s42,11,1.0
2084870,bertopic,n15_c100_s42,11,0.6622479871699721
2084875,bertopic,n15_c100_s42,11,1.0
2085254,bertopic,n15_c100_s42,5,1.0
2085345,bertopic,n15_c100_s42,16,0.6233586772384386
2085382,bertopic,n15_c100_s42,11,0.6622479871699721
2085383,bertopic,n15_c100_s42,11,0.6622479871699721
2085405,bertopic,n15_c100_s42,0,1.0
2085623,bertopic,n15_c100_s42,11,0.6622479871699721
2085747,bertopic,n15_c100_s42,5,0.8905226922042567
2086233,bertopic,n15_c100_s42,5,1.0
2086322,bertopic,n15_c100_s42,12,1.0
2086458,bertopic,n15_c100_s42,11,1.0
2086745,bertopic,n15_c100_s42,11,1.0
2087273,bertopic,n15_c100_s42,6,1.0
2087489,bertopic,n15_c100_s42,1,0.5317829996452761
2087557,bertopic,n15_c100_s42,11,1.0
2087571,bertopic,n15_c100_s42,0,1.0
2087572,bertopic,n15_c100_s42,0,1.0
2087621,bertopic,n15_c100_s42,5,1.0
2087788,bertopic,n15_c100_s42,5,0.7203792237043651
2087950,bertopic,n15_c100_s42,6,0.8747764123364018
2088184,bertopic,n15_c100_s42,6,1.0
2088185,bertopic,n15_c100_s42,6,0.5882842707946723
2088188,bertopic,n15_c100_s42,6,0.9786070363610592
2088189,bertopic,n15_c100_s42,16,1.0
2088286,bertopic,n15_c100_s42,2,0.9082383766165005
2088386,bertopic,n15_c100_s42,11,1.0
2088411,bertopic,n15_c100_s42,11,1.0
2088466,bertopic,n15_c100_s42,21,1.0
2088611,bertopic,n15_c100_s42,7,0.7621278744775771
2088722,bertopic,n15_c100_s42,11,1.0
2089535,bertopic,n15_c100_s42,8,0.9794951554874883
2090286,bertopic,n15_c100_s42,0,1.0
2093107,bertopic,n15_c100_s42,0,1.0
2093714,bertopic,n15_c100_s42,-1,0.0
2093845,bertopic,n15_c100_s42,15,1.0
2094139,bertopic,n15_c100_s42,11,0.6622479871699721
2094453,bertopic,n15_c100_s42,11,1.0
2094577,bertopic,n15_c100_s42,11,1.0
2094582,bertopic,n15_c100_s42,6,0.743580518902349
2095270,bertopic,n15_c100_s42,3,1.0
2095462,bertopic,n15_c100_s42,12,1.0
2096702,bertopic,n15_c100_s42,-1,0.0
2096779,bertopic,n15_c100_s42,10,0.5295746808587691
2097577,bertopic,n15_c100_s42,13,1.0
2097674,bertopic,n15_c100_s42,2,1.0
2097712,bertopic,n15_c100_s42,-1,0.0
2098828,bertopic,n15_c100_s42,4,0.751375338110363
2099736,bertopic,n15_c100_s42,4,0.688845505103658
2100693,bertopic,n15_c100_s42,3,1.0
2101432,bertopic,n15_c100_s42,3,0.9417446461437188
2102016,bertopic,n15_c100_s42,11,1.0
2102637,bertopic,n15_c100_s42,22,1.0
2103764,bertopic,n15_c100_s42,14,1.0
2103914,bertopic,n15_c100_s42,11,1.0
2104181,bertopic,n15_c100_s42,7,0.3929587819414512
2105529,bertopic,n15_c100_s42,8,1.0
2106385,bertopic,n15_c100_s42,11,0.7461438157056329
2106386,bertopic,n15_c100_s42,11,0.6468198467730589
2106496,bertopic,n15_c100_s42,5,1.0
2106680,bertopic,n15_c100_s42,14,1.0
2106820,bertopic,n15_c100_s42,2,0.9626929597875836
2107672,bertopic,n15_c100_s42,14,0.7321437181419909
2107801,bertopic,n15_c100_s42,-1,0.0
2108028,bertopic,n15_c100_s42,11,0.6403880374999782
2108304,bertopic,n15_c100_s42,11,1.0
2109054,bertopic,n15_c100_s42,-1,0.0
2109302,bertopic,n15_c100_s42,4,0.5945970321172419
2110285,bertopic,n15_c100_s42,-1,0.0
2111097,bertopic,n15_c100_s42,13,1.0
2111098,bertopic,n15_c100_s42,20,1.0
2112280,bertopic,n15_c100_s42,-1,0.0
2114346,bertopic,n15_c100_s42,3,0.40921074237342353
2117367,bertopic,n15_c100_s42,11,1.0
2117965,bertopic,n15_c100_s42,10,0.6814270610691762
2119976,bertopic,n15_c100_s42,5,0.7922248345720276
2120551,bertopic,n15_c100_s42,13,0.7921208470806851
2120569,bertopic,n15_c100_s42,8,1.0
2120993,bertopic,n15_c100_s42,22,1.0
2121720,bertopic,n15_c100_s42,3,0.5746133726513507
2121738,bertopic,n15_c100_s42,3,1.0
2122258,bertopic,n15_c100_s42,11,1.0
2122262,bertopic,n15_c100_s42,11,1.0
2122631,bertopic,n15_c100_s42,10,1.0
2123001,bertopic,n15_c100_s42,-1,0.0
2123541,bertopic,n15_c100_s42,10,0.7341907122871633
2124983,bertopic,n15_c100_s42,8,0.9903299570372871
2125414,bertopic,n15_c100_s42,10,0.697984057552163
2125946,bertopic,n15_c100_s42,11,0.6622479871699721
2126187,bertopic,n15_c100_s42,4,0.5945970321172419
2128711,bertopic,n15_c100_s42,11,0.6622479871699721
2129151,bertopic,n15_c100_s42,11,1.0
2129451,bertopic,n15_c100_s42,6,1.0
2129452,bertopic,n15_c100_s42,6,1.0
2129768,bertopic,n15_c100_s42,2,1.0
2130756,bertopic,n15_c100_s42,3,0.5163380450322697
2131032,bertopic,n15_c100_s42,11,1.0
2131071,bertopic,n15_c100_s42,3,0.5163380450322697
2131333,bertopic,n15_c100_s42,4,0.751375338110363
2131728,bertopic,n15_c100_s42,3,0.5260177556767087
2134018,bertopic,n15_c100_s42,7,0.3929587819414512
2134131,bertopic,n15_c100_s42,3,0.5746133726513507
2134846,bertopic,n15_c100_s42,3,0.3715813634348353
2137522,bertopic,n15_c100_s42,-1,0.0
2139002,bertopic,n15_c100_s42,-1,0.0
2139271,bertopic,n15_c100_s42,13,1.0
2139819,bertopic,n15_c100_s42,11,1.0
2139832,bertopic,n15_c100_s42,12,1.0
2140049,bertopic,n15_c100_s42,5,0.8981651006383375
2140167,bertopic,n15_c100_s42,4,0.688845505103658
2140169,bertopic,n15_c100_s42,5,1.0
2141099,bertopic,n15_c100_s42,-1,0.0
2141765,bertopic,n15_c100_s42,6,1.0
2142186,bertopic,n15_c100_s42,-1,0.0
2142632,bertopic,n15_c100_s42,3,0.7810501128551396
2142633,bertopic,n15_c100_s42,11,1.0
2143076,bertopic,n15_c100_s42,3,1.0
2143209,bertopic,n15_c100_s42,7,0.63320790872107
2144273,bertopic,n15_c100_s42,14,0.7844968136012587
2144775,bertopic,n15_c100_s42,11,1.0
2144781,bertopic,n15_c100_s42,11,1.0
2144906,bertopic,n15_c100_s42,0,1.0
2145081,bertopic,n15_c100_s42,4,0.6657935877337294
2145129,bertopic,n15_c100_s42,-1,0.0
2147478,bertopic,n15_c100_s42,11,1.0
2147479,bertopic,n15_c100_s42,11,0.939453508938952
2147481,bertopic,n15_c100_s42,11,0.5653015816836476
2147483,bertopic,n15_c100_s42,-1,0.0
2147788,bertopic,n15_c100_s42,13,0.8650680833895773
2147793,bertopic,n15_c100_s42,-1,0.0
2149520,bertopic,n15_c100_s42,11,1.0
2149543,bertopic,n15_c100_s42,13,1.0
2149836,bertopic,n15_c100_s42,7,0.3929587819414512
2150869,bertopic,n15_c100_s42,12,1.0
2151907,bertopic,n15_c100_s42,13,1.0
2154569,bertopic,n15_c100_s42,5,0.8981651006383375
2154732,bertopic,n15_c100_s42,-1,0.0
2154885,bertopic,n15_c100_s42,5,1.0
2156785,bertopic,n15_c100_s42,0,1.0
2159159,bertopic,n15_c100_s42,11,1.0
2159180,bertopic,n15_c100_s42,1,0.5107075889927064
2159712,bertopic,n15_c100_s42,4,0.8939105786056402
2160028,bertopic,n15_c100_s42,-1,0.0
2161919,bertopic,n15_c100_s42,1,0.5107075889927064
2162503,bertopic,n15_c100_s42,13,1.0
2162627,bertopic,n15_c100_s42,-1,0.0
2162681,bertopic,n15_c100_s42,3,0.5552788693522349
2162877,bertopic,n15_c100_s42,1,0.5107075889927064
2162951,bertopic,n15_c100_s42,1,0.5107075889927064
2162976,bertopic,n15_c100_s42,-1,0.0
2162990,bertopic,n15_c100_s42,0,0.1344555810401498
2163143,bertopic,n15_c100_s42,21,1.0
2163236,bertopic,n15_c100_s42,9,0.9037182548705985
2163395,bertopic,n15_c100_s42,-1,0.0
2163553,bertopic,n15_c100_s42,2,0.5927326312677804
2163644,bertopic,n15_c100_s42,2,1.0
2163683,bertopic,n15_c100_s42,21,1.0
2163686,bertopic,n15_c100_s42,1,0.5107075889927064
2163786,bertopic,n15_c100_s42,-1,0.0
2163794,bertopic,n15_c100_s42,9,1.0
2163834,bertopic,n15_c100_s42,9,1.0
2163839,bertopic,n15_c100_s42,4,1.0
2164487,bertopic,n15_c100_s42,1,0.5107075889927064
2165196,bertopic,n15_c100_s42,1,0.5107075889927064
2165527,bertopic,n15_c100_s42,-1,0.0
2165918,bertopic,n15_c100_s42,1,0.41871102682222355
2166015,bertopic,n15_c100_s42,9,1.0
2166447,bertopic,n15_c100_s42,1,0.5107075889927064
2167891,bertopic,n15_c100_s42,1,0.5107075889927064
2168655,bertopic,n15_c100_s42,-1,0.0
2168938,bertopic,n15_c100_s42,-1,0.0
2168954,bertopic,n15_c100_s42,1,0.5107075889927064
2168975,bertopic,n15_c100_s42,1,0.5107075889927064
2168979,bertopic,n15_c100_s42,1,0.8671606788621229
2169334,bertopic,n15_c100_s42,2,1.0
2169579,bertopic,n15_c100_s42,-1,0.0
2169600,bertopic,n15_c100_s42,-1,0.0
2169622,bertopic,n15_c100_s42,-1,0.0
2169647,bertopic,n15_c100_s42,4,0.7454035501488618
2169648,bertopic,n15_c100_s42,5,1.0
2169704,bertopic,n15_c100_s42,8,1.0
2169734,bertopic,n15_c100_s42,2,0.5678248993434747
2169845,bertopic,n15_c100_s42,3,0.7442743683647439
2169877,bertopic,n15_c100_s42,-1,0.0
2170122,bertopic,n15_c100_s42,-1,0.0
2170128,bertopic,n15_c100_s42,1,0.7424005170920349
2170246,bertopic,n15_c100_s42,3,0.9417446461437188
2170291,bertopic,n15_c100_s42,-1,0.0
2170306,bertopic,n15_c100_s42,-1,0.0
2170354,bertopic,n15_c100_s42,0,1.0
2170365,bertopic,n15_c100_s42,1,0.5107075889927064
2170366,bertopic,n15_c100_s42,1,0.5107075889927064
2171003,bertopic,n15_c100_s42,8,0.9775529851281856
2171330,bertopic,n15_c100_s42,-1,0.0
2171357,bertopic,n15_c100_s42,9,1.0
2270064,bertopic,n15_c100_s42,0,1.0
2270568,bertopic,n15_c100_s42,0,1.0
2272889,bertopic,n15_c100_s42,13,1.0
2272891,bertopic,n15_c100_s42,0,1.0
2272915,bertopic,n15_c100_s42,8,1.0
2272942,bertopic,n15_c100_s42,5,0.7023804727841023
2273245,bertopic,n15_c100_s42,0,1.0
2273570,bertopic,n15_c100_s42,10,0.4122269246290882
2277189,bertopic,n15_c100_s42,2,1.0
2277467,bertopic,n15_c100_s42,4,0.751375338110363
2278541,bertopic,n15_c100_s42,4,0.751375338110363
2280645,bertopic,n15_c100_s42,-1,0.0
2280776,bertopic,n15_c100_s42,-1,0.0
2280856,bertopic,n15_c100_s42,2,0.8645038257373051
2281139,bertopic,n15_c100_s42,0,1.0
2281140,bertopic,n15_c100_s42,14,0.7844968136012587
2281329,bertopic,n15_c100_s42,0,1.0
2281379,bertopic,n15_c100_s42,1,0.5107075889927064
2281391,bertopic,n15_c100_s42,0,1.0
2281433,bertopic,n15_c100_s42,0,1.0
2281596,bertopic,n15_c100_s42,0,1.0
2282243,bertopic,n15_c100_s42,21,1.0
2282417,bertopic,n15_c100_s42,3,0.5795253702879617
2283293,bertopic,n15_c100_s42,0,1.0
2284109,bertopic,n15_c100_s42,2,1.0
2287359,bertopic,n15_c100_s42,12,1.0
2288483,bertopic,n15_c100_s42,-1,0.0
2289482,bertopic,n15_c100_s42,17,1.0
2293266,bertopic,n15_c100_s42,-1,0.0
2293601,bertopic,n15_c100_s42,-1,0.0
2293654,bertopic,n15_c100_s42,-1,0.0
2293728,bertopic,n15_c100_s42,18,0.8572517586662484
2293859,bertopic,n15_c100_s42,-1,0.0
2295287,bertopic,n15_c100_s42,4,0.7454035501488618
2295356,bertopic,n15_c100_s42,-1,0.0
2295524,bertopic,n15_c100_s42,-1,0.0
2298894,bertopic,n15_c100_s42,8,1.0
2299116,bertopic,n15_c100_s42,4,1.0
2299401,bertopic,n15_c100_s42,8,1.0
2301712,bertopic,n15_c100_s42,-1,0.0
2306157,bertopic,n15_c100_s42,0,1.0
2306633,bertopic,n15_c100_s42,0,1.0
2306647,bertopic,n15_c100_s42,-1,0.0
2306688,bertopic,n15_c100_s42,11,1.0
2307453,bertopic,n15_c100_s42,-1,0.0
2307952,bertopic,n15_c100_s42,16,1.0
2308112,bertopic,n15_c100_s42,-1,0.0
2308238,bertopic,n15_c100_s42,6,0.251510076993254
2308500,bertopic,n15_c100_s42,4,1.0
2308765,bertopic,n15_c100_s42,5,0.9498638311613158
2308783,bertopic,n15_c100_s42,-1,0.0
2308894,bertopic,n15_c100_s42,4,1.0
2309588,bertopic,n15_c100_s42,4,1.0
2310365,bertopic,n15_c100_s42,2,0.7274326457614272
2310520,bertopic,n15_c100_s42,21,1.0
2310833,bertopic,n15_c100_s42,-1,0.0
2311213,bertopic,n15_c100_s42,9,1.0
2311647,bertopic,n15_c100_s42,9,0.7187743277045415
2311966,bertopic,n15_c100_s42,23,1.0
2312404,bertopic,n15_c100_s42,14,1.0
2312451,bertopic,n15_c100_s42,4,1.0
2312509,bertopic,n15_c100_s42,-1,0.0
2312748,bertopic,n15_c100_s42,8,1.0
2312793,bertopic,n15_c100_s42,8,1.0
2312825,bertopic,n15_c100_s42,8,1.0
2312891,bertopic,n15_c100_s42,-1,0.0
2313111,bertopic,n15_c100_s42,-1,0.0
2313217,bertopic,n15_c100_s42,4,1.0
2316602,bertopic,n15_c100_s42,13,1.0
2316736,bertopic,n15_c100_s42,-1,0.0
2316738,bertopic,n15_c100_s42,0,1.0
2316833,bertopic,n15_c100_s42,5,0.8772187580339897
2317157,bertopic,n15_c100_s42,0,1.0
2317230,bertopic,n15_c100_s42,-1,0.0
2317233,bertopic,n15_c100_s42,10,0.466215794655194
2317316,bertopic,n15_c100_s42,2,1.0
2317425,bertopic,n15_c100_s42,0,1.0
2317764,bertopic,n15_c100_s42,0,1.0
2318600,bertopic,n15_c100_s42,0,1.0
2318956,bertopic,n15_c100_s42,2,1.0
2322155,bertopic,n15_c100_s42,7,0.768131410627924
2325883,bertopic,n15_c100_s42,-1,0.0
2326309,bertopic,n15_c100_s42,18,1.0
2328929,bertopic,n15_c100_s42,5,0.8559056588751622
2328989,bertopic,n15_c100_s42,14,1.0
2335380,bertopic,n15_c100_s42,3,0.40029200281190286
2335404,bertopic,n15_c100_s42,18,1.0
2335527,bertopic,n15_c100_s42,5,1.0
2335539,bertopic,n15_c100_s42,8,1.0
2335905,bertopic,n15_c100_s42,0,1.0
2335966,bertopic,n15_c100_s42,-1,0.0
2338108,bertopic,n15_c100_s42,23,1.0
2340111,bertopic,n15_c100_s42,2,1.0
2340129,bertopic,n15_c100_s42,8,1.0
2340150,bertopic,n15_c100_s42,16,0.5340615766348344
2340172,bertopic,n15_c100_s42,11,0.8998709794939561
2340199,bertopic,n15_c100_s42,2,1.0
2340203,bertopic,n15_c100_s42,-1,0.0
2340237,bertopic,n15_c100_s42,13,0.8669897381056568
2340317,bertopic,n15_c100_s42,18,1.0
2340428,bertopic,n15_c100_s42,17,1.0
2340431,bertopic,n15_c100_s42,8,1.0
2342367,bertopic,n15_c100_s42,-1,0.0
2342503,bertopic,n15_c100_s42,-1,0.0
2342771,bertopic,n15_c100_s42,-1,0.0
2343374,bertopic,n15_c100_s42,6,0.850545640708154
2343508,bertopic,n15_c100_s42,-1,0.0
2343565,bertopic,n15_c100_s42,-1,0.0
2344938,bertopic,n15_c100_s42,3,1.0
2345361,bertopic,n15_c100_s42,-1,0.0
2345603,bertopic,n15_c100_s42,4,0.751375338110363
2345623,bertopic,n15_c100_s42,10,0.697984057552163
2346721,bertopic,n15_c100_s42,7,0.3929587819414512
2347222,bertopic,n15_c100_s42,3,1.0
2348972,bertopic,n15_c100_s42,11,1.0
2349098,bertopic,n15_c100_s42,21,1.0
2349311,bertopic,n15_c100_s42,1,0.5107075889927064
2349589,bertopic,n15_c100_s42,-1,0.0
2351410,bertopic,n15_c100_s42,11,0.5050369195375692
2354025,bertopic,n15_c100_s42,-1,0.0
2355996,bertopic,n15_c100_s42,19,1.0
2356459,bertopic,n15_c100_s42,1,0.3941123914912103
2356771,bertopic,n15_c100_s42,0,1.0
2357998,bertopic,n15_c100_s42,-1,0.0
2358210,bertopic,n15_c100_s42,10,0.697984057552163
2360205,bertopic,n15_c100_s42,13,0.7093452848144396
2362843,bertopic,n15_c100_s42,6,0.850545640708154
2363066,bertopic,n15_c100_s42,-1,0.0
2363378,bertopic,n15_c100_s42,17,1.0
2364849,bertopic,n15_c100_s42,-1,0.0
2365043,bertopic,n15_c100_s42,14,1.0
2365286,bertopic,n15_c100_s42,-1,0.0
2365313,bertopic,n15_c100_s42,8,1.0
2369290,bertopic,n15_c100_s42,0,1.0
2369928,bertopic,n15_c100_s42,3,0.9417446461437188
2371027,bertopic,n15_c100_s42,-1,0.0
2371097,bertopic,n15_c100_s42,-1,0.0
2371625,bertopic,n15_c100_s42,-1,0.0
2371829,bertopic,n15_c100_s42,-1,0.0
2372048,bertopic,n15_c100_s42,7,0.7621278744775771
2372255,bertopic,n15_c100_s42,0,1.0
2372313,bertopic,n15_c100_s42,-1,0.0
2372477,bertopic,n15_c100_s42,0,1.0
2372574,bertopic,n15_c100_s42,5,1.0
2372696,bertopic,n15_c100_s42,-1,0.0
2373826,bertopic,n15_c100_s42,0,0.708103874834309
2373879,bertopic,n15_c100_s42,0,1.0
2374166,bertopic,n15_c100_s42,0,1.0
2374258,bertopic,n15_c100_s42,-1,0.0
2374290,bertopic,n15_c100_s42,19,1.0
2374506,bertopic,n15_c100_s42,14,1.0
2374933,bertopic,n15_c100_s42,2,1.0
2375041,bertopic,n15_c100_s42,-1,0.0
2375087,bertopic,n15_c100_s42,0,1.0
2375109,bertopic,n15_c100_s42,-1,0.0
2375163,bertopic,n15_c100_s42,7,0.7621278744775771
2375414,bertopic,n15_c100_s42,0,0.7695644780127499
2375692,bertopic,n15_c100_s42,-1,0.0
2375819,bertopic,n15_c100_s42,-1,0.0
2375864,bertopic,n15_c100_s42,-1,0.0
2376159,bertopic,n15_c100_s42,4,0.751375338110363
2376309,bertopic,n15_c100_s42,-1,0.0
2378135,bertopic,n15_c100_s42,3,0.9127348271927123
2378797,bertopic,n15_c100_s42,5,0.9498638311613158
2380582,bertopic,n15_c100_s42,-1,0.0
2380656,bertopic,n15_c100_s42,18,1.0
2383045,bertopic,n15_c100_s42,7,0.3929587819414512
2383287,bertopic,n15_c100_s42,10,0.466215794655194
2383384,bertopic,n15_c100_s42,2,1.0
2383536,bertopic,n15_c100_s42,2,1.0
2383635,bertopic,n15_c100_s42,13,0.8064152883182071
2384098,bertopic,n15_c100_s42,0,1.0
2384103,bertopic,n15_c100_s42,-1,0.0
2384169,bertopic,n15_c100_s42,-1,0.0
2384239,bertopic,n15_c100_s42,4,0.751375338110363
2384377,bertopic,n15_c100_s42,12,1.0
2384500,bertopic,n15_c100_s42,7,0.3929587819414512
2386837,bertopic,n15_c100_s42,0,1.0
2387301,bertopic,n15_c100_s42,2,1.0
2387742,bertopic,n15_c100_s42,-1,0.0
2389165,bertopic,n15_c100_s42,-1,0.0
2390815,bertopic,n15_c100_s42,2,1.0
2397146,bertopic,n15_c100_s42,18,1.0
2397438,bertopic,n15_c100_s42,6,0.850545640708154
2397463,bertopic,n15_c100_s42,2,0.9626929597875836
2397577,bertopic,n15_c100_s42,2,0.9988428117214311
2397594,bertopic,n15_c100_s42,2,1.0
2397610,bertopic,n15_c100_s42,5,0.806626792157273
2398450,bertopic,n15_c100_s42,-1,0.0
2398470,bertopic,n15_c100_s42,-1,0.0
2398749,bertopic,n15_c100_s42,0,1.0
2399345,bertopic,n15_c100_s42,13,1.0
2399493,bertopic,n15_c100_s42,-1,0.0
2400728,bertopic,n15_c100_s42,-1,0.0
2400805,bertopic,n15_c100_s42,2,1.0
2402176,bertopic,n15_c100_s42,7,0.9202484943112552
2402204,bertopic,n15_c100_s42,-1,0.0
2404045,bertopic,n15_c100_s42,6,0.850545640708154
2404129,bertopic,n15_c100_s42,-1,0.0
2404400,bertopic,n15_c100_s42,1,0.5118736202189852
2407195,bertopic,n15_c100_s42,6,0.850545640708154
2407216,bertopic,n15_c100_s42,13,0.814473960754855
2407241,bertopic,n15_c100_s42,18,1.0
2407581,bertopic,n15_c100_s42,7,1.0
2407670,bertopic,n15_c100_s42,-1,0.0
2407690,bertopic,n15_c100_s42,21,1.0
2407707,bertopic,n15_c100_s42,12,1.0
2407769,bertopic,n15_c100_s42,6,0.850545640708154
2407927,bertopic,n15_c100_s42,6,0.850545640708154
2408000,bertopic,n15_c100_s42,12,1.0
2408019,bertopic,n15_c100_s42,6,0.850545640708154
2408135,bertopic,n15_c100_s42,4,0.8939105786056402
2408480,bertopic,n15_c100_s42,7,0.8745852576059456
2409088,bertopic,n15_c100_s42,2,1.0
2410619,bertopic,n15_c100_s42,6,0.850545640708154
2412161,bertopic,n15_c100_s42,4,0.5644219847474434
2412165,bertopic,n15_c100_s42,-1,0.0
2412178,bertopic,n15_c100_s42,0,0.3277305395150376
2412182,bertopic,n15_c100_s42,15,1.0
2412206,bertopic,n15_c100_s42,4,1.0
2412209,bertopic,n15_c100_s42,2,1.0
2426755,bertopic,n15_c100_s42,13,0.8403047990437044
2427222,bertopic,n15_c100_s42,0,1.0
2427273,bertopic,n15_c100_s42,-1,0.0
2427301,bertopic,n15_c100_s42,13,0.8358324561293742
2427303,bertopic,n15_c100_s42,13,0.8553502441619328
2428938,bertopic,n15_c100_s42,7,0.7621278744775771
2429147,bertopic,n15_c100_s42,8,1.0
2429728,bertopic,n15_c100_s42,9,1.0
2430090,bertopic,n15_c100_s42,19,0.6215128452110984
2433620,bertopic,n15_c100_s42,7,0.9537035624286159
2434204,bertopic,n15_c100_s42,4,0.751375338110363
2434220,bertopic,n15_c100_s42,4,0.751375338110363
2434367,bertopic,n15_c100_s42,4,0.751375338110363
2434517,bertopic,n15_c100_s42,0,1.0
2434602,bertopic,n15_c100_s42,4,0.751375338110363
2434747,bertopic,n15_c100_s42,6,0.7091087023165829
2435071,bertopic,n15_c100_s42,-1,0.0
2436427,bertopic,n15_c100_s42,10,1.0
2436795,bertopic,n15_c100_s42,-1,0.0
2437000,bertopic,n15_c100_s42,5,0.9498638311613158
2437040,bertopic,n15_c100_s42,10,0.5791980896958709
2437205,bertopic,n15_c100_s42,0,1.0
2437333,bertopic,n15_c100_s42,8,1.0
2437917,bertopic,n15_c100_s42,8,1.0
2439532,bertopic,n15_c100_s42,-1,0.0
2439825,bertopic,n15_c100_s42,13,1.0
2440514,bertopic,n15_c100_s42,3,0.4245734105000399
2440714,bertopic,n15_c100_s42,-1,0.0
2440726,bertopic,n15_c100_s42,10,1.0
2440864,bertopic,n15_c100_s42,16,1.0
2441508,bertopic,n15_c100_s42,18,1.0
2442039,bertopic,n15_c100_s42,0,1.0
2442324,bertopic,n15_c100_s42,2,0.5600680157652138
2443126,bertopic,n15_c100_s42,1,0.5107075889927064
2443197,bertopic,n15_c100_s42,22,1.0
2444063,bertopic,n15_c100_s42,0,1.0
2444414,bertopic,n15_c100_s42,3,0.5795253702879617
2444562,bertopic,n15_c100_s42,3,0.5795253702879617
2445643,bertopic,n15_c100_s42,16,1.0
2445779,bertopic,n15_c100_s42,2,1.0
2446163,bertopic,n15_c100_s42,-1,0.0
2446207,bertopic,n15_c100_s42,16,1.0
2446707,bertopic,n15_c100_s42,-1,0.0
2446937,bertopic,n15_c100_s42,-1,0.0
2448440,bertopic,n15_c100_s42,5,0.9274315746269063
2448787,bertopic,n15_c100_s42,12,1.0
2448837,bertopic,n15_c100_s42,-1,0.0
2449149,bertopic,n15_c100_s42,2,1.0
2449317,bertopic,n15_c100_s42,11,0.8657993134623131
2450742,bertopic,n15_c100_s42,0,1.0
2450918,bertopic,n15_c100_s42,-1,0.0
2450942,bertopic,n15_c100_s42,18,1.0
2451069,bertopic,n15_c100_s42,3,0.5795253702879617
2451238,bertopic,n15_c100_s42,2,1.0
2451707,bertopic,n15_c100_s42,13,0.7420608655292479
2453409,bertopic,n15_c100_s42,2,1.0
2453412,bertopic,n15_c100_s42,5,1.0
2453436,bertopic,n15_c100_s42,0,1.0
2453440,bertopic,n15_c100_s42,0,1.0
2453472,bertopic,n15_c100_s42,-1,0.0
2453563,bertopic,n15_c100_s42,11,1.0
2453999,bertopic,n15_c100_s42,-1,0.0
2454383,bertopic,n15_c100_s42,10,0.466215794655194
2454783,bertopic,n15_c100_s42,3,0.4433826857797879
2454893,bertopic,n15_c100_s42,12,0.9578544211365422
2455095,bertopic,n15_c100_s42,3,1.0
2455805,bertopic,n15_c100_s42,0,1.0
2456162,bertopic,n15_c100_s42,7,1.0
2456211,bertopic,n15_c100_s42,0,1.0
2456407,bertopic,n15_c100_s42,6,0.850545640708154
2456475,bertopic,n15_c100_s42,6,0.850545640708154
2456572,bertopic,n15_c100_s42,2,1.0
2456667,bertopic,n15_c100_s42,3,0.33758257583314805
2456678,bertopic,n15_c100_s42,1,0.5378947208249779
2456891,bertopic,n15_c100_s42,6,0.8548706827306055
2456907,bertopic,n15_c100_s42,-1,0.0
2456917,bertopic,n15_c100_s42,-1,0.0
2457481,bertopic,n15_c100_s42,18,1.0
2457499,bertopic,n15_c100_s42,16,1.0
2457671,bertopic,n15_c100_s42,3,1.0
2458041,bertopic,n15_c100_s42,-1,0.0
2458813,bertopic,n15_c100_s42,10,0.466215794655194
2458874,bertopic,n15_c100_s42,15,0.3560030123829322
2458940,bertopic,n15_c100_s42,3,0.5795253702879617
2460062,bertopic,n15_c100_s42,16,1.0
2461404,bertopic,n15_c100_s42,14,1.0
2461532,bertopic,n15_c100_s42,-1,0.0
2461657,bertopic,n15_c100_s42,6,0.850545640708154
2461933,bertopic,n15_c100_s42,23,1.0
2462082,bertopic,n15_c100_s42,23,1.0
2462241,bertopic,n15_c100_s42,23,1.0
2462311,bertopic,n15_c100_s42,23,1.0
2462399,bertopic,n15_c100_s42,9,1.0
2462443,bertopic,n15_c100_s42,23,1.0
2462816,bertopic,n15_c100_s42,23,1.0
2463759,bertopic,n15_c100_s42,-1,0.0
2465364,bertopic,n15_c100_s42,6,0.850545640708154
2469797,bertopic,n15_c100_s42,6,0.850545640708154
2469839,bertopic,n15_c100_s42,3,1.0
2470452,bertopic,n15_c100_s42,-1,0.0
2470763,bertopic,n15_c100_s42,-1,0.0
2471051,bertopic,n15_c100_s42,2,1.0
2471126,bertopic,n15_c100_s42,-1,0.0
2471197,bertopic,n15_c100_s42,14,1.0
2471245,bertopic,n15_c100_s42,6,0.850545640708154
2471320,bertopic,n15_c100_s42,6,0.850545640708154
2471611,bertopic,n15_c100_s42,-1,0.0
2471675,bertopic,n15_c100_s42,0,1.0
2472050,bertopic,n15_c100_s42,3,0.7442743683647439
2472160,bertopic,n15_c100_s42,14,1.0
2472262,bertopic,n15_c100_s42,16,1.0
2472373,bertopic,n15_c100_s42,0,1.0
2473223,bertopic,n15_c100_s42,3,0.5795253702879617
2476182,bertopic,n15_c100_s42,6,0.850545640708154
2476457,bertopic,n15_c100_s42,3,0.3715813634348353
2476681,bertopic,n15_c100_s42,22,1.0
2477933,bertopic,n15_c100_s42,6,0.850545640708154
2477984,bertopic,n15_c100_s42,1,0.6657067454606854
2478332,bertopic,n15_c100_s42,6,0.850545640708154
2478365,bertopic,n15_c100_s42,6,0.850545640708154
2481534,bertopic,n15_c100_s42,5,1.0
2482132,bertopic,n15_c100_s42,-1,0.0
2482143,bertopic,n15_c100_s42,1,0.8341334088463271
2483268,bertopic,n15_c100_s42,-1,0.0
2487361,bertopic,n15_c100_s42,-1,0.0
2487593,bertopic,n15_c100_s42,20,1.0
2487639,bertopic,n15_c100_s42,0,1.0
2488153,bertopic,n15_c100_s42,-1,0.0
2488235,bertopic,n15_c100_s42,3,0.5795253702879617
2489311,bertopic,n15_c100_s42,5,0.8772187580339897
2490050,bertopic,n15_c100_s42,-1,0.0
2490256,bertopic,n15_c100_s42,23,1.0
2490374,bertopic,n15_c100_s42,9,1.0
2490394,bertopic,n15_c100_s42,9,1.0
2490615,bertopic,n15_c100_s42,23,1.0
2490964,bertopic,n15_c100_s42,2,1.0
2491368,bertopic,n15_c100_s42,8,1.0
2491624,bertopic,n15_c100_s42,-1,0.0
2492654,bertopic,n15_c100_s42,16,1.0
2492682,bertopic,n15_c100_s42,3,0.8027439538205059
2492984,bertopic,n15_c100_s42,-1,0.0
2495670,bertopic,n15_c100_s42,14,1.0
2495753,bertopic,n15_c100_s42,19,0.6206027319932113
2496437,bertopic,n15_c100_s42,-1,0.0
2496686,bertopic,n15_c100_s42,-1,0.0
2497267,bertopic,n15_c100_s42,2,1.0
2497282,bertopic,n15_c100_s42,5,0.9498638311613158
2497327,bertopic,n15_c100_s42,-1,0.0
2497334,bertopic,n15_c100_s42,18,1.0
2497852,bertopic,n15_c100_s42,18,1.0
2497908,bertopic,n15_c100_s42,4,1.0
2497961,bertopic,n15_c100_s42,18,0.98827082206367
2497986,bertopic,n15_c100_s42,2,1.0
2497993,bertopic,n15_c100_s42,17,1.0
2498009,bertopic,n15_c100_s42,16,0.5340615766348344
2498079,bertopic,n15_c100_s42,4,0.5945970321172419
2498188,bertopic,n15_c100_s42,4,0.5945970321172419
2498734,bertopic,n15_c100_s42,-1,0.0
2498922,bertopic,n15_c100_s42,-1,0.0
2499091,bertopic,n15_c100_s42,-1,0.0
2499942,bertopic,n15_c100_s42,4,0.45566078500530144
2500285,bertopic,n15_c100_s42,0,1.0
2500497,bertopic,n15_c100_s42,10,1.0
2500530,bertopic,n15_c100_s42,20,1.0
2500706,bertopic,n15_c100_s42,3,0.48072175494612496
2500726,bertopic,n15_c100_s42,3,0.8533200301529823
2502273,bertopic,n15_c100_s42,2,0.8877609114535481
2502519,bertopic,n15_c100_s42,4,0.5945970321172419
2503070,bertopic,n15_c100_s42,-1,0.0
2503265,bertopic,n15_c100_s42,-1,0.0
2503505,bertopic,n15_c100_s42,3,0.5746133726513507
2504193,bertopic,n15_c100_s42,3,0.8216583330899404
2505790,bertopic,n15_c100_s42,19,1.0
2506070,bertopic,n15_c100_s42,10,1.0
2506145,bertopic,n15_c100_s42,-1,0.0
2506307,bertopic,n15_c100_s42,10,1.0
2507251,bertopic,n15_c100_s42,4,1.0
2507567,bertopic,n15_c100_s42,4,0.751375338110363
2509901,bertopic,n15_c100_s42,11,0.812828666928322
2510621,bertopic,n15_c100_s42,11,1.0
2510995,bertopic,n15_c100_s42,7,0.7621278744775771
2511010,bertopic,n15_c100_s42,19,1.0
2511029,bertopic,n15_c100_s42,2,0.8529045267551039
2511062,bertopic,n15_c100_s42,4,0.751375338110363
2511287,bertopic,n15_c100_s42,4,0.688845505103658
2511445,bertopic,n15_c100_s42,7,0.7621278744775771
2511759,bertopic,n15_c100_s42,4,0.751375338110363
2511812,bertopic,n15_c100_s42,10,1.0
2511822,bertopic,n15_c100_s42,-1,0.0
2511853,bertopic,n15_c100_s42,19,1.0
2511970,bertopic,n15_c100_s42,4,0.5945970321172419
2513420,bertopic,n15_c100_s42,3,0.5163380450322697
2514037,bertopic,n15_c100_s42,4,0.688845505103658
2514945,bertopic,n15_c100_s42,3,0.5917707092671395
2515340,bertopic,n15_c100_s42,18,0.98827082206367
2515632,bertopic,n15_c100_s42,9,0.610235954489877
2516641,bertopic,n15_c100_s42,0,1.0
2518257,bertopic,n15_c100_s42,3,0.5795253702879617
2519411,bertopic,n15_c100_s42,0,1.0
2520643,bertopic,n15_c100_s42,-1,0.0
2520666,bertopic,n15_c100_s42,7,0.7621278744775771
2521483,bertopic,n15_c100_s42,17,1.0
2523209,bertopic,n15_c100_s42,-1,0.0
2523892,bertopic,n15_c100_s42,9,1.0
2524988,bertopic,n15_c100_s42,-1,0.0
2524994,bertopic,n15_c100_s42,3,0.5582301231539606
2524995,bertopic,n15_c100_s42,-1,0.0
2525759,bertopic,n15_c100_s42,19,1.0
2525933,bertopic,n15_c100_s42,14,0.7844968136012587
2525935,bertopic,n15_c100_s42,3,0.511967865732894
2526045,bertopic,n15_c100_s42,-1,0.0
2526358,bertopic,n15_c100_s42,4,0.688845505103658
2526523,bertopic,n15_c100_s42,-1,0.0
2527057,bertopic,n15_c100_s42,-1,0.0
2528000,bertopic,n15_c100_s42,-1,0.0
2528385,bertopic,n15_c100_s42,20,1.0
2532561,bertopic,n15_c100_s42,-1,0.0
2532644,bertopic,n15_c100_s42,-1,0.0
2532656,bertopic,n15_c100_s42,0,1.0
2532713,bertopic,n15_c100_s42,3,0.5163380450322697
2534432,bertopic,n15_c100_s42,23,1.0
2534829,bertopic,n15_c100_s42,-1,0.0
2536085,bertopic,n15_c100_s42,5,0.8772187580339897
2536112,bertopic,n15_c100_s42,7,0.3929587819414512
2536497,bertopic,n15_c100_s42,11,1.0
2538025,bertopic,n15_c100_s42,-1,0.0
2540031,bertopic,n15_c100_s42,3,0.5163380450322697
2540061,bertopic,n15_c100_s42,-1,0.0
2541974,bertopic,n15_c100_s42,3,0.5795253702879617
2546975,bertopic,n15_c100_s42,2,1.0
2547045,bertopic,n15_c100_s42,7,0.7621278744775771
2547054,bertopic,n15_c100_s42,2,1.0
2547079,bertopic,n15_c100_s42,4,0.5945970321172419
2547081,bertopic,n15_c100_s42,7,0.6966078901357667
2547132,bertopic,n15_c100_s42,10,1.0
2547160,bertopic,n15_c100_s42,3,0.5191544675729218
2547346,bertopic,n15_c100_s42,-1,0.0
2547383,bertopic,n15_c100_s42,3,1.0
2548547,bertopic,n15_c100_s42,3,1.0
2549327,bertopic,n15_c100_s42,13,1.0
2549502,bertopic,n15_c100_s42,4,1.0
2550955,bertopic,n15_c100_s42,-1,0.0
2555405,bertopic,n15_c100_s42,19,1.0
2556252,bertopic,n15_c100_s42,3,0.6953794846014807
2557196,bertopic,n15_c100_s42,3,0.5163380450322697
2557271,bertopic,n15_c100_s42,-1,0.0
2557319,bertopic,n15_c100_s42,3,0.5163380450322697
2557345,bertopic,n15_c100_s42,-1,0.0
2557367,bertopic,n15_c100_s42,19,1.0
2557605,bertopic,n15_c100_s42,-1,0.0
2558138,bertopic,n15_c100_s42,0,1.0
2559335,bertopic,n15_c100_s42,-1,0.0
2559394,bertopic,n15_c100_s42,3,0.3715813634348353
2559427,bertopic,n15_c100_s42,7,1.0
2559445,bertopic,n15_c100_s42,-1,0.0
2560526,bertopic,n15_c100_s42,9,1.0
2560688,bertopic,n15_c100_s42,23,1.0
2560843,bertopic,n15_c100_s42,-1,0.0
2561244,bertopic,n15_c100_s42,9,1.0
2561717,bertopic,n15_c100_s42,-1,0.0
2562374,bertopic,n15_c100_s42,-1,0.0
2562415,bertopic,n15_c100_s42,22,1.0
2562482,bertopic,n15_c100_s42,3,0.5795253702879617
2562975,bertopic,n15_c100_s42,23,1.0
2563153,bertopic,n15_c100_s42,23,1.0
2563258,bertopic,n15_c100_s42,-1,0.0
2563393,bertopic,n15_c100_s42,22,1.0
2564722,bertopic,n15_c100_s42,22,1.0
2566397,bertopic,n15_c100_s42,1,0.7186769245492767
2566487,bertopic,n15_c100_s42,9,1.0
2566617,bertopic,n15_c100_s42,19,1.0
2568034,bertopic,n15_c100_s42,9,1.0
2568753,bertopic,n15_c100_s42,9,1.0
2568792,bertopic,n15_c100_s42,19,1.0
2569841,bertopic,n15_c100_s42,-1,0.0
2569845,bertopic,n15_c100_s42,7,1.0
2569888,bertopic,n15_c100_s42,18,0.8572517586662484
2569929,bertopic,n15_c100_s42,18,0.8572517586662484
2570383,bertopic,n15_c100_s42,22,1.0
2571180,bertopic,n15_c100_s42,22,1.0
2571596,bertopic,n15_c100_s42,8,1.0
2571959,bertopic,n15_c100_s42,-1,0.0
2572038,bertopic,n15_c100_s42,22,1.0
2577011,bertopic,n15_c100_s42,-1,0.0
2577975,bertopic,n15_c100_s42,-1,0.0
2580156,bertopic,n15_c100_s42,12,1.0
2584460,bertopic,n15_c100_s42,3,0.9417446461437188
2585256,bertopic,n15_c100_s42,18,0.8572517586662484
2585345,bertopic,n15_c100_s42,-1,0.0
2585370,bertopic,n15_c100_s42,-1,0.0
2585638,bertopic,n15_c100_s42,10,1.0
2589596,bertopic,n15_c100_s42,-1,0.0
2589611,bertopic,n15_c100_s42,10,1.0
2589710,bertopic,n15_c100_s42,10,1.0
2589808,bertopic,n15_c100_s42,-1,0.0
2589857,bertopic,n15_c100_s42,10,1.0
2590419,bertopic,n15_c100_s42,23,1.0
2591450,bertopic,n15_c100_s42,8,0.9761610375386943
2591462,bertopic,n15_c100_s42,10,0.4437206979341285
2591536,bertopic,n15_c100_s42,7,1.0
2593165,bertopic,n15_c100_s42,6,0.2536734941473743
2594634,bertopic,n15_c100_s42,10,1.0
2597251,bertopic,n15_c100_s42,-1,0.0
2597262,bertopic,n15_c100_s42,18,1.0
2597271,bertopic,n15_c100_s42,10,1.0
2597367,bertopic,n15_c100_s42,-1,0.0
2597439,bertopic,n15_c100_s42,0,1.0
2598365,bertopic,n15_c100_s42,10,1.0
2598406,bertopic,n15_c100_s42,10,1.0
2600113,bertopic,n15_c100_s42,6,0.2449986218295321
2600586,bertopic,n15_c100_s42,10,1.0
2601172,bertopic,n15_c100_s42,-1,0.0
2601422,bertopic,n15_c100_s42,0,1.0
2603625,bertopic,n15_c100_s42,0,0.1344555810401498
2603806,bertopic,n15_c100_s42,2,1.0
2604483,bertopic,n15_c100_s42,3,0.9417446461437188
2604962,bertopic,n15_c100_s42,-1,0.0
2607422,bertopic,n15_c100_s42,-1,0.0
2608083,bertopic,n15_c100_s42,5,0.824458679801111
2608302,bertopic,n15_c100_s42,10,1.0
2608658,bertopic,n15_c100_s42,6,0.23761235377991477
2610131,bertopic,n15_c100_s42,-1,0.0
2610158,bertopic,n15_c100_s42,-1,0.0
2611816,bertopic,n15_c100_s42,18,1.0
2612658,bertopic,n15_c100_s42,5,0.8786542289933261
2613031,bertopic,n15_c100_s42,4,0.688845505103658
2613241,bertopic,n15_c100_s42,10,0.697984057552163
2613242,bertopic,n15_c100_s42,10,1.0
2615935,bertopic,n15_c100_s42,3,0.5163380450322697
2616124,bertopic,n15_c100_s42,19,1.0
2616141,bertopic,n15_c100_s42,7,1.0
2616428,bertopic,n15_c100_s42,-1,0.0
2616491,bertopic,n15_c100_s42,10,1.0
2616561,bertopic,n15_c100_s42,2,1.0
2616582,bertopic,n15_c100_s42,6,0.2521232487390603
2616608,bertopic,n15_c100_s42,-1,0.0
2616643,bertopic,n15_c100_s42,10,0.697984057552163
2616745,bertopic,n15_c100_s42,-1,0.0
2617387,bertopic,n15_c100_s42,0,1.0
2617662,bertopic,n15_c100_s42,0,1.0
2618113,bertopic,n15_c100_s42,-1,0.0
2619892,bertopic,n15_c100_s42,-1,0.0
2623860,bertopic,n15_c100_s42,-1,0.0
2623864,bertopic,n15_c100_s42,18,1.0
2624058,bertopic,n15_c100_s42,0,1.0
2624922,bertopic,n15_c100_s42,10,1.0
2624940,bertopic,n15_c100_s42,10,1.0
2624999,bertopic,n15_c100_s42,19,1.0
2625001,bertopic,n15_c100_s42,2,1.0
2625024,bertopic,n15_c100_s42,6,0.24049049331090636
2625083,bertopic,n15_c100_s42,10,0.697984057552163
2625148,bertopic,n15_c100_s42,-1,0.0
2625184,bertopic,n15_c100_s42,-1,0.0
2625996,bertopic,n15_c100_s42,0,0.1344555810401498
2626013,bertopic,n15_c100_s42,20,1.0
2626562,bertopic,n15_c100_s42,-1,0.0
2628178,bertopic,n15_c100_s42,0,1.0
2628491,bertopic,n15_c100_s42,2,1.0
2630605,bertopic,n15_c100_s42,4,0.5945970321172419
2630699,bertopic,n15_c100_s42,11,0.8825165620977841
2631118,bertopic,n15_c100_s42,6,0.6097804174022848
2631313,bertopic,n15_c100_s42,0,1.0
2632728,bertopic,n15_c100_s42,8,1.0
2633781,bertopic,n15_c100_s42,9,1.0
2634148,bertopic,n15_c100_s42,10,0.697984057552163
2634462,bertopic,n15_c100_s42,4,0.5945970321172419
2634583,bertopic,n15_c100_s42,0,1.0
2634599,bertopic,n15_c100_s42,4,0.8939105786056402
2634890,bertopic,n15_c100_s42,4,0.5945970321172419
2635271,bertopic,n15_c100_s42,21,1.0
2635319,bertopic,n15_c100_s42,21,1.0
2638979,bertopic,n15_c100_s42,4,0.5945970321172419
2638981,bertopic,n15_c100_s42,18,1.0
2638998,bertopic,n15_c100_s42,8,1.0
2640069,bertopic,n15_c100_s42,6,0.6097804174022848
2640096,bertopic,n15_c100_s42,4,0.5945970321172419
2640233,bertopic,n15_c100_s42,-1,0.0
2640243,bertopic,n15_c100_s42,3,0.5795253702879617
2641130,bertopic,n15_c100_s42,10,0.697984057552163
2641148,bertopic,n15_c100_s42,10,1.0
2643143,bertopic,n15_c100_s42,8,1.0
2643491,bertopic,n15_c100_s42,0,0.6561111238220725
2644906,bertopic,n15_c100_s42,23,1.0
2644951,bertopic,n15_c100_s42,5,1.0
2645149,bertopic,n15_c100_s42,9,1.0
2645355,bertopic,n15_c100_s42,4,0.5945970321172419
2645374,bertopic,n15_c100_s42,23,1.0
2645390,bertopic,n15_c100_s42,23,1.0
2645862,bertopic,n15_c100_s42,2,1.0
2646547,bertopic,n15_c100_s42,11,0.8216758374080099
2647339,bertopic,n15_c100_s42,3,0.784599763348309
2648435,bertopic,n15_c100_s42,9,1.0
2650143,bertopic,n15_c100_s42,11,0.8157662877329441
2650427,bertopic,n15_c100_s42,-1,0.0
2653529,bertopic,n15_c100_s42,9,1.0
2655116,bertopic,n15_c100_s42,18,1.0
2655146,bertopic,n15_c100_s42,0,1.0
2655757,bertopic,n15_c100_s42,-1,0.0
2656186,bertopic,n15_c100_s42,9,1.0
2658677,bertopic,n15_c100_s42,0,1.0
2662017,bertopic,n15_c100_s42,0,0.999484421512659
2662954,bertopic,n15_c100_s42,-1,0.0
2663084,bertopic,n15_c100_s42,-1,0.0
2669279,bertopic,n15_c100_s42,18,1.0
2669355,bertopic,n15_c100_s42,18,0.8572517586662484
2669468,bertopic,n15_c100_s42,10,0.6599008676744842
2669701,bertopic,n15_c100_s42,0,1.0
2670031,bertopic,n15_c100_s42,21,1.0
2671995,bertopic,n15_c100_s42,0,1.0
2672350,bertopic,n15_c100_s42,-1,0.0
2674392,bertopic,n15_c100_s42,-1,0.0
2675013,bertopic,n15_c100_s42,0,1.0
2675183,bertopic,n15_c100_s42,10,0.8721422504651581
2675771,bertopic,n15_c100_s42,5,0.829724787205992
2676416,bertopic,n15_c100_s42,0,1.0
2676612,bertopic,n15_c100_s42,0,1.0
2677132,bertopic,n15_c100_s42,4,0.5945970321172419
2680179,bertopic,n15_c100_s42,14,0.7844968136012587
2680561,bertopic,n15_c100_s42,0,1.0
2683268,bertopic,n15_c100_s42,-1,0.0
2687760,bertopic,n15_c100_s42,3,0.32004208976513443
2687766,bertopic,n15_c100_s42,3,0.9935494359466921
2687926,bertopic,n15_c100_s42,0,1.0
2689613,bertopic,n15_c100_s42,2,1.0
2689671,bertopic,n15_c100_s42,0,1.0
2689695,bertopic,n15_c100_s42,4,0.5945970321172419
2689768,bertopic,n15_c100_s42,-1,0.0
2689814,bertopic,n15_c100_s42,9,1.0
2689857,bertopic,n15_c100_s42,-1,0.0
2689916,bertopic,n15_c100_s42,0,1.0
2689917,bertopic,n15_c100_s42,2,1.0
2690024,bertopic,n15_c100_s42,21,1.0
2690194,bertopic,n15_c100_s42,5,0.7654700900989345
2690231,bertopic,n15_c100_s42,-1,0.0
2690249,bertopic,n15_c100_s42,0,1.0
2690261,bertopic,n15_c100_s42,-1,0.0
2690277,bertopic,n15_c100_s42,-1,0.0
2690325,bertopic,n15_c100_s42,-1,0.0
2690334,bertopic,n15_c100_s42,18,1.0
2693080,bertopic,n15_c100_s42,-1,0.0
2693275,bertopic,n15_c100_s42,-1,0.0
2694617,bertopic,n15_c100_s42,-1,0.0
2695528,bertopic,n15_c100_s42,0,1.0
2698761,bertopic,n15_c100_s42,0,1.0
2698785,bertopic,n15_c100_s42,-1,0.0
2698807,bertopic,n15_c100_s42,-1,0.0
2698815,bertopic,n15_c100_s42,-1,0.0
2698842,bertopic,n15_c100_s42,18,1.0
2698984,bertopic,n15_c100_s42,2,0.7274326457614272
2699021,bertopic,n15_c100_s42,22,1.0
2699836,bertopic,n15_c100_s42,-1,0.0
2699874,bertopic,n15_c100_s42,12,1.0
2699915,bertopic,n15_c100_s42,18,1.0
2699934,bertopic,n15_c100_s42,2,0.7274326457614272
2699981,bertopic,n15_c100_s42,11,0.8998709794939561
2700077,bertopic,n15_c100_s42,-1,0.0
2700084,bertopic,n15_c100_s42,-1,0.0
2700223,bertopic,n15_c100_s42,-1,0.0
2700232,bertopic,n15_c100_s42,0,1.0
2700272,bertopic,n15_c100_s42,0,1.0
2700279,bertopic,n15_c100_s42,-1,0.0
2700547,bertopic,n15_c100_s42,-1,0.0
2700619,bertopic,n15_c100_s42,0,1.0
2700941,bertopic,n15_c100_s42,-1,0.0
2701030,bertopic,n15_c100_s42,-1,0.0
2702464,bertopic,n15_c100_s42,14,0.524029475183525
2702608,bertopic,n15_c100_s42,2,0.7274326457614272
2702666,bertopic,n15_c100_s42,2,0.7274326457614272
2702728,bertopic,n15_c100_s42,2,0.7274326457614272
2702831,bertopic,n15_c100_s42,2,0.7274326457614272
2703100,bertopic,n15_c100_s42,22,1.0
2703167,bertopic,n15_c100_s42,2,0.7274326457614272
2705197,bertopic,n15_c100_s42,1,0.31072361007717203
2705340,bertopic,n15_c100_s42,0,0.1344555810401498
2705854,bertopic,n15_c100_s42,10,0.697984057552163
2706102,bertopic,n15_c100_s42,16,1.0
2707779,bertopic,n15_c100_s42,20,1.0
2708802,bertopic,n15_c100_s42,1,0.3112472726280485
2709830,bertopic,n15_c100_s42,1,0.30425833723455536
2710287,bertopic,n15_c100_s42,2,0.7274326457614272
2710980,bertopic,n15_c100_s42,-1,0.0
2713702,bertopic,n15_c100_s42,2,1.0
2713751,bertopic,n15_c100_s42,18,1.0
2713786,bertopic,n15_c100_s42,14,1.0
2714741,bertopic,n15_c100_s42,8,1.0
2714751,bertopic,n15_c100_s42,1,0.3103917852967207
2714851,bertopic,n15_c100_s42,2,1.0
2715113,bertopic,n15_c100_s42,-1,0.0
2715544,bertopic,n15_c100_s42,2,1.0
2715594,bertopic,n15_c100_s42,10,0.697984057552163
2715697,bertopic,n15_c100_s42,1,0.3119231770144622
2715870,bertopic,n15_c100_s42,1,0.3130151794556637
2716305,bertopic,n15_c100_s42,20,1.0
2716339,bertopic,n15_c100_s42,1,0.3113750115895723
2717304,bertopic,n15_c100_s42,-1,0.0
2717851,bertopic,n15_c100_s42,-1,0.0
2717955,bertopic,n15_c100_s42,-1,0.0
2719984,bertopic,n15_c100_s42,3,0.5795253702879617
2722280,bertopic,n15_c100_s42,11,1.0
2723598,bertopic,n15_c100_s42,1,0.31448467461799545
2723664,bertopic,n15_c100_s42,7,0.5843784525547452
2724071,bertopic,n15_c100_s42,2,0.7274326457614272
2724468,bertopic,n15_c100_s42,3,0.9417446461437188
2732227,bertopic,n15_c100_s42,-1,0.0
2735098,bertopic,n15_c100_s42,-1,0.0
2735919,bertopic,n15_c100_s42,6,0.9989490479793658
2735971,bertopic,n15_c100_s42,18,1.0
2736091,bertopic,n15_c100_s42,18,1.0
2736175,bertopic,n15_c100_s42,2,1.0
2737855,bertopic,n15_c100_s42,-1,0.0
2741418,bertopic,n15_c100_s42,-1,0.0
2742487,bertopic,n15_c100_s42,1,0.5107075889927064
2742517,bertopic,n15_c100_s42,5,0.9498638311613158
2744196,bertopic,n15_c100_s42,-1,0.0
2747430,bertopic,n15_c100_s42,1,0.5107075889927064
2747800,bertopic,n15_c100_s42,9,1.0
2748634,bertopic,n15_c100_s42,6,0.5434170434364141
2749995,bertopic,n15_c100_s42,8,1.0
2755458,bertopic,n15_c100_s42,1,0.5107075889927064
2756434,bertopic,n15_c100_s42,1,0.5107075889927064
2756499,bertopic,n15_c100_s42,2,1.0
2757091,bertopic,n15_c100_s42,6,0.5175165630116796
2757384,bertopic,n15_c100_s42,2,1.0
2772606,bertopic,n15_c100_s42,9,1.0
2773959,bertopic,n15_c100_s42,2,0.7274326457614272
2774572,bertopic,n15_c100_s42,10,0.697984057552163
2774746,bertopic,n15_c100_s42,1,0.3124652126630899
2775638,bertopic,n15_c100_s42,0,1.0
2781172,bertopic,n15_c100_s42,-1,0.0
2781301,bertopic,n15_c100_s42,-1,0.0
2785307,bertopic,n15_c100_s42,1,0.5107075889927064
2788190,bertopic,n15_c100_s42,2,0.7274326457614272
2788229,bertopic,n15_c100_s42,2,1.0
2788276,bertopic,n15_c100_s42,2,1.0
2788348,bertopic,n15_c100_s42,-1,0.0
2788352,bertopic,n15_c100_s42,1,0.3185858789764442
2788503,bertopic,n15_c100_s42,6,1.0
2788627,bertopic,n15_c100_s42,2,1.0
2788752,bertopic,n15_c100_s42,2,1.0
2788805,bertopic,n15_c100_s42,2,1.0
2788848,bertopic,n15_c100_s42,1,0.5107075889927064
