article_id,model,run_id,topic_id,membership_strength
300,bertopic,n15_c25_s42,65,1.0
551,bertopic,n15_c25_s42,-1,0.0
574,bertopic,n15_c25_s42,21,0.9538646253426579
593,bertopic,n15_c25_s42,47,1.0
1739,bertopic,n15_c25_s42,31,0.984836386443151
1755,bertopic,n15_c25_s42,-1,0.0
2835,bertopic,n15_c25_s42,19,0.39535119217806813
3594,bertopic,n15_c25_s42,2,1.0
3635,bertopic,n15_c25_s42,0,1.0
3656,bertopic,n15_c25_s42,-1,0.0
3708,bertopic,n15_c25_s42,20,0.7822430928557331
3798,bertopic,n15_c25_s42,45,1.0
4089,bertopic,n15_c25_s42,58,1.0
4710,bertopic,n15_c25_s42,6,1.0
4830,bertopic,n15_c25_s42,68,1.0
5276,bertopic,n15_c25_s42,2,0.660333730749015
5586,bertopic,n15_c25_s42,51,1.0
5683,bertopic,n15_c25_s42,-1,0.0
5693,bertopic,n15_c25_s42,9,0.7512078876922932
6435,bertopic,n15_c25_s42,6,0.9930098314138273
6544,bertopic,n15_c25_s42,13,0.41358519753428513
7082,bertopic,n15_c25_s42,4,1.0
7244,bertopic,n15_c25_s42,1,1.0
7574,bertopic,n15_c25_s42,45,1.0
7681,bertopic,n15_c25_s42,60,1.0
7854,bertopic,n15_c25_s42,11,0.4936988226682193
7868,bertopic,n15_c25_s42,15,0.5228896404207577
7879,bertopic,n15_c25_s42,4,0.9000270470619591
7921,bertopic,n15_c25_s42,5,1.0
7959,bertopic,n15_c25_s42,4,1.0
8530,bertopic,n15_c25_s42,-1,0.0
8844,bertopic,n15_c25_s42,6,0.6657953746798783
9037,bertopic,n15_c25_s42,2,1.0
9349,bertopic,n15_c25_s42,3,1.0
10235,bertopic,n15_c25_s42,51,1.0
10296,bertopic,n15_c25_s42,-1,0.0
10939,bertopic,n15_c25_s42,5,1.0
11348,bertopic,n15_c25_s42,2,0.6080049878248824
12099,bertopic,n15_c25_s42,33,0.7816371289380464
12364,bertopic,n15_c25_s42,12,0.4197632649655565
12399,bertopic,n15_c25_s42,2,0.6080049878248824
12685,bertopic,n15_c25_s42,3,0.862308294178738
12801,bertopic,n15_c25_s42,-1,0.0
12810,bertopic,n15_c25_s42,67,1.0
12858,bertopic,n15_c25_s42,1,1.0
13084,bertopic,n15_c25_s42,33,1.0
13205,bertopic,n15_c25_s42,25,0.632698948880605
13274,bertopic,n15_c25_s42,6,0.5490421529267253
13403,bertopic,n15_c25_s42,-1,0.0
13594,bertopic,n15_c25_s42,-1,0.0
13768,bertopic,n15_c25_s42,-1,0.0
13851,bertopic,n15_c25_s42,-1,0.0
14117,bertopic,n15_c25_s42,13,0.4244543868335173
14506,bertopic,n15_c25_s42,2,0.9773086482976748
14528,bertopic,n15_c25_s42,3,0.8068014682681283
14529,bertopic,n15_c25_s42,2,1.0
14599,bertopic,n15_c25_s42,0,1.0
14858,bertopic,n15_c25_s42,0,1.0
15016,bertopic,n15_c25_s42,28,0.3196585574043658
15506,bertopic,n15_c25_s42,2,1.0
15759,bertopic,n15_c25_s42,5,1.0
15792,bertopic,n15_c25_s42,47,1.0
15993,bertopic,n15_c25_s42,-1,0.0
16083,bertopic,n15_c25_s42,40,1.0
16274,bertopic,n15_c25_s42,-1,0.0
16458,bertopic,n15_c25_s42,6,1.0
16762,bertopic,n15_c25_s42,4,1.0
16814,bertopic,n15_c25_s42,-1,0.0
17264,bertopic,n15_c25_s42,7,0.2702346683778947
17329,bertopic,n15_c25_s42,9,0.48879047774324513
17922,bertopic,n15_c25_s42,4,1.0
18543,bertopic,n15_c25_s42,22,1.0
19690,bertopic,n15_c25_s42,4,0.9026226569319602
20012,bertopic,n15_c25_s42,4,1.0
20127,bertopic,n15_c25_s42,4,1.0
20668,bertopic,n15_c25_s42,19,0.7667480327831825
20712,bertopic,n15_c25_s42,38,1.0
20941,bertopic,n15_c25_s42,0,1.0
21460,bertopic,n15_c25_s42,-1,0.0
21530,bertopic,n15_c25_s42,-1,0.0
21659,bertopic,n15_c25_s42,0,1.0
21782,bertopic,n15_c25_s42,2,1.0
21917,bertopic,n15_c25_s42,63,1.0
22065,bertopic,n15_c25_s42,-1,0.0
22132,bertopic,n15_c25_s42,-1,0.0
22159,bertopic,n15_c25_s42,2,1.0
22390,bertopic,n15_c25_s42,33,1.0
22705,bertopic,n15_c25_s42,60,1.0
23217,bertopic,n15_c25_s42,2,1.0
23962,bertopic,n15_c25_s42,-1,0.0
24198,bertopic,n15_c25_s42,6,0.6071554859946501
24286,bertopic,n15_c25_s42,1,1.0
24876,bertopic,n15_c25_s42,-1,0.0
24965,bertopic,n15_c25_s42,11,0.27574310761877074
25431,bertopic,n15_c25_s42,12,0.4197632649655565
25458,bertopic,n15_c25_s42,-1,0.0
25974,bertopic,n15_c25_s42,43,1.0
26212,bertopic,n15_c25_s42,32,0.5253947505388983
26434,bertopic,n15_c25_s42,-1,0.0
27038,bertopic,n15_c25_s42,10,0.9679482006392421
27122,bertopic,n15_c25_s42,-1,0.0
27189,bertopic,n15_c25_s42,43,1.0
27469,bertopic,n15_c25_s42,31,0.33884160924561846
27920,bertopic,n15_c25_s42,34,0.7031484310544436
28510,bertopic,n15_c25_s42,3,1.0
28661,bertopic,n15_c25_s42,17,0.38638641236474397
28781,bertopic,n15_c25_s42,-1,0.0
28784,bertopic,n15_c25_s42,4,1.0
28936,bertopic,n15_c25_s42,4,1.0
29129,bertopic,n15_c25_s42,13,0.3248376047133051
30097,bertopic,n15_c25_s42,7,0.31127105900532315
30107,bertopic,n15_c25_s42,2,0.9283372406670505
30257,bertopic,n15_c25_s42,2,1.0
30703,bertopic,n15_c25_s42,3,0.7599938518198809
30778,bertopic,n15_c25_s42,58,1.0
30997,bertopic,n15_c25_s42,35,1.0
31478,bertopic,n15_c25_s42,2,0.9362462786125632
31594,bertopic,n15_c25_s42,-1,0.0
31664,bertopic,n15_c25_s42,-1,0.0
31875,bertopic,n15_c25_s42,5,0.9103216257245675
31919,bertopic,n15_c25_s42,3,1.0
32030,bertopic,n15_c25_s42,4,1.0
32072,bertopic,n15_c25_s42,0,0.7352387269141456
32140,bertopic,n15_c25_s42,6,1.0
33141,bertopic,n15_c25_s42,5,1.0
33193,bertopic,n15_c25_s42,4,1.0
33255,bertopic,n15_c25_s42,12,0.2569906040663554
33651,bertopic,n15_c25_s42,4,1.0
33732,bertopic,n15_c25_s42,47,1.0
33907,bertopic,n15_c25_s42,59,0.6901969204867118
34443,bertopic,n15_c25_s42,1,1.0
35047,bertopic,n15_c25_s42,18,0.8807164839718108
35309,bertopic,n15_c25_s42,1,0.3660888077406
35903,bertopic,n15_c25_s42,36,0.4404052596594619
35925,bertopic,n15_c25_s42,-1,0.0
36149,bertopic,n15_c25_s42,-1,0.0
36372,bertopic,n15_c25_s42,-1,0.0
36523,bertopic,n15_c25_s42,4,1.0
36957,bertopic,n15_c25_s42,2,1.0
37122,bertopic,n15_c25_s42,1,1.0
37241,bertopic,n15_c25_s42,25,0.2529504854311217
37289,bertopic,n15_c25_s42,38,0.28991211512248355
38068,bertopic,n15_c25_s42,16,1.0
38130,bertopic,n15_c25_s42,4,0.790314414223026
38397,bertopic,n15_c25_s42,4,0.7108258146560567
38774,bertopic,n15_c25_s42,6,0.8402749927869281
38952,bertopic,n15_c25_s42,-1,0.0
39053,bertopic,n15_c25_s42,9,0.7839297290177395
39204,bertopic,n15_c25_s42,-1,0.0
39234,bertopic,n15_c25_s42,3,0.83718142733223
40130,bertopic,n15_c25_s42,35,1.0
40296,bertopic,n15_c25_s42,2,1.0
40454,bertopic,n15_c25_s42,4,1.0
40807,bertopic,n15_c25_s42,24,0.09382183709974895
41150,bertopic,n15_c25_s42,-1,0.0
41235,bertopic,n15_c25_s42,-1,0.0
41649,bertopic,n15_c25_s42,6,1.0
41765,bertopic,n15_c25_s42,4,1.0
41883,bertopic,n15_c25_s42,7,1.0
42206,bertopic,n15_c25_s42,5,1.0
42360,bertopic,n15_c25_s42,5,1.0
42454,bertopic,n15_c25_s42,-1,0.0
43243,bertopic,n15_c25_s42,33,1.0
43481,bertopic,n15_c25_s42,-1,0.0
43606,bertopic,n15_c25_s42,45,0.30589615927023683
43636,bertopic,n15_c25_s42,12,0.3717161461143524
44273,bertopic,n15_c25_s42,3,0.7660642657136968
44421,bertopic,n15_c25_s42,-1,0.0
44459,bertopic,n15_c25_s42,0,1.0
44507,bertopic,n15_c25_s42,68,1.0
44761,bertopic,n15_c25_s42,11,0.9122019431007778
44828,bertopic,n15_c25_s42,4,1.0
44886,bertopic,n15_c25_s42,32,1.0
44926,bertopic,n15_c25_s42,-1,0.0
45170,bertopic,n15_c25_s42,-1,0.0
45318,bertopic,n15_c25_s42,12,0.2691742562736633
45333,bertopic,n15_c25_s42,38,0.26532822949822027
45594,bertopic,n15_c25_s42,-1,0.0
45601,bertopic,n15_c25_s42,14,1.0
45666,bertopic,n15_c25_s42,47,1.0
45929,bertopic,n15_c25_s42,0,1.0
46773,bertopic,n15_c25_s42,-1,0.0
46798,bertopic,n15_c25_s42,2,1.0
47374,bertopic,n15_c25_s42,26,1.0
47878,bertopic,n15_c25_s42,62,1.0
48013,bertopic,n15_c25_s42,-1,0.0
48054,bertopic,n15_c25_s42,5,1.0
48189,bertopic,n15_c25_s42,4,1.0
48429,bertopic,n15_c25_s42,3,0.9235205397404076
48523,bertopic,n15_c25_s42,0,1.0
48645,bertopic,n15_c25_s42,49,1.0
48719,bertopic,n15_c25_s42,4,1.0
48986,bertopic,n15_c25_s42,5,1.0
49147,bertopic,n15_c25_s42,-1,0.0
49182,bertopic,n15_c25_s42,29,1.0
49242,bertopic,n15_c25_s42,29,1.0
49457,bertopic,n15_c25_s42,-1,0.0
49694,bertopic,n15_c25_s42,4,1.0
50156,bertopic,n15_c25_s42,17,1.0
50396,bertopic,n15_c25_s42,31,1.0
50448,bertopic,n15_c25_s42,1,1.0
50669,bertopic,n15_c25_s42,67,1.0
51001,bertopic,n15_c25_s42,12,0.23568035024274747
51195,bertopic,n15_c25_s42,21,0.8015165533186581
51957,bertopic,n15_c25_s42,47,1.0
52032,bertopic,n15_c25_s42,4,0.6761023023929746
52281,bertopic,n15_c25_s42,4,1.0
52788,bertopic,n15_c25_s42,60,1.0
52904,bertopic,n15_c25_s42,31,0.9352739049996752
53033,bertopic,n15_c25_s42,57,1.0
53036,bertopic,n15_c25_s42,51,1.0
53127,bertopic,n15_c25_s42,4,1.0
53281,bertopic,n15_c25_s42,11,0.8328092862313874
53378,bertopic,n15_c25_s42,18,0.7521313631316766
53444,bertopic,n15_c25_s42,9,0.5274834560268162
53522,bertopic,n15_c25_s42,5,0.8044170947709897
53977,bertopic,n15_c25_s42,60,1.0
54284,bertopic,n15_c25_s42,0,1.0
54295,bertopic,n15_c25_s42,31,1.0
55518,bertopic,n15_c25_s42,4,1.0
55684,bertopic,n15_c25_s42,-1,0.0
55997,bertopic,n15_c25_s42,12,0.4488803169863949
56047,bertopic,n15_c25_s42,4,1.0
56383,bertopic,n15_c25_s42,-1,0.0
56427,bertopic,n15_c25_s42,5,0.5853901234066597
56476,bertopic,n15_c25_s42,2,0.5799234187538598
56477,bertopic,n15_c25_s42,35,1.0
56571,bertopic,n15_c25_s42,2,1.0
56582,bertopic,n15_c25_s42,35,1.0
56617,bertopic,n15_c25_s42,59,0.3337880349915866
56838,bertopic,n15_c25_s42,56,1.0
57121,bertopic,n15_c25_s42,20,0.7228237871813953
57340,bertopic,n15_c25_s42,49,1.0
57357,bertopic,n15_c25_s42,-1,0.0
57436,bertopic,n15_c25_s42,5,0.6118252924899386
57487,bertopic,n15_c25_s42,5,1.0
59278,bertopic,n15_c25_s42,0,1.0
59330,bertopic,n15_c25_s42,2,1.0
60166,bertopic,n15_c25_s42,-1,0.0
60190,bertopic,n15_c25_s42,25,0.38617387762195027
60525,bertopic,n15_c25_s42,1,1.0
60772,bertopic,n15_c25_s42,48,1.0
60790,bertopic,n15_c25_s42,7,0.6670384476044233
60943,bertopic,n15_c25_s42,-1,0.0
60989,bertopic,n15_c25_s42,22,0.9652597169209939
61037,bertopic,n15_c25_s42,2,1.0
61392,bertopic,n15_c25_s42,36,1.0
61399,bertopic,n15_c25_s42,18,0.9889820834645523
61433,bertopic,n15_c25_s42,63,1.0
61614,bertopic,n15_c25_s42,16,0.4262637714188173
61618,bertopic,n15_c25_s42,15,0.703100218301413
61634,bertopic,n15_c25_s42,2,1.0
61874,bertopic,n15_c25_s42,4,1.0
62010,bertopic,n15_c25_s42,-1,0.0
62225,bertopic,n15_c25_s42,3,1.0
62396,bertopic,n15_c25_s42,1,1.0
62514,bertopic,n15_c25_s42,1,1.0
62536,bertopic,n15_c25_s42,1,0.8138489586351653
62561,bertopic,n15_c25_s42,68,1.0
62909,bertopic,n15_c25_s42,1,1.0
63202,bertopic,n15_c25_s42,1,1.0
63485,bertopic,n15_c25_s42,2,1.0
63812,bertopic,n15_c25_s42,42,0.8937806434302356
64049,bertopic,n15_c25_s42,13,0.3707298165551427
64159,bertopic,n15_c25_s42,1,1.0
64288,bertopic,n15_c25_s42,12,0.8672248663222079
64460,bertopic,n15_c25_s42,0,1.0
64660,bertopic,n15_c25_s42,-1,0.0
65325,bertopic,n15_c25_s42,6,1.0
66799,bertopic,n15_c25_s42,-1,0.0
67010,bertopic,n15_c25_s42,51,1.0
67102,bertopic,n15_c25_s42,51,1.0
67221,bertopic,n15_c25_s42,1,1.0
67486,bertopic,n15_c25_s42,3,0.9161144504902469
67860,bertopic,n15_c25_s42,59,1.0
68053,bertopic,n15_c25_s42,33,0.8034430405993355
68520,bertopic,n15_c25_s42,2,1.0
68807,bertopic,n15_c25_s42,3,1.0
69068,bertopic,n15_c25_s42,5,1.0
69258,bertopic,n15_c25_s42,16,1.0
70036,bertopic,n15_c25_s42,4,0.6867481075185776
70485,bertopic,n15_c25_s42,1,1.0
70557,bertopic,n15_c25_s42,18,0.8807164839718108
70943,bertopic,n15_c25_s42,17,0.38638641236474397
71054,bertopic,n15_c25_s42,23,1.0
71331,bertopic,n15_c25_s42,-1,0.0
71519,bertopic,n15_c25_s42,-1,0.0
71879,bertopic,n15_c25_s42,-1,0.0
71942,bertopic,n15_c25_s42,-1,0.0
72159,bertopic,n15_c25_s42,-1,0.0
72242,bertopic,n15_c25_s42,5,1.0
72412,bertopic,n15_c25_s42,4,0.8785107873073874
72552,bertopic,n15_c25_s42,12,0.3146669124429649
72770,bertopic,n15_c25_s42,26,0.24000897392230972
73421,bertopic,n15_c25_s42,-1,0.0
73478,bertopic,n15_c25_s42,16,0.35809406698902235
73841,bertopic,n15_c25_s42,14,0.9757811699510629
73919,bertopic,n15_c25_s42,-1,0.0
74002,bertopic,n15_c25_s42,33,1.0
74128,bertopic,n15_c25_s42,-1,0.0
74554,bertopic,n15_c25_s42,11,0.6126310362576894
75484,bertopic,n15_c25_s42,-1,0.0
76050,bertopic,n15_c25_s42,16,1.0
76152,bertopic,n15_c25_s42,25,1.0
76171,bertopic,n15_c25_s42,6,1.0
76296,bertopic,n15_c25_s42,4,1.0
76323,bertopic,n15_c25_s42,59,1.0
76379,bertopic,n15_c25_s42,35,1.0
77023,bertopic,n15_c25_s42,-1,0.0
78009,bertopic,n15_c25_s42,1,1.0
78179,bertopic,n15_c25_s42,2,1.0
78211,bertopic,n15_c25_s42,54,1.0
78357,bertopic,n15_c25_s42,63,1.0
78501,bertopic,n15_c25_s42,-1,0.0
78524,bertopic,n15_c25_s42,18,0.8807164839718108
78603,bertopic,n15_c25_s42,2,1.0
79028,bertopic,n15_c25_s42,4,1.0
79129,bertopic,n15_c25_s42,27,0.45726969062859096
79661,bertopic,n15_c25_s42,0,1.0
80282,bertopic,n15_c25_s42,2,1.0
80316,bertopic,n15_c25_s42,2,0.7483445918313503
80570,bertopic,n15_c25_s42,18,1.0
80631,bertopic,n15_c25_s42,2,1.0
80746,bertopic,n15_c25_s42,3,1.0
81605,bertopic,n15_c25_s42,5,1.0
81713,bertopic,n15_c25_s42,5,1.0
81755,bertopic,n15_c25_s42,40,1.0
81778,bertopic,n15_c25_s42,11,0.27574310761877074
82147,bertopic,n15_c25_s42,0,0.784011507153867
82319,bertopic,n15_c25_s42,63,1.0
82733,bertopic,n15_c25_s42,-1,0.0
82814,bertopic,n15_c25_s42,34,1.0
83020,bertopic,n15_c25_s42,68,1.0
83321,bertopic,n15_c25_s42,0,1.0
83391,bertopic,n15_c25_s42,40,1.0
83576,bertopic,n15_c25_s42,12,1.0
84049,bertopic,n15_c25_s42,0,1.0
84779,bertopic,n15_c25_s42,0,1.0
84812,bertopic,n15_c25_s42,2,1.0
85969,bertopic,n15_c25_s42,7,1.0
86321,bertopic,n15_c25_s42,5,1.0
86508,bertopic,n15_c25_s42,9,0.543428621815787
87000,bertopic,n15_c25_s42,4,0.790314414223026
87049,bertopic,n15_c25_s42,19,0.7635307515415634
87587,bertopic,n15_c25_s42,47,1.0
87874,bertopic,n15_c25_s42,-1,0.0
88070,bertopic,n15_c25_s42,1,1.0
88079,bertopic,n15_c25_s42,-1,0.0
88571,bertopic,n15_c25_s42,22,1.0
88657,bertopic,n15_c25_s42,2,1.0
89301,bertopic,n15_c25_s42,21,0.782776834154599
89410,bertopic,n15_c25_s42,-1,0.0
89624,bertopic,n15_c25_s42,-1,0.0
89801,bertopic,n15_c25_s42,6,1.0
89830,bertopic,n15_c25_s42,0,1.0
89847,bertopic,n15_c25_s42,12,1.0
89873,bertopic,n15_c25_s42,9,0.348748786131909
89919,bertopic,n15_c25_s42,-1,0.0
89926,bertopic,n15_c25_s42,7,1.0
89957,bertopic,n15_c25_s42,5,1.0
90406,bertopic,n15_c25_s42,14,0.8728737511026271
90724,bertopic,n15_c25_s42,51,0.9437375404285039
91137,bertopic,n15_c25_s42,24,1.0
91212,bertopic,n15_c25_s42,37,0.4674121682619359
91317,bertopic,n15_c25_s42,0,1.0
91669,bertopic,n15_c25_s42,32,0.7981015840927734
91911,bertopic,n15_c25_s42,14,0.9757811699510629
92331,bertopic,n15_c25_s42,-1,0.0
92399,bertopic,n15_c25_s42,1,1.0
92447,bertopic,n15_c25_s42,2,1.0
92485,bertopic,n15_c25_s42,-1,0.0
92507,bertopic,n15_c25_s42,0,0.6735973546403773
92521,bertopic,n15_c25_s42,3,1.0
92660,bertopic,n15_c25_s42,45,1.0
92766,bertopic,n15_c25_s42,2,1.0
92962,bertopic,n15_c25_s42,5,1.0
94288,bertopic,n15_c25_s42,3,0.9235205397404076
94315,bertopic,n15_c25_s42,4,1.0
95209,bertopic,n15_c25_s42,4,1.0
95243,bertopic,n15_c25_s42,4,0.790314414223026
95502,bertopic,n15_c25_s42,1,0.7303963553979936
95503,bertopic,n15_c25_s42,42,1.0
95505,bertopic,n15_c25_s42,19,1.0
95887,bertopic,n15_c25_s42,4,1.0
96093,bertopic,n15_c25_s42,-1,0.0
96587,bertopic,n15_c25_s42,5,1.0
97339,bertopic,n15_c25_s42,-1,0.0
97796,bertopic,n15_c25_s42,1,1.0
97953,bertopic,n15_c25_s42,4,1.0
98192,bertopic,n15_c25_s42,-1,0.0
98320,bertopic,n15_c25_s42,2,1.0
98372,bertopic,n15_c25_s42,-1,0.0
98422,bertopic,n15_c25_s42,22,0.5967453803184829
98649,bertopic,n15_c25_s42,4,1.0
98692,bertopic,n15_c25_s42,5,0.5268460519238358
98812,bertopic,n15_c25_s42,3,0.9150769487616259
98882,bertopic,n15_c25_s42,33,0.34140954772305787
99053,bertopic,n15_c25_s42,25,0.5634790083318063
99311,bertopic,n15_c25_s42,-1,0.0
99362,bertopic,n15_c25_s42,29,1.0
99429,bertopic,n15_c25_s42,5,1.0
99690,bertopic,n15_c25_s42,6,1.0
99888,bertopic,n15_c25_s42,0,1.0
100550,bertopic,n15_c25_s42,3,1.0
100730,bertopic,n15_c25_s42,35,1.0
100962,bertopic,n15_c25_s42,17,0.38638641236474397
101231,bertopic,n15_c25_s42,9,0.5274834560268162
101764,bertopic,n15_c25_s42,13,0.3707298165551427
101775,bertopic,n15_c25_s42,68,0.8673687292443526
101854,bertopic,n15_c25_s42,4,1.0
101901,bertopic,n15_c25_s42,0,0.9896509997446999
102431,bertopic,n15_c25_s42,3,0.7636442228859669
102601,bertopic,n15_c25_s42,5,0.5268460519238358
102738,bertopic,n15_c25_s42,4,1.0
102885,bertopic,n15_c25_s42,37,1.0
102902,bertopic,n15_c25_s42,0,1.0
103750,bertopic,n15_c25_s42,1,1.0
104233,bertopic,n15_c25_s42,3,1.0
104546,bertopic,n15_c25_s42,5,1.0
104601,bertopic,n15_c25_s42,2,1.0
104855,bertopic,n15_c25_s42,68,1.0
105357,bertopic,n15_c25_s42,5,1.0
105490,bertopic,n15_c25_s42,6,1.0
106202,bertopic,n15_c25_s42,-1,0.0
106439,bertopic,n15_c25_s42,2,1.0
106717,bertopic,n15_c25_s42,-1,0.0
107060,bertopic,n15_c25_s42,67,1.0
107314,bertopic,n15_c25_s42,-1,0.0
107334,bertopic,n15_c25_s42,-1,0.0
107625,bertopic,n15_c25_s42,2,1.0
108455,bertopic,n15_c25_s42,-1,0.0
108461,bertopic,n15_c25_s42,0,1.0
109175,bertopic,n15_c25_s42,36,0.5450595929414865
109347,bertopic,n15_c25_s42,3,1.0
109367,bertopic,n15_c25_s42,9,1.0
109381,bertopic,n15_c25_s42,5,0.8044941941191492
109470,bertopic,n15_c25_s42,0,1.0
109503,bertopic,n15_c25_s42,47,1.0
110123,bertopic,n15_c25_s42,6,0.8609802227955526
110274,bertopic,n15_c25_s42,40,1.0
110368,bertopic,n15_c25_s42,4,1.0
110828,bertopic,n15_c25_s42,3,0.8037929372185932
110861,bertopic,n15_c25_s42,25,0.27573959066136033
110923,bertopic,n15_c25_s42,3,0.7485175477961338
110945,bertopic,n15_c25_s42,1,1.0
111432,bertopic,n15_c25_s42,55,1.0
111618,bertopic,n15_c25_s42,42,1.0
112184,bertopic,n15_c25_s42,5,1.0
112673,bertopic,n15_c25_s42,58,1.0
113785,bertopic,n15_c25_s42,6,0.44251141790106124
113818,bertopic,n15_c25_s42,5,1.0
113906,bertopic,n15_c25_s42,5,0.5542665498855339
114291,bertopic,n15_c25_s42,5,1.0
114519,bertopic,n15_c25_s42,-1,0.0
115008,bertopic,n15_c25_s42,6,1.0
115166,bertopic,n15_c25_s42,2,1.0
115239,bertopic,n15_c25_s42,-1,0.0
115378,bertopic,n15_c25_s42,5,1.0
115416,bertopic,n15_c25_s42,34,0.6270446186307146
115482,bertopic,n15_c25_s42,1,1.0
115506,bertopic,n15_c25_s42,46,1.0
115561,bertopic,n15_c25_s42,5,1.0
115935,bertopic,n15_c25_s42,21,0.996082148129607
116580,bertopic,n15_c25_s42,36,1.0
117070,bertopic,n15_c25_s42,34,0.5065763800271171
117354,bertopic,n15_c25_s42,1,1.0
117646,bertopic,n15_c25_s42,5,0.35863426970481743
117905,bertopic,n15_c25_s42,32,1.0
118371,bertopic,n15_c25_s42,13,0.4244543868335173
119090,bertopic,n15_c25_s42,6,1.0
119115,bertopic,n15_c25_s42,3,0.9027868966528212
119777,bertopic,n15_c25_s42,7,1.0
120054,bertopic,n15_c25_s42,57,1.0
120126,bertopic,n15_c25_s42,10,1.0
120781,bertopic,n15_c25_s42,47,1.0
121300,bertopic,n15_c25_s42,3,1.0
122087,bertopic,n15_c25_s42,12,0.23969049806146228
122128,bertopic,n15_c25_s42,4,1.0
123233,bertopic,n15_c25_s42,55,1.0
123354,bertopic,n15_c25_s42,12,0.29540790585792487
123513,bertopic,n15_c25_s42,25,1.0
123677,bertopic,n15_c25_s42,0,1.0
124291,bertopic,n15_c25_s42,2,1.0
124504,bertopic,n15_c25_s42,4,1.0
124924,bertopic,n15_c25_s42,35,0.3470335834550502
124998,bertopic,n15_c25_s42,6,0.7293894751772252
125146,bertopic,n15_c25_s42,0,0.8577374012022709
125299,bertopic,n15_c25_s42,-1,0.0
125714,bertopic,n15_c25_s42,4,1.0
125811,bertopic,n15_c25_s42,35,1.0
125862,bertopic,n15_c25_s42,4,1.0
126305,bertopic,n15_c25_s42,6,1.0
126787,bertopic,n15_c25_s42,5,0.309428708236108
127076,bertopic,n15_c25_s42,-1,0.0
127077,bertopic,n15_c25_s42,30,1.0
127252,bertopic,n15_c25_s42,14,1.0
127382,bertopic,n15_c25_s42,-1,0.0
127780,bertopic,n15_c25_s42,32,0.692699241596095
127807,bertopic,n15_c25_s42,32,0.4330072134123639
128077,bertopic,n15_c25_s42,28,1.0
128329,bertopic,n15_c25_s42,7,1.0
128668,bertopic,n15_c25_s42,37,1.0
129453,bertopic,n15_c25_s42,9,0.5274834560268162
129521,bertopic,n15_c25_s42,-1,0.0
129697,bertopic,n15_c25_s42,1,1.0
130075,bertopic,n15_c25_s42,6,1.0
130193,bertopic,n15_c25_s42,40,0.758979421363455
130229,bertopic,n15_c25_s42,24,0.08945150106301164
130247,bertopic,n15_c25_s42,11,1.0
130332,bertopic,n15_c25_s42,21,0.8672035492064278
130373,bertopic,n15_c25_s42,34,1.0
130542,bertopic,n15_c25_s42,5,1.0
131018,bertopic,n15_c25_s42,-1,0.0
131134,bertopic,n15_c25_s42,2,0.6362376145188532
131630,bertopic,n15_c25_s42,6,1.0
131655,bertopic,n15_c25_s42,-1,0.0
131953,bertopic,n15_c25_s42,-1,0.0
132216,bertopic,n15_c25_s42,21,0.9564544144345962
132343,bertopic,n15_c25_s42,53,1.0
132371,bertopic,n15_c25_s42,42,1.0
132580,bertopic,n15_c25_s42,5,1.0
132689,bertopic,n15_c25_s42,-1,0.0
133011,bertopic,n15_c25_s42,2,1.0
133390,bertopic,n15_c25_s42,4,1.0
133467,bertopic,n15_c25_s42,7,1.0
133776,bertopic,n15_c25_s42,-1,0.0
134147,bertopic,n15_c25_s42,0,1.0
134265,bertopic,n15_c25_s42,-1,0.0
134759,bertopic,n15_c25_s42,-1,0.0
134864,bertopic,n15_c25_s42,4,0.790314414223026
135098,bertopic,n15_c25_s42,67,1.0
137255,bertopic,n15_c25_s42,26,1.0
137501,bertopic,n15_c25_s42,0,1.0
137526,bertopic,n15_c25_s42,12,0.5026985488648505
137788,bertopic,n15_c25_s42,4,1.0
138059,bertopic,n15_c25_s42,-1,0.0
138257,bertopic,n15_c25_s42,4,1.0
138447,bertopic,n15_c25_s42,26,1.0
138458,bertopic,n15_c25_s42,5,1.0
139177,bertopic,n15_c25_s42,15,0.8066979947740511
139181,bertopic,n15_c25_s42,39,1.0
139355,bertopic,n15_c25_s42,18,0.9889820834645523
140134,bertopic,n15_c25_s42,12,0.7404296382271783
140242,bertopic,n15_c25_s42,31,1.0
140319,bertopic,n15_c25_s42,3,0.9138295561110245
140433,bertopic,n15_c25_s42,5,0.8631255790684551
140479,bertopic,n15_c25_s42,2,1.0
140865,bertopic,n15_c25_s42,13,0.5558558859235149
141179,bertopic,n15_c25_s42,6,1.0
141257,bertopic,n15_c25_s42,5,1.0
141399,bertopic,n15_c25_s42,47,1.0
141429,bertopic,n15_c25_s42,4,0.8192068335217846
141861,bertopic,n15_c25_s42,6,1.0
141920,bertopic,n15_c25_s42,57,1.0
142165,bertopic,n15_c25_s42,-1,0.0
142216,bertopic,n15_c25_s42,1,1.0
142280,bertopic,n15_c25_s42,-1,0.0
142354,bertopic,n15_c25_s42,5,1.0
142857,bertopic,n15_c25_s42,1,1.0
142874,bertopic,n15_c25_s42,14,1.0
143292,bertopic,n15_c25_s42,12,0.3559471333055061
143578,bertopic,n15_c25_s42,11,0.2770241839185196
143689,bertopic,n15_c25_s42,32,1.0
143832,bertopic,n15_c25_s42,2,1.0
144024,bertopic,n15_c25_s42,40,0.9384277455100294
144692,bertopic,n15_c25_s42,2,1.0
144696,bertopic,n15_c25_s42,-1,0.0
144709,bertopic,n15_c25_s42,2,0.7483445918313503
144921,bertopic,n15_c25_s42,5,0.5268460519238358
145458,bertopic,n15_c25_s42,19,0.39535119217806813
145466,bertopic,n15_c25_s42,6,1.0
145515,bertopic,n15_c25_s42,4,1.0
146165,bertopic,n15_c25_s42,0,0.6510404358118183
146804,bertopic,n15_c25_s42,-1,0.0
147134,bertopic,n15_c25_s42,-1,0.0
147174,bertopic,n15_c25_s42,3,1.0
147259,bertopic,n15_c25_s42,1,1.0
147557,bertopic,n15_c25_s42,33,0.8656081644038306
147902,bertopic,n15_c25_s42,-1,0.0
148461,bertopic,n15_c25_s42,4,1.0
148586,bertopic,n15_c25_s42,7,0.3307760604287303
149077,bertopic,n15_c25_s42,16,0.60416024163324
149365,bertopic,n15_c25_s42,4,0.8178001265301588
149398,bertopic,n15_c25_s42,1,1.0
150163,bertopic,n15_c25_s42,60,1.0
150607,bertopic,n15_c25_s42,49,1.0
150859,bertopic,n15_c25_s42,3,1.0
150907,bertopic,n15_c25_s42,42,1.0
151426,bertopic,n15_c25_s42,39,1.0
151602,bertopic,n15_c25_s42,-1,0.0
151703,bertopic,n15_c25_s42,4,0.9161013883809619
152273,bertopic,n15_c25_s42,5,1.0
152390,bertopic,n15_c25_s42,17,0.38638641236474397
152618,bertopic,n15_c25_s42,31,0.9384160836252695
152738,bertopic,n15_c25_s42,0,1.0
152759,bertopic,n15_c25_s42,36,1.0
152861,bertopic,n15_c25_s42,3,1.0
153163,bertopic,n15_c25_s42,47,1.0
153367,bertopic,n15_c25_s42,-1,0.0
153749,bertopic,n15_c25_s42,13,0.5509479940036909
153782,bertopic,n15_c25_s42,51,1.0
153794,bertopic,n15_c25_s42,6,0.37973929653738175
154435,bertopic,n15_c25_s42,4,0.790314414223026
154829,bertopic,n15_c25_s42,4,0.9436915537659611
155138,bertopic,n15_c25_s42,58,1.0
155572,bertopic,n15_c25_s42,-1,0.0
155577,bertopic,n15_c25_s42,13,0.9613629022355586
155990,bertopic,n15_c25_s42,4,1.0
156160,bertopic,n15_c25_s42,42,0.1935576165853573
156667,bertopic,n15_c25_s42,-1,0.0
157217,bertopic,n15_c25_s42,35,1.0
157293,bertopic,n15_c25_s42,6,1.0
158049,bertopic,n15_c25_s42,4,1.0
158118,bertopic,n15_c25_s42,55,0.5501554420146564
158288,bertopic,n15_c25_s42,35,0.3470335834550502
158417,bertopic,n15_c25_s42,42,0.19666666356756013
159915,bertopic,n15_c25_s42,6,1.0
160084,bertopic,n15_c25_s42,43,1.0
160307,bertopic,n15_c25_s42,25,1.0
160391,bertopic,n15_c25_s42,11,0.3306548179939769
160458,bertopic,n15_c25_s42,2,1.0
160910,bertopic,n15_c25_s42,2,1.0
161335,bertopic,n15_c25_s42,1,1.0
162325,bertopic,n15_c25_s42,16,0.4262637714188173
162406,bertopic,n15_c25_s42,31,1.0
162493,bertopic,n15_c25_s42,5,0.7628140800075218
162892,bertopic,n15_c25_s42,-1,0.0
163252,bertopic,n15_c25_s42,-1,0.0
163289,bertopic,n15_c25_s42,19,0.39535119217806813
163539,bertopic,n15_c25_s42,12,0.29540790585792487
163860,bertopic,n15_c25_s42,2,0.870554360441709
164027,bertopic,n15_c25_s42,12,0.35153842912880523
164048,bertopic,n15_c25_s42,42,1.0
164182,bertopic,n15_c25_s42,-1,0.0
165132,bertopic,n15_c25_s42,5,1.0
165165,bertopic,n15_c25_s42,7,1.0
165310,bertopic,n15_c25_s42,1,1.0
165624,bertopic,n15_c25_s42,4,0.8600893683670725
165839,bertopic,n15_c25_s42,2,1.0
165905,bertopic,n15_c25_s42,13,0.41358519753428513
166141,bertopic,n15_c25_s42,5,1.0
166267,bertopic,n15_c25_s42,32,1.0
166775,bertopic,n15_c25_s42,4,0.7553135241592531
167316,bertopic,n15_c25_s42,9,0.5274834560268162
167433,bertopic,n15_c25_s42,5,0.8772431218941069
167700,bertopic,n15_c25_s42,4,1.0
168453,bertopic,n15_c25_s42,58,1.0
168675,bertopic,n15_c25_s42,-1,0.0
168754,bertopic,n15_c25_s42,5,0.8507879877816088
169040,bertopic,n15_c25_s42,-1,0.0
169672,bertopic,n15_c25_s42,-1,0.0
169919,bertopic,n15_c25_s42,13,0.599682747795399
170023,bertopic,n15_c25_s42,6,1.0
170430,bertopic,n15_c25_s42,3,1.0
170588,bertopic,n15_c25_s42,4,1.0
170812,bertopic,n15_c25_s42,14,0.9757811699510629
171269,bertopic,n15_c25_s42,22,0.9652597169209939
171494,bertopic,n15_c25_s42,60,1.0
171532,bertopic,n15_c25_s42,-1,0.0
171818,bertopic,n15_c25_s42,33,1.0
172291,bertopic,n15_c25_s42,39,1.0
172331,bertopic,n15_c25_s42,-1,0.0
172404,bertopic,n15_c25_s42,5,1.0
172528,bertopic,n15_c25_s42,3,1.0
172930,bertopic,n15_c25_s42,1,0.8335530572234224
173021,bertopic,n15_c25_s42,19,0.39535119217806813
173150,bertopic,n15_c25_s42,35,0.3166923848342586
173485,bertopic,n15_c25_s42,28,0.39409312780663575
174372,bertopic,n15_c25_s42,67,1.0
174898,bertopic,n15_c25_s42,9,0.30921691705463994
175083,bertopic,n15_c25_s42,2,1.0
175137,bertopic,n15_c25_s42,15,0.6589584023912958
175451,bertopic,n15_c25_s42,27,0.27904908299825104
176208,bertopic,n15_c25_s42,1,0.733484671554008
176213,bertopic,n15_c25_s42,5,0.7955419452088358
176495,bertopic,n15_c25_s42,1,1.0
176558,bertopic,n15_c25_s42,1,1.0
176645,bertopic,n15_c25_s42,2,1.0
177277,bertopic,n15_c25_s42,40,0.04248224807933265
177542,bertopic,n15_c25_s42,2,0.7483445918313503
177670,bertopic,n15_c25_s42,-1,0.0
177858,bertopic,n15_c25_s42,19,0.6891178128864484
178414,bertopic,n15_c25_s42,18,1.0
178516,bertopic,n15_c25_s42,-1,0.0
178592,bertopic,n15_c25_s42,-1,0.0
179281,bertopic,n15_c25_s42,-1,0.0
179475,bertopic,n15_c25_s42,19,0.7470874012487693
179482,bertopic,n15_c25_s42,4,1.0
179615,bertopic,n15_c25_s42,18,1.0
179786,bertopic,n15_c25_s42,10,0.2496716602964648
179849,bertopic,n15_c25_s42,-1,0.0
179980,bertopic,n15_c25_s42,11,1.0
180088,bertopic,n15_c25_s42,1,0.9626929597875836
180264,bertopic,n15_c25_s42,14,0.9757811699510629
180517,bertopic,n15_c25_s42,5,1.0
180989,bertopic,n15_c25_s42,37,1.0
181421,bertopic,n15_c25_s42,17,0.38638641236474397
181562,bertopic,n15_c25_s42,2,1.0
182387,bertopic,n15_c25_s42,42,0.7878902986855518
183087,bertopic,n15_c25_s42,1,1.0
183185,bertopic,n15_c25_s42,6,1.0
183539,bertopic,n15_c25_s42,10,0.16635771866929397
184365,bertopic,n15_c25_s42,0,1.0
185076,bertopic,n15_c25_s42,21,1.0
185482,bertopic,n15_c25_s42,16,0.6491851757780739
185781,bertopic,n15_c25_s42,6,1.0
185801,bertopic,n15_c25_s42,20,1.0
185802,bertopic,n15_c25_s42,31,1.0
186200,bertopic,n15_c25_s42,-1,0.0
186413,bertopic,n15_c25_s42,-1,0.0
186552,bertopic,n15_c25_s42,28,1.0
186860,bertopic,n15_c25_s42,1,1.0
186920,bertopic,n15_c25_s42,-1,0.0
187624,bertopic,n15_c25_s42,32,1.0
187862,bertopic,n15_c25_s42,1,1.0
189272,bertopic,n15_c25_s42,7,1.0
189826,bertopic,n15_c25_s42,5,1.0
190212,bertopic,n15_c25_s42,29,0.9458237628397935
190440,bertopic,n15_c25_s42,1,0.9671777116560487
207249,bertopic,n15_c25_s42,-1,0.0
209101,bertopic,n15_c25_s42,44,1.0
209823,bertopic,n15_c25_s42,-1,0.0
210477,bertopic,n15_c25_s42,46,0.6521235947401572
212525,bertopic,n15_c25_s42,41,0.767412208666273
213476,bertopic,n15_c25_s42,2,1.0
213637,bertopic,n15_c25_s42,30,1.0
213962,bertopic,n15_c25_s42,26,0.24447868245738122
214506,bertopic,n15_c25_s42,17,0.6833585026272472
215622,bertopic,n15_c25_s42,43,0.9286351907853381
216046,bertopic,n15_c25_s42,16,0.60416024163324
216745,bertopic,n15_c25_s42,57,1.0
217405,bertopic,n15_c25_s42,12,0.45878526062454567
218059,bertopic,n15_c25_s42,4,1.0
219205,bertopic,n15_c25_s42,4,1.0
220070,bertopic,n15_c25_s42,23,0.8123811393928118
220219,bertopic,n15_c25_s42,3,0.9763837133297479
221300,bertopic,n15_c25_s42,18,0.8412999284541572
221543,bertopic,n15_c25_s42,18,0.8712144612813806
225193,bertopic,n15_c25_s42,-1,0.0
225537,bertopic,n15_c25_s42,-1,0.0
227916,bertopic,n15_c25_s42,26,0.35329115066011146
228098,bertopic,n15_c25_s42,10,1.0
229464,bertopic,n15_c25_s42,46,0.4262565562499388
229766,bertopic,n15_c25_s42,26,1.0
229873,bertopic,n15_c25_s42,17,0.5992689908094998
230044,bertopic,n15_c25_s42,1,1.0
230646,bertopic,n15_c25_s42,26,0.2186487254016228
230697,bertopic,n15_c25_s42,14,0.8931438714942601
233108,bertopic,n15_c25_s42,26,0.35329115066011146
234038,bertopic,n15_c25_s42,2,1.0
234150,bertopic,n15_c25_s42,46,0.5631481785845424
235588,bertopic,n15_c25_s42,0,1.0
236783,bertopic,n15_c25_s42,13,1.0
237316,bertopic,n15_c25_s42,13,1.0
238020,bertopic,n15_c25_s42,59,1.0
239910,bertopic,n15_c25_s42,16,0.29476796256257976
241459,bertopic,n15_c25_s42,4,1.0
243015,bertopic,n15_c25_s42,44,1.0
243273,bertopic,n15_c25_s42,28,1.0
243516,bertopic,n15_c25_s42,66,1.0
244200,bertopic,n15_c25_s42,-1,0.0
244286,bertopic,n15_c25_s42,9,0.4952471550876438
245122,bertopic,n15_c25_s42,-1,0.0
245414,bertopic,n15_c25_s42,44,1.0
247430,bertopic,n15_c25_s42,28,1.0
247452,bertopic,n15_c25_s42,51,0.1241437558747342
250503,bertopic,n15_c25_s42,-1,0.0
250800,bertopic,n15_c25_s42,-1,0.0
251285,bertopic,n15_c25_s42,-1,0.0
252444,bertopic,n15_c25_s42,-1,0.0
252534,bertopic,n15_c25_s42,3,1.0
252606,bertopic,n15_c25_s42,0,1.0
253527,bertopic,n15_c25_s42,26,1.0
253602,bertopic,n15_c25_s42,26,1.0
254843,bertopic,n15_c25_s42,25,1.0
255266,bertopic,n15_c25_s42,26,0.18711879417312952
256590,bertopic,n15_c25_s42,-1,0.0
257094,bertopic,n15_c25_s42,-1,0.0
257363,bertopic,n15_c25_s42,18,0.8712144612813806
258851,bertopic,n15_c25_s42,2,1.0
259508,bertopic,n15_c25_s42,-1,0.0
259930,bertopic,n15_c25_s42,-1,0.0
260872,bertopic,n15_c25_s42,-1,0.0
261067,bertopic,n15_c25_s42,66,1.0
261162,bertopic,n15_c25_s42,3,1.0
263520,bertopic,n15_c25_s42,3,1.0
264399,bertopic,n15_c25_s42,3,0.8243538708966893
265775,bertopic,n15_c25_s42,20,0.9310657433108421
265994,bertopic,n15_c25_s42,38,1.0
266635,bertopic,n15_c25_s42,-1,0.0
267879,bertopic,n15_c25_s42,30,1.0
267886,bertopic,n15_c25_s42,51,1.0
268006,bertopic,n15_c25_s42,21,1.0
268436,bertopic,n15_c25_s42,13,1.0
268538,bertopic,n15_c25_s42,51,1.0
268614,bertopic,n15_c25_s42,-1,0.0
268716,bertopic,n15_c25_s42,2,1.0
268915,bertopic,n15_c25_s42,3,0.9763837133297479
269115,bertopic,n15_c25_s42,56,1.0
269723,bertopic,n15_c25_s42,12,0.4197632649655565
269982,bertopic,n15_c25_s42,-1,0.0
270478,bertopic,n15_c25_s42,8,0.5257702536069128
270535,bertopic,n15_c25_s42,13,0.3207679501821273
270654,bertopic,n15_c25_s42,1,1.0
270679,bertopic,n15_c25_s42,22,1.0
271016,bertopic,n15_c25_s42,54,1.0
271079,bertopic,n15_c25_s42,-1,0.0
271364,bertopic,n15_c25_s42,15,0.4518949667061126
271402,bertopic,n15_c25_s42,-1,0.0
271430,bertopic,n15_c25_s42,8,0.5409838858551811
271554,bertopic,n15_c25_s42,-1,0.0
271922,bertopic,n15_c25_s42,18,1.0
271963,bertopic,n15_c25_s42,1,1.0
272040,bertopic,n15_c25_s42,-1,0.0
272157,bertopic,n15_c25_s42,3,1.0
272186,bertopic,n15_c25_s42,10,1.0
272194,bertopic,n15_c25_s42,3,1.0
272278,bertopic,n15_c25_s42,-1,0.0
272405,bertopic,n15_c25_s42,29,1.0
272438,bertopic,n15_c25_s42,24,1.0
272459,bertopic,n15_c25_s42,-1,0.0
272469,bertopic,n15_c25_s42,-1,0.0
272515,bertopic,n15_c25_s42,8,0.12664620789458966
272564,bertopic,n15_c25_s42,-1,0.0
272655,bertopic,n15_c25_s42,-1,0.0
272699,bertopic,n15_c25_s42,7,1.0
272704,bertopic,n15_c25_s42,-1,0.0
272878,bertopic,n15_c25_s42,2,0.6080049878248824
272913,bertopic,n15_c25_s42,54,1.0
272980,bertopic,n15_c25_s42,56,1.0
273050,bertopic,n15_c25_s42,-1,0.0
273357,bertopic,n15_c25_s42,4,0.90130728344609
273409,bertopic,n15_c25_s42,55,1.0
273533,bertopic,n15_c25_s42,2,0.7483445918313503
273554,bertopic,n15_c25_s42,40,0.8708025787263876
273650,bertopic,n15_c25_s42,2,1.0
273681,bertopic,n15_c25_s42,17,0.40036245860141306
273939,bertopic,n15_c25_s42,4,1.0
274379,bertopic,n15_c25_s42,10,0.5483401337081388
274594,bertopic,n15_c25_s42,11,1.0
274895,bertopic,n15_c25_s42,28,0.3196585574043658
274977,bertopic,n15_c25_s42,24,0.08465421156319043
275252,bertopic,n15_c25_s42,-1,0.0
275282,bertopic,n15_c25_s42,1,1.0
275570,bertopic,n15_c25_s42,14,0.9608730846375029
275737,bertopic,n15_c25_s42,24,0.9470860404235457
275952,bertopic,n15_c25_s42,20,0.7346245025246824
276099,bertopic,n15_c25_s42,19,0.3928575239895426
276592,bertopic,n15_c25_s42,6,0.6752680840618541
276980,bertopic,n15_c25_s42,59,1.0
277723,bertopic,n15_c25_s42,1,1.0
277836,bertopic,n15_c25_s42,58,0.8516234886434041
277972,bertopic,n15_c25_s42,-1,0.0
278112,bertopic,n15_c25_s42,-1,0.0
278170,bertopic,n15_c25_s42,68,1.0
278500,bertopic,n15_c25_s42,0,1.0
278699,bertopic,n15_c25_s42,-1,0.0
278876,bertopic,n15_c25_s42,23,1.0
278930,bertopic,n15_c25_s42,26,1.0
278968,bertopic,n15_c25_s42,59,1.0
279066,bertopic,n15_c25_s42,11,0.39258930894464805
279107,bertopic,n15_c25_s42,63,1.0
279342,bertopic,n15_c25_s42,-1,0.0
279487,bertopic,n15_c25_s42,24,1.0
279624,bertopic,n15_c25_s42,24,1.0
279773,bertopic,n15_c25_s42,26,0.2454026670506041
279801,bertopic,n15_c25_s42,-1,0.0
279842,bertopic,n15_c25_s42,-1,0.0
280414,bertopic,n15_c25_s42,-1,0.0
280476,bertopic,n15_c25_s42,-1,0.0
280938,bertopic,n15_c25_s42,24,0.32466947989311973
281139,bertopic,n15_c25_s42,34,0.27336928951671596
281215,bertopic,n15_c25_s42,3,0.9089100801522243
281244,bertopic,n15_c25_s42,9,0.5274834560268162
281296,bertopic,n15_c25_s42,41,0.9790734294647777
281469,bertopic,n15_c25_s42,-1,0.0
281526,bertopic,n15_c25_s42,2,1.0
282008,bertopic,n15_c25_s42,-1,0.0
282105,bertopic,n15_c25_s42,1,0.8651751964967814
282502,bertopic,n15_c25_s42,25,1.0
282508,bertopic,n15_c25_s42,20,0.7822430928557331
282696,bertopic,n15_c25_s42,3,1.0
282727,bertopic,n15_c25_s42,0,1.0
282743,bertopic,n15_c25_s42,27,0.2496232893239698
283226,bertopic,n15_c25_s42,-1,0.0
283308,bertopic,n15_c25_s42,0,0.1344555810401498
283323,bertopic,n15_c25_s42,28,1.0
283337,bertopic,n15_c25_s42,-1,0.0
283403,bertopic,n15_c25_s42,16,0.4262637714188173
283427,bertopic,n15_c25_s42,63,1.0
283649,bertopic,n15_c25_s42,11,0.27574310761877074
283716,bertopic,n15_c25_s42,14,0.9757811699510629
284006,bertopic,n15_c25_s42,21,0.5305235786476131
284035,bertopic,n15_c25_s42,68,1.0
284262,bertopic,n15_c25_s42,-1,0.0
284378,bertopic,n15_c25_s42,2,1.0
284391,bertopic,n15_c25_s42,25,0.8555828823791698
284496,bertopic,n15_c25_s42,11,0.27574310761877074
284573,bertopic,n15_c25_s42,21,0.860810988346436
284716,bertopic,n15_c25_s42,6,1.0
285007,bertopic,n15_c25_s42,29,1.0
285032,bertopic,n15_c25_s42,0,0.6093051438552628
285141,bertopic,n15_c25_s42,1,1.0
285322,bertopic,n15_c25_s42,22,0.5967453803184829
285389,bertopic,n15_c25_s42,18,1.0
285400,bertopic,n15_c25_s42,1,1.0
285480,bertopic,n15_c25_s42,-1,0.0
285595,bertopic,n15_c25_s42,41,1.0
285731,bertopic,n15_c25_s42,0,0.6565377315185027
285945,bertopic,n15_c25_s42,59,1.0
285958,bertopic,n15_c25_s42,3,1.0
286008,bertopic,n15_c25_s42,2,1.0
286093,bertopic,n15_c25_s42,6,0.8410697994470053
286250,bertopic,n15_c25_s42,11,0.27574310761877074
286485,bertopic,n15_c25_s42,57,1.0
286607,bertopic,n15_c25_s42,17,0.38638641236474397
286784,bertopic,n15_c25_s42,2,1.0
287079,bertopic,n15_c25_s42,7,1.0
287116,bertopic,n15_c25_s42,37,0.8911075166202654
287307,bertopic,n15_c25_s42,48,1.0
287325,bertopic,n15_c25_s42,55,1.0
287328,bertopic,n15_c25_s42,67,1.0
287500,bertopic,n15_c25_s42,29,1.0
287635,bertopic,n15_c25_s42,1,1.0
287701,bertopic,n15_c25_s42,-1,0.0
287807,bertopic,n15_c25_s42,15,0.6528598848202208
287881,bertopic,n15_c25_s42,12,1.0
287927,bertopic,n15_c25_s42,-1,0.0
287999,bertopic,n15_c25_s42,-1,0.0
288070,bertopic,n15_c25_s42,-1,0.0
288524,bertopic,n15_c25_s42,2,0.990923244440671
288652,bertopic,n15_c25_s42,2,1.0
288688,bertopic,n15_c25_s42,25,1.0
288709,bertopic,n15_c25_s42,7,1.0
288752,bertopic,n15_c25_s42,2,1.0
288928,bertopic,n15_c25_s42,36,1.0
288948,bertopic,n15_c25_s42,24,0.804498302348199
289081,bertopic,n15_c25_s42,0,1.0
289279,bertopic,n15_c25_s42,10,0.9679482006392421
289310,bertopic,n15_c25_s42,2,1.0
289482,bertopic,n15_c25_s42,-1,0.0
289554,bertopic,n15_c25_s42,14,0.9757811699510629
289750,bertopic,n15_c25_s42,20,0.652590152470273
289753,bertopic,n15_c25_s42,15,0.8753850952454356
289819,bertopic,n15_c25_s42,19,0.39535119217806813
289928,bertopic,n15_c25_s42,8,0.5164663868467341
289949,bertopic,n15_c25_s42,5,0.7955419452088358
290103,bertopic,n15_c25_s42,43,1.0
290240,bertopic,n15_c25_s42,51,1.0
290286,bertopic,n15_c25_s42,2,1.0
290433,bertopic,n15_c25_s42,2,1.0
290447,bertopic,n15_c25_s42,10,0.44489097640778846
290670,bertopic,n15_c25_s42,9,0.5274834560268162
290728,bertopic,n15_c25_s42,10,0.5792377927117244
290740,bertopic,n15_c25_s42,4,0.790314414223026
290799,bertopic,n15_c25_s42,28,0.4293896308517023
290847,bertopic,n15_c25_s42,2,1.0
290951,bertopic,n15_c25_s42,2,1.0
290971,bertopic,n15_c25_s42,12,0.5026985488648505
291003,bertopic,n15_c25_s42,1,0.8262955049425678
291311,bertopic,n15_c25_s42,14,0.9399448319003729
291465,bertopic,n15_c25_s42,2,1.0
291469,bertopic,n15_c25_s42,-1,0.0
291644,bertopic,n15_c25_s42,2,0.7987592355443274
291740,bertopic,n15_c25_s42,2,1.0
291787,bertopic,n15_c25_s42,1,0.7274326457614272
291865,bertopic,n15_c25_s42,11,0.7811793092228488
291971,bertopic,n15_c25_s42,11,0.24648968087801265
292278,bertopic,n15_c25_s42,-1,0.0
292381,bertopic,n15_c25_s42,10,0.5059728244257939
292625,bertopic,n15_c25_s42,66,1.0
292777,bertopic,n15_c25_s42,-1,0.0
292944,bertopic,n15_c25_s42,19,0.7509371169667642
293006,bertopic,n15_c25_s42,21,1.0
293055,bertopic,n15_c25_s42,-1,0.0
293144,bertopic,n15_c25_s42,14,1.0
293149,bertopic,n15_c25_s42,21,1.0
293442,bertopic,n15_c25_s42,21,0.8804073860526608
293482,bertopic,n15_c25_s42,24,1.0
293571,bertopic,n15_c25_s42,19,0.7385622951022879
293607,bertopic,n15_c25_s42,7,1.0
293754,bertopic,n15_c25_s42,28,0.6660131835705206
293904,bertopic,n15_c25_s42,10,1.0
293916,bertopic,n15_c25_s42,6,1.0
293943,bertopic,n15_c25_s42,2,1.0
293980,bertopic,n15_c25_s42,2,1.0
294024,bertopic,n15_c25_s42,28,1.0
294181,bertopic,n15_c25_s42,2,1.0
294214,bertopic,n15_c25_s42,2,1.0
294306,bertopic,n15_c25_s42,43,0.9286351907853381
294412,bertopic,n15_c25_s42,26,0.35329115066011146
294513,bertopic,n15_c25_s42,35,1.0
294516,bertopic,n15_c25_s42,36,1.0
294540,bertopic,n15_c25_s42,22,1.0
294595,bertopic,n15_c25_s42,-1,0.0
294697,bertopic,n15_c25_s42,9,0.46862465703095374
294717,bertopic,n15_c25_s42,55,1.0
294871,bertopic,n15_c25_s42,2,0.9438503619184905
294959,bertopic,n15_c25_s42,4,1.0
295238,bertopic,n15_c25_s42,0,1.0
295253,bertopic,n15_c25_s42,-1,0.0
295275,bertopic,n15_c25_s42,9,0.8896278200358301
295347,bertopic,n15_c25_s42,21,0.9757486776703341
295405,bertopic,n15_c25_s42,2,1.0
295441,bertopic,n15_c25_s42,-1,0.0
295462,bertopic,n15_c25_s42,-1,0.0
295506,bertopic,n15_c25_s42,1,0.9809922116559674
295555,bertopic,n15_c25_s42,10,1.0
296047,bertopic,n15_c25_s42,21,0.8801249132803096
296462,bertopic,n15_c25_s42,19,1.0
296558,bertopic,n15_c25_s42,29,0.44838858584942504
296601,bertopic,n15_c25_s42,8,0.1251607519872326
296717,bertopic,n15_c25_s42,8,0.10856768444604831
296721,bertopic,n15_c25_s42,10,0.3795958929730568
297015,bertopic,n15_c25_s42,14,0.8931438714942601
297137,bertopic,n15_c25_s42,8,0.12664620789458966
297138,bertopic,n15_c25_s42,48,1.0
297149,bertopic,n15_c25_s42,12,0.30187774418586055
297435,bertopic,n15_c25_s42,38,0.23084660266290083
297577,bertopic,n15_c25_s42,16,1.0
297705,bertopic,n15_c25_s42,0,0.8860462402743274
297813,bertopic,n15_c25_s42,2,0.5945342123103342
297824,bertopic,n15_c25_s42,-1,0.0
297878,bertopic,n15_c25_s42,-1,0.0
297905,bertopic,n15_c25_s42,41,1.0
298230,bertopic,n15_c25_s42,28,0.7206187559669194
298271,bertopic,n15_c25_s42,0,0.3277305395150376
298300,bertopic,n15_c25_s42,2,1.0
298532,bertopic,n15_c25_s42,2,1.0
298582,bertopic,n15_c25_s42,2,1.0
298583,bertopic,n15_c25_s42,3,1.0
298652,bertopic,n15_c25_s42,21,0.9835408910368851
298717,bertopic,n15_c25_s42,-1,0.0
298775,bertopic,n15_c25_s42,2,1.0
298935,bertopic,n15_c25_s42,10,0.5792377927117244
299073,bertopic,n15_c25_s42,-1,0.0
299082,bertopic,n15_c25_s42,13,0.4071863593081113
299154,bertopic,n15_c25_s42,44,1.0
299159,bertopic,n15_c25_s42,-1,0.0
299373,bertopic,n15_c25_s42,29,1.0
299586,bertopic,n15_c25_s42,-1,0.0
299631,bertopic,n15_c25_s42,2,1.0
299915,bertopic,n15_c25_s42,11,0.3777344395013165
299994,bertopic,n15_c25_s42,18,0.9889820834645523
300016,bertopic,n15_c25_s42,0,1.0
300047,bertopic,n15_c25_s42,-1,0.0
300086,bertopic,n15_c25_s42,-1,0.0
300101,bertopic,n15_c25_s42,2,1.0
300397,bertopic,n15_c25_s42,12,0.7252450677170317
300514,bertopic,n15_c25_s42,21,0.9693921762864876
300559,bertopic,n15_c25_s42,55,1.0
300570,bertopic,n15_c25_s42,9,0.8256914400471032
300624,bertopic,n15_c25_s42,28,0.9936805315537861
301071,bertopic,n15_c25_s42,8,0.10856768444604831
301249,bertopic,n15_c25_s42,10,0.22252623389672577
301330,bertopic,n15_c25_s42,29,1.0
301671,bertopic,n15_c25_s42,3,0.847896772860664
301907,bertopic,n15_c25_s42,8,0.10856768444604831
302217,bertopic,n15_c25_s42,2,1.0
302281,bertopic,n15_c25_s42,4,1.0
302405,bertopic,n15_c25_s42,38,1.0
302408,bertopic,n15_c25_s42,-1,0.0
302599,bertopic,n15_c25_s42,16,0.35433978242914094
302663,bertopic,n15_c25_s42,9,0.3692321764501226
302705,bertopic,n15_c25_s42,2,1.0
302791,bertopic,n15_c25_s42,13,0.9163622939942335
302848,bertopic,n15_c25_s42,4,1.0
303160,bertopic,n15_c25_s42,56,1.0
303179,bertopic,n15_c25_s42,1,1.0
303299,bertopic,n15_c25_s42,2,1.0
303375,bertopic,n15_c25_s42,24,1.0
303382,bertopic,n15_c25_s42,1,1.0
303394,bertopic,n15_c25_s42,11,0.28241757043709775
303521,bertopic,n15_c25_s42,-1,0.0
303529,bertopic,n15_c25_s42,0,0.1344555810401498
303560,bertopic,n15_c25_s42,1,1.0
303629,bertopic,n15_c25_s42,5,0.7955419452088358
303704,bertopic,n15_c25_s42,24,0.8288976354077685
303767,bertopic,n15_c25_s42,-1,0.0
303901,bertopic,n15_c25_s42,8,0.12664620789458966
303912,bertopic,n15_c25_s42,-1,0.0
304183,bertopic,n15_c25_s42,2,1.0
304215,bertopic,n15_c25_s42,1,1.0
304595,bertopic,n15_c25_s42,42,0.4650504568484462
304662,bertopic,n15_c25_s42,51,1.0
305079,bertopic,n15_c25_s42,42,1.0
305231,bertopic,n15_c25_s42,29,1.0
305320,bertopic,n15_c25_s42,42,1.0
305337,bertopic,n15_c25_s42,2,1.0
305647,bertopic,n15_c25_s42,0,0.3277305395150376
305707,bertopic,n15_c25_s42,2,1.0
306128,bertopic,n15_c25_s42,66,1.0
306196,bertopic,n15_c25_s42,7,0.12682601409205835
306237,bertopic,n15_c25_s42,18,0.9770878935036797
306352,bertopic,n15_c25_s42,44,1.0
306457,bertopic,n15_c25_s42,5,0.7158851094636022
306580,bertopic,n15_c25_s42,1,1.0
306934,bertopic,n15_c25_s42,-1,0.0
307195,bertopic,n15_c25_s42,34,1.0
307481,bertopic,n15_c25_s42,2,0.8384200562003867
307846,bertopic,n15_c25_s42,42,0.4230051138037417
307852,bertopic,n15_c25_s42,42,1.0
308189,bertopic,n15_c25_s42,41,0.9775202959663299
308198,bertopic,n15_c25_s42,1,1.0
308290,bertopic,n15_c25_s42,53,1.0
308415,bertopic,n15_c25_s42,3,0.8771313790904718
308424,bertopic,n15_c25_s42,0,1.0
308545,bertopic,n15_c25_s42,14,0.9757811699510629
308877,bertopic,n15_c25_s42,2,1.0
308967,bertopic,n15_c25_s42,7,0.7730909015035993
308992,bertopic,n15_c25_s42,24,1.0
309067,bertopic,n15_c25_s42,14,0.8931438714942601
309411,bertopic,n15_c25_s42,53,0.31950568651574185
309482,bertopic,n15_c25_s42,49,1.0
309687,bertopic,n15_c25_s42,2,0.7268133885205391
309756,bertopic,n15_c25_s42,36,1.0
310163,bertopic,n15_c25_s42,49,1.0
310334,bertopic,n15_c25_s42,48,1.0
310375,bertopic,n15_c25_s42,44,1.0
310529,bertopic,n15_c25_s42,9,1.0
310598,bertopic,n15_c25_s42,10,1.0
310642,bertopic,n15_c25_s42,-1,0.0
310732,bertopic,n15_c25_s42,10,0.9679482006392421
310742,bertopic,n15_c25_s42,25,0.9677576438740504
310752,bertopic,n15_c25_s42,-1,0.0
310869,bertopic,n15_c25_s42,0,1.0
310995,bertopic,n15_c25_s42,47,0.8851943310940307
311481,bertopic,n15_c25_s42,0,1.0
311548,bertopic,n15_c25_s42,6,1.0
311781,bertopic,n15_c25_s42,51,1.0
311805,bertopic,n15_c25_s42,58,1.0
312254,bertopic,n15_c25_s42,47,1.0
312348,bertopic,n15_c25_s42,2,1.0
312498,bertopic,n15_c25_s42,2,1.0
312612,bertopic,n15_c25_s42,24,0.45733645351192986
312634,bertopic,n15_c25_s42,2,0.7483445918313503
312658,bertopic,n15_c25_s42,36,1.0
312769,bertopic,n15_c25_s42,2,1.0
312837,bertopic,n15_c25_s42,2,1.0
312987,bertopic,n15_c25_s42,22,0.5967453803184829
313259,bertopic,n15_c25_s42,-1,0.0
313318,bertopic,n15_c25_s42,39,1.0
313507,bertopic,n15_c25_s42,7,1.0
313981,bertopic,n15_c25_s42,14,0.9757811699510629
314101,bertopic,n15_c25_s42,54,1.0
314390,bertopic,n15_c25_s42,0,1.0
314446,bertopic,n15_c25_s42,12,0.22632954672849545
314671,bertopic,n15_c25_s42,51,0.169982194692145
314706,bertopic,n15_c25_s42,3,0.9934629457422522
315542,bertopic,n15_c25_s42,13,0.47277007990727127
315673,bertopic,n15_c25_s42,22,0.5967453803184829
315877,bertopic,n15_c25_s42,-1,0.0
316052,bertopic,n15_c25_s42,-1,0.0
316171,bertopic,n15_c25_s42,16,0.5461729315260206
316231,bertopic,n15_c25_s42,13,0.3207342264280042
316234,bertopic,n15_c25_s42,-1,0.0
316449,bertopic,n15_c25_s42,3,1.0
316451,bertopic,n15_c25_s42,58,1.0
316457,bertopic,n15_c25_s42,67,1.0
316465,bertopic,n15_c25_s42,-1,0.0
316477,bertopic,n15_c25_s42,8,0.12664620789458966
316531,bertopic,n15_c25_s42,13,1.0
316772,bertopic,n15_c25_s42,58,1.0
316929,bertopic,n15_c25_s42,0,1.0
316952,bertopic,n15_c25_s42,4,1.0
316989,bertopic,n15_c25_s42,16,0.5381659822785346
317007,bertopic,n15_c25_s42,10,1.0
317029,bertopic,n15_c25_s42,8,0.10856768444604831
318527,bertopic,n15_c25_s42,-1,0.0
318923,bertopic,n15_c25_s42,11,0.7048205013228891
319099,bertopic,n15_c25_s42,7,1.0
319625,bertopic,n15_c25_s42,1,1.0
319687,bertopic,n15_c25_s42,0,1.0
319944,bertopic,n15_c25_s42,9,0.3604040524747908
320180,bertopic,n15_c25_s42,0,0.6283157072339276
320374,bertopic,n15_c25_s42,0,1.0
320404,bertopic,n15_c25_s42,25,0.583219193282251
320542,bertopic,n15_c25_s42,-1,0.0
320592,bertopic,n15_c25_s42,25,0.4118401529139124
321221,bertopic,n15_c25_s42,60,1.0
321544,bertopic,n15_c25_s42,-1,0.0
321565,bertopic,n15_c25_s42,-1,0.0
321694,bertopic,n15_c25_s42,-1,0.0
321707,bertopic,n15_c25_s42,19,0.7667480327831825
321762,bertopic,n15_c25_s42,3,1.0
321777,bertopic,n15_c25_s42,-1,0.0
321831,bertopic,n15_c25_s42,3,1.0
322070,bertopic,n15_c25_s42,47,1.0
322214,bertopic,n15_c25_s42,24,0.41639432766114015
322428,bertopic,n15_c25_s42,-1,0.0
322442,bertopic,n15_c25_s42,14,0.8876439340627059
322618,bertopic,n15_c25_s42,17,0.38638641236474397
322884,bertopic,n15_c25_s42,56,1.0
323085,bertopic,n15_c25_s42,5,0.7955419452088358
323182,bertopic,n15_c25_s42,41,0.9909116759709217
323509,bertopic,n15_c25_s42,-1,0.0
324094,bertopic,n15_c25_s42,1,1.0
324551,bertopic,n15_c25_s42,47,1.0
325167,bertopic,n15_c25_s42,3,1.0
325597,bertopic,n15_c25_s42,13,0.4050659693796495
326466,bertopic,n15_c25_s42,10,1.0
326500,bertopic,n15_c25_s42,23,1.0
326560,bertopic,n15_c25_s42,29,1.0
326616,bertopic,n15_c25_s42,-1,0.0
326789,bertopic,n15_c25_s42,13,0.6777440603314381
326794,bertopic,n15_c25_s42,1,1.0
326797,bertopic,n15_c25_s42,24,1.0
326822,bertopic,n15_c25_s42,13,0.45248441243211557
326969,bertopic,n15_c25_s42,4,1.0
326987,bertopic,n15_c25_s42,25,1.0
327071,bertopic,n15_c25_s42,-1,0.0
327155,bertopic,n15_c25_s42,10,0.539902033861996
327629,bertopic,n15_c25_s42,-1,0.0
328646,bertopic,n15_c25_s42,63,1.0
328851,bertopic,n15_c25_s42,48,1.0
328868,bertopic,n15_c25_s42,24,0.19732617547534304
329041,bertopic,n15_c25_s42,-1,0.0
329043,bertopic,n15_c25_s42,40,0.039866934650794675
329447,bertopic,n15_c25_s42,7,1.0
329479,bertopic,n15_c25_s42,1,0.7365473200867206
329613,bertopic,n15_c25_s42,7,1.0
329624,bertopic,n15_c25_s42,16,0.8516670234686403
329829,bertopic,n15_c25_s42,11,1.0
330378,bertopic,n15_c25_s42,56,1.0
330757,bertopic,n15_c25_s42,12,0.4197632649655565
331768,bertopic,n15_c25_s42,19,0.7667480327831825
331820,bertopic,n15_c25_s42,4,1.0
331878,bertopic,n15_c25_s42,-1,0.0
331937,bertopic,n15_c25_s42,-1,0.0
331985,bertopic,n15_c25_s42,2,1.0
332045,bertopic,n15_c25_s42,17,0.53194183375493
332413,bertopic,n15_c25_s42,-1,0.0
332451,bertopic,n15_c25_s42,0,1.0
332482,bertopic,n15_c25_s42,1,1.0
332513,bertopic,n15_c25_s42,1,1.0
332617,bertopic,n15_c25_s42,55,0.9892144523942124
332966,bertopic,n15_c25_s42,5,0.7955419452088358
332986,bertopic,n15_c25_s42,44,1.0
333021,bertopic,n15_c25_s42,16,0.5321727977832859
333260,bertopic,n15_c25_s42,1,0.733484671554008
333571,bertopic,n15_c25_s42,13,0.3707298165551427
333687,bertopic,n15_c25_s42,2,1.0
334172,bertopic,n15_c25_s42,-1,0.0
334243,bertopic,n15_c25_s42,43,0.9286351907853381
334550,bertopic,n15_c25_s42,36,0.24350978998570838
334772,bertopic,n15_c25_s42,1,1.0
335061,bertopic,n15_c25_s42,59,1.0
335114,bertopic,n15_c25_s42,24,0.41421303682400734
335173,bertopic,n15_c25_s42,56,1.0
335239,bertopic,n15_c25_s42,35,0.3967779414681962
335401,bertopic,n15_c25_s42,-1,0.0
335766,bertopic,n15_c25_s42,0,1.0
335884,bertopic,n15_c25_s42,13,0.4357982332783408
336033,bertopic,n15_c25_s42,-1,0.0
336178,bertopic,n15_c25_s42,3,1.0
336531,bertopic,n15_c25_s42,32,0.4068908625675675
336535,bertopic,n15_c25_s42,0,0.6884175929250534
336591,bertopic,n15_c25_s42,8,0.12664620789458966
336692,bertopic,n15_c25_s42,59,1.0
336733,bertopic,n15_c25_s42,22,1.0
336896,bertopic,n15_c25_s42,24,1.0
337401,bertopic,n15_c25_s42,3,0.9888962919198199
337596,bertopic,n15_c25_s42,-1,0.0
337610,bertopic,n15_c25_s42,28,0.4293896308517023
337631,bertopic,n15_c25_s42,28,1.0
337681,bertopic,n15_c25_s42,-1,0.0
337828,bertopic,n15_c25_s42,58,1.0
338070,bertopic,n15_c25_s42,1,1.0
338209,bertopic,n15_c25_s42,-1,0.0
338319,bertopic,n15_c25_s42,4,1.0
338777,bertopic,n15_c25_s42,4,1.0
338781,bertopic,n15_c25_s42,24,0.41250204086083
339209,bertopic,n15_c25_s42,34,1.0
339230,bertopic,n15_c25_s42,29,0.40818083831218815
339345,bertopic,n15_c25_s42,13,0.8400515271006781
339780,bertopic,n15_c25_s42,-1,0.0
340103,bertopic,n15_c25_s42,7,0.12682601409205835
340376,bertopic,n15_c25_s42,-1,0.0
340571,bertopic,n15_c25_s42,13,0.3408611463218307
341178,bertopic,n15_c25_s42,41,0.8606238606321767
341476,bertopic,n15_c25_s42,16,1.0
341738,bertopic,n15_c25_s42,36,1.0
342345,bertopic,n15_c25_s42,0,1.0
342417,bertopic,n15_c25_s42,13,0.3849031639243121
342509,bertopic,n15_c25_s42,25,0.632698948880605
342627,bertopic,n15_c25_s42,8,0.12664620789458966
342826,bertopic,n15_c25_s42,2,1.0
342831,bertopic,n15_c25_s42,59,0.8434850249378887
343034,bertopic,n15_c25_s42,9,1.0
343735,bertopic,n15_c25_s42,-1,0.0
343816,bertopic,n15_c25_s42,14,0.9255648073183753
343921,bertopic,n15_c25_s42,22,1.0
344002,bertopic,n15_c25_s42,3,1.0
344068,bertopic,n15_c25_s42,4,0.790314414223026
344195,bertopic,n15_c25_s42,3,1.0
344196,bertopic,n15_c25_s42,3,0.9450912613182968
344864,bertopic,n15_c25_s42,-1,0.0
345405,bertopic,n15_c25_s42,44,1.0
345444,bertopic,n15_c25_s42,-1,0.0
345565,bertopic,n15_c25_s42,10,1.0
345699,bertopic,n15_c25_s42,53,0.3524619871350745
345783,bertopic,n15_c25_s42,11,0.42024230296393905
345794,bertopic,n15_c25_s42,17,1.0
345883,bertopic,n15_c25_s42,55,1.0
345946,bertopic,n15_c25_s42,-1,0.0
346371,bertopic,n15_c25_s42,3,0.9235205397404076
346497,bertopic,n15_c25_s42,-1,0.0
346840,bertopic,n15_c25_s42,3,1.0
346847,bertopic,n15_c25_s42,-1,0.0
346872,bertopic,n15_c25_s42,3,1.0
346929,bertopic,n15_c25_s42,-1,0.0
347086,bertopic,n15_c25_s42,-1,0.0
347156,bertopic,n15_c25_s42,37,1.0
347335,bertopic,n15_c25_s42,-1,0.0
347407,bertopic,n15_c25_s42,10,0.9679482006392421
347424,bertopic,n15_c25_s42,0,1.0
347437,bertopic,n15_c25_s42,39,1.0
347523,bertopic,n15_c25_s42,28,0.6165542746892794
347559,bertopic,n15_c25_s42,63,1.0
347605,bertopic,n15_c25_s42,-1,0.0
347990,bertopic,n15_c25_s42,0,1.0
347991,bertopic,n15_c25_s42,5,0.7158851094636022
348236,bertopic,n15_c25_s42,47,1.0
348757,bertopic,n15_c25_s42,60,1.0
349002,bertopic,n15_c25_s42,0,1.0
349026,bertopic,n15_c25_s42,58,0.7742191792039184
349135,bertopic,n15_c25_s42,1,1.0
349140,bertopic,n15_c25_s42,-1,0.0
349185,bertopic,n15_c25_s42,11,0.3635005474748392
349223,bertopic,n15_c25_s42,3,1.0
349359,bertopic,n15_c25_s42,-1,0.0
349388,bertopic,n15_c25_s42,-1,0.0
349460,bertopic,n15_c25_s42,11,0.7238112666749614
349636,bertopic,n15_c25_s42,-1,0.0
349639,bertopic,n15_c25_s42,28,0.31849852183355015
349700,bertopic,n15_c25_s42,3,0.8538092406146277
349833,bertopic,n15_c25_s42,3,0.9235205397404076
349844,bertopic,n15_c25_s42,-1,0.0
349959,bertopic,n15_c25_s42,10,0.5780155378324492
350083,bertopic,n15_c25_s42,13,1.0
350165,bertopic,n15_c25_s42,2,0.8995203607238599
350181,bertopic,n15_c25_s42,-1,0.0
350222,bertopic,n15_c25_s42,59,1.0
350316,bertopic,n15_c25_s42,3,1.0
350352,bertopic,n15_c25_s42,5,0.7955419452088358
350557,bertopic,n15_c25_s42,3,0.9763837133297479
350743,bertopic,n15_c25_s42,13,0.6029888685656352
350829,bertopic,n15_c25_s42,63,1.0
351208,bertopic,n15_c25_s42,17,0.38638641236474397
351226,bertopic,n15_c25_s42,30,0.08840985803638925
351568,bertopic,n15_c25_s42,25,1.0
352192,bertopic,n15_c25_s42,10,0.4944455397929714
352193,bertopic,n15_c25_s42,8,0.1251607519872326
352236,bertopic,n15_c25_s42,3,0.9219310816383792
352407,bertopic,n15_c25_s42,20,0.8061232695887631
352440,bertopic,n15_c25_s42,9,0.6372084767125428
352743,bertopic,n15_c25_s42,5,0.7955419452088358
352773,bertopic,n15_c25_s42,36,1.0
352880,bertopic,n15_c25_s42,41,1.0
353145,bertopic,n15_c25_s42,21,0.6775715776731378
353146,bertopic,n15_c25_s42,3,0.8830986107005682
353420,bertopic,n15_c25_s42,11,1.0
353637,bertopic,n15_c25_s42,-1,0.0
353654,bertopic,n15_c25_s42,56,1.0
353673,bertopic,n15_c25_s42,3,1.0
353749,bertopic,n15_c25_s42,3,0.9370015028165269
353850,bertopic,n15_c25_s42,11,1.0
354103,bertopic,n15_c25_s42,22,1.0
354136,bertopic,n15_c25_s42,3,1.0
354258,bertopic,n15_c25_s42,-1,0.0
354378,bertopic,n15_c25_s42,3,0.9677176087262548
354406,bertopic,n15_c25_s42,22,1.0
354527,bertopic,n15_c25_s42,-1,0.0
354544,bertopic,n15_c25_s42,0,1.0
354997,bertopic,n15_c25_s42,26,1.0
355001,bertopic,n15_c25_s42,18,0.7473347471881647
355024,bertopic,n15_c25_s42,46,1.0
355166,bertopic,n15_c25_s42,28,1.0
355343,bertopic,n15_c25_s42,3,0.8045740074304488
355357,bertopic,n15_c25_s42,41,1.0
355382,bertopic,n15_c25_s42,-1,0.0
355616,bertopic,n15_c25_s42,3,1.0
355630,bertopic,n15_c25_s42,3,1.0
355774,bertopic,n15_c25_s42,56,1.0
355792,bertopic,n15_c25_s42,1,1.0
355796,bertopic,n15_c25_s42,0,0.3558423382999617
356281,bertopic,n15_c25_s42,14,0.8855847986231516
356855,bertopic,n15_c25_s42,17,1.0
356857,bertopic,n15_c25_s42,15,0.9705279140985793
358357,bertopic,n15_c25_s42,-1,0.0
358395,bertopic,n15_c25_s42,3,0.8774630513994462
358889,bertopic,n15_c25_s42,14,0.9757811699510629
358925,bertopic,n15_c25_s42,26,0.9137045826561465
358977,bertopic,n15_c25_s42,-1,0.0
359100,bertopic,n15_c25_s42,5,0.7955419452088358
359205,bertopic,n15_c25_s42,10,1.0
359210,bertopic,n15_c25_s42,1,0.7365473200867206
359607,bertopic,n15_c25_s42,11,1.0
359623,bertopic,n15_c25_s42,37,1.0
359729,bertopic,n15_c25_s42,15,0.8194657809112831
359944,bertopic,n15_c25_s42,39,1.0
360267,bertopic,n15_c25_s42,3,0.8139052229586864
360683,bertopic,n15_c25_s42,5,0.7955419452088358
360913,bertopic,n15_c25_s42,25,0.5289048484423547
361045,bertopic,n15_c25_s42,12,1.0
361123,bertopic,n15_c25_s42,-1,0.0
361392,bertopic,n15_c25_s42,4,1.0
361594,bertopic,n15_c25_s42,-1,0.0
361804,bertopic,n15_c25_s42,50,1.0
361821,bertopic,n15_c25_s42,0,1.0
361869,bertopic,n15_c25_s42,3,0.7591241527702963
361975,bertopic,n15_c25_s42,10,0.49461326377236714
362027,bertopic,n15_c25_s42,62,1.0
362116,bertopic,n15_c25_s42,28,0.41347648850972435
362266,bertopic,n15_c25_s42,-1,0.0
362434,bertopic,n15_c25_s42,0,0.2999611002241562
362435,bertopic,n15_c25_s42,55,1.0
362600,bertopic,n15_c25_s42,14,0.9255648073183753
362613,bertopic,n15_c25_s42,-1,0.0
362730,bertopic,n15_c25_s42,3,1.0
362890,bertopic,n15_c25_s42,-1,0.0
362994,bertopic,n15_c25_s42,37,1.0
363081,bertopic,n15_c25_s42,1,1.0
363240,bertopic,n15_c25_s42,45,1.0
363272,bertopic,n15_c25_s42,-1,0.0
363322,bertopic,n15_c25_s42,0,0.574921005536134
363461,bertopic,n15_c25_s42,37,0.4674121682619359
363508,bertopic,n15_c25_s42,14,0.9255648073183753
363524,bertopic,n15_c25_s42,-1,0.0
363606,bertopic,n15_c25_s42,25,0.24452727739241562
363617,bertopic,n15_c25_s42,22,1.0
363767,bertopic,n15_c25_s42,39,1.0
363817,bertopic,n15_c25_s42,3,0.764219323447857
363954,bertopic,n15_c25_s42,31,1.0
363959,bertopic,n15_c25_s42,-1,0.0
363969,bertopic,n15_c25_s42,31,1.0
364193,bertopic,n15_c25_s42,20,1.0
364226,bertopic,n15_c25_s42,-1,0.0
364252,bertopic,n15_c25_s42,-1,0.0
364285,bertopic,n15_c25_s42,0,0.7338903268784227
364293,bertopic,n15_c25_s42,-1,0.0
364313,bertopic,n15_c25_s42,20,0.9806458778114079
364340,bertopic,n15_c25_s42,14,0.9255648073183753
364349,bertopic,n15_c25_s42,-1,0.0
364369,bertopic,n15_c25_s42,-1,0.0
364415,bertopic,n15_c25_s42,13,0.34182357589572215
364554,bertopic,n15_c25_s42,3,1.0
364562,bertopic,n15_c25_s42,-1,0.0
364587,bertopic,n15_c25_s42,3,0.9751782307068791
364612,bertopic,n15_c25_s42,-1,0.0
364613,bertopic,n15_c25_s42,0,0.9256053401648642
364845,bertopic,n15_c25_s42,34,0.6257161632372723
364986,bertopic,n15_c25_s42,3,0.9020679100890896
365176,bertopic,n15_c25_s42,6,0.8046737406290587
365354,bertopic,n15_c25_s42,3,1.0
365449,bertopic,n15_c25_s42,-1,0.0
365468,bertopic,n15_c25_s42,19,1.0
365730,bertopic,n15_c25_s42,24,1.0
365767,bertopic,n15_c25_s42,16,1.0
365801,bertopic,n15_c25_s42,12,0.4197632649655565
365804,bertopic,n15_c25_s42,0,1.0
365926,bertopic,n15_c25_s42,6,0.39000833832158954
366285,bertopic,n15_c25_s42,12,1.0
366460,bertopic,n15_c25_s42,-1,0.0
366529,bertopic,n15_c25_s42,28,1.0
366938,bertopic,n15_c25_s42,13,0.41358519753428513
366960,bertopic,n15_c25_s42,1,1.0
367212,bertopic,n15_c25_s42,22,1.0
367554,bertopic,n15_c25_s42,23,0.8946137210427298
367848,bertopic,n15_c25_s42,12,0.4197632649655565
367851,bertopic,n15_c25_s42,0,1.0
367852,bertopic,n15_c25_s42,0,1.0
368018,bertopic,n15_c25_s42,3,1.0
368020,bertopic,n15_c25_s42,-1,0.0
368530,bertopic,n15_c25_s42,0,1.0
368560,bertopic,n15_c25_s42,6,1.0
368648,bertopic,n15_c25_s42,0,0.2524173631357046
368729,bertopic,n15_c25_s42,17,1.0
368776,bertopic,n15_c25_s42,3,0.9304619395012493
368900,bertopic,n15_c25_s42,-1,0.0
369104,bertopic,n15_c25_s42,31,1.0
369148,bertopic,n15_c25_s42,0,1.0
369697,bertopic,n15_c25_s42,-1,0.0
370001,bertopic,n15_c25_s42,12,1.0
370438,bertopic,n15_c25_s42,-1,0.0
370542,bertopic,n15_c25_s42,29,0.5474708730588049
370556,bertopic,n15_c25_s42,29,1.0
370979,bertopic,n15_c25_s42,-1,0.0
370995,bertopic,n15_c25_s42,17,0.53194183375493
371086,bertopic,n15_c25_s42,0,1.0
371300,bertopic,n15_c25_s42,3,0.8393021500729244
371747,bertopic,n15_c25_s42,13,0.7903307473399107
371976,bertopic,n15_c25_s42,3,0.897484348621805
371981,bertopic,n15_c25_s42,37,0.4968215359383661
372026,bertopic,n15_c25_s42,3,1.0
372075,bertopic,n15_c25_s42,-1,0.0
372130,bertopic,n15_c25_s42,63,1.0
372378,bertopic,n15_c25_s42,1,0.8787740429138093
372396,bertopic,n15_c25_s42,-1,0.0
372397,bertopic,n15_c25_s42,50,0.8109064695858825
372435,bertopic,n15_c25_s42,-1,0.0
372668,bertopic,n15_c25_s42,44,1.0
372672,bertopic,n15_c25_s42,0,1.0
372699,bertopic,n15_c25_s42,31,0.8149689146549935
372804,bertopic,n15_c25_s42,10,0.9679482006392421
372987,bertopic,n15_c25_s42,10,0.9679482006392421
373063,bertopic,n15_c25_s42,1,1.0
373168,bertopic,n15_c25_s42,22,0.5967453803184829
373318,bertopic,n15_c25_s42,11,0.2694330543913079
373359,bertopic,n15_c25_s42,14,0.9422102905836203
373373,bertopic,n15_c25_s42,7,1.0
373419,bertopic,n15_c25_s42,9,0.9403404833467329
373440,bertopic,n15_c25_s42,2,1.0
373453,bertopic,n15_c25_s42,48,1.0
373536,bertopic,n15_c25_s42,2,1.0
373541,bertopic,n15_c25_s42,29,1.0
373567,bertopic,n15_c25_s42,8,0.12664620789458966
373686,bertopic,n15_c25_s42,-1,0.0
373970,bertopic,n15_c25_s42,3,1.0
374413,bertopic,n15_c25_s42,9,1.0
374489,bertopic,n15_c25_s42,1,1.0
374496,bertopic,n15_c25_s42,1,1.0
374611,bertopic,n15_c25_s42,28,0.7699202317742954
374634,bertopic,n15_c25_s42,3,1.0
374666,bertopic,n15_c25_s42,4,1.0
374801,bertopic,n15_c25_s42,1,0.8914576755482968
375062,bertopic,n15_c25_s42,7,0.25520694978207886
375111,bertopic,n15_c25_s42,30,0.08840985803638925
375119,bertopic,n15_c25_s42,32,1.0
375210,bertopic,n15_c25_s42,3,0.9974169812917673
375223,bertopic,n15_c25_s42,2,0.7850248861901686
375243,bertopic,n15_c25_s42,8,0.10856768444604831
375381,bertopic,n15_c25_s42,3,1.0
375590,bertopic,n15_c25_s42,-1,0.0
375608,bertopic,n15_c25_s42,3,1.0
375682,bertopic,n15_c25_s42,3,0.7544528494628613
375820,bertopic,n15_c25_s42,26,0.34438054135775115
375824,bertopic,n15_c25_s42,13,0.3364853446359998
376330,bertopic,n15_c25_s42,16,0.2328195125163871
376554,bertopic,n15_c25_s42,51,1.0
376828,bertopic,n15_c25_s42,10,1.0
376939,bertopic,n15_c25_s42,14,0.9757811699510629
377253,bertopic,n15_c25_s42,1,1.0
377373,bertopic,n15_c25_s42,0,1.0
377897,bertopic,n15_c25_s42,23,0.895487055892526
377918,bertopic,n15_c25_s42,35,0.29298510786633664
377955,bertopic,n15_c25_s42,7,1.0
378167,bertopic,n15_c25_s42,1,1.0
378248,bertopic,n15_c25_s42,45,0.47830868828823114
378413,bertopic,n15_c25_s42,22,0.5967453803184829
378472,bertopic,n15_c25_s42,-1,0.0
378868,bertopic,n15_c25_s42,0,1.0
379171,bertopic,n15_c25_s42,3,1.0
379369,bertopic,n15_c25_s42,14,0.8609453194775636
379568,bertopic,n15_c25_s42,-1,0.0
379757,bertopic,n15_c25_s42,14,0.8931438714942601
379842,bertopic,n15_c25_s42,4,0.9285791078384303
379954,bertopic,n15_c25_s42,65,1.0
380168,bertopic,n15_c25_s42,2,0.6080049878248824
380169,bertopic,n15_c25_s42,14,0.934674126489097
380170,bertopic,n15_c25_s42,3,1.0
380179,bertopic,n15_c25_s42,6,1.0
380361,bertopic,n15_c25_s42,6,1.0
380406,bertopic,n15_c25_s42,46,0.5508447262013885
380732,bertopic,n15_c25_s42,3,1.0
381397,bertopic,n15_c25_s42,1,0.7365473200867206
381731,bertopic,n15_c25_s42,34,1.0
382628,bertopic,n15_c25_s42,-1,0.0
382913,bertopic,n15_c25_s42,-1,0.0
383177,bertopic,n15_c25_s42,-1,0.0
383402,bertopic,n15_c25_s42,34,1.0
383442,bertopic,n15_c25_s42,55,1.0
383664,bertopic,n15_c25_s42,10,1.0
384102,bertopic,n15_c25_s42,2,0.9029578968077432
384199,bertopic,n15_c25_s42,3,1.0
384438,bertopic,n15_c25_s42,16,0.4082705642162161
384749,bertopic,n15_c25_s42,2,0.8982993257683004
384797,bertopic,n15_c25_s42,17,0.53194183375493
384900,bertopic,n15_c25_s42,2,0.9754298673982783
385053,bertopic,n15_c25_s42,29,0.716449189794097
385102,bertopic,n15_c25_s42,5,0.7955419452088358
385220,bertopic,n15_c25_s42,-1,0.0
385277,bertopic,n15_c25_s42,10,0.5792377927117244
385397,bertopic,n15_c25_s42,9,0.36042076533891027
385591,bertopic,n15_c25_s42,14,0.8835357515017312
385771,bertopic,n15_c25_s42,50,1.0
385791,bertopic,n15_c25_s42,2,0.993009786060806
385819,bertopic,n15_c25_s42,3,0.9199586512643333
385918,bertopic,n15_c25_s42,7,1.0
386722,bertopic,n15_c25_s42,8,0.1251607519872326
387235,bertopic,n15_c25_s42,0,1.0
389475,bertopic,n15_c25_s42,7,1.0
390533,bertopic,n15_c25_s42,13,1.0
390564,bertopic,n15_c25_s42,12,0.5026985488648505
392330,bertopic,n15_c25_s42,37,0.9825482585256357
393831,bertopic,n15_c25_s42,20,0.7822430928557331
394655,bertopic,n15_c25_s42,0,1.0
395842,bertopic,n15_c25_s42,-1,0.0
397292,bertopic,n15_c25_s42,3,1.0
397671,bertopic,n15_c25_s42,8,0.5385947698806713
398523,bertopic,n15_c25_s42,52,1.0
399236,bertopic,n15_c25_s42,53,1.0
399758,bertopic,n15_c25_s42,5,0.7158851094636022
399794,bertopic,n15_c25_s42,1,1.0
399796,bertopic,n15_c25_s42,-1,0.0
399896,bertopic,n15_c25_s42,29,0.9969901085269696
399942,bertopic,n15_c25_s42,16,0.843317081813306
399951,bertopic,n15_c25_s42,8,0.10856768444604831
400011,bertopic,n15_c25_s42,9,1.0
400030,bertopic,n15_c25_s42,56,1.0
400052,bertopic,n15_c25_s42,-1,0.0
400095,bertopic,n15_c25_s42,10,0.9679482006392421
400125,bertopic,n15_c25_s42,-1,0.0
400335,bertopic,n15_c25_s42,37,1.0
400337,bertopic,n15_c25_s42,36,1.0
400390,bertopic,n15_c25_s42,-1,0.0
400458,bertopic,n15_c25_s42,40,0.07355212259085271
400841,bertopic,n15_c25_s42,55,1.0
400868,bertopic,n15_c25_s42,1,0.7274326457614272
400956,bertopic,n15_c25_s42,22,1.0
400994,bertopic,n15_c25_s42,5,0.7158851094636022
401406,bertopic,n15_c25_s42,0,1.0
401542,bertopic,n15_c25_s42,29,1.0
401596,bertopic,n15_c25_s42,41,0.8453901811121309
402065,bertopic,n15_c25_s42,-1,0.0
402458,bertopic,n15_c25_s42,18,0.7292785117866117
402907,bertopic,n15_c25_s42,14,0.9255648073183753
403133,bertopic,n15_c25_s42,-1,0.0
403359,bertopic,n15_c25_s42,1,0.733484671554008
403437,bertopic,n15_c25_s42,6,1.0
403993,bertopic,n15_c25_s42,8,0.10856768444604831
404356,bertopic,n15_c25_s42,34,1.0
404748,bertopic,n15_c25_s42,46,1.0
405026,bertopic,n15_c25_s42,-1,0.0
405270,bertopic,n15_c25_s42,24,0.6901580325094292
405488,bertopic,n15_c25_s42,34,1.0
405909,bertopic,n15_c25_s42,39,0.7734080121519
406072,bertopic,n15_c25_s42,11,0.363308679352002
406162,bertopic,n15_c25_s42,7,1.0
406192,bertopic,n15_c25_s42,9,0.4430142976890715
406273,bertopic,n15_c25_s42,34,0.3428791925722983
406310,bertopic,n15_c25_s42,11,0.27574310761877074
406331,bertopic,n15_c25_s42,60,1.0
406364,bertopic,n15_c25_s42,33,1.0
406509,bertopic,n15_c25_s42,1,1.0
406638,bertopic,n15_c25_s42,14,1.0
406642,bertopic,n15_c25_s42,11,0.615248577541441
406712,bertopic,n15_c25_s42,9,0.49872080838807703
406733,bertopic,n15_c25_s42,38,0.5370679747590081
406856,bertopic,n15_c25_s42,4,0.7932423628935084
406872,bertopic,n15_c25_s42,10,0.481369649403253
407706,bertopic,n15_c25_s42,8,0.10856768444604831
408607,bertopic,n15_c25_s42,1,1.0
409005,bertopic,n15_c25_s42,-1,0.0
409869,bertopic,n15_c25_s42,26,0.25953065301351996
410378,bertopic,n15_c25_s42,2,0.6080049878248824
410422,bertopic,n15_c25_s42,32,0.7009631238764631
410469,bertopic,n15_c25_s42,-1,0.0
410583,bertopic,n15_c25_s42,24,0.9541081795292158
410601,bertopic,n15_c25_s42,-1,0.0
410602,bertopic,n15_c25_s42,4,0.9219381330558528
410639,bertopic,n15_c25_s42,-1,0.0
410714,bertopic,n15_c25_s42,8,0.12664620789458966
410730,bertopic,n15_c25_s42,-1,0.0
410770,bertopic,n15_c25_s42,9,0.3898681345957341
410793,bertopic,n15_c25_s42,24,1.0
410812,bertopic,n15_c25_s42,54,0.6289859384578668
410824,bertopic,n15_c25_s42,32,1.0
410850,bertopic,n15_c25_s42,60,1.0
410941,bertopic,n15_c25_s42,3,0.9235205397404076
410967,bertopic,n15_c25_s42,0,1.0
411099,bertopic,n15_c25_s42,24,0.09107434767147889
411227,bertopic,n15_c25_s42,-1,0.0
411242,bertopic,n15_c25_s42,5,0.7955419452088358
411446,bertopic,n15_c25_s42,0,1.0
411475,bertopic,n15_c25_s42,4,1.0
411549,bertopic,n15_c25_s42,22,0.9652597169209939
411566,bertopic,n15_c25_s42,8,0.12664620789458966
411571,bertopic,n15_c25_s42,23,0.8946137210427298
411583,bertopic,n15_c25_s42,1,0.733484671554008
411584,bertopic,n15_c25_s42,54,1.0
411605,bertopic,n15_c25_s42,16,0.8532065407925623
411714,bertopic,n15_c25_s42,55,1.0
412054,bertopic,n15_c25_s42,19,0.39535119217806813
412209,bertopic,n15_c25_s42,-1,0.0
412276,bertopic,n15_c25_s42,15,0.6528598848202208
412349,bertopic,n15_c25_s42,10,0.5792377927117244
413027,bertopic,n15_c25_s42,7,0.9483757143454018
413813,bertopic,n15_c25_s42,-1,0.0
413883,bertopic,n15_c25_s42,62,1.0
414006,bertopic,n15_c25_s42,1,1.0
414031,bertopic,n15_c25_s42,0,1.0
414299,bertopic,n15_c25_s42,30,1.0
414612,bertopic,n15_c25_s42,16,0.5704679423169755
414743,bertopic,n15_c25_s42,-1,0.0
415423,bertopic,n15_c25_s42,2,1.0
415781,bertopic,n15_c25_s42,2,1.0
415795,bertopic,n15_c25_s42,9,1.0
415888,bertopic,n15_c25_s42,-1,0.0
415973,bertopic,n15_c25_s42,4,1.0
416061,bertopic,n15_c25_s42,-1,0.0
416180,bertopic,n15_c25_s42,32,0.4255402020066418
416309,bertopic,n15_c25_s42,30,0.08840985803638925
416588,bertopic,n15_c25_s42,10,1.0
416664,bertopic,n15_c25_s42,-1,0.0
416737,bertopic,n15_c25_s42,-1,0.0
416743,bertopic,n15_c25_s42,25,0.2609075467226056
416754,bertopic,n15_c25_s42,55,1.0
416785,bertopic,n15_c25_s42,4,0.790314414223026
416805,bertopic,n15_c25_s42,8,0.12664620789458966
416814,bertopic,n15_c25_s42,58,1.0
416834,bertopic,n15_c25_s42,0,1.0
416863,bertopic,n15_c25_s42,1,1.0
417199,bertopic,n15_c25_s42,-1,0.0
417221,bertopic,n15_c25_s42,38,1.0
417252,bertopic,n15_c25_s42,2,1.0
417296,bertopic,n15_c25_s42,-1,0.0
417325,bertopic,n15_c25_s42,23,0.7928645019095487
417779,bertopic,n15_c25_s42,10,0.882261817499885
417863,bertopic,n15_c25_s42,8,0.5526475943907163
418042,bertopic,n15_c25_s42,29,0.869208278096824
418249,bertopic,n15_c25_s42,1,0.7365473200867206
418389,bertopic,n15_c25_s42,13,1.0
418544,bertopic,n15_c25_s42,55,1.0
418940,bertopic,n15_c25_s42,16,0.3299727664980249
419092,bertopic,n15_c25_s42,8,0.5526475943907163
419200,bertopic,n15_c25_s42,15,0.8762541248851886
419293,bertopic,n15_c25_s42,5,0.7955419452088358
419579,bertopic,n15_c25_s42,48,1.0
419946,bertopic,n15_c25_s42,3,0.9619350803873153
420359,bertopic,n15_c25_s42,-1,0.0
421213,bertopic,n15_c25_s42,12,0.4197632649655565
421370,bertopic,n15_c25_s42,-1,0.0
421384,bertopic,n15_c25_s42,55,1.0
421399,bertopic,n15_c25_s42,23,1.0
421523,bertopic,n15_c25_s42,1,1.0
421641,bertopic,n15_c25_s42,14,1.0
421682,bertopic,n15_c25_s42,0,0.3277305395150376
421828,bertopic,n15_c25_s42,19,0.39535119217806813
421981,bertopic,n15_c25_s42,29,1.0
422047,bertopic,n15_c25_s42,10,0.5583593731003199
422084,bertopic,n15_c25_s42,25,0.632698948880605
422272,bertopic,n15_c25_s42,37,0.4674121682619359
422645,bertopic,n15_c25_s42,28,0.3196585574043658
424106,bertopic,n15_c25_s42,8,0.12664620789458966
424374,bertopic,n15_c25_s42,24,1.0
424711,bertopic,n15_c25_s42,-1,0.0
425154,bertopic,n15_c25_s42,0,1.0
425202,bertopic,n15_c25_s42,-1,0.0
425300,bertopic,n15_c25_s42,5,0.7158851094636022
425664,bertopic,n15_c25_s42,19,0.59770422153024
425830,bertopic,n15_c25_s42,-1,0.0
426180,bertopic,n15_c25_s42,-1,0.0
426210,bertopic,n15_c25_s42,0,1.0
426230,bertopic,n15_c25_s42,-1,0.0
426323,bertopic,n15_c25_s42,-1,0.0
426452,bertopic,n15_c25_s42,-1,0.0
426476,bertopic,n15_c25_s42,66,1.0
426614,bertopic,n15_c25_s42,28,0.3196585574043658
426646,bertopic,n15_c25_s42,-1,0.0
426700,bertopic,n15_c25_s42,65,1.0
427023,bertopic,n15_c25_s42,9,0.5915502404614937
427185,bertopic,n15_c25_s42,4,1.0
427552,bertopic,n15_c25_s42,19,1.0
427604,bertopic,n15_c25_s42,65,1.0
427932,bertopic,n15_c25_s42,43,1.0
427942,bertopic,n15_c25_s42,28,1.0
428456,bertopic,n15_c25_s42,9,1.0
428710,bertopic,n15_c25_s42,22,1.0
429070,bertopic,n15_c25_s42,56,1.0
429410,bertopic,n15_c25_s42,7,1.0
429420,bertopic,n15_c25_s42,60,1.0
429948,bertopic,n15_c25_s42,17,0.53194183375493
429993,bertopic,n15_c25_s42,55,1.0
430143,bertopic,n15_c25_s42,2,1.0
430348,bertopic,n15_c25_s42,-1,0.0
430368,bertopic,n15_c25_s42,8,0.12664620789458966
430380,bertopic,n15_c25_s42,-1,0.0
430542,bertopic,n15_c25_s42,4,1.0
430739,bertopic,n15_c25_s42,11,0.4150999978312088
430874,bertopic,n15_c25_s42,17,0.6765028472393151
431240,bertopic,n15_c25_s42,16,0.5948922975644899
431280,bertopic,n15_c25_s42,-1,0.0
431405,bertopic,n15_c25_s42,0,1.0
431716,bertopic,n15_c25_s42,12,0.2250615549973617
431737,bertopic,n15_c25_s42,1,0.9063025441066175
431838,bertopic,n15_c25_s42,1,1.0
431928,bertopic,n15_c25_s42,-1,0.0
431987,bertopic,n15_c25_s42,59,1.0
432036,bertopic,n15_c25_s42,9,0.4761326652432106
432064,bertopic,n15_c25_s42,23,0.8946137210427298
432081,bertopic,n15_c25_s42,9,1.0
432128,bertopic,n15_c25_s42,-1,0.0
432142,bertopic,n15_c25_s42,1,1.0
432188,bertopic,n15_c25_s42,16,0.4262637714188173
432201,bertopic,n15_c25_s42,48,0.4117684772424268
432273,bertopic,n15_c25_s42,2,1.0
432282,bertopic,n15_c25_s42,7,0.27283061863757113
432293,bertopic,n15_c25_s42,-1,0.0
432308,bertopic,n15_c25_s42,31,1.0
432405,bertopic,n15_c25_s42,29,1.0
432500,bertopic,n15_c25_s42,-1,0.0
432573,bertopic,n15_c25_s42,-1,0.0
432874,bertopic,n15_c25_s42,13,0.3785292351675508
432956,bertopic,n15_c25_s42,36,1.0
433026,bertopic,n15_c25_s42,5,0.7955419452088358
433050,bertopic,n15_c25_s42,50,1.0
433217,bertopic,n15_c25_s42,8,0.12664620789458966
433539,bertopic,n15_c25_s42,2,1.0
433811,bertopic,n15_c25_s42,17,0.38638641236474397
433844,bertopic,n15_c25_s42,22,0.5967453803184829
433901,bertopic,n15_c25_s42,63,1.0
434863,bertopic,n15_c25_s42,18,0.8807164839718108
435016,bertopic,n15_c25_s42,1,0.926797430425397
435344,bertopic,n15_c25_s42,10,0.4938525770472611
435632,bertopic,n15_c25_s42,36,1.0
435705,bertopic,n15_c25_s42,-1,0.0
435972,bertopic,n15_c25_s42,14,0.8765217137715339
435994,bertopic,n15_c25_s42,-1,0.0
436015,bertopic,n15_c25_s42,31,1.0
436192,bertopic,n15_c25_s42,37,0.4674121682619359
436354,bertopic,n15_c25_s42,4,1.0
436430,bertopic,n15_c25_s42,36,1.0
436472,bertopic,n15_c25_s42,34,0.6438137359399875
436500,bertopic,n15_c25_s42,-1,0.0
436545,bertopic,n15_c25_s42,25,0.34005239946175114
436747,bertopic,n15_c25_s42,8,0.12664620789458966
436820,bertopic,n15_c25_s42,54,1.0
436919,bertopic,n15_c25_s42,7,1.0
436961,bertopic,n15_c25_s42,-1,0.0
436965,bertopic,n15_c25_s42,4,1.0
437039,bertopic,n15_c25_s42,44,1.0
437146,bertopic,n15_c25_s42,43,1.0
437291,bertopic,n15_c25_s42,-1,0.0
437371,bertopic,n15_c25_s42,1,1.0
437429,bertopic,n15_c25_s42,56,1.0
437446,bertopic,n15_c25_s42,1,0.9626929597875836
437461,bertopic,n15_c25_s42,-1,0.0
437471,bertopic,n15_c25_s42,6,0.7770443520822472
437519,bertopic,n15_c25_s42,16,0.8938069284006289
437537,bertopic,n15_c25_s42,4,0.8520637105212351
437582,bertopic,n15_c25_s42,16,0.4262637714188173
438876,bertopic,n15_c25_s42,2,1.0
438905,bertopic,n15_c25_s42,10,0.5995395002646063
438920,bertopic,n15_c25_s42,37,0.8290046411423229
439044,bertopic,n15_c25_s42,10,0.33296595261122863
439481,bertopic,n15_c25_s42,36,1.0
439601,bertopic,n15_c25_s42,-1,0.0
439609,bertopic,n15_c25_s42,16,0.8532065407925623
439833,bertopic,n15_c25_s42,3,0.7473889787872654
439902,bertopic,n15_c25_s42,4,0.9288690771855737
440280,bertopic,n15_c25_s42,-1,0.0
440299,bertopic,n15_c25_s42,-1,0.0
440355,bertopic,n15_c25_s42,-1,0.0
440418,bertopic,n15_c25_s42,2,1.0
440443,bertopic,n15_c25_s42,10,0.5792377927117244
440529,bertopic,n15_c25_s42,24,0.15907020541784528
440690,bertopic,n15_c25_s42,4,1.0
440719,bertopic,n15_c25_s42,1,1.0
440801,bertopic,n15_c25_s42,34,1.0
440806,bertopic,n15_c25_s42,16,0.4984307367542134
440908,bertopic,n15_c25_s42,3,0.8109629928726275
440919,bertopic,n15_c25_s42,11,0.30304899466973373
440924,bertopic,n15_c25_s42,-1,0.0
440955,bertopic,n15_c25_s42,3,1.0
441037,bertopic,n15_c25_s42,13,0.7200170677843093
441127,bertopic,n15_c25_s42,0,0.8268749849356781
441312,bertopic,n15_c25_s42,23,1.0
441314,bertopic,n15_c25_s42,12,0.4197632649655565
441480,bertopic,n15_c25_s42,25,0.5777787485237592
441491,bertopic,n15_c25_s42,22,0.9652597169209939
441563,bertopic,n15_c25_s42,10,0.775033609971535
441624,bertopic,n15_c25_s42,25,0.5263991734118332
441717,bertopic,n15_c25_s42,19,0.7667480327831825
441964,bertopic,n15_c25_s42,28,0.3122804213013187
442031,bertopic,n15_c25_s42,2,1.0
442054,bertopic,n15_c25_s42,7,1.0
442293,bertopic,n15_c25_s42,-1,0.0
442316,bertopic,n15_c25_s42,-1,0.0
442463,bertopic,n15_c25_s42,13,0.9517424807536987
442476,bertopic,n15_c25_s42,4,1.0
442486,bertopic,n15_c25_s42,1,1.0
442635,bertopic,n15_c25_s42,45,0.23997663654603765
442647,bertopic,n15_c25_s42,20,1.0
442817,bertopic,n15_c25_s42,14,0.8931438714942601
442842,bertopic,n15_c25_s42,9,0.4761326652432106
442873,bertopic,n15_c25_s42,0,0.7528176837722469
442900,bertopic,n15_c25_s42,3,0.9235205397404076
443029,bertopic,n15_c25_s42,8,0.31437878924234786
443179,bertopic,n15_c25_s42,-1,0.0
443180,bertopic,n15_c25_s42,14,0.9170067702035887
443196,bertopic,n15_c25_s42,-1,0.0
443393,bertopic,n15_c25_s42,2,1.0
443401,bertopic,n15_c25_s42,14,0.8931438714942601
443405,bertopic,n15_c25_s42,15,0.6528598848202208
443462,bertopic,n15_c25_s42,6,1.0
443555,bertopic,n15_c25_s42,1,1.0
443618,bertopic,n15_c25_s42,34,1.0
443777,bertopic,n15_c25_s42,26,0.2231642705591759
443843,bertopic,n15_c25_s42,11,0.42261088384638634
443870,bertopic,n15_c25_s42,1,1.0
443871,bertopic,n15_c25_s42,1,1.0
444055,bertopic,n15_c25_s42,11,0.6986118825329812
444057,bertopic,n15_c25_s42,14,0.9757811699510629
444104,bertopic,n15_c25_s42,-1,0.0
444181,bertopic,n15_c25_s42,40,1.0
444344,bertopic,n15_c25_s42,-1,0.0
444371,bertopic,n15_c25_s42,38,0.17533689800307403
444439,bertopic,n15_c25_s42,60,1.0
444561,bertopic,n15_c25_s42,28,0.3196585574043658
444803,bertopic,n15_c25_s42,52,1.0
444832,bertopic,n15_c25_s42,10,0.6064606539521624
445494,bertopic,n15_c25_s42,3,1.0
445857,bertopic,n15_c25_s42,6,1.0
445867,bertopic,n15_c25_s42,23,0.8946137210427298
445956,bertopic,n15_c25_s42,7,1.0
446064,bertopic,n15_c25_s42,4,0.7634971882520266
446319,bertopic,n15_c25_s42,-1,0.0
446324,bertopic,n15_c25_s42,-1,0.0
446379,bertopic,n15_c25_s42,1,1.0
446490,bertopic,n15_c25_s42,16,1.0
446522,bertopic,n15_c25_s42,8,0.12664620789458966
446581,bertopic,n15_c25_s42,-1,0.0
446623,bertopic,n15_c25_s42,-1,0.0
446710,bertopic,n15_c25_s42,-1,0.0
446777,bertopic,n15_c25_s42,1,1.0
446902,bertopic,n15_c25_s42,20,0.7228237871813953
446927,bertopic,n15_c25_s42,36,0.24350978998570838
446956,bertopic,n15_c25_s42,30,0.08840985803638925
446957,bertopic,n15_c25_s42,52,1.0
446958,bertopic,n15_c25_s42,35,0.3470335834550502
447010,bertopic,n15_c25_s42,46,1.0
447073,bertopic,n15_c25_s42,8,0.10856768444604831
447095,bertopic,n15_c25_s42,14,0.9757811699510629
447123,bertopic,n15_c25_s42,10,0.8856981929027719
447125,bertopic,n15_c25_s42,13,0.47456751007912434
447429,bertopic,n15_c25_s42,1,1.0
449355,bertopic,n15_c25_s42,29,0.9656577633374488
449680,bertopic,n15_c25_s42,8,0.566035506182221
450038,bertopic,n15_c25_s42,1,1.0
450056,bertopic,n15_c25_s42,55,1.0
450066,bertopic,n15_c25_s42,52,1.0
450128,bertopic,n15_c25_s42,8,0.10856768444604831
450227,bertopic,n15_c25_s42,22,0.9223174214219966
450231,bertopic,n15_c25_s42,43,0.9286351907853381
450272,bertopic,n15_c25_s42,3,1.0
450292,bertopic,n15_c25_s42,38,0.7026704224959511
450360,bertopic,n15_c25_s42,2,0.8267877313251885
450364,bertopic,n15_c25_s42,13,0.7342492450780479
450446,bertopic,n15_c25_s42,0,0.8469374060985656
450553,bertopic,n15_c25_s42,-1,0.0
450596,bertopic,n15_c25_s42,30,1.0
450715,bertopic,n15_c25_s42,3,1.0
450766,bertopic,n15_c25_s42,47,1.0
450804,bertopic,n15_c25_s42,36,0.4876132219689231
450805,bertopic,n15_c25_s42,59,1.0
451002,bertopic,n15_c25_s42,-1,0.0
451025,bertopic,n15_c25_s42,-1,0.0
451077,bertopic,n15_c25_s42,3,1.0
451223,bertopic,n15_c25_s42,19,1.0
453369,bertopic,n15_c25_s42,-1,0.0
453386,bertopic,n15_c25_s42,20,1.0
453392,bertopic,n15_c25_s42,9,0.5660840590021272
453457,bertopic,n15_c25_s42,-1,0.0
453459,bertopic,n15_c25_s42,8,0.10856768444604831
453483,bertopic,n15_c25_s42,16,0.4262637714188173
453595,bertopic,n15_c25_s42,43,0.9286351907853381
453643,bertopic,n15_c25_s42,0,1.0
453678,bertopic,n15_c25_s42,47,0.8232351809152261
453699,bertopic,n15_c25_s42,23,0.8946137210427298
453721,bertopic,n15_c25_s42,-1,0.0
453738,bertopic,n15_c25_s42,-1,0.0
453778,bertopic,n15_c25_s42,-1,0.0
453786,bertopic,n15_c25_s42,8,0.12664620789458966
453843,bertopic,n15_c25_s42,4,0.7569666787331613
453858,bertopic,n15_c25_s42,40,1.0
454168,bertopic,n15_c25_s42,-1,0.0
454675,bertopic,n15_c25_s42,30,1.0
455316,bertopic,n15_c25_s42,5,0.7955419452088358
455374,bertopic,n15_c25_s42,9,0.5274834560268162
455404,bertopic,n15_c25_s42,42,1.0
455502,bertopic,n15_c25_s42,13,0.33717529561154047
455676,bertopic,n15_c25_s42,4,1.0
455693,bertopic,n15_c25_s42,16,0.7170908815470143
456011,bertopic,n15_c25_s42,32,1.0
456920,bertopic,n15_c25_s42,53,1.0
457247,bertopic,n15_c25_s42,11,0.25149516228475316
457271,bertopic,n15_c25_s42,16,1.0
457301,bertopic,n15_c25_s42,22,0.9652597169209939
457323,bertopic,n15_c25_s42,1,1.0
457352,bertopic,n15_c25_s42,13,0.5159217213288135
457417,bertopic,n15_c25_s42,-1,0.0
457430,bertopic,n15_c25_s42,24,1.0
457438,bertopic,n15_c25_s42,2,1.0
457513,bertopic,n15_c25_s42,7,0.25511494115179556
457530,bertopic,n15_c25_s42,-1,0.0
457574,bertopic,n15_c25_s42,12,1.0
457646,bertopic,n15_c25_s42,63,1.0
457650,bertopic,n15_c25_s42,30,1.0
457678,bertopic,n15_c25_s42,32,0.5305470218838013
457682,bertopic,n15_c25_s42,4,1.0
457758,bertopic,n15_c25_s42,44,1.0
458664,bertopic,n15_c25_s42,19,0.9297252269080535
459503,bertopic,n15_c25_s42,2,1.0
459535,bertopic,n15_c25_s42,15,1.0
459544,bertopic,n15_c25_s42,6,1.0
459576,bertopic,n15_c25_s42,12,1.0
459584,bertopic,n15_c25_s42,8,0.1251607519872326
459605,bertopic,n15_c25_s42,3,1.0
459618,bertopic,n15_c25_s42,10,0.38240013550727847
459658,bertopic,n15_c25_s42,3,0.789925672528633
459684,bertopic,n15_c25_s42,20,0.7228237871813953
459724,bertopic,n15_c25_s42,8,0.39415805670506154
459733,bertopic,n15_c25_s42,16,0.7666327580820994
459735,bertopic,n15_c25_s42,40,0.34171458061124266
459768,bertopic,n15_c25_s42,48,0.7162533936632591
459774,bertopic,n15_c25_s42,10,0.5792377927117244
459887,bertopic,n15_c25_s42,4,1.0
459888,bertopic,n15_c25_s42,36,0.9487091746279323
459900,bertopic,n15_c25_s42,-1,0.0
459918,bertopic,n15_c25_s42,6,1.0
459969,bertopic,n15_c25_s42,-1,0.0
460287,bertopic,n15_c25_s42,0,1.0
461040,bertopic,n15_c25_s42,17,1.0
461287,bertopic,n15_c25_s42,7,1.0
461333,bertopic,n15_c25_s42,1,1.0
461337,bertopic,n15_c25_s42,52,1.0
461387,bertopic,n15_c25_s42,2,1.0
461399,bertopic,n15_c25_s42,-1,0.0
461405,bertopic,n15_c25_s42,10,0.7718915358975723
461467,bertopic,n15_c25_s42,55,0.5543431481226059
461530,bertopic,n15_c25_s42,4,0.9302292538477489
461544,bertopic,n15_c25_s42,-1,0.0
461612,bertopic,n15_c25_s42,28,0.7229157114470933
461658,bertopic,n15_c25_s42,-1,0.0
461704,bertopic,n15_c25_s42,11,0.6049511172551884
461751,bertopic,n15_c25_s42,-1,0.0
461759,bertopic,n15_c25_s42,17,0.6368168431756861
462095,bertopic,n15_c25_s42,7,0.12682601409205835
463196,bertopic,n15_c25_s42,0,1.0
463323,bertopic,n15_c25_s42,1,0.7274326457614272
463443,bertopic,n15_c25_s42,-1,0.0
463533,bertopic,n15_c25_s42,22,0.9652597169209939
463575,bertopic,n15_c25_s42,30,1.0
463653,bertopic,n15_c25_s42,12,1.0
463679,bertopic,n15_c25_s42,-1,0.0
463689,bertopic,n15_c25_s42,-1,0.0
463804,bertopic,n15_c25_s42,14,0.8931438714942601
463935,bertopic,n15_c25_s42,-1,0.0
464032,bertopic,n15_c25_s42,19,0.7667480327831825
464041,bertopic,n15_c25_s42,8,0.14972477554885358
464042,bertopic,n15_c25_s42,-1,0.0
464082,bertopic,n15_c25_s42,20,0.7822430928557331
464092,bertopic,n15_c25_s42,4,1.0
464100,bertopic,n15_c25_s42,2,0.9019057582183734
464111,bertopic,n15_c25_s42,-1,0.0
464208,bertopic,n15_c25_s42,29,1.0
464536,bertopic,n15_c25_s42,5,0.7955419452088358
465432,bertopic,n15_c25_s42,17,0.9724294207973924
465781,bertopic,n15_c25_s42,-1,0.0
465844,bertopic,n15_c25_s42,-1,0.0
465866,bertopic,n15_c25_s42,8,0.1251607519872326
465913,bertopic,n15_c25_s42,14,0.934674126489097
465926,bertopic,n15_c25_s42,40,0.8397851816115555
465945,bertopic,n15_c25_s42,-1,0.0
466029,bertopic,n15_c25_s42,4,1.0
466125,bertopic,n15_c25_s42,1,1.0
466164,bertopic,n15_c25_s42,55,1.0
466207,bertopic,n15_c25_s42,4,0.790314414223026
466216,bertopic,n15_c25_s42,1,1.0
466336,bertopic,n15_c25_s42,19,0.7667480327831825
466399,bertopic,n15_c25_s42,1,0.7365473200867206
466437,bertopic,n15_c25_s42,1,1.0
466467,bertopic,n15_c25_s42,13,0.3645988558754467
466476,bertopic,n15_c25_s42,-1,0.0
466492,bertopic,n15_c25_s42,4,1.0
466520,bertopic,n15_c25_s42,5,0.7955419452088358
467327,bertopic,n15_c25_s42,40,0.3926010996234045
467945,bertopic,n15_c25_s42,8,0.10856768444604831
468316,bertopic,n15_c25_s42,19,1.0
468557,bertopic,n15_c25_s42,16,0.60416024163324
468562,bertopic,n15_c25_s42,25,1.0
468595,bertopic,n15_c25_s42,53,1.0
468651,bertopic,n15_c25_s42,12,0.34209634365089725
468652,bertopic,n15_c25_s42,0,0.7827753842432635
469100,bertopic,n15_c25_s42,1,1.0
469225,bertopic,n15_c25_s42,3,1.0
469920,bertopic,n15_c25_s42,-1,0.0
471063,bertopic,n15_c25_s42,-1,0.0
471085,bertopic,n15_c25_s42,39,1.0
471416,bertopic,n15_c25_s42,4,1.0
471430,bertopic,n15_c25_s42,6,0.9291105005225769
471445,bertopic,n15_c25_s42,44,1.0
471638,bertopic,n15_c25_s42,20,1.0
471661,bertopic,n15_c25_s42,-1,0.0
471675,bertopic,n15_c25_s42,-1,0.0
471703,bertopic,n15_c25_s42,50,1.0
471759,bertopic,n15_c25_s42,0,1.0
471912,bertopic,n15_c25_s42,14,1.0
471933,bertopic,n15_c25_s42,14,0.8931438714942601
471939,bertopic,n15_c25_s42,66,1.0
471973,bertopic,n15_c25_s42,4,1.0
473216,bertopic,n15_c25_s42,14,0.8931438714942601
473286,bertopic,n15_c25_s42,35,0.3470335834550502
473793,bertopic,n15_c25_s42,43,0.9286351907853381
474289,bertopic,n15_c25_s42,50,1.0
474337,bertopic,n15_c25_s42,65,1.0
474487,bertopic,n15_c25_s42,36,0.695736830365602
474538,bertopic,n15_c25_s42,3,0.9859569386317795
474898,bertopic,n15_c25_s42,24,0.23975856602024262
475795,bertopic,n15_c25_s42,1,0.7365473200867206
476332,bertopic,n15_c25_s42,19,0.7050198307341035
476927,bertopic,n15_c25_s42,7,1.0
476963,bertopic,n15_c25_s42,-1,0.0
476968,bertopic,n15_c25_s42,17,0.5596370990656182
476978,bertopic,n15_c25_s42,67,0.9156757691422002
477077,bertopic,n15_c25_s42,68,1.0
477088,bertopic,n15_c25_s42,9,1.0
477101,bertopic,n15_c25_s42,25,1.0
477106,bertopic,n15_c25_s42,8,0.4764790800664107
477235,bertopic,n15_c25_s42,-1,0.0
477305,bertopic,n15_c25_s42,13,0.7116068316630575
477370,bertopic,n15_c25_s42,24,0.2745900169867523
477437,bertopic,n15_c25_s42,-1,0.0
477459,bertopic,n15_c25_s42,16,0.4262637714188173
477539,bertopic,n15_c25_s42,17,0.38638641236474397
477635,bertopic,n15_c25_s42,30,0.08840985803638925
477658,bertopic,n15_c25_s42,35,1.0
477660,bertopic,n15_c25_s42,57,0.5955906603362047
477682,bertopic,n15_c25_s42,19,0.7820869045913651
478016,bertopic,n15_c25_s42,10,0.4033458575327194
478817,bertopic,n15_c25_s42,9,0.4081016570445024
478943,bertopic,n15_c25_s42,59,0.8959511131428144
479036,bertopic,n15_c25_s42,48,1.0
479099,bertopic,n15_c25_s42,-1,0.0
479410,bertopic,n15_c25_s42,9,0.5519840352133973
479415,bertopic,n15_c25_s42,3,0.9235205397404076
479431,bertopic,n15_c25_s42,5,0.7955419452088358
479438,bertopic,n15_c25_s42,8,0.10856768444604831
479522,bertopic,n15_c25_s42,15,0.7543934325925811
479581,bertopic,n15_c25_s42,-1,0.0
479583,bertopic,n15_c25_s42,2,1.0
479614,bertopic,n15_c25_s42,6,0.7943897646289689
479619,bertopic,n15_c25_s42,-1,0.0
479651,bertopic,n15_c25_s42,58,1.0
479838,bertopic,n15_c25_s42,1,0.7365473200867206
479873,bertopic,n15_c25_s42,5,0.7955419452088358
479921,bertopic,n15_c25_s42,28,0.5431541184251255
479926,bertopic,n15_c25_s42,17,0.38638641236474397
479980,bertopic,n15_c25_s42,56,1.0
479986,bertopic,n15_c25_s42,14,0.9096528822297306
480028,bertopic,n15_c25_s42,-1,0.0
480768,bertopic,n15_c25_s42,52,1.0
480783,bertopic,n15_c25_s42,1,1.0
481646,bertopic,n15_c25_s42,0,1.0
481749,bertopic,n15_c25_s42,1,1.0
481767,bertopic,n15_c25_s42,29,1.0
481820,bertopic,n15_c25_s42,-1,0.0
482152,bertopic,n15_c25_s42,3,0.8148116818000981
482238,bertopic,n15_c25_s42,3,0.8939887446858819
482241,bertopic,n15_c25_s42,1,0.733484671554008
482319,bertopic,n15_c25_s42,-1,0.0
482353,bertopic,n15_c25_s42,5,0.7158851094636022
482421,bertopic,n15_c25_s42,14,0.934674126489097
482627,bertopic,n15_c25_s42,3,1.0
483784,bertopic,n15_c25_s42,12,1.0
483838,bertopic,n15_c25_s42,12,0.4213522649703734
483988,bertopic,n15_c25_s42,-1,0.0
484073,bertopic,n15_c25_s42,-1,0.0
484079,bertopic,n15_c25_s42,-1,0.0
484115,bertopic,n15_c25_s42,10,0.5780155378324492
484157,bertopic,n15_c25_s42,1,0.3660888077406
484220,bertopic,n15_c25_s42,-1,0.0
484288,bertopic,n15_c25_s42,9,0.8554044358276977
484435,bertopic,n15_c25_s42,11,0.27574310761877074
484439,bertopic,n15_c25_s42,16,0.60416024163324
484456,bertopic,n15_c25_s42,24,1.0
484608,bertopic,n15_c25_s42,48,1.0
484629,bertopic,n15_c25_s42,1,1.0
484751,bertopic,n15_c25_s42,26,0.32735470658831234
484858,bertopic,n15_c25_s42,-1,0.0
485518,bertopic,n15_c25_s42,-1,0.0
486011,bertopic,n15_c25_s42,10,1.0
486798,bertopic,n15_c25_s42,24,0.14413253522397462
486860,bertopic,n15_c25_s42,3,0.885708381900895
486861,bertopic,n15_c25_s42,28,0.3196585574043658
486877,bertopic,n15_c25_s42,0,1.0
486978,bertopic,n15_c25_s42,46,1.0
487012,bertopic,n15_c25_s42,22,0.5967453803184829
487016,bertopic,n15_c25_s42,9,0.417600065815365
487085,bertopic,n15_c25_s42,-1,0.0
487216,bertopic,n15_c25_s42,41,1.0
487977,bertopic,n15_c25_s42,16,0.5962884540400661
488172,bertopic,n15_c25_s42,2,1.0
488824,bertopic,n15_c25_s42,17,0.8667449502761203
488825,bertopic,n15_c25_s42,62,1.0
488844,bertopic,n15_c25_s42,-1,0.0
488874,bertopic,n15_c25_s42,32,1.0
488913,bertopic,n15_c25_s42,1,1.0
489064,bertopic,n15_c25_s42,1,1.0
489107,bertopic,n15_c25_s42,21,0.8516585594629154
489114,bertopic,n15_c25_s42,57,1.0
489163,bertopic,n15_c25_s42,32,0.6767569608652456
489221,bertopic,n15_c25_s42,-1,0.0
489234,bertopic,n15_c25_s42,-1,0.0
489263,bertopic,n15_c25_s42,3,0.970986205255048
489337,bertopic,n15_c25_s42,-1,0.0
489439,bertopic,n15_c25_s42,-1,0.0
489482,bertopic,n15_c25_s42,22,0.5967453803184829
489530,bertopic,n15_c25_s42,57,1.0
489559,bertopic,n15_c25_s42,8,0.11905836041854571
489653,bertopic,n15_c25_s42,31,0.7585557047620597
489735,bertopic,n15_c25_s42,-1,0.0
489819,bertopic,n15_c25_s42,57,1.0
491067,bertopic,n15_c25_s42,-1,0.0
491375,bertopic,n15_c25_s42,-1,0.0
491428,bertopic,n15_c25_s42,2,1.0
491542,bertopic,n15_c25_s42,10,0.9679482006392421
491548,bertopic,n15_c25_s42,-1,0.0
491598,bertopic,n15_c25_s42,1,0.7365473200867206
491620,bertopic,n15_c25_s42,15,0.5715362376268857
491822,bertopic,n15_c25_s42,7,1.0
492212,bertopic,n15_c25_s42,0,1.0
493979,bertopic,n15_c25_s42,2,1.0
494027,bertopic,n15_c25_s42,-1,0.0
494031,bertopic,n15_c25_s42,-1,0.0
494115,bertopic,n15_c25_s42,4,1.0
494161,bertopic,n15_c25_s42,6,1.0
494229,bertopic,n15_c25_s42,15,1.0
494282,bertopic,n15_c25_s42,6,0.4626106405323561
494525,bertopic,n15_c25_s42,2,0.837143455791795
494626,bertopic,n15_c25_s42,5,0.7955419452088358
494723,bertopic,n15_c25_s42,23,0.895487055892526
496131,bertopic,n15_c25_s42,48,1.0
496220,bertopic,n15_c25_s42,-1,0.0
496252,bertopic,n15_c25_s42,9,1.0
496366,bertopic,n15_c25_s42,59,0.6112587690738902
496445,bertopic,n15_c25_s42,29,1.0
496447,bertopic,n15_c25_s42,55,1.0
496606,bertopic,n15_c25_s42,9,0.39874839961569697
496752,bertopic,n15_c25_s42,-1,0.0
496800,bertopic,n15_c25_s42,41,1.0
496813,bertopic,n15_c25_s42,-1,0.0
496913,bertopic,n15_c25_s42,23,0.7906697840191077
496952,bertopic,n15_c25_s42,12,0.9213338588736196
496962,bertopic,n15_c25_s42,-1,0.0
497038,bertopic,n15_c25_s42,29,0.7212304188533505
497100,bertopic,n15_c25_s42,30,0.8934720325001257
497255,bertopic,n15_c25_s42,8,0.1251607519872326
497274,bertopic,n15_c25_s42,6,1.0
497296,bertopic,n15_c25_s42,-1,0.0
497304,bertopic,n15_c25_s42,38,1.0
497322,bertopic,n15_c25_s42,10,0.7831331159507167
497392,bertopic,n15_c25_s42,-1,0.0
497413,bertopic,n15_c25_s42,8,0.1251607519872326
497497,bertopic,n15_c25_s42,31,1.0
497505,bertopic,n15_c25_s42,4,1.0
497555,bertopic,n15_c25_s42,-1,0.0
497666,bertopic,n15_c25_s42,19,0.5849443717830857
497718,bertopic,n15_c25_s42,59,1.0
497727,bertopic,n15_c25_s42,8,0.10856768444604831
497750,bertopic,n15_c25_s42,-1,0.0
497856,bertopic,n15_c25_s42,11,0.27574310761877074
497874,bertopic,n15_c25_s42,-1,0.0
497890,bertopic,n15_c25_s42,14,1.0
497893,bertopic,n15_c25_s42,24,1.0
498063,bertopic,n15_c25_s42,34,0.3305139514522848
498085,bertopic,n15_c25_s42,-1,0.0
498088,bertopic,n15_c25_s42,32,0.4330072134123639
498101,bertopic,n15_c25_s42,41,0.7348102587210824
498246,bertopic,n15_c25_s42,-1,0.0
498337,bertopic,n15_c25_s42,13,0.7596541479748853
498671,bertopic,n15_c25_s42,8,0.5094329498392746
498912,bertopic,n15_c25_s42,55,0.7119230680629072
498918,bertopic,n15_c25_s42,2,1.0
498964,bertopic,n15_c25_s42,16,0.894210882514159
498969,bertopic,n15_c25_s42,1,1.0
499000,bertopic,n15_c25_s42,36,0.24350978998570838
499097,bertopic,n15_c25_s42,19,1.0
499113,bertopic,n15_c25_s42,20,0.7228237871813953
499154,bertopic,n15_c25_s42,2,0.8328151318953967
499189,bertopic,n15_c25_s42,51,1.0
499248,bertopic,n15_c25_s42,-1,0.0
499278,bertopic,n15_c25_s42,1,0.9626929597875836
499333,bertopic,n15_c25_s42,-1,0.0
499356,bertopic,n15_c25_s42,-1,0.0
499390,bertopic,n15_c25_s42,17,0.49052896893891035
499418,bertopic,n15_c25_s42,-1,0.0
499439,bertopic,n15_c25_s42,-1,0.0
499463,bertopic,n15_c25_s42,43,0.9286351907853381
500081,bertopic,n15_c25_s42,-1,0.0
500196,bertopic,n15_c25_s42,0,1.0
500279,bertopic,n15_c25_s42,41,0.7031368092248088
500333,bertopic,n15_c25_s42,-1,0.0
500345,bertopic,n15_c25_s42,-1,0.0
500537,bertopic,n15_c25_s42,30,0.08840985803638925
502006,bertopic,n15_c25_s42,46,1.0
503632,bertopic,n15_c25_s42,-1,0.0
503778,bertopic,n15_c25_s42,41,0.7797377392681367
505906,bertopic,n15_c25_s42,-1,0.0
506635,bertopic,n15_c25_s42,1,1.0
506955,bertopic,n15_c25_s42,13,0.3186971425934523
507122,bertopic,n15_c25_s42,60,1.0
508115,bertopic,n15_c25_s42,62,1.0
508869,bertopic,n15_c25_s42,-1,0.0
508937,bertopic,n15_c25_s42,2,1.0
509506,bertopic,n15_c25_s42,21,0.9144740881028551
511170,bertopic,n15_c25_s42,-1,0.0
511179,bertopic,n15_c25_s42,16,0.3113510607964832
511252,bertopic,n15_c25_s42,59,1.0
511331,bertopic,n15_c25_s42,11,0.38947689666289925
511345,bertopic,n15_c25_s42,11,0.846033369514618
511399,bertopic,n15_c25_s42,24,0.9408360754944108
511565,bertopic,n15_c25_s42,15,0.6002012069861169
511588,bertopic,n15_c25_s42,-1,0.0
511730,bertopic,n15_c25_s42,-1,0.0
511777,bertopic,n15_c25_s42,-1,0.0
511797,bertopic,n15_c25_s42,49,1.0
511823,bertopic,n15_c25_s42,1,1.0
511827,bertopic,n15_c25_s42,-1,0.0
511961,bertopic,n15_c25_s42,62,0.21796084899985307
511962,bertopic,n15_c25_s42,18,1.0
512005,bertopic,n15_c25_s42,18,1.0
512013,bertopic,n15_c25_s42,18,0.7591984698508741
512039,bertopic,n15_c25_s42,1,1.0
512057,bertopic,n15_c25_s42,18,0.6909044661340324
512300,bertopic,n15_c25_s42,-1,0.0
512473,bertopic,n15_c25_s42,0,1.0
512660,bertopic,n15_c25_s42,-1,0.0
512733,bertopic,n15_c25_s42,35,0.3470335834550502
512832,bertopic,n15_c25_s42,1,0.3660888077406
512852,bertopic,n15_c25_s42,-1,0.0
512924,bertopic,n15_c25_s42,37,1.0
513063,bertopic,n15_c25_s42,32,0.463967187237004
513118,bertopic,n15_c25_s42,-1,0.0
513363,bertopic,n15_c25_s42,6,0.9183463260583141
513460,bertopic,n15_c25_s42,66,1.0
513500,bertopic,n15_c25_s42,3,0.9235205397404076
513642,bertopic,n15_c25_s42,13,0.41358519753428513
513775,bertopic,n15_c25_s42,1,1.0
513805,bertopic,n15_c25_s42,-1,0.0
513841,bertopic,n15_c25_s42,12,1.0
514057,bertopic,n15_c25_s42,4,1.0
514133,bertopic,n15_c25_s42,35,1.0
514176,bertopic,n15_c25_s42,8,0.1474855589518166
514182,bertopic,n15_c25_s42,35,1.0
514664,bertopic,n15_c25_s42,35,1.0
514787,bertopic,n15_c25_s42,18,0.8488695941838317
514805,bertopic,n15_c25_s42,38,0.49107743726351677
514832,bertopic,n15_c25_s42,9,0.5274834560268162
514860,bertopic,n15_c25_s42,13,1.0
514938,bertopic,n15_c25_s42,4,1.0
514960,bertopic,n15_c25_s42,-1,0.0
514974,bertopic,n15_c25_s42,4,0.6445140881561525
515042,bertopic,n15_c25_s42,21,0.5446313685600055
515080,bertopic,n15_c25_s42,4,0.6693847819166966
515136,bertopic,n15_c25_s42,13,0.41358519753428513
515159,bertopic,n15_c25_s42,29,1.0
515219,bertopic,n15_c25_s42,20,0.7822430928557331
515272,bertopic,n15_c25_s42,-1,0.0
515699,bertopic,n15_c25_s42,-1,0.0
515842,bertopic,n15_c25_s42,6,1.0
515927,bertopic,n15_c25_s42,66,1.0
515958,bertopic,n15_c25_s42,12,0.5026985488648505
516092,bertopic,n15_c25_s42,20,0.9616688428843196
516109,bertopic,n15_c25_s42,0,1.0
516293,bertopic,n15_c25_s42,24,0.5571313995067247
516330,bertopic,n15_c25_s42,46,0.5595331430962557
516367,bertopic,n15_c25_s42,20,0.8423765461931507
516403,bertopic,n15_c25_s42,15,0.4837221333575157
516408,bertopic,n15_c25_s42,28,0.3239249756997917
516409,bertopic,n15_c25_s42,1,0.3660888077406
516421,bertopic,n15_c25_s42,15,0.8603801105166526
516440,bertopic,n15_c25_s42,12,0.4197632649655565
516488,bertopic,n15_c25_s42,-1,0.0
517090,bertopic,n15_c25_s42,-1,0.0
517138,bertopic,n15_c25_s42,13,0.3707298165551427
517204,bertopic,n15_c25_s42,66,1.0
517420,bertopic,n15_c25_s42,0,1.0
517505,bertopic,n15_c25_s42,29,0.9981656475935594
517550,bertopic,n15_c25_s42,3,1.0
517674,bertopic,n15_c25_s42,-1,0.0
517758,bertopic,n15_c25_s42,46,1.0
517821,bertopic,n15_c25_s42,0,1.0
517822,bertopic,n15_c25_s42,-1,0.0
517838,bertopic,n15_c25_s42,1,1.0
517852,bertopic,n15_c25_s42,-1,0.0
517981,bertopic,n15_c25_s42,1,1.0
518213,bertopic,n15_c25_s42,-1,0.0
518246,bertopic,n15_c25_s42,1,1.0
518263,bertopic,n15_c25_s42,1,1.0
518483,bertopic,n15_c25_s42,-1,0.0
518526,bertopic,n15_c25_s42,1,1.0
518600,bertopic,n15_c25_s42,23,0.895487055892526
518770,bertopic,n15_c25_s42,-1,0.0
518930,bertopic,n15_c25_s42,1,0.3660888077406
519054,bertopic,n15_c25_s42,57,0.8940382326123585
519122,bertopic,n15_c25_s42,-1,0.0
519227,bertopic,n15_c25_s42,32,0.3602839153718919
519285,bertopic,n15_c25_s42,9,0.40875034463650395
519442,bertopic,n15_c25_s42,12,1.0
519454,bertopic,n15_c25_s42,9,0.4128195605626629
519497,bertopic,n15_c25_s42,35,0.3937667063575251
519678,bertopic,n15_c25_s42,31,0.8584636759252883
519737,bertopic,n15_c25_s42,0,1.0
519768,bertopic,n15_c25_s42,17,0.38638641236474397
520270,bertopic,n15_c25_s42,26,0.282208828015215
520379,bertopic,n15_c25_s42,3,0.7531615919855339
520436,bertopic,n15_c25_s42,-1,0.0
520508,bertopic,n15_c25_s42,-1,0.0
520596,bertopic,n15_c25_s42,1,1.0
520696,bertopic,n15_c25_s42,36,0.24350978998570838
520721,bertopic,n15_c25_s42,-1,0.0
521362,bertopic,n15_c25_s42,66,0.9400396423696059
521484,bertopic,n15_c25_s42,26,0.35329115066011146
521891,bertopic,n15_c25_s42,51,1.0
521904,bertopic,n15_c25_s42,13,0.3400866957863113
522426,bertopic,n15_c25_s42,0,1.0
522438,bertopic,n15_c25_s42,0,1.0
522469,bertopic,n15_c25_s42,20,0.7040123957295215
522791,bertopic,n15_c25_s42,17,0.4715872958834397
523019,bertopic,n15_c25_s42,23,0.9198508399225792
523222,bertopic,n15_c25_s42,0,1.0
523316,bertopic,n15_c25_s42,-1,0.0
523377,bertopic,n15_c25_s42,23,0.895487055892526
523538,bertopic,n15_c25_s42,0,1.0
523850,bertopic,n15_c25_s42,0,1.0
523908,bertopic,n15_c25_s42,26,1.0
524036,bertopic,n15_c25_s42,7,1.0
524145,bertopic,n15_c25_s42,59,1.0
524190,bertopic,n15_c25_s42,40,1.0
524511,bertopic,n15_c25_s42,24,1.0
524536,bertopic,n15_c25_s42,1,1.0
524630,bertopic,n15_c25_s42,51,1.0
524757,bertopic,n15_c25_s42,0,1.0
524928,bertopic,n15_c25_s42,11,0.28482251640293654
524986,bertopic,n15_c25_s42,11,1.0
525124,bertopic,n15_c25_s42,12,1.0
525133,bertopic,n15_c25_s42,67,1.0
525139,bertopic,n15_c25_s42,32,0.5993597006653953
525194,bertopic,n15_c25_s42,-1,0.0
525300,bertopic,n15_c25_s42,66,1.0
525367,bertopic,n15_c25_s42,16,0.4262637714188173
525409,bertopic,n15_c25_s42,6,0.5425265721551539
525412,bertopic,n15_c25_s42,12,0.9987771149027447
525456,bertopic,n15_c25_s42,6,1.0
525516,bertopic,n15_c25_s42,40,1.0
525732,bertopic,n15_c25_s42,3,1.0
525922,bertopic,n15_c25_s42,29,1.0
525979,bertopic,n15_c25_s42,24,0.13067005817478214
526042,bertopic,n15_c25_s42,25,0.3724702217527416
526238,bertopic,n15_c25_s42,-1,0.0
526366,bertopic,n15_c25_s42,46,0.7606982638448947
526532,bertopic,n15_c25_s42,7,1.0
526678,bertopic,n15_c25_s42,11,0.6141522884079246
526726,bertopic,n15_c25_s42,12,0.9698198115758271
526886,bertopic,n15_c25_s42,0,1.0
526947,bertopic,n15_c25_s42,19,0.39535119217806813
526953,bertopic,n15_c25_s42,12,1.0
526970,bertopic,n15_c25_s42,23,0.7462491314273672
527032,bertopic,n15_c25_s42,-1,0.0
527100,bertopic,n15_c25_s42,18,1.0
527102,bertopic,n15_c25_s42,18,1.0
527245,bertopic,n15_c25_s42,40,1.0
527272,bertopic,n15_c25_s42,15,0.8724722542320561
527358,bertopic,n15_c25_s42,35,1.0
527538,bertopic,n15_c25_s42,58,1.0
527542,bertopic,n15_c25_s42,20,1.0
527555,bertopic,n15_c25_s42,43,1.0
527579,bertopic,n15_c25_s42,19,1.0
527763,bertopic,n15_c25_s42,-1,0.0
527928,bertopic,n15_c25_s42,35,0.3470335834550502
528014,bertopic,n15_c25_s42,57,1.0
528219,bertopic,n15_c25_s42,32,0.41621352567830816
528257,bertopic,n15_c25_s42,1,1.0
528287,bertopic,n15_c25_s42,23,1.0
528469,bertopic,n15_c25_s42,66,1.0
528560,bertopic,n15_c25_s42,15,0.7123513984672768
528562,bertopic,n15_c25_s42,7,0.985759075475683
528614,bertopic,n15_c25_s42,40,1.0
528663,bertopic,n15_c25_s42,13,0.41358519753428513
528701,bertopic,n15_c25_s42,15,0.6528598848202208
528715,bertopic,n15_c25_s42,15,0.6528598848202208
528747,bertopic,n15_c25_s42,0,1.0
528750,bertopic,n15_c25_s42,12,0.367116692454785
528769,bertopic,n15_c25_s42,0,1.0
528783,bertopic,n15_c25_s42,0,1.0
528784,bertopic,n15_c25_s42,0,1.0
528785,bertopic,n15_c25_s42,0,1.0
528799,bertopic,n15_c25_s42,0,0.8484320894330157
528806,bertopic,n15_c25_s42,0,1.0
528994,bertopic,n15_c25_s42,1,1.0
529019,bertopic,n15_c25_s42,67,1.0
529024,bertopic,n15_c25_s42,32,1.0
529054,bertopic,n15_c25_s42,0,1.0
529298,bertopic,n15_c25_s42,-1,0.0
529411,bertopic,n15_c25_s42,13,0.368732420465583
529430,bertopic,n15_c25_s42,-1,0.0
529729,bertopic,n15_c25_s42,-1,0.0
530150,bertopic,n15_c25_s42,16,0.5081700415162193
530361,bertopic,n15_c25_s42,66,1.0
530398,bertopic,n15_c25_s42,29,1.0
530405,bertopic,n15_c25_s42,0,1.0
530436,bertopic,n15_c25_s42,15,0.509183627678254
530451,bertopic,n15_c25_s42,40,0.04458043934099498
530462,bertopic,n15_c25_s42,4,1.0
530489,bertopic,n15_c25_s42,-1,0.0
530549,bertopic,n15_c25_s42,25,0.5849452651454025
530658,bertopic,n15_c25_s42,3,1.0
530817,bertopic,n15_c25_s42,-1,0.0
530840,bertopic,n15_c25_s42,-1,0.0
530871,bertopic,n15_c25_s42,16,0.4262637714188173
530990,bertopic,n15_c25_s42,7,0.9544673329692945
531039,bertopic,n15_c25_s42,12,0.30190251024814907
531051,bertopic,n15_c25_s42,26,0.35329115066011146
531151,bertopic,n15_c25_s42,43,0.9286351907853381
531339,bertopic,n15_c25_s42,24,0.5342332840015815
531459,bertopic,n15_c25_s42,67,1.0
531474,bertopic,n15_c25_s42,18,0.7358332855969879
531490,bertopic,n15_c25_s42,1,1.0
531522,bertopic,n15_c25_s42,-1,0.0
531531,bertopic,n15_c25_s42,1,1.0
531537,bertopic,n15_c25_s42,1,1.0
531554,bertopic,n15_c25_s42,12,0.9014117906984226
531594,bertopic,n15_c25_s42,25,0.632698948880605
531597,bertopic,n15_c25_s42,-1,0.0
531615,bertopic,n15_c25_s42,25,1.0
531744,bertopic,n15_c25_s42,5,0.5678764773473433
531745,bertopic,n15_c25_s42,25,0.9489113009893984
531801,bertopic,n15_c25_s42,1,1.0
531894,bertopic,n15_c25_s42,25,1.0
531964,bertopic,n15_c25_s42,25,0.632698948880605
531978,bertopic,n15_c25_s42,15,0.6528598848202208
531987,bertopic,n15_c25_s42,-1,0.0
532013,bertopic,n15_c25_s42,0,1.0
532151,bertopic,n15_c25_s42,11,0.873242615636563
532231,bertopic,n15_c25_s42,0,1.0
532235,bertopic,n15_c25_s42,6,1.0
532242,bertopic,n15_c25_s42,4,1.0
532245,bertopic,n15_c25_s42,40,0.042451927312088245
532266,bertopic,n15_c25_s42,6,1.0
532268,bertopic,n15_c25_s42,15,0.4369119658638381
532278,bertopic,n15_c25_s42,49,1.0
532325,bertopic,n15_c25_s42,15,1.0
532346,bertopic,n15_c25_s42,16,1.0
532373,bertopic,n15_c25_s42,15,0.8753850952454356
532416,bertopic,n15_c25_s42,15,0.6528598848202208
532425,bertopic,n15_c25_s42,-1,0.0
532443,bertopic,n15_c25_s42,-1,0.0
532449,bertopic,n15_c25_s42,20,0.8344723084376445
532513,bertopic,n15_c25_s42,-1,0.0
532573,bertopic,n15_c25_s42,24,0.9520803734659629
532644,bertopic,n15_c25_s42,24,1.0
532654,bertopic,n15_c25_s42,15,0.8053514046039063
532663,bertopic,n15_c25_s42,24,0.4417130692720122
532672,bertopic,n15_c25_s42,20,0.7228237871813953
532693,bertopic,n15_c25_s42,0,1.0
532716,bertopic,n15_c25_s42,-1,0.0
532781,bertopic,n15_c25_s42,1,1.0
532782,bertopic,n15_c25_s42,0,1.0
532799,bertopic,n15_c25_s42,-1,0.0
532812,bertopic,n15_c25_s42,43,0.9286351907853381
532823,bertopic,n15_c25_s42,-1,0.0
532828,bertopic,n15_c25_s42,15,0.8753850952454356
532896,bertopic,n15_c25_s42,53,1.0
532914,bertopic,n15_c25_s42,33,0.8656081644038306
532953,bertopic,n15_c25_s42,18,0.5243139838716785
533057,bertopic,n15_c25_s42,14,0.9723806983253865
533058,bertopic,n15_c25_s42,23,0.8122239642900073
533085,bertopic,n15_c25_s42,1,1.0
533196,bertopic,n15_c25_s42,14,1.0
533242,bertopic,n15_c25_s42,0,1.0
533250,bertopic,n15_c25_s42,0,1.0
533262,bertopic,n15_c25_s42,-1,0.0
533285,bertopic,n15_c25_s42,9,0.49782393805641406
533288,bertopic,n15_c25_s42,-1,0.0
533306,bertopic,n15_c25_s42,-1,0.0
533407,bertopic,n15_c25_s42,34,0.2416251437976471
533428,bertopic,n15_c25_s42,-1,0.0
533642,bertopic,n15_c25_s42,-1,0.0
533835,bertopic,n15_c25_s42,-1,0.0
533845,bertopic,n15_c25_s42,20,0.7822430928557331
533871,bertopic,n15_c25_s42,62,1.0
533882,bertopic,n15_c25_s42,10,0.5016277759769865
533917,bertopic,n15_c25_s42,9,0.48378198921957477
533998,bertopic,n15_c25_s42,5,1.0
534007,bertopic,n15_c25_s42,12,0.5026985488648505
534077,bertopic,n15_c25_s42,15,0.8753850952454356
534195,bertopic,n15_c25_s42,-1,0.0
534290,bertopic,n15_c25_s42,25,1.0
534308,bertopic,n15_c25_s42,9,0.3985234402466584
534363,bertopic,n15_c25_s42,19,0.3620065187361373
534382,bertopic,n15_c25_s42,11,0.27574310761877074
534472,bertopic,n15_c25_s42,59,1.0
534489,bertopic,n15_c25_s42,21,0.37780923402259536
534509,bertopic,n15_c25_s42,1,1.0
534534,bertopic,n15_c25_s42,-1,0.0
534575,bertopic,n15_c25_s42,3,1.0
534716,bertopic,n15_c25_s42,9,0.3422004885208812
534884,bertopic,n15_c25_s42,-1,0.0
534886,bertopic,n15_c25_s42,66,1.0
534985,bertopic,n15_c25_s42,2,1.0
535092,bertopic,n15_c25_s42,28,0.3196585574043658
535101,bertopic,n15_c25_s42,2,1.0
535122,bertopic,n15_c25_s42,25,1.0
535230,bertopic,n15_c25_s42,66,1.0
535237,bertopic,n15_c25_s42,25,1.0
535242,bertopic,n15_c25_s42,18,0.9889820834645523
535311,bertopic,n15_c25_s42,11,0.27969293680742763
535323,bertopic,n15_c25_s42,15,0.426332636892017
535451,bertopic,n15_c25_s42,25,0.552812589518084
535473,bertopic,n15_c25_s42,17,1.0
535564,bertopic,n15_c25_s42,6,1.0
535633,bertopic,n15_c25_s42,-1,0.0
535724,bertopic,n15_c25_s42,57,1.0
535802,bertopic,n15_c25_s42,54,1.0
535817,bertopic,n15_c25_s42,2,1.0
535879,bertopic,n15_c25_s42,15,0.49031493555374067
535909,bertopic,n15_c25_s42,16,1.0
536024,bertopic,n15_c25_s42,24,0.3849128029678081
536518,bertopic,n15_c25_s42,-1,0.0
536545,bertopic,n15_c25_s42,-1,0.0
536605,bertopic,n15_c25_s42,-1,0.0
536618,bertopic,n15_c25_s42,-1,0.0
536920,bertopic,n15_c25_s42,14,1.0
536999,bertopic,n15_c25_s42,20,1.0
537046,bertopic,n15_c25_s42,23,1.0
537187,bertopic,n15_c25_s42,2,1.0
537251,bertopic,n15_c25_s42,0,0.1344555810401498
537257,bertopic,n15_c25_s42,0,1.0
537353,bertopic,n15_c25_s42,4,1.0
537401,bertopic,n15_c25_s42,10,0.4603082022523715
537422,bertopic,n15_c25_s42,37,1.0
537437,bertopic,n15_c25_s42,6,0.43084493473370816
537486,bertopic,n15_c25_s42,7,1.0
537540,bertopic,n15_c25_s42,0,0.1344555810401498
537622,bertopic,n15_c25_s42,6,1.0
537714,bertopic,n15_c25_s42,43,1.0
537741,bertopic,n15_c25_s42,29,1.0
538018,bertopic,n15_c25_s42,40,0.04337167267221507
538067,bertopic,n15_c25_s42,1,1.0
538170,bertopic,n15_c25_s42,7,0.9992651820381145
538222,bertopic,n15_c25_s42,2,0.6080049878248824
538244,bertopic,n15_c25_s42,-1,0.0
538337,bertopic,n15_c25_s42,30,1.0
538458,bertopic,n15_c25_s42,40,0.2022865210892643
538473,bertopic,n15_c25_s42,-1,0.0
538492,bertopic,n15_c25_s42,2,0.934404439095931
538519,bertopic,n15_c25_s42,18,0.9889820834645523
538680,bertopic,n15_c25_s42,18,0.7535638809553599
538689,bertopic,n15_c25_s42,32,1.0
538703,bertopic,n15_c25_s42,0,1.0
538717,bertopic,n15_c25_s42,12,0.3290093287577535
538770,bertopic,n15_c25_s42,30,1.0
538792,bertopic,n15_c25_s42,-1,0.0
538833,bertopic,n15_c25_s42,24,1.0
538838,bertopic,n15_c25_s42,1,0.733484671554008
538955,bertopic,n15_c25_s42,2,1.0
539051,bertopic,n15_c25_s42,2,0.8390267536349075
539052,bertopic,n15_c25_s42,1,0.8602847819021172
539101,bertopic,n15_c25_s42,1,1.0
539223,bertopic,n15_c25_s42,32,1.0
539365,bertopic,n15_c25_s42,38,1.0
539369,bertopic,n15_c25_s42,38,0.7968489250357795
539540,bertopic,n15_c25_s42,66,1.0
539737,bertopic,n15_c25_s42,2,0.6080049878248824
539863,bertopic,n15_c25_s42,14,0.9255648073183753
539927,bertopic,n15_c25_s42,1,1.0
540126,bertopic,n15_c25_s42,19,0.8198922289587961
540219,bertopic,n15_c25_s42,-1,0.0
540367,bertopic,n15_c25_s42,6,1.0
540368,bertopic,n15_c25_s42,19,0.7667480327831825
540442,bertopic,n15_c25_s42,7,1.0
540451,bertopic,n15_c25_s42,9,0.4952471550876438
540477,bertopic,n15_c25_s42,1,0.3660888077406
540534,bertopic,n15_c25_s42,1,1.0
540630,bertopic,n15_c25_s42,19,0.39535119217806813
540669,bertopic,n15_c25_s42,22,1.0
540693,bertopic,n15_c25_s42,23,0.895487055892526
540869,bertopic,n15_c25_s42,56,1.0
540895,bertopic,n15_c25_s42,0,0.6735973546403773
540914,bertopic,n15_c25_s42,66,1.0
540964,bertopic,n15_c25_s42,43,1.0
541045,bertopic,n15_c25_s42,1,0.9626929597875836
541104,bertopic,n15_c25_s42,-1,0.0
541137,bertopic,n15_c25_s42,6,1.0
541162,bertopic,n15_c25_s42,22,0.7696634272498256
541211,bertopic,n15_c25_s42,34,0.7768336181787366
541339,bertopic,n15_c25_s42,-1,0.0
541374,bertopic,n15_c25_s42,-1,0.0
541385,bertopic,n15_c25_s42,-1,0.0
541402,bertopic,n15_c25_s42,29,1.0
541424,bertopic,n15_c25_s42,32,0.4621457071832222
541446,bertopic,n15_c25_s42,29,0.6242740262955663
541518,bertopic,n15_c25_s42,-1,0.0
541556,bertopic,n15_c25_s42,43,0.9286351907853381
541586,bertopic,n15_c25_s42,43,0.9286351907853381
541848,bertopic,n15_c25_s42,27,0.1584821822611614
541900,bertopic,n15_c25_s42,-1,0.0
541933,bertopic,n15_c25_s42,59,1.0
541967,bertopic,n15_c25_s42,21,0.8269808536940652
542073,bertopic,n15_c25_s42,43,0.9286351907853381
542075,bertopic,n15_c25_s42,19,1.0
542164,bertopic,n15_c25_s42,20,0.76802728625571
542345,bertopic,n15_c25_s42,32,0.8728685121258554
542423,bertopic,n15_c25_s42,0,1.0
542446,bertopic,n15_c25_s42,0,1.0
542542,bertopic,n15_c25_s42,7,1.0
542770,bertopic,n15_c25_s42,-1,0.0
542814,bertopic,n15_c25_s42,11,0.37266698238389306
542853,bertopic,n15_c25_s42,6,1.0
542860,bertopic,n15_c25_s42,9,0.4660653238729495
542911,bertopic,n15_c25_s42,16,0.9767042254455339
542917,bertopic,n15_c25_s42,0,0.3277305395150376
542927,bertopic,n15_c25_s42,0,1.0
543061,bertopic,n15_c25_s42,0,0.7594353614421889
543074,bertopic,n15_c25_s42,35,0.36176453688883575
543199,bertopic,n15_c25_s42,36,0.24350978998570838
543253,bertopic,n15_c25_s42,11,0.27574310761877074
543527,bertopic,n15_c25_s42,7,1.0
543631,bertopic,n15_c25_s42,0,0.8252224512077474
543752,bertopic,n15_c25_s42,6,1.0
543798,bertopic,n15_c25_s42,4,1.0
543801,bertopic,n15_c25_s42,44,1.0
543888,bertopic,n15_c25_s42,15,1.0
543931,bertopic,n15_c25_s42,31,0.9457452897296321
543982,bertopic,n15_c25_s42,30,1.0
544171,bertopic,n15_c25_s42,21,0.7576061806569371
544222,bertopic,n15_c25_s42,19,1.0
544370,bertopic,n15_c25_s42,18,0.9111745616508549
544383,bertopic,n15_c25_s42,0,1.0
544495,bertopic,n15_c25_s42,11,0.42024230296393905
544549,bertopic,n15_c25_s42,30,1.0
544691,bertopic,n15_c25_s42,1,1.0
544717,bertopic,n15_c25_s42,55,1.0
544815,bertopic,n15_c25_s42,0,1.0
544945,bertopic,n15_c25_s42,-1,0.0
545076,bertopic,n15_c25_s42,19,0.7267409501865885
545090,bertopic,n15_c25_s42,17,1.0
545113,bertopic,n15_c25_s42,2,0.8549896404982731
545349,bertopic,n15_c25_s42,2,1.0
545356,bertopic,n15_c25_s42,2,1.0
545373,bertopic,n15_c25_s42,-1,0.0
545605,bertopic,n15_c25_s42,10,0.2075943767911414
545612,bertopic,n15_c25_s42,3,0.7657847527693615
545631,bertopic,n15_c25_s42,1,1.0
545646,bertopic,n15_c25_s42,24,1.0
545698,bertopic,n15_c25_s42,54,1.0
545713,bertopic,n15_c25_s42,42,0.25431109934626284
545815,bertopic,n15_c25_s42,13,0.8777486857935504
545913,bertopic,n15_c25_s42,-1,0.0
545996,bertopic,n15_c25_s42,7,1.0
546020,bertopic,n15_c25_s42,10,1.0
546031,bertopic,n15_c25_s42,-1,0.0
546045,bertopic,n15_c25_s42,2,1.0
546051,bertopic,n15_c25_s42,-1,0.0
546058,bertopic,n15_c25_s42,31,1.0
546154,bertopic,n15_c25_s42,-1,0.0
546160,bertopic,n15_c25_s42,0,1.0
546207,bertopic,n15_c25_s42,16,0.4262637714188173
546245,bertopic,n15_c25_s42,17,0.7102883025493203
546308,bertopic,n15_c25_s42,1,0.7365473200867206
546320,bertopic,n15_c25_s42,-1,0.0
546374,bertopic,n15_c25_s42,-1,0.0
546490,bertopic,n15_c25_s42,1,1.0
546531,bertopic,n15_c25_s42,15,0.8753850952454356
546575,bertopic,n15_c25_s42,4,1.0
546698,bertopic,n15_c25_s42,52,1.0
546719,bertopic,n15_c25_s42,1,1.0
546846,bertopic,n15_c25_s42,19,0.39535119217806813
546848,bertopic,n15_c25_s42,52,1.0
547261,bertopic,n15_c25_s42,67,1.0
547350,bertopic,n15_c25_s42,7,0.8519188422237207
547354,bertopic,n15_c25_s42,19,0.9866879184504604
547487,bertopic,n15_c25_s42,42,0.527759780828708
547492,bertopic,n15_c25_s42,1,0.733484671554008
547511,bertopic,n15_c25_s42,-1,0.0
547560,bertopic,n15_c25_s42,10,1.0
547575,bertopic,n15_c25_s42,9,0.4246124304103164
547684,bertopic,n15_c25_s42,0,0.1344555810401498
547687,bertopic,n15_c25_s42,43,1.0
547776,bertopic,n15_c25_s42,3,0.8662011298623876
547821,bertopic,n15_c25_s42,19,0.7796676457888441
547826,bertopic,n15_c25_s42,-1,0.0
547863,bertopic,n15_c25_s42,0,0.3277305395150376
547928,bertopic,n15_c25_s42,0,1.0
547959,bertopic,n15_c25_s42,7,1.0
548026,bertopic,n15_c25_s42,37,1.0
548152,bertopic,n15_c25_s42,42,0.31187688692893845
548169,bertopic,n15_c25_s42,46,1.0
548254,bertopic,n15_c25_s42,42,1.0
548362,bertopic,n15_c25_s42,1,1.0
548526,bertopic,n15_c25_s42,59,1.0
548559,bertopic,n15_c25_s42,15,0.9724073375290669
548607,bertopic,n15_c25_s42,6,1.0
548636,bertopic,n15_c25_s42,15,1.0
548701,bertopic,n15_c25_s42,52,1.0
548736,bertopic,n15_c25_s42,49,1.0
548773,bertopic,n15_c25_s42,36,1.0
548800,bertopic,n15_c25_s42,17,1.0
548878,bertopic,n15_c25_s42,-1,0.0
548965,bertopic,n15_c25_s42,17,1.0
548981,bertopic,n15_c25_s42,15,1.0
549015,bertopic,n15_c25_s42,52,1.0
549049,bertopic,n15_c25_s42,24,0.5418226442725558
549108,bertopic,n15_c25_s42,44,0.913015081332211
549122,bertopic,n15_c25_s42,15,0.7824333618408463
549135,bertopic,n15_c25_s42,-1,0.0
549219,bertopic,n15_c25_s42,-1,0.0
549236,bertopic,n15_c25_s42,-1,0.0
549255,bertopic,n15_c25_s42,19,0.39535119217806813
549333,bertopic,n15_c25_s42,15,1.0
549355,bertopic,n15_c25_s42,-1,0.0
549361,bertopic,n15_c25_s42,9,0.4761326652432106
549367,bertopic,n15_c25_s42,1,1.0
549379,bertopic,n15_c25_s42,-1,0.0
549443,bertopic,n15_c25_s42,3,0.9937005083724499
549469,bertopic,n15_c25_s42,2,1.0
549481,bertopic,n15_c25_s42,14,0.9610954347069857
549579,bertopic,n15_c25_s42,15,0.8588147767938055
549605,bertopic,n15_c25_s42,15,0.4414227270143053
549711,bertopic,n15_c25_s42,1,1.0
549737,bertopic,n15_c25_s42,52,1.0
549751,bertopic,n15_c25_s42,9,0.3985234402466584
549914,bertopic,n15_c25_s42,7,1.0
550064,bertopic,n15_c25_s42,1,1.0
550072,bertopic,n15_c25_s42,22,0.9652597169209939
550080,bertopic,n15_c25_s42,3,0.9235205397404076
550108,bertopic,n15_c25_s42,62,1.0
550249,bertopic,n15_c25_s42,43,1.0
550273,bertopic,n15_c25_s42,2,1.0
550330,bertopic,n15_c25_s42,2,1.0
550411,bertopic,n15_c25_s42,0,0.5721608202923522
550444,bertopic,n15_c25_s42,0,1.0
550450,bertopic,n15_c25_s42,2,1.0
550480,bertopic,n15_c25_s42,2,1.0
550483,bertopic,n15_c25_s42,2,1.0
550508,bertopic,n15_c25_s42,2,0.7483445918313503
550534,bertopic,n15_c25_s42,2,1.0
550553,bertopic,n15_c25_s42,2,0.7483445918313503
550590,bertopic,n15_c25_s42,59,1.0
550666,bertopic,n15_c25_s42,2,1.0
550820,bertopic,n15_c25_s42,30,0.08840985803638925
550836,bertopic,n15_c25_s42,5,0.5453249088574942
550872,bertopic,n15_c25_s42,15,0.6795430867398284
550901,bertopic,n15_c25_s42,-1,0.0
551022,bertopic,n15_c25_s42,10,0.5792377927117244
551073,bertopic,n15_c25_s42,-1,0.0
551081,bertopic,n15_c25_s42,6,0.49891432150266996
551096,bertopic,n15_c25_s42,17,0.4936352678158918
551207,bertopic,n15_c25_s42,54,1.0
551265,bertopic,n15_c25_s42,11,0.45224011143888
551280,bertopic,n15_c25_s42,1,1.0
551297,bertopic,n15_c25_s42,-1,0.0
551395,bertopic,n15_c25_s42,-1,0.0
551428,bertopic,n15_c25_s42,17,0.9511138749888308
551481,bertopic,n15_c25_s42,-1,0.0
551515,bertopic,n15_c25_s42,-1,0.0
551580,bertopic,n15_c25_s42,15,0.7336683502459552
551582,bertopic,n15_c25_s42,-1,0.0
551586,bertopic,n15_c25_s42,32,1.0
551716,bertopic,n15_c25_s42,19,1.0
551754,bertopic,n15_c25_s42,1,1.0
551912,bertopic,n15_c25_s42,1,1.0
552002,bertopic,n15_c25_s42,19,0.7667480327831825
552020,bertopic,n15_c25_s42,9,0.4761326652432106
552086,bertopic,n15_c25_s42,12,0.4542734788088992
552104,bertopic,n15_c25_s42,-1,0.0
552167,bertopic,n15_c25_s42,47,1.0
552188,bertopic,n15_c25_s42,47,1.0
552206,bertopic,n15_c25_s42,-1,0.0
552207,bertopic,n15_c25_s42,47,1.0
552221,bertopic,n15_c25_s42,2,1.0
552260,bertopic,n15_c25_s42,7,1.0
552364,bertopic,n15_c25_s42,-1,0.0
552399,bertopic,n15_c25_s42,29,1.0
552421,bertopic,n15_c25_s42,-1,0.0
552476,bertopic,n15_c25_s42,23,0.8995280842634165
552500,bertopic,n15_c25_s42,1,1.0
552506,bertopic,n15_c25_s42,25,0.36312392029579155
552513,bertopic,n15_c25_s42,24,0.26034559647203037
552543,bertopic,n15_c25_s42,-1,0.0
552561,bertopic,n15_c25_s42,-1,0.0
552584,bertopic,n15_c25_s42,60,0.9875954858274504
552663,bertopic,n15_c25_s42,24,0.23710768059471438
552667,bertopic,n15_c25_s42,47,0.9183672900393267
552725,bertopic,n15_c25_s42,15,0.9442659820352111
552737,bertopic,n15_c25_s42,15,1.0
552741,bertopic,n15_c25_s42,0,1.0
552761,bertopic,n15_c25_s42,1,1.0
552791,bertopic,n15_c25_s42,7,1.0
553200,bertopic,n15_c25_s42,65,1.0
553205,bertopic,n15_c25_s42,10,1.0
553270,bertopic,n15_c25_s42,3,0.9357352234835526
553278,bertopic,n15_c25_s42,1,1.0
553460,bertopic,n15_c25_s42,19,0.39535119217806813
553484,bertopic,n15_c25_s42,0,0.7039002400217588
553628,bertopic,n15_c25_s42,-1,0.0
553802,bertopic,n15_c25_s42,4,1.0
553941,bertopic,n15_c25_s42,4,0.9474961895591554
553997,bertopic,n15_c25_s42,17,1.0
554009,bertopic,n15_c25_s42,0,0.9333487563259163
554062,bertopic,n15_c25_s42,1,0.9512401733374696
554121,bertopic,n15_c25_s42,-1,0.0
554126,bertopic,n15_c25_s42,45,0.31220197653644116
554133,bertopic,n15_c25_s42,-1,0.0
554230,bertopic,n15_c25_s42,3,1.0
554294,bertopic,n15_c25_s42,-1,0.0
554391,bertopic,n15_c25_s42,59,0.2716856219700375
554442,bertopic,n15_c25_s42,6,0.5985368561170693
554492,bertopic,n15_c25_s42,57,1.0
554543,bertopic,n15_c25_s42,-1,0.0
554685,bertopic,n15_c25_s42,58,1.0
554745,bertopic,n15_c25_s42,60,1.0
554759,bertopic,n15_c25_s42,15,0.5101655239574192
554820,bertopic,n15_c25_s42,45,1.0
554844,bertopic,n15_c25_s42,7,1.0
555019,bertopic,n15_c25_s42,22,0.5967453803184829
555048,bertopic,n15_c25_s42,1,1.0
555056,bertopic,n15_c25_s42,63,0.9923109061330371
555062,bertopic,n15_c25_s42,-1,0.0
555506,bertopic,n15_c25_s42,0,1.0
555549,bertopic,n15_c25_s42,44,1.0
555641,bertopic,n15_c25_s42,-1,0.0
555737,bertopic,n15_c25_s42,10,0.9679482006392421
555783,bertopic,n15_c25_s42,9,0.414368576027031
555870,bertopic,n15_c25_s42,28,0.3643712019375373
555933,bertopic,n15_c25_s42,-1,0.0
555969,bertopic,n15_c25_s42,13,0.3659699304422956
556008,bertopic,n15_c25_s42,53,0.631480032459556
556034,bertopic,n15_c25_s42,-1,0.0
556197,bertopic,n15_c25_s42,22,1.0
556377,bertopic,n15_c25_s42,3,1.0
556380,bertopic,n15_c25_s42,29,0.9762149247140562
556557,bertopic,n15_c25_s42,7,0.12682601409205835
556570,bertopic,n15_c25_s42,-1,0.0
556585,bertopic,n15_c25_s42,20,1.0
556622,bertopic,n15_c25_s42,-1,0.0
556635,bertopic,n15_c25_s42,1,1.0
556708,bertopic,n15_c25_s42,-1,0.0
556751,bertopic,n15_c25_s42,4,1.0
556948,bertopic,n15_c25_s42,1,0.733484671554008
556974,bertopic,n15_c25_s42,33,0.8879358558803666
557015,bertopic,n15_c25_s42,65,1.0
557078,bertopic,n15_c25_s42,1,0.9626929597875836
557122,bertopic,n15_c25_s42,19,0.39535119217806813
557176,bertopic,n15_c25_s42,20,0.7312026223026052
557244,bertopic,n15_c25_s42,32,0.5456023409076122
557262,bertopic,n15_c25_s42,-1,0.0
557284,bertopic,n15_c25_s42,1,1.0
557350,bertopic,n15_c25_s42,0,1.0
557442,bertopic,n15_c25_s42,66,1.0
557857,bertopic,n15_c25_s42,22,1.0
557868,bertopic,n15_c25_s42,11,0.41134744038452253
557988,bertopic,n15_c25_s42,52,1.0
557996,bertopic,n15_c25_s42,1,1.0
558178,bertopic,n15_c25_s42,17,0.38638641236474397
558413,bertopic,n15_c25_s42,7,1.0
558564,bertopic,n15_c25_s42,46,1.0
558652,bertopic,n15_c25_s42,15,1.0
558731,bertopic,n15_c25_s42,-1,0.0
558769,bertopic,n15_c25_s42,22,0.9652597169209939
558896,bertopic,n15_c25_s42,-1,0.0
558940,bertopic,n15_c25_s42,11,1.0
559059,bertopic,n15_c25_s42,0,1.0
559407,bertopic,n15_c25_s42,10,0.5780155378324492
559507,bertopic,n15_c25_s42,63,1.0
559536,bertopic,n15_c25_s42,15,1.0
559585,bertopic,n15_c25_s42,0,1.0
559597,bertopic,n15_c25_s42,18,1.0
559815,bertopic,n15_c25_s42,24,0.11771734095479094
559853,bertopic,n15_c25_s42,1,1.0
559866,bertopic,n15_c25_s42,3,1.0
559920,bertopic,n15_c25_s42,41,0.9295409247930086
560010,bertopic,n15_c25_s42,-1,0.0
560052,bertopic,n15_c25_s42,0,1.0
560283,bertopic,n15_c25_s42,0,1.0
560291,bertopic,n15_c25_s42,4,0.8785844095702475
560327,bertopic,n15_c25_s42,11,0.5652621563865308
560330,bertopic,n15_c25_s42,52,0.2885838982216589
560368,bertopic,n15_c25_s42,19,1.0
560409,bertopic,n15_c25_s42,24,0.2787337971289722
560436,bertopic,n15_c25_s42,51,1.0
560649,bertopic,n15_c25_s42,16,0.2463961572674503
560713,bertopic,n15_c25_s42,1,1.0
560910,bertopic,n15_c25_s42,65,1.0
561017,bertopic,n15_c25_s42,0,1.0
561059,bertopic,n15_c25_s42,64,0.9252092609957169
561102,bertopic,n15_c25_s42,8,0.49986457157610514
561262,bertopic,n15_c25_s42,1,1.0
561342,bertopic,n15_c25_s42,44,1.0
561402,bertopic,n15_c25_s42,11,0.7540750575498053
562011,bertopic,n15_c25_s42,21,0.8249726743922705
562096,bertopic,n15_c25_s42,1,1.0
562373,bertopic,n15_c25_s42,-1,0.0
562627,bertopic,n15_c25_s42,7,1.0
562656,bertopic,n15_c25_s42,2,0.9029578968077432
562705,bertopic,n15_c25_s42,65,1.0
562713,bertopic,n15_c25_s42,43,0.9286351907853381
562777,bertopic,n15_c25_s42,65,1.0
562962,bertopic,n15_c25_s42,6,1.0
563028,bertopic,n15_c25_s42,17,1.0
563043,bertopic,n15_c25_s42,9,0.6000546929368741
563237,bertopic,n15_c25_s42,15,0.8743592305923035
563310,bertopic,n15_c25_s42,22,1.0
563428,bertopic,n15_c25_s42,-1,0.0
563562,bertopic,n15_c25_s42,26,1.0
563606,bertopic,n15_c25_s42,22,1.0
563716,bertopic,n15_c25_s42,1,1.0
563736,bertopic,n15_c25_s42,8,0.4005607488619742
563774,bertopic,n15_c25_s42,1,0.7365473200867206
563870,bertopic,n15_c25_s42,7,1.0
564061,bertopic,n15_c25_s42,0,1.0
564110,bertopic,n15_c25_s42,7,0.12682601409205835
564294,bertopic,n15_c25_s42,33,1.0
564426,bertopic,n15_c25_s42,36,0.851693111827032
564476,bertopic,n15_c25_s42,23,0.8946137210427298
564562,bertopic,n15_c25_s42,22,0.9652597169209939
564695,bertopic,n15_c25_s42,62,1.0
564808,bertopic,n15_c25_s42,-1,0.0
564887,bertopic,n15_c25_s42,12,0.7366867689364275
564981,bertopic,n15_c25_s42,7,1.0
565085,bertopic,n15_c25_s42,20,0.9182451580689676
565323,bertopic,n15_c25_s42,0,1.0
565485,bertopic,n15_c25_s42,47,1.0
565529,bertopic,n15_c25_s42,1,1.0
565598,bertopic,n15_c25_s42,-1,0.0
565654,bertopic,n15_c25_s42,4,0.6177366271559818
565790,bertopic,n15_c25_s42,-1,0.0
565832,bertopic,n15_c25_s42,0,1.0
565873,bertopic,n15_c25_s42,22,1.0
565886,bertopic,n15_c25_s42,-1,0.0
565964,bertopic,n15_c25_s42,-1,0.0
566067,bertopic,n15_c25_s42,23,0.8946137210427298
566139,bertopic,n15_c25_s42,-1,0.0
566214,bertopic,n15_c25_s42,-1,0.0
566438,bertopic,n15_c25_s42,13,0.9098841937061729
566451,bertopic,n15_c25_s42,-1,0.0
566478,bertopic,n15_c25_s42,3,1.0
566626,bertopic,n15_c25_s42,6,0.7994953239010024
566687,bertopic,n15_c25_s42,54,1.0
566735,bertopic,n15_c25_s42,-1,0.0
566827,bertopic,n15_c25_s42,1,1.0
566929,bertopic,n15_c25_s42,-1,0.0
567016,bertopic,n15_c25_s42,0,1.0
567033,bertopic,n15_c25_s42,0,1.0
567038,bertopic,n15_c25_s42,0,1.0
567040,bertopic,n15_c25_s42,0,1.0
567094,bertopic,n15_c25_s42,-1,0.0
567137,bertopic,n15_c25_s42,0,0.90458743881053
567141,bertopic,n15_c25_s42,0,1.0
567285,bertopic,n15_c25_s42,0,0.1344555810401498
567617,bertopic,n15_c25_s42,1,0.8791638520552585
567672,bertopic,n15_c25_s42,63,1.0
567805,bertopic,n15_c25_s42,6,1.0
568002,bertopic,n15_c25_s42,0,1.0
568156,bertopic,n15_c25_s42,-1,0.0
568166,bertopic,n15_c25_s42,50,1.0
568243,bertopic,n15_c25_s42,44,1.0
568292,bertopic,n15_c25_s42,-1,0.0
568837,bertopic,n15_c25_s42,-1,0.0
568992,bertopic,n15_c25_s42,36,0.5259189168047682
569009,bertopic,n15_c25_s42,67,1.0
569044,bertopic,n15_c25_s42,11,0.42625538592027223
569205,bertopic,n15_c25_s42,44,1.0
569354,bertopic,n15_c25_s42,1,1.0
569480,bertopic,n15_c25_s42,11,0.27574310761877074
569506,bertopic,n15_c25_s42,7,0.2579423201461107
569629,bertopic,n15_c25_s42,1,1.0
570603,bertopic,n15_c25_s42,1,0.8271832573219676
571389,bertopic,n15_c25_s42,68,1.0
576920,bertopic,n15_c25_s42,35,1.0
577338,bertopic,n15_c25_s42,21,1.0
578713,bertopic,n15_c25_s42,16,0.4262637714188173
582036,bertopic,n15_c25_s42,29,0.7217498277728078
586844,bertopic,n15_c25_s42,-1,0.0
587422,bertopic,n15_c25_s42,12,1.0
589437,bertopic,n15_c25_s42,21,0.42966083023818075
590150,bertopic,n15_c25_s42,-1,0.0
592051,bertopic,n15_c25_s42,3,1.0
598866,bertopic,n15_c25_s42,7,0.12682601409205835
600392,bertopic,n15_c25_s42,2,0.6080049878248824
600706,bertopic,n15_c25_s42,29,1.0
602727,bertopic,n15_c25_s42,16,0.5586256099450928
602851,bertopic,n15_c25_s42,-1,0.0
603832,bertopic,n15_c25_s42,0,1.0
604489,bertopic,n15_c25_s42,-1,0.0
608360,bertopic,n15_c25_s42,9,0.41512588122516264
608599,bertopic,n15_c25_s42,6,0.53179647247425
609335,bertopic,n15_c25_s42,10,0.9679482006392421
610962,bertopic,n15_c25_s42,23,1.0
614593,bertopic,n15_c25_s42,41,1.0
615041,bertopic,n15_c25_s42,47,1.0
617701,bertopic,n15_c25_s42,17,0.38638641236474397
619719,bertopic,n15_c25_s42,-1,0.0
620069,bertopic,n15_c25_s42,3,1.0
622146,bertopic,n15_c25_s42,57,0.5445615857591395
623162,bertopic,n15_c25_s42,9,1.0
623174,bertopic,n15_c25_s42,17,1.0
624005,bertopic,n15_c25_s42,57,0.544629949583456
625400,bertopic,n15_c25_s42,30,1.0
627373,bertopic,n15_c25_s42,20,0.9796522994329231
629330,bertopic,n15_c25_s42,29,1.0
635355,bertopic,n15_c25_s42,-1,0.0
636059,bertopic,n15_c25_s42,6,0.5748242658357872
641233,bertopic,n15_c25_s42,5,0.5268460519238358
641254,bertopic,n15_c25_s42,7,1.0
641306,bertopic,n15_c25_s42,14,0.9849618464056956
645141,bertopic,n15_c25_s42,59,1.0
646775,bertopic,n15_c25_s42,14,1.0
646853,bertopic,n15_c25_s42,22,1.0
647749,bertopic,n15_c25_s42,4,1.0
647793,bertopic,n15_c25_s42,4,1.0
648284,bertopic,n15_c25_s42,3,0.9763837133297479
649738,bertopic,n15_c25_s42,28,1.0
650217,bertopic,n15_c25_s42,1,1.0
650310,bertopic,n15_c25_s42,6,1.0
650337,bertopic,n15_c25_s42,6,0.7839310194113182
650456,bertopic,n15_c25_s42,23,0.895487055892526
650686,bertopic,n15_c25_s42,12,0.5026985488648505
650941,bertopic,n15_c25_s42,-1,0.0
651000,bertopic,n15_c25_s42,14,1.0
651240,bertopic,n15_c25_s42,13,0.32126907487912926
651890,bertopic,n15_c25_s42,37,1.0
654131,bertopic,n15_c25_s42,33,0.9970799455516627
654463,bertopic,n15_c25_s42,10,0.5792377927117244
654552,bertopic,n15_c25_s42,-1,0.0
654648,bertopic,n15_c25_s42,-1,0.0
656038,bertopic,n15_c25_s42,38,1.0
656246,bertopic,n15_c25_s42,22,0.5967453803184829
657205,bertopic,n15_c25_s42,16,0.8089021234873597
657566,bertopic,n15_c25_s42,6,1.0
658037,bertopic,n15_c25_s42,13,0.9561885297382398
658203,bertopic,n15_c25_s42,-1,0.0
658396,bertopic,n15_c25_s42,-1,0.0
658987,bertopic,n15_c25_s42,2,0.665970425280419
659058,bertopic,n15_c25_s42,1,1.0
659235,bertopic,n15_c25_s42,4,0.8958199280830451
659272,bertopic,n15_c25_s42,2,0.7818941245013139
659284,bertopic,n15_c25_s42,0,1.0
659365,bertopic,n15_c25_s42,37,0.8553382504581093
659788,bertopic,n15_c25_s42,9,1.0
659832,bertopic,n15_c25_s42,0,1.0
660079,bertopic,n15_c25_s42,52,1.0
660113,bertopic,n15_c25_s42,26,0.8622950272481127
660369,bertopic,n15_c25_s42,0,1.0
660608,bertopic,n15_c25_s42,47,0.9168155810715405
660755,bertopic,n15_c25_s42,3,0.9235205397404076
660895,bertopic,n15_c25_s42,20,0.9335243027314581
660904,bertopic,n15_c25_s42,9,1.0
661062,bertopic,n15_c25_s42,38,1.0
661200,bertopic,n15_c25_s42,0,1.0
661215,bertopic,n15_c25_s42,21,0.664384573175885
661574,bertopic,n15_c25_s42,59,1.0
661725,bertopic,n15_c25_s42,31,0.9327483628563156
662701,bertopic,n15_c25_s42,-1,0.0
663919,bertopic,n15_c25_s42,9,0.46473132870011025
665315,bertopic,n15_c25_s42,-1,0.0
666200,bertopic,n15_c25_s42,37,1.0
666810,bertopic,n15_c25_s42,6,0.9454323657271602
667190,bertopic,n15_c25_s42,13,1.0
667860,bertopic,n15_c25_s42,38,1.0
669845,bertopic,n15_c25_s42,4,1.0
669848,bertopic,n15_c25_s42,-1,0.0
669937,bertopic,n15_c25_s42,-1,0.0
669941,bertopic,n15_c25_s42,4,1.0
670968,bertopic,n15_c25_s42,13,1.0
671140,bertopic,n15_c25_s42,39,0.6718090983924219
671264,bertopic,n15_c25_s42,20,0.7228237871813953
671332,bertopic,n15_c25_s42,3,0.8948673835278722
671530,bertopic,n15_c25_s42,5,1.0
671716,bertopic,n15_c25_s42,4,1.0
671874,bertopic,n15_c25_s42,44,1.0
672187,bertopic,n15_c25_s42,14,0.9255648073183753
672188,bertopic,n15_c25_s42,13,1.0
672208,bertopic,n15_c25_s42,-1,0.0
672216,bertopic,n15_c25_s42,-1,0.0
672224,bertopic,n15_c25_s42,20,0.7123912962588616
672255,bertopic,n15_c25_s42,14,0.876980844789634
672259,bertopic,n15_c25_s42,14,0.9255648073183753
672266,bertopic,n15_c25_s42,3,0.9340178153392784
672285,bertopic,n15_c25_s42,10,0.521736999503432
672350,bertopic,n15_c25_s42,14,0.9255648073183753
672648,bertopic,n15_c25_s42,-1,0.0
672738,bertopic,n15_c25_s42,-1,0.0
672889,bertopic,n15_c25_s42,3,1.0
673275,bertopic,n15_c25_s42,10,0.5792377927117244
673442,bertopic,n15_c25_s42,-1,0.0
673580,bertopic,n15_c25_s42,-1,0.0
674506,bertopic,n15_c25_s42,3,1.0
674842,bertopic,n15_c25_s42,17,1.0
675026,bertopic,n15_c25_s42,0,1.0
675108,bertopic,n15_c25_s42,45,0.29044296551201876
675446,bertopic,n15_c25_s42,-1,0.0
675822,bertopic,n15_c25_s42,-1,0.0
675946,bertopic,n15_c25_s42,-1,0.0
677283,bertopic,n15_c25_s42,3,0.9730793392172288
678454,bertopic,n15_c25_s42,40,1.0
678786,bertopic,n15_c25_s42,6,0.8007958045095578
679255,bertopic,n15_c25_s42,22,1.0
679282,bertopic,n15_c25_s42,-1,0.0
680093,bertopic,n15_c25_s42,-1,0.0
681005,bertopic,n15_c25_s42,44,1.0
681256,bertopic,n15_c25_s42,0,0.3277305395150376
682450,bertopic,n15_c25_s42,51,1.0
682792,bertopic,n15_c25_s42,23,1.0
682795,bertopic,n15_c25_s42,20,0.8764287065087588
684367,bertopic,n15_c25_s42,0,1.0
684523,bertopic,n15_c25_s42,-1,0.0
684662,bertopic,n15_c25_s42,-1,0.0
685773,bertopic,n15_c25_s42,-1,0.0
686017,bertopic,n15_c25_s42,0,1.0
686476,bertopic,n15_c25_s42,4,1.0
686825,bertopic,n15_c25_s42,1,0.3660888077406
686901,bertopic,n15_c25_s42,5,0.517085538008485
687371,bertopic,n15_c25_s42,-1,0.0
687392,bertopic,n15_c25_s42,-1,0.0
687573,bertopic,n15_c25_s42,-1,0.0
687672,bertopic,n15_c25_s42,29,1.0
687861,bertopic,n15_c25_s42,0,0.1344555810401498
688223,bertopic,n15_c25_s42,40,0.28147733816307513
688427,bertopic,n15_c25_s42,-1,0.0
689217,bertopic,n15_c25_s42,1,0.3660888077406
689930,bertopic,n15_c25_s42,-1,0.0
690064,bertopic,n15_c25_s42,-1,0.0
690689,bertopic,n15_c25_s42,1,1.0
691058,bertopic,n15_c25_s42,-1,0.0
692064,bertopic,n15_c25_s42,31,1.0
692103,bertopic,n15_c25_s42,38,0.3668935923199746
693494,bertopic,n15_c25_s42,15,1.0
693639,bertopic,n15_c25_s42,45,0.1967150076120959
693796,bertopic,n15_c25_s42,-1,0.0
694629,bertopic,n15_c25_s42,41,1.0
695507,bertopic,n15_c25_s42,0,1.0
695646,bertopic,n15_c25_s42,-1,0.0
695834,bertopic,n15_c25_s42,30,1.0
696932,bertopic,n15_c25_s42,-1,0.0
697017,bertopic,n15_c25_s42,20,0.7822430928557331
697046,bertopic,n15_c25_s42,9,0.4761326652432106
697183,bertopic,n15_c25_s42,-1,0.0
697295,bertopic,n15_c25_s42,15,0.6528598848202208
697643,bertopic,n15_c25_s42,30,1.0
697663,bertopic,n15_c25_s42,6,0.7826055620116902
697849,bertopic,n15_c25_s42,31,1.0
698280,bertopic,n15_c25_s42,11,1.0
698457,bertopic,n15_c25_s42,52,1.0
699032,bertopic,n15_c25_s42,-1,0.0
699594,bertopic,n15_c25_s42,3,0.9763837133297479
699720,bertopic,n15_c25_s42,19,0.6997462087733023
701079,bertopic,n15_c25_s42,40,1.0
703683,bertopic,n15_c25_s42,12,0.5026985488648505
703890,bertopic,n15_c25_s42,67,1.0
704137,bertopic,n15_c25_s42,-1,0.0
704168,bertopic,n15_c25_s42,60,1.0
704790,bertopic,n15_c25_s42,-1,0.0
704909,bertopic,n15_c25_s42,36,0.7390614889568818
704931,bertopic,n15_c25_s42,0,1.0
706120,bertopic,n15_c25_s42,-1,0.0
707021,bertopic,n15_c25_s42,8,0.10755563788821462
707393,bertopic,n15_c25_s42,7,1.0
707539,bertopic,n15_c25_s42,43,0.9286351907853381
708274,bertopic,n15_c25_s42,30,1.0
709574,bertopic,n15_c25_s42,17,1.0
710220,bertopic,n15_c25_s42,-1,0.0
710778,bertopic,n15_c25_s42,7,1.0
710990,bertopic,n15_c25_s42,-1,0.0
711238,bertopic,n15_c25_s42,2,1.0
711327,bertopic,n15_c25_s42,21,1.0
711526,bertopic,n15_c25_s42,35,1.0
711747,bertopic,n15_c25_s42,46,1.0
713563,bertopic,n15_c25_s42,3,1.0
713863,bertopic,n15_c25_s42,23,1.0
714598,bertopic,n15_c25_s42,-1,0.0
715089,bertopic,n15_c25_s42,4,1.0
715332,bertopic,n15_c25_s42,2,0.916135781667514
715731,bertopic,n15_c25_s42,2,0.877973111508741
716169,bertopic,n15_c25_s42,10,0.5780155378324492
717048,bertopic,n15_c25_s42,0,1.0
718752,bertopic,n15_c25_s42,24,0.32775685252227893
719093,bertopic,n15_c25_s42,24,0.8124084654336117
719149,bertopic,n15_c25_s42,2,0.6080049878248824
719493,bertopic,n15_c25_s42,11,1.0
720256,bertopic,n15_c25_s42,19,0.6431097138119227
720997,bertopic,n15_c25_s42,59,1.0
721187,bertopic,n15_c25_s42,2,0.7483445918313503
721633,bertopic,n15_c25_s42,5,0.8820009867622272
722331,bertopic,n15_c25_s42,7,1.0
723845,bertopic,n15_c25_s42,11,0.7063619980830457
725574,bertopic,n15_c25_s42,1,1.0
725605,bertopic,n15_c25_s42,0,1.0
725827,bertopic,n15_c25_s42,7,1.0
727150,bertopic,n15_c25_s42,6,1.0
727347,bertopic,n15_c25_s42,40,1.0
727745,bertopic,n15_c25_s42,3,1.0
728317,bertopic,n15_c25_s42,34,1.0
729085,bertopic,n15_c25_s42,31,1.0
729270,bertopic,n15_c25_s42,41,1.0
730351,bertopic,n15_c25_s42,1,1.0
730651,bertopic,n15_c25_s42,18,0.8807164839718108
731051,bertopic,n15_c25_s42,16,1.0
734258,bertopic,n15_c25_s42,-1,0.0
735258,bertopic,n15_c25_s42,20,0.7228237871813953
735350,bertopic,n15_c25_s42,47,0.9737084672985338
735597,bertopic,n15_c25_s42,9,0.5274834560268162
736369,bertopic,n15_c25_s42,0,1.0
736628,bertopic,n15_c25_s42,63,1.0
736713,bertopic,n15_c25_s42,-1,0.0
737005,bertopic,n15_c25_s42,24,0.24828984342521354
737083,bertopic,n15_c25_s42,16,0.7501216496483706
737896,bertopic,n15_c25_s42,1,1.0
738247,bertopic,n15_c25_s42,20,1.0
738462,bertopic,n15_c25_s42,30,1.0
738524,bertopic,n15_c25_s42,44,1.0
738718,bertopic,n15_c25_s42,52,1.0
739406,bertopic,n15_c25_s42,40,1.0
739497,bertopic,n15_c25_s42,-1,0.0
740804,bertopic,n15_c25_s42,7,0.8424237449790613
741068,bertopic,n15_c25_s42,0,1.0
741213,bertopic,n15_c25_s42,3,0.9569450650391695
742014,bertopic,n15_c25_s42,19,0.7457864638642188
742272,bertopic,n15_c25_s42,0,0.3277305395150376
742408,bertopic,n15_c25_s42,3,0.8340404261981882
743015,bertopic,n15_c25_s42,15,0.7208829320270088
743992,bertopic,n15_c25_s42,31,0.8731314480630533
744328,bertopic,n15_c25_s42,5,0.5935887025520024
744612,bertopic,n15_c25_s42,4,1.0
744814,bertopic,n15_c25_s42,0,1.0
745242,bertopic,n15_c25_s42,-1,0.0
746933,bertopic,n15_c25_s42,1,1.0
747079,bertopic,n15_c25_s42,-1,0.0
748725,bertopic,n15_c25_s42,3,1.0
749422,bertopic,n15_c25_s42,44,1.0
751604,bertopic,n15_c25_s42,14,0.9255648073183753
751753,bertopic,n15_c25_s42,35,1.0
752173,bertopic,n15_c25_s42,21,1.0
753032,bertopic,n15_c25_s42,16,0.5495893514415027
755679,bertopic,n15_c25_s42,-1,0.0
756819,bertopic,n15_c25_s42,24,0.09408341481117545
757036,bertopic,n15_c25_s42,15,1.0
757221,bertopic,n15_c25_s42,54,1.0
757276,bertopic,n15_c25_s42,44,1.0
757335,bertopic,n15_c25_s42,2,1.0
758285,bertopic,n15_c25_s42,7,1.0
758405,bertopic,n15_c25_s42,15,0.8110418468265399
759519,bertopic,n15_c25_s42,32,1.0
759725,bertopic,n15_c25_s42,-1,0.0
759807,bertopic,n15_c25_s42,19,0.5849443717830857
759838,bertopic,n15_c25_s42,-1,0.0
760498,bertopic,n15_c25_s42,40,0.3559157662172844
761422,bertopic,n15_c25_s42,10,0.5792377927117244
761724,bertopic,n15_c25_s42,22,1.0
761897,bertopic,n15_c25_s42,1,1.0
762072,bertopic,n15_c25_s42,18,1.0
762193,bertopic,n15_c25_s42,19,1.0
762384,bertopic,n15_c25_s42,10,0.27148462456743483
763279,bertopic,n15_c25_s42,23,0.7444433071627677
764188,bertopic,n15_c25_s42,40,1.0
764314,bertopic,n15_c25_s42,-1,0.0
764835,bertopic,n15_c25_s42,0,0.5644630111026292
766713,bertopic,n15_c25_s42,23,1.0
766993,bertopic,n15_c25_s42,23,0.8946137210427298
767883,bertopic,n15_c25_s42,-1,0.0
769465,bertopic,n15_c25_s42,-1,0.0
770322,bertopic,n15_c25_s42,-1,0.0
771869,bertopic,n15_c25_s42,12,0.4197632649655565
771928,bertopic,n15_c25_s42,29,0.8177124910957427
772136,bertopic,n15_c25_s42,15,0.757740565761975
772217,bertopic,n15_c25_s42,-1,0.0
773372,bertopic,n15_c25_s42,37,0.4674121682619359
773611,bertopic,n15_c25_s42,67,1.0
774457,bertopic,n15_c25_s42,45,0.6896938408416603
774968,bertopic,n15_c25_s42,0,1.0
776924,bertopic,n15_c25_s42,29,0.9656577633374488
777495,bertopic,n15_c25_s42,0,1.0
777620,bertopic,n15_c25_s42,-1,0.0
778092,bertopic,n15_c25_s42,25,0.25558185509377773
778468,bertopic,n15_c25_s42,-1,0.0
778870,bertopic,n15_c25_s42,7,1.0
779172,bertopic,n15_c25_s42,1,1.0
779958,bertopic,n15_c25_s42,62,1.0
780578,bertopic,n15_c25_s42,32,0.9579660412748383
781275,bertopic,n15_c25_s42,30,0.08840985803638925
781432,bertopic,n15_c25_s42,2,0.5943449609091105
781582,bertopic,n15_c25_s42,0,0.8250617086387059
782090,bertopic,n15_c25_s42,5,0.5268460519238358
782821,bertopic,n15_c25_s42,1,0.7365473200867206
783607,bertopic,n15_c25_s42,9,0.4761326652432106
784006,bertopic,n15_c25_s42,55,1.0
784090,bertopic,n15_c25_s42,0,0.9797470914678114
784568,bertopic,n15_c25_s42,1,1.0
784877,bertopic,n15_c25_s42,23,1.0
785271,bertopic,n15_c25_s42,-1,0.0
786056,bertopic,n15_c25_s42,9,0.6428362168209149
786573,bertopic,n15_c25_s42,62,1.0
788354,bertopic,n15_c25_s42,32,0.85620360983535
788517,bertopic,n15_c25_s42,51,0.5785558829509169
788620,bertopic,n15_c25_s42,15,0.67838303169925
789059,bertopic,n15_c25_s42,2,0.5670691050292771
789077,bertopic,n15_c25_s42,7,0.7059897608570528
789163,bertopic,n15_c25_s42,6,1.0
790004,bertopic,n15_c25_s42,29,0.9932387471775445
790446,bertopic,n15_c25_s42,51,0.28447081911876326
791899,bertopic,n15_c25_s42,-1,0.0
791926,bertopic,n15_c25_s42,0,1.0
792286,bertopic,n15_c25_s42,31,0.5501108190373408
792589,bertopic,n15_c25_s42,65,1.0
792727,bertopic,n15_c25_s42,0,1.0
793151,bertopic,n15_c25_s42,8,0.2887851776021499
793457,bertopic,n15_c25_s42,-1,0.0
793694,bertopic,n15_c25_s42,-1,0.0
794269,bertopic,n15_c25_s42,7,1.0
794318,bertopic,n15_c25_s42,-1,0.0
794584,bertopic,n15_c25_s42,19,1.0
794590,bertopic,n15_c25_s42,-1,0.0
794646,bertopic,n15_c25_s42,0,1.0
794905,bertopic,n15_c25_s42,-1,0.0
794972,bertopic,n15_c25_s42,0,1.0
795345,bertopic,n15_c25_s42,55,1.0
795664,bertopic,n15_c25_s42,-1,0.0
795837,bertopic,n15_c25_s42,-1,0.0
795956,bertopic,n15_c25_s42,65,0.6270853370921905
796487,bertopic,n15_c25_s42,-1,0.0
797103,bertopic,n15_c25_s42,19,0.39535119217806813
797985,bertopic,n15_c25_s42,-1,0.0
798188,bertopic,n15_c25_s42,-1,0.0
798365,bertopic,n15_c25_s42,32,0.6816285899055227
798457,bertopic,n15_c25_s42,19,1.0
798666,bertopic,n15_c25_s42,0,0.1344555810401498
798803,bertopic,n15_c25_s42,6,1.0
801936,bertopic,n15_c25_s42,7,0.9469266991536253
802290,bertopic,n15_c25_s42,11,0.7465256536248791
803132,bertopic,n15_c25_s42,1,0.733484671554008
803138,bertopic,n15_c25_s42,2,1.0
803194,bertopic,n15_c25_s42,3,0.7617284239439055
803576,bertopic,n15_c25_s42,1,0.3660888077406
804067,bertopic,n15_c25_s42,42,1.0
804529,bertopic,n15_c25_s42,1,1.0
804591,bertopic,n15_c25_s42,12,0.8759300650189479
805419,bertopic,n15_c25_s42,14,0.960626638106391
805485,bertopic,n15_c25_s42,-1,0.0
806530,bertopic,n15_c25_s42,23,1.0
806751,bertopic,n15_c25_s42,-1,0.0
807671,bertopic,n15_c25_s42,4,1.0
809437,bertopic,n15_c25_s42,25,0.37804306265175125
809730,bertopic,n15_c25_s42,52,1.0
809864,bertopic,n15_c25_s42,-1,0.0
810393,bertopic,n15_c25_s42,1,0.8341422598456091
811330,bertopic,n15_c25_s42,54,1.0
811461,bertopic,n15_c25_s42,49,1.0
811718,bertopic,n15_c25_s42,66,1.0
812041,bertopic,n15_c25_s42,0,1.0
812080,bertopic,n15_c25_s42,58,1.0
813514,bertopic,n15_c25_s42,0,1.0
813811,bertopic,n15_c25_s42,0,1.0
814041,bertopic,n15_c25_s42,-1,0.0
814542,bertopic,n15_c25_s42,32,0.9709067609936095
815056,bertopic,n15_c25_s42,57,0.8919320803632517
816239,bertopic,n15_c25_s42,-1,0.0
816490,bertopic,n15_c25_s42,-1,0.0
816512,bertopic,n15_c25_s42,1,1.0
816686,bertopic,n15_c25_s42,0,1.0
817063,bertopic,n15_c25_s42,44,1.0
817240,bertopic,n15_c25_s42,46,0.6938102569064121
817356,bertopic,n15_c25_s42,1,0.7365473200867206
818744,bertopic,n15_c25_s42,5,0.6466392988096622
819637,bertopic,n15_c25_s42,35,1.0
820417,bertopic,n15_c25_s42,15,0.46203649268406094
820499,bertopic,n15_c25_s42,15,1.0
820808,bertopic,n15_c25_s42,15,1.0
821259,bertopic,n15_c25_s42,7,1.0
822463,bertopic,n15_c25_s42,20,0.6516720578841964
823365,bertopic,n15_c25_s42,-1,0.0
823757,bertopic,n15_c25_s42,2,1.0
825847,bertopic,n15_c25_s42,33,1.0
826079,bertopic,n15_c25_s42,0,0.3277305395150376
826309,bertopic,n15_c25_s42,1,0.733484671554008
826448,bertopic,n15_c25_s42,23,0.8139653480821216
826583,bertopic,n15_c25_s42,-1,0.0
829336,bertopic,n15_c25_s42,14,1.0
829401,bertopic,n15_c25_s42,2,1.0
829443,bertopic,n15_c25_s42,-1,0.0
829512,bertopic,n15_c25_s42,2,0.6080049878248824
829925,bertopic,n15_c25_s42,1,1.0
830755,bertopic,n15_c25_s42,66,1.0
830861,bertopic,n15_c25_s42,-1,0.0
831003,bertopic,n15_c25_s42,1,1.0
831140,bertopic,n15_c25_s42,15,0.4445775205495743
831455,bertopic,n15_c25_s42,-1,0.0
832164,bertopic,n15_c25_s42,14,1.0
832451,bertopic,n15_c25_s42,1,0.7365473200867206
832539,bertopic,n15_c25_s42,3,0.7823224057180906
833507,bertopic,n15_c25_s42,19,1.0
833652,bertopic,n15_c25_s42,54,1.0
833753,bertopic,n15_c25_s42,24,1.0
833755,bertopic,n15_c25_s42,3,1.0
834089,bertopic,n15_c25_s42,3,0.8336323745694662
834965,bertopic,n15_c25_s42,23,0.8179200618421959
835091,bertopic,n15_c25_s42,16,0.30309854446137574
836593,bertopic,n15_c25_s42,0,1.0
836771,bertopic,n15_c25_s42,18,0.8973495921125044
837069,bertopic,n15_c25_s42,43,0.9286351907853381
837722,bertopic,n15_c25_s42,29,1.0
837949,bertopic,n15_c25_s42,12,0.6417781168747697
838913,bertopic,n15_c25_s42,4,1.0
839276,bertopic,n15_c25_s42,49,1.0
839417,bertopic,n15_c25_s42,67,1.0
839428,bertopic,n15_c25_s42,15,0.8521661663551136
839954,bertopic,n15_c25_s42,3,1.0
840427,bertopic,n15_c25_s42,7,0.9553188899002948
840576,bertopic,n15_c25_s42,34,0.47044343148574946
840991,bertopic,n15_c25_s42,50,0.7864587879757763
841015,bertopic,n15_c25_s42,15,0.4402242832751665
842319,bertopic,n15_c25_s42,20,1.0
844378,bertopic,n15_c25_s42,0,1.0
845221,bertopic,n15_c25_s42,52,1.0
845621,bertopic,n15_c25_s42,1,1.0
845957,bertopic,n15_c25_s42,16,0.60416024163324
846074,bertopic,n15_c25_s42,14,0.909382285996005
846205,bertopic,n15_c25_s42,-1,0.0
846430,bertopic,n15_c25_s42,30,1.0
846635,bertopic,n15_c25_s42,6,1.0
846655,bertopic,n15_c25_s42,11,0.27574310761877074
847418,bertopic,n15_c25_s42,3,0.8566649164318453
848231,bertopic,n15_c25_s42,57,0.12635749984817551
848372,bertopic,n15_c25_s42,0,1.0
848879,bertopic,n15_c25_s42,17,1.0
850856,bertopic,n15_c25_s42,0,1.0
850916,bertopic,n15_c25_s42,15,1.0
851542,bertopic,n15_c25_s42,1,1.0
852157,bertopic,n15_c25_s42,1,1.0
852174,bertopic,n15_c25_s42,0,0.7196506567368857
852434,bertopic,n15_c25_s42,36,0.24350978998570838
854666,bertopic,n15_c25_s42,-1,0.0
855462,bertopic,n15_c25_s42,54,0.5349536666423463
856248,bertopic,n15_c25_s42,24,0.9915491234562629
858622,bertopic,n15_c25_s42,-1,0.0
858970,bertopic,n15_c25_s42,5,0.6466392988096622
859505,bertopic,n15_c25_s42,-1,0.0
863262,bertopic,n15_c25_s42,51,0.7985098847273324
864280,bertopic,n15_c25_s42,-1,0.0
865209,bertopic,n15_c25_s42,42,1.0
868781,bertopic,n15_c25_s42,26,1.0
869869,bertopic,n15_c25_s42,24,0.23581001511810712
871970,bertopic,n15_c25_s42,37,1.0
873775,bertopic,n15_c25_s42,11,1.0
875499,bertopic,n15_c25_s42,33,1.0
876108,bertopic,n15_c25_s42,41,1.0
876480,bertopic,n15_c25_s42,1,1.0
876541,bertopic,n15_c25_s42,51,0.6384519461314768
877267,bertopic,n15_c25_s42,37,0.4674121682619359
878033,bertopic,n15_c25_s42,46,0.41945332506708694
881117,bertopic,n15_c25_s42,-1,0.0
882051,bertopic,n15_c25_s42,28,0.39674566883149714
882911,bertopic,n15_c25_s42,0,1.0
888566,bertopic,n15_c25_s42,18,0.8807164839718108
889190,bertopic,n15_c25_s42,-1,0.0
889993,bertopic,n15_c25_s42,21,1.0
890018,bertopic,n15_c25_s42,25,0.632698948880605
890036,bertopic,n15_c25_s42,17,0.38638641236474397
891180,bertopic,n15_c25_s42,-1,0.0
891504,bertopic,n15_c25_s42,-1,0.0
892785,bertopic,n15_c25_s42,16,0.4262637714188173
893155,bertopic,n15_c25_s42,-1,0.0
894631,bertopic,n15_c25_s42,-1,0.0
895040,bertopic,n15_c25_s42,21,0.7336293864112453
896968,bertopic,n15_c25_s42,17,0.550577925110837
898207,bertopic,n15_c25_s42,-1,0.0
898994,bertopic,n15_c25_s42,4,0.885478075669794
900355,bertopic,n15_c25_s42,-1,0.0
901198,bertopic,n15_c25_s42,34,1.0
903482,bertopic,n15_c25_s42,-1,0.0
903837,bertopic,n15_c25_s42,3,0.8243031330674552
904099,bertopic,n15_c25_s42,-1,0.0
906185,bertopic,n15_c25_s42,4,1.0
906511,bertopic,n15_c25_s42,44,1.0
907428,bertopic,n15_c25_s42,32,1.0
907506,bertopic,n15_c25_s42,11,1.0
908241,bertopic,n15_c25_s42,1,1.0
909050,bertopic,n15_c25_s42,34,0.930466998156176
909535,bertopic,n15_c25_s42,-1,0.0
910391,bertopic,n15_c25_s42,20,0.7906729017737031
910966,bertopic,n15_c25_s42,60,1.0
911482,bertopic,n15_c25_s42,-1,0.0
912087,bertopic,n15_c25_s42,4,1.0
912459,bertopic,n15_c25_s42,58,0.9373485638517773
912821,bertopic,n15_c25_s42,0,1.0
913484,bertopic,n15_c25_s42,2,1.0
913524,bertopic,n15_c25_s42,2,0.6335699635098488
913700,bertopic,n15_c25_s42,16,1.0
913708,bertopic,n15_c25_s42,1,1.0
914128,bertopic,n15_c25_s42,32,1.0
914767,bertopic,n15_c25_s42,32,1.0
914838,bertopic,n15_c25_s42,-1,0.0
915745,bertopic,n15_c25_s42,3,0.8850178821916118
917093,bertopic,n15_c25_s42,43,1.0
919888,bertopic,n15_c25_s42,35,0.397986793206494
920139,bertopic,n15_c25_s42,67,1.0
920360,bertopic,n15_c25_s42,1,1.0
920513,bertopic,n15_c25_s42,-1,0.0
921356,bertopic,n15_c25_s42,0,1.0
921590,bertopic,n15_c25_s42,3,1.0
922266,bertopic,n15_c25_s42,0,1.0
923043,bertopic,n15_c25_s42,13,0.6608357836866674
923715,bertopic,n15_c25_s42,11,0.37183694936093203
924953,bertopic,n15_c25_s42,7,1.0
925391,bertopic,n15_c25_s42,46,1.0
925961,bertopic,n15_c25_s42,1,1.0
926212,bertopic,n15_c25_s42,43,1.0
926526,bertopic,n15_c25_s42,11,1.0
926858,bertopic,n15_c25_s42,6,1.0
926992,bertopic,n15_c25_s42,40,1.0
927582,bertopic,n15_c25_s42,23,1.0
928473,bertopic,n15_c25_s42,39,1.0
929989,bertopic,n15_c25_s42,40,1.0
931446,bertopic,n15_c25_s42,-1,0.0
931451,bertopic,n15_c25_s42,21,1.0
931661,bertopic,n15_c25_s42,-1,0.0
932266,bertopic,n15_c25_s42,0,1.0
932468,bertopic,n15_c25_s42,37,1.0
933784,bertopic,n15_c25_s42,20,0.6899139165967838
936437,bertopic,n15_c25_s42,-1,0.0
936494,bertopic,n15_c25_s42,24,0.21803506527694022
938557,bertopic,n15_c25_s42,-1,0.0
938810,bertopic,n15_c25_s42,-1,0.0
939062,bertopic,n15_c25_s42,-1,0.0
939431,bertopic,n15_c25_s42,15,0.4394484631342173
939974,bertopic,n15_c25_s42,1,1.0
940148,bertopic,n15_c25_s42,34,0.6779728719906307
942698,bertopic,n15_c25_s42,20,0.6721051357878438
943473,bertopic,n15_c25_s42,66,1.0
943536,bertopic,n15_c25_s42,2,1.0
944349,bertopic,n15_c25_s42,26,1.0
944415,bertopic,n15_c25_s42,1,1.0
946748,bertopic,n15_c25_s42,41,0.9635610670028538
947165,bertopic,n15_c25_s42,46,1.0
947678,bertopic,n15_c25_s42,0,1.0
949593,bertopic,n15_c25_s42,3,1.0
951771,bertopic,n15_c25_s42,1,1.0
951940,bertopic,n15_c25_s42,7,1.0
952202,bertopic,n15_c25_s42,58,1.0
952335,bertopic,n15_c25_s42,0,1.0
955033,bertopic,n15_c25_s42,2,1.0
955035,bertopic,n15_c25_s42,21,1.0
956899,bertopic,n15_c25_s42,5,0.5268460519238358
966254,bertopic,n15_c25_s42,22,1.0
966855,bertopic,n15_c25_s42,7,0.12682601409205835
967053,bertopic,n15_c25_s42,66,1.0
967464,bertopic,n15_c25_s42,31,1.0
967645,bertopic,n15_c25_s42,-1,0.0
968273,bertopic,n15_c25_s42,12,0.4197632649655565
968481,bertopic,n15_c25_s42,0,0.7448876462288601
968642,bertopic,n15_c25_s42,45,1.0
968857,bertopic,n15_c25_s42,-1,0.0
970440,bertopic,n15_c25_s42,-1,0.0
970571,bertopic,n15_c25_s42,18,0.8568467629265647
971340,bertopic,n15_c25_s42,7,1.0
971558,bertopic,n15_c25_s42,0,1.0
971958,bertopic,n15_c25_s42,29,1.0
972573,bertopic,n15_c25_s42,22,1.0
973210,bertopic,n15_c25_s42,0,0.1344555810401498
975342,bertopic,n15_c25_s42,0,1.0
975444,bertopic,n15_c25_s42,16,0.4993086822700007
975611,bertopic,n15_c25_s42,-1,0.0
975756,bertopic,n15_c25_s42,-1,0.0
976410,bertopic,n15_c25_s42,0,0.1344555810401498
978624,bertopic,n15_c25_s42,-1,0.0
979489,bertopic,n15_c25_s42,0,1.0
979552,bertopic,n15_c25_s42,15,0.8662571817513286
979962,bertopic,n15_c25_s42,34,1.0
980182,bertopic,n15_c25_s42,34,0.5615640951132149
980581,bertopic,n15_c25_s42,29,1.0
980991,bertopic,n15_c25_s42,63,1.0
981047,bertopic,n15_c25_s42,68,1.0
981270,bertopic,n15_c25_s42,5,1.0
981287,bertopic,n15_c25_s42,46,1.0
981413,bertopic,n15_c25_s42,15,1.0
981727,bertopic,n15_c25_s42,40,1.0
982506,bertopic,n15_c25_s42,23,0.895487055892526
983155,bertopic,n15_c25_s42,1,1.0
983284,bertopic,n15_c25_s42,10,0.5368017666539837
984215,bertopic,n15_c25_s42,-1,0.0
984662,bertopic,n15_c25_s42,11,0.629045654990595
986295,bertopic,n15_c25_s42,29,1.0
986633,bertopic,n15_c25_s42,15,0.5047829382013747
986953,bertopic,n15_c25_s42,43,0.9286351907853381
987048,bertopic,n15_c25_s42,65,1.0
987253,bertopic,n15_c25_s42,7,0.8015576460212248
987483,bertopic,n15_c25_s42,26,1.0
987539,bertopic,n15_c25_s42,0,1.0
988656,bertopic,n15_c25_s42,-1,0.0
988691,bertopic,n15_c25_s42,7,1.0
988991,bertopic,n15_c25_s42,26,0.6534764733626252
990161,bertopic,n15_c25_s42,1,1.0
990208,bertopic,n15_c25_s42,26,0.3374083529993553
991167,bertopic,n15_c25_s42,1,1.0
991269,bertopic,n15_c25_s42,0,1.0
991872,bertopic,n15_c25_s42,-1,0.0
991935,bertopic,n15_c25_s42,3,0.7970545008992399
992944,bertopic,n15_c25_s42,7,1.0
993158,bertopic,n15_c25_s42,39,0.5646438722618926
993844,bertopic,n15_c25_s42,1,1.0
994375,bertopic,n15_c25_s42,10,0.6171060249898241
994611,bertopic,n15_c25_s42,7,1.0
995628,bertopic,n15_c25_s42,2,1.0
996167,bertopic,n15_c25_s42,-1,0.0
996276,bertopic,n15_c25_s42,22,0.5967453803184829
996714,bertopic,n15_c25_s42,2,1.0
996931,bertopic,n15_c25_s42,-1,0.0
996940,bertopic,n15_c25_s42,-1,0.0
998870,bertopic,n15_c25_s42,19,0.7667480327831825
998995,bertopic,n15_c25_s42,23,1.0
999286,bertopic,n15_c25_s42,9,0.6565542499752947
999384,bertopic,n15_c25_s42,49,1.0
999559,bertopic,n15_c25_s42,7,0.30390215226913725
999623,bertopic,n15_c25_s42,11,0.4413233577459491
1000178,bertopic,n15_c25_s42,38,0.3471200046713986
1000189,bertopic,n15_c25_s42,29,1.0
1000307,bertopic,n15_c25_s42,49,1.0
1000340,bertopic,n15_c25_s42,9,0.5274834560268162
1000380,bertopic,n15_c25_s42,1,0.7106805705980909
1000528,bertopic,n15_c25_s42,18,0.6112513753148983
1000611,bertopic,n15_c25_s42,39,1.0
1000749,bertopic,n15_c25_s42,14,0.9246876446019411
1001047,bertopic,n15_c25_s42,40,0.045167953584309944
1001274,bertopic,n15_c25_s42,26,0.35329115066011146
1001458,bertopic,n15_c25_s42,26,0.5976664675558794
1002776,bertopic,n15_c25_s42,2,0.6080049878248824
1003046,bertopic,n15_c25_s42,3,1.0
1003287,bertopic,n15_c25_s42,20,0.8090780991228838
1003291,bertopic,n15_c25_s42,-1,0.0
1003352,bertopic,n15_c25_s42,7,1.0
1003542,bertopic,n15_c25_s42,-1,0.0
1004826,bertopic,n15_c25_s42,7,0.12682601409205835
1005957,bertopic,n15_c25_s42,50,1.0
1006766,bertopic,n15_c25_s42,36,1.0
1008637,bertopic,n15_c25_s42,8,0.4167896979045551
1008724,bertopic,n15_c25_s42,1,1.0
1009546,bertopic,n15_c25_s42,0,1.0
1009940,bertopic,n15_c25_s42,0,1.0
1010256,bertopic,n15_c25_s42,4,1.0
1010446,bertopic,n15_c25_s42,-1,0.0
1010509,bertopic,n15_c25_s42,40,1.0
1010772,bertopic,n15_c25_s42,22,0.4052415579846501
1011128,bertopic,n15_c25_s42,20,0.9119896369503375
1011670,bertopic,n15_c25_s42,31,1.0
1011897,bertopic,n15_c25_s42,0,1.0
1011957,bertopic,n15_c25_s42,-1,0.0
1013214,bertopic,n15_c25_s42,47,1.0
1013505,bertopic,n15_c25_s42,39,1.0
1013715,bertopic,n15_c25_s42,11,0.9415000002511397
1013753,bertopic,n15_c25_s42,-1,0.0
1014352,bertopic,n15_c25_s42,22,1.0
1014631,bertopic,n15_c25_s42,0,1.0
1015842,bertopic,n15_c25_s42,-1,0.0
1015982,bertopic,n15_c25_s42,-1,0.0
1016249,bertopic,n15_c25_s42,39,1.0
1016372,bertopic,n15_c25_s42,-1,0.0
1017197,bertopic,n15_c25_s42,40,0.8451067575790322
1017852,bertopic,n15_c25_s42,37,0.4674121682619359
1018156,bertopic,n15_c25_s42,42,0.27729083502489643
1019074,bertopic,n15_c25_s42,49,0.7536472483491309
1019171,bertopic,n15_c25_s42,30,0.08840985803638925
1019255,bertopic,n15_c25_s42,-1,0.0
1019557,bertopic,n15_c25_s42,31,1.0
1019722,bertopic,n15_c25_s42,-1,0.0
1019745,bertopic,n15_c25_s42,1,1.0
1020533,bertopic,n15_c25_s42,46,1.0
1020889,bertopic,n15_c25_s42,6,0.8208421176250672
1020917,bertopic,n15_c25_s42,14,1.0
1020940,bertopic,n15_c25_s42,-1,0.0
1021384,bertopic,n15_c25_s42,19,0.8135142026338879
1021736,bertopic,n15_c25_s42,56,1.0
1021989,bertopic,n15_c25_s42,47,1.0
1022416,bertopic,n15_c25_s42,32,0.703571052222548
1022856,bertopic,n15_c25_s42,9,0.40567667503054383
1022941,bertopic,n15_c25_s42,-1,0.0
1023622,bertopic,n15_c25_s42,0,0.9876355822795261
1023669,bertopic,n15_c25_s42,1,1.0
1023726,bertopic,n15_c25_s42,0,1.0
1023811,bertopic,n15_c25_s42,12,0.6700150367390781
1023901,bertopic,n15_c25_s42,0,1.0
1024280,bertopic,n15_c25_s42,3,0.9235205397404076
1024345,bertopic,n15_c25_s42,0,1.0
1025219,bertopic,n15_c25_s42,7,1.0
1025410,bertopic,n15_c25_s42,0,0.6735973546403773
1025600,bertopic,n15_c25_s42,66,1.0
1026708,bertopic,n15_c25_s42,0,1.0
1026799,bertopic,n15_c25_s42,0,1.0
1027124,bertopic,n15_c25_s42,21,0.7160640290694735
1028597,bertopic,n15_c25_s42,-1,0.0
1029189,bertopic,n15_c25_s42,0,1.0
1029846,bertopic,n15_c25_s42,46,0.5352231783125753
1029892,bertopic,n15_c25_s42,-1,0.0
1030051,bertopic,n15_c25_s42,0,1.0
1030230,bertopic,n15_c25_s42,0,1.0
1031034,bertopic,n15_c25_s42,38,0.5667994546052046
1031347,bertopic,n15_c25_s42,44,1.0
1031601,bertopic,n15_c25_s42,0,1.0
1032243,bertopic,n15_c25_s42,15,1.0
1032430,bertopic,n15_c25_s42,28,0.5210284237848793
1032439,bertopic,n15_c25_s42,-1,0.0
1032462,bertopic,n15_c25_s42,4,0.8720344269513063
1032772,bertopic,n15_c25_s42,0,1.0
1033027,bertopic,n15_c25_s42,22,0.5967453803184829
1033232,bertopic,n15_c25_s42,53,1.0
1033395,bertopic,n15_c25_s42,3,1.0
1034845,bertopic,n15_c25_s42,33,0.8656081644038306
1034900,bertopic,n15_c25_s42,-1,0.0
1034953,bertopic,n15_c25_s42,26,0.1853126092065008
1035229,bertopic,n15_c25_s42,8,0.12664620789458966
1035289,bertopic,n15_c25_s42,10,1.0
1035310,bertopic,n15_c25_s42,9,1.0
1035367,bertopic,n15_c25_s42,3,1.0
1035380,bertopic,n15_c25_s42,13,0.8334538823233698
1035388,bertopic,n15_c25_s42,51,0.3125428294967751
1035429,bertopic,n15_c25_s42,22,1.0
1035544,bertopic,n15_c25_s42,11,0.27574310761877074
1035994,bertopic,n15_c25_s42,60,1.0
1036613,bertopic,n15_c25_s42,0,1.0
1037469,bertopic,n15_c25_s42,-1,0.0
1037617,bertopic,n15_c25_s42,65,1.0
1038352,bertopic,n15_c25_s42,10,0.5076971459477999
1040208,bertopic,n15_c25_s42,0,1.0
1040297,bertopic,n15_c25_s42,52,1.0
1040352,bertopic,n15_c25_s42,0,1.0
1042129,bertopic,n15_c25_s42,56,1.0
1043663,bertopic,n15_c25_s42,65,1.0
1043877,bertopic,n15_c25_s42,1,1.0
1044229,bertopic,n15_c25_s42,6,1.0
1044609,bertopic,n15_c25_s42,14,1.0
1044777,bertopic,n15_c25_s42,26,0.5490549485282677
1044904,bertopic,n15_c25_s42,0,1.0
1044974,bertopic,n15_c25_s42,-1,0.0
1044981,bertopic,n15_c25_s42,20,0.7312026223026052
1045140,bertopic,n15_c25_s42,42,1.0
1045154,bertopic,n15_c25_s42,26,1.0
1047012,bertopic,n15_c25_s42,30,1.0
1047052,bertopic,n15_c25_s42,-1,0.0
1048141,bertopic,n15_c25_s42,34,0.780179038901079
1048375,bertopic,n15_c25_s42,62,0.4510065356981173
1048410,bertopic,n15_c25_s42,28,0.3196585574043658
1048805,bertopic,n15_c25_s42,-1,0.0
1049420,bertopic,n15_c25_s42,23,0.8056082156511288
1050845,bertopic,n15_c25_s42,7,0.8208861332349814
1051104,bertopic,n15_c25_s42,11,0.3841055250932349
1053526,bertopic,n15_c25_s42,1,1.0
1053725,bertopic,n15_c25_s42,62,0.10190188139710273
1053754,bertopic,n15_c25_s42,18,1.0
1055222,bertopic,n15_c25_s42,41,1.0
1055609,bertopic,n15_c25_s42,68,1.0
1055813,bertopic,n15_c25_s42,3,1.0
1056195,bertopic,n15_c25_s42,7,1.0
1056210,bertopic,n15_c25_s42,33,1.0
1056986,bertopic,n15_c25_s42,22,0.41927441464125986
1057503,bertopic,n15_c25_s42,1,0.9563651856502888
1057649,bertopic,n15_c25_s42,54,1.0
1059360,bertopic,n15_c25_s42,29,0.650734180500851
1059969,bertopic,n15_c25_s42,0,1.0
1060043,bertopic,n15_c25_s42,-1,0.0
1060532,bertopic,n15_c25_s42,12,1.0
1060803,bertopic,n15_c25_s42,37,1.0
1061551,bertopic,n15_c25_s42,7,1.0
1061978,bertopic,n15_c25_s42,3,0.9650308356563493
1062074,bertopic,n15_c25_s42,-1,0.0
1062739,bertopic,n15_c25_s42,-1,0.0
1062797,bertopic,n15_c25_s42,-1,0.0
1063424,bertopic,n15_c25_s42,19,1.0
1063437,bertopic,n15_c25_s42,0,0.3277305395150376
1063454,bertopic,n15_c25_s42,18,0.8609830829075185
1063476,bertopic,n15_c25_s42,42,0.1990258736823926
1064404,bertopic,n15_c25_s42,1,1.0
1065299,bertopic,n15_c25_s42,25,1.0
1065448,bertopic,n15_c25_s42,1,1.0
1066123,bertopic,n15_c25_s42,0,1.0
1066522,bertopic,n15_c25_s42,25,0.5463430452000259
1067578,bertopic,n15_c25_s42,16,0.4262637714188173
1067693,bertopic,n15_c25_s42,0,1.0
1069084,bertopic,n15_c25_s42,37,0.4674121682619359
1069106,bertopic,n15_c25_s42,31,0.347994233263636
1069254,bertopic,n15_c25_s42,1,0.7365473200867206
1069513,bertopic,n15_c25_s42,23,0.895487055892526
1069835,bertopic,n15_c25_s42,-1,0.0
1069840,bertopic,n15_c25_s42,0,1.0
1070162,bertopic,n15_c25_s42,14,1.0
1070665,bertopic,n15_c25_s42,-1,0.0
1070969,bertopic,n15_c25_s42,38,0.8102283740150955
1071080,bertopic,n15_c25_s42,43,1.0
1071107,bertopic,n15_c25_s42,-1,0.0
1071215,bertopic,n15_c25_s42,1,1.0
1072037,bertopic,n15_c25_s42,0,0.1344555810401498
1072289,bertopic,n15_c25_s42,18,0.8027115536069144
1072551,bertopic,n15_c25_s42,7,0.25392599038793245
1072623,bertopic,n15_c25_s42,23,0.8946137210427298
1073104,bertopic,n15_c25_s42,3,0.9868135375901388
1073234,bertopic,n15_c25_s42,-1,0.0
1073292,bertopic,n15_c25_s42,21,0.9273283893257328
1073802,bertopic,n15_c25_s42,1,1.0
1074110,bertopic,n15_c25_s42,36,0.24350978998570838
1074238,bertopic,n15_c25_s42,15,0.5464087138235838
1076235,bertopic,n15_c25_s42,13,0.33717529561154047
1076466,bertopic,n15_c25_s42,17,1.0
1076467,bertopic,n15_c25_s42,28,1.0
1076495,bertopic,n15_c25_s42,-1,0.0
1076705,bertopic,n15_c25_s42,15,0.8566598753496301
1077122,bertopic,n15_c25_s42,13,0.3707298165551427
1077485,bertopic,n15_c25_s42,20,1.0
1078023,bertopic,n15_c25_s42,29,0.588751603512114
1078248,bertopic,n15_c25_s42,2,1.0
1078560,bertopic,n15_c25_s42,-1,0.0
1078592,bertopic,n15_c25_s42,10,0.2566728191476446
1079076,bertopic,n15_c25_s42,0,0.9173448550975469
1079790,bertopic,n15_c25_s42,0,0.5357892421988093
1080149,bertopic,n15_c25_s42,23,1.0
1080614,bertopic,n15_c25_s42,0,1.0
1080759,bertopic,n15_c25_s42,11,0.49935567013165594
1080788,bertopic,n15_c25_s42,40,0.6013789150539176
1080884,bertopic,n15_c25_s42,0,1.0
1081001,bertopic,n15_c25_s42,3,1.0
1081342,bertopic,n15_c25_s42,1,1.0
1081892,bertopic,n15_c25_s42,13,1.0
1082238,bertopic,n15_c25_s42,3,0.854009264166703
1083077,bertopic,n15_c25_s42,-1,0.0
1083556,bertopic,n15_c25_s42,0,1.0
1084556,bertopic,n15_c25_s42,1,1.0
1084685,bertopic,n15_c25_s42,23,1.0
1084698,bertopic,n15_c25_s42,43,0.9286351907853381
1084727,bertopic,n15_c25_s42,21,1.0
1084772,bertopic,n15_c25_s42,17,0.6838884064345372
1085540,bertopic,n15_c25_s42,43,1.0
1086110,bertopic,n15_c25_s42,21,1.0
1086352,bertopic,n15_c25_s42,14,0.8931438714942601
1087088,bertopic,n15_c25_s42,3,0.9235205397404076
1087763,bertopic,n15_c25_s42,32,0.40529304159166835
1087979,bertopic,n15_c25_s42,7,0.7070433222425879
1088031,bertopic,n15_c25_s42,1,1.0
1088610,bertopic,n15_c25_s42,-1,0.0
1088726,bertopic,n15_c25_s42,20,1.0
1089680,bertopic,n15_c25_s42,0,1.0
1089743,bertopic,n15_c25_s42,15,0.5744454588743274
1089980,bertopic,n15_c25_s42,-1,0.0
1090059,bertopic,n15_c25_s42,17,0.3850930615941319
1090082,bertopic,n15_c25_s42,9,0.5274834560268162
1090851,bertopic,n15_c25_s42,62,1.0
1091144,bertopic,n15_c25_s42,38,1.0
1091597,bertopic,n15_c25_s42,-1,0.0
1091700,bertopic,n15_c25_s42,20,1.0
1092044,bertopic,n15_c25_s42,1,0.3660888077406
1092137,bertopic,n15_c25_s42,49,1.0
1092142,bertopic,n15_c25_s42,22,0.8213971120433222
1093059,bertopic,n15_c25_s42,5,0.5264329852375241
1093801,bertopic,n15_c25_s42,29,0.9004069172243079
1094257,bertopic,n15_c25_s42,53,0.8698178223513781
1094353,bertopic,n15_c25_s42,46,1.0
1095314,bertopic,n15_c25_s42,53,0.8517396747009571
1095730,bertopic,n15_c25_s42,-1,0.0
1095744,bertopic,n15_c25_s42,-1,0.0
1095794,bertopic,n15_c25_s42,24,0.575007871545059
1096069,bertopic,n15_c25_s42,11,0.9415000002511397
1096200,bertopic,n15_c25_s42,-1,0.0
1096241,bertopic,n15_c25_s42,18,0.7590466734280712
1096298,bertopic,n15_c25_s42,-1,0.0
1096461,bertopic,n15_c25_s42,35,0.3470335834550502
1096507,bertopic,n15_c25_s42,62,0.629723499595554
1096572,bertopic,n15_c25_s42,-1,0.0
1096749,bertopic,n15_c25_s42,0,1.0
1097185,bertopic,n15_c25_s42,1,0.3660888077406
1097300,bertopic,n15_c25_s42,56,1.0
1097409,bertopic,n15_c25_s42,3,1.0
1097521,bertopic,n15_c25_s42,35,0.3470335834550502
1097866,bertopic,n15_c25_s42,1,1.0
1098259,bertopic,n15_c25_s42,13,0.3547067882492337
1098545,bertopic,n15_c25_s42,-1,0.0
1098819,bertopic,n15_c25_s42,35,1.0
1098963,bertopic,n15_c25_s42,35,1.0
1098982,bertopic,n15_c25_s42,-1,0.0
1099091,bertopic,n15_c25_s42,13,0.6266506768795134
1099235,bertopic,n15_c25_s42,9,0.5274834560268162
1099490,bertopic,n15_c25_s42,-1,0.0
1099494,bertopic,n15_c25_s42,-1,0.0
1099514,bertopic,n15_c25_s42,-1,0.0
1099526,bertopic,n15_c25_s42,20,0.7822430928557331
1099659,bertopic,n15_c25_s42,13,0.3707298165551427
1099789,bertopic,n15_c25_s42,-1,0.0
1099991,bertopic,n15_c25_s42,37,1.0
1100292,bertopic,n15_c25_s42,35,0.3470335834550502
1100313,bertopic,n15_c25_s42,17,1.0
1100338,bertopic,n15_c25_s42,1,0.3660888077406
1100413,bertopic,n15_c25_s42,37,1.0
1100434,bertopic,n15_c25_s42,41,1.0
1100449,bertopic,n15_c25_s42,13,0.3431801246542984
1100552,bertopic,n15_c25_s42,28,0.36200252111882314
1100594,bertopic,n15_c25_s42,46,0.48326554818224376
1100861,bertopic,n15_c25_s42,-1,0.0
1100932,bertopic,n15_c25_s42,11,0.41449818841759034
1100975,bertopic,n15_c25_s42,0,1.0
1100995,bertopic,n15_c25_s42,13,0.35493760036593536
1101219,bertopic,n15_c25_s42,13,0.41358519753428513
1101347,bertopic,n15_c25_s42,0,1.0
1101600,bertopic,n15_c25_s42,1,1.0
1101650,bertopic,n15_c25_s42,13,1.0
1101774,bertopic,n15_c25_s42,23,0.895487055892526
1101833,bertopic,n15_c25_s42,1,1.0
1102145,bertopic,n15_c25_s42,1,1.0
1102171,bertopic,n15_c25_s42,-1,0.0
1102209,bertopic,n15_c25_s42,12,1.0
1102291,bertopic,n15_c25_s42,35,0.377478545039984
1102329,bertopic,n15_c25_s42,23,1.0
1102357,bertopic,n15_c25_s42,-1,0.0
1102380,bertopic,n15_c25_s42,49,1.0
1102591,bertopic,n15_c25_s42,3,0.9989413679421957
1102629,bertopic,n15_c25_s42,1,1.0
1102677,bertopic,n15_c25_s42,13,1.0
1102830,bertopic,n15_c25_s42,-1,0.0
1102838,bertopic,n15_c25_s42,-1,0.0
1102965,bertopic,n15_c25_s42,36,0.24350978998570838
1103065,bertopic,n15_c25_s42,-1,0.0
1103081,bertopic,n15_c25_s42,34,1.0
1103395,bertopic,n15_c25_s42,-1,0.0
1103566,bertopic,n15_c25_s42,14,0.8946098967179225
1103673,bertopic,n15_c25_s42,-1,0.0
1103695,bertopic,n15_c25_s42,51,1.0
1103889,bertopic,n15_c25_s42,0,1.0
1103910,bertopic,n15_c25_s42,0,1.0
1104481,bertopic,n15_c25_s42,43,1.0
1104538,bertopic,n15_c25_s42,0,1.0
1105907,bertopic,n15_c25_s42,11,0.8407458860721247
1105913,bertopic,n15_c25_s42,34,1.0
1105941,bertopic,n15_c25_s42,12,0.9484176955460727
1105952,bertopic,n15_c25_s42,12,0.9014117906984226
1106184,bertopic,n15_c25_s42,6,1.0
1106279,bertopic,n15_c25_s42,-1,0.0
1106821,bertopic,n15_c25_s42,0,0.9633828650928299
1107054,bertopic,n15_c25_s42,-1,0.0
1107129,bertopic,n15_c25_s42,19,0.39535119217806813
1107310,bertopic,n15_c25_s42,28,1.0
1107428,bertopic,n15_c25_s42,43,1.0
1107525,bertopic,n15_c25_s42,12,0.9386304524067344
1107629,bertopic,n15_c25_s42,35,1.0
1108008,bertopic,n15_c25_s42,12,0.5026985488648505
1108317,bertopic,n15_c25_s42,0,1.0
1108557,bertopic,n15_c25_s42,15,0.6528598848202208
1108766,bertopic,n15_c25_s42,-1,0.0
1109432,bertopic,n15_c25_s42,6,0.9316474874972962
1109710,bertopic,n15_c25_s42,7,1.0
1109970,bertopic,n15_c25_s42,1,1.0
1110115,bertopic,n15_c25_s42,25,1.0
1110127,bertopic,n15_c25_s42,4,0.9697337461352817
1110172,bertopic,n15_c25_s42,25,0.33749672699580296
1110269,bertopic,n15_c25_s42,25,0.632698948880605
1110328,bertopic,n15_c25_s42,-1,0.0
1110439,bertopic,n15_c25_s42,3,1.0
1110451,bertopic,n15_c25_s42,0,1.0
1110625,bertopic,n15_c25_s42,-1,0.0
1110676,bertopic,n15_c25_s42,49,1.0
1110709,bertopic,n15_c25_s42,4,1.0
1110792,bertopic,n15_c25_s42,-1,0.0
1110901,bertopic,n15_c25_s42,0,1.0
1110981,bertopic,n15_c25_s42,2,1.0
1111001,bertopic,n15_c25_s42,33,0.7399408332538661
1111532,bertopic,n15_c25_s42,25,0.632698948880605
1111947,bertopic,n15_c25_s42,0,0.8672816891779546
1112028,bertopic,n15_c25_s42,66,1.0
1112046,bertopic,n15_c25_s42,2,1.0
1112330,bertopic,n15_c25_s42,25,1.0
1112600,bertopic,n15_c25_s42,16,1.0
1112879,bertopic,n15_c25_s42,3,0.9888962919198199
1113001,bertopic,n15_c25_s42,1,1.0
1113004,bertopic,n15_c25_s42,2,1.0
1113072,bertopic,n15_c25_s42,49,1.0
1113366,bertopic,n15_c25_s42,7,1.0
1113844,bertopic,n15_c25_s42,2,1.0
1113949,bertopic,n15_c25_s42,3,0.8696169143997774
1114316,bertopic,n15_c25_s42,2,1.0
1114352,bertopic,n15_c25_s42,2,0.6080049878248824
1114794,bertopic,n15_c25_s42,9,0.439231673171873
1114827,bertopic,n15_c25_s42,2,0.5633794796558558
1114891,bertopic,n15_c25_s42,4,1.0
1114995,bertopic,n15_c25_s42,6,1.0
1115098,bertopic,n15_c25_s42,24,0.3021569024302968
1115154,bertopic,n15_c25_s42,6,1.0
1115204,bertopic,n15_c25_s42,-1,0.0
1115380,bertopic,n15_c25_s42,2,1.0
1115412,bertopic,n15_c25_s42,26,0.35329115066011146
1115576,bertopic,n15_c25_s42,2,1.0
1115643,bertopic,n15_c25_s42,2,1.0
1115941,bertopic,n15_c25_s42,19,1.0
1116089,bertopic,n15_c25_s42,2,1.0
1116562,bertopic,n15_c25_s42,11,0.36451963490463196
1116827,bertopic,n15_c25_s42,46,1.0
1116858,bertopic,n15_c25_s42,25,1.0
1116913,bertopic,n15_c25_s42,7,1.0
1117195,bertopic,n15_c25_s42,21,0.8688563288089233
1117230,bertopic,n15_c25_s42,52,1.0
1117275,bertopic,n15_c25_s42,2,1.0
1117493,bertopic,n15_c25_s42,11,0.42024230296393905
1117508,bertopic,n15_c25_s42,18,0.9180495549125925
1117531,bertopic,n15_c25_s42,2,1.0
1117684,bertopic,n15_c25_s42,2,1.0
1117698,bertopic,n15_c25_s42,34,1.0
1118052,bertopic,n15_c25_s42,2,1.0
1118073,bertopic,n15_c25_s42,2,1.0
1118141,bertopic,n15_c25_s42,21,0.7243882195384426
1118205,bertopic,n15_c25_s42,9,0.4841507934512773
1118246,bertopic,n15_c25_s42,1,1.0
1118312,bertopic,n15_c25_s42,2,1.0
1118440,bertopic,n15_c25_s42,31,1.0
1118480,bertopic,n15_c25_s42,4,1.0
1118533,bertopic,n15_c25_s42,15,0.9543718826545109
1118668,bertopic,n15_c25_s42,1,1.0
1118759,bertopic,n15_c25_s42,2,1.0
1118824,bertopic,n15_c25_s42,1,1.0
1118923,bertopic,n15_c25_s42,3,1.0
1119095,bertopic,n15_c25_s42,2,0.7730475168477864
1119264,bertopic,n15_c25_s42,2,1.0
1119296,bertopic,n15_c25_s42,1,1.0
1119321,bertopic,n15_c25_s42,42,1.0
1119376,bertopic,n15_c25_s42,10,0.186580173672909
1119387,bertopic,n15_c25_s42,42,0.6524131893753676
1119504,bertopic,n15_c25_s42,54,0.6676988649237982
1119709,bertopic,n15_c25_s42,16,1.0
1119724,bertopic,n15_c25_s42,9,0.5274834560268162
1119732,bertopic,n15_c25_s42,42,1.0
1119837,bertopic,n15_c25_s42,42,1.0
1119949,bertopic,n15_c25_s42,-1,0.0
1120028,bertopic,n15_c25_s42,1,0.990865053716622
1120135,bertopic,n15_c25_s42,49,0.9622769179520996
1120334,bertopic,n15_c25_s42,56,1.0
1121077,bertopic,n15_c25_s42,13,0.4033166142648727
1121307,bertopic,n15_c25_s42,2,1.0
1121314,bertopic,n15_c25_s42,2,1.0
1121341,bertopic,n15_c25_s42,2,1.0
1121447,bertopic,n15_c25_s42,2,0.7483445918313503
1121643,bertopic,n15_c25_s42,-1,0.0
1121926,bertopic,n15_c25_s42,-1,0.0
1122060,bertopic,n15_c25_s42,27,0.43199677711603
1122687,bertopic,n15_c25_s42,47,1.0
1122913,bertopic,n15_c25_s42,60,1.0
1123071,bertopic,n15_c25_s42,60,1.0
1123093,bertopic,n15_c25_s42,54,1.0
1124310,bertopic,n15_c25_s42,49,1.0
1124347,bertopic,n15_c25_s42,60,1.0
1124353,bertopic,n15_c25_s42,-1,0.0
1124387,bertopic,n15_c25_s42,45,0.23906726792716923
1124797,bertopic,n15_c25_s42,12,0.5026985488648505
1124824,bertopic,n15_c25_s42,58,1.0
1124977,bertopic,n15_c25_s42,54,0.5091383330643506
1125019,bertopic,n15_c25_s42,0,1.0
1125021,bertopic,n15_c25_s42,6,0.6248998037023555
1125760,bertopic,n15_c25_s42,-1,0.0
1126048,bertopic,n15_c25_s42,4,1.0
1126258,bertopic,n15_c25_s42,7,0.12682601409205835
1126719,bertopic,n15_c25_s42,1,1.0
1126733,bertopic,n15_c25_s42,1,0.9626929597875836
1127164,bertopic,n15_c25_s42,42,0.13724641336792195
1127853,bertopic,n15_c25_s42,12,1.0
1128790,bertopic,n15_c25_s42,51,1.0
1128885,bertopic,n15_c25_s42,65,1.0
1128919,bertopic,n15_c25_s42,1,1.0
1128965,bertopic,n15_c25_s42,0,1.0
1129054,bertopic,n15_c25_s42,2,1.0
1129221,bertopic,n15_c25_s42,1,0.9626929597875836
1129241,bertopic,n15_c25_s42,3,1.0
1129745,bertopic,n15_c25_s42,4,1.0
1129847,bertopic,n15_c25_s42,1,1.0
1129929,bertopic,n15_c25_s42,3,0.7580324200046896
1130065,bertopic,n15_c25_s42,-1,0.0
1130119,bertopic,n15_c25_s42,2,0.9029578968077432
1130131,bertopic,n15_c25_s42,65,1.0
1130323,bertopic,n15_c25_s42,49,1.0
1130384,bertopic,n15_c25_s42,1,1.0
1130842,bertopic,n15_c25_s42,8,0.4126841098009459
1130955,bertopic,n15_c25_s42,7,1.0
1131856,bertopic,n15_c25_s42,31,0.974253004313176
1132014,bertopic,n15_c25_s42,47,1.0
1132074,bertopic,n15_c25_s42,4,0.9194937649585704
1132163,bertopic,n15_c25_s42,58,1.0
1132406,bertopic,n15_c25_s42,28,0.3758590023423715
1132415,bertopic,n15_c25_s42,-1,0.0
1132790,bertopic,n15_c25_s42,-1,0.0
1133215,bertopic,n15_c25_s42,7,1.0
1133283,bertopic,n15_c25_s42,1,0.7365473200867206
1133321,bertopic,n15_c25_s42,10,0.5792377927117244
1133411,bertopic,n15_c25_s42,0,1.0
1133518,bertopic,n15_c25_s42,0,1.0
1133697,bertopic,n15_c25_s42,-1,0.0
1133760,bertopic,n15_c25_s42,0,1.0
1133776,bertopic,n15_c25_s42,6,1.0
1133880,bertopic,n15_c25_s42,7,0.7829166257660403
1134028,bertopic,n15_c25_s42,50,1.0
1134165,bertopic,n15_c25_s42,44,1.0
1134199,bertopic,n15_c25_s42,7,1.0
1134222,bertopic,n15_c25_s42,0,1.0
1134608,bertopic,n15_c25_s42,-1,0.0
1134753,bertopic,n15_c25_s42,12,0.2714252249216158
1134862,bertopic,n15_c25_s42,-1,0.0
1135019,bertopic,n15_c25_s42,7,0.25379313965020517
1135134,bertopic,n15_c25_s42,1,1.0
1135142,bertopic,n15_c25_s42,7,1.0
1136015,bertopic,n15_c25_s42,0,1.0
1136884,bertopic,n15_c25_s42,1,0.9626929597875836
1137187,bertopic,n15_c25_s42,11,0.3841055250932349
1137490,bertopic,n15_c25_s42,23,0.895487055892526
1137796,bertopic,n15_c25_s42,1,0.9626929597875836
1138035,bertopic,n15_c25_s42,46,1.0
1138182,bertopic,n15_c25_s42,-1,0.0
1138623,bertopic,n15_c25_s42,-1,0.0
1138707,bertopic,n15_c25_s42,-1,0.0
1139842,bertopic,n15_c25_s42,3,0.7985706028529639
1140181,bertopic,n15_c25_s42,0,1.0
1140801,bertopic,n15_c25_s42,29,1.0
1141046,bertopic,n15_c25_s42,7,0.9839302496957048
1141197,bertopic,n15_c25_s42,7,0.12682601409205835
1141638,bertopic,n15_c25_s42,24,1.0
1141813,bertopic,n15_c25_s42,34,0.685152375692701
1141951,bertopic,n15_c25_s42,0,1.0
1142937,bertopic,n15_c25_s42,23,0.895487055892526
1144824,bertopic,n15_c25_s42,52,1.0
1145165,bertopic,n15_c25_s42,19,1.0
1145638,bertopic,n15_c25_s42,18,0.8584845365943952
1146027,bertopic,n15_c25_s42,-1,0.0
1146042,bertopic,n15_c25_s42,47,1.0
1146152,bertopic,n15_c25_s42,40,0.7607901807118109
1146252,bertopic,n15_c25_s42,12,0.48116901552308483
1146352,bertopic,n15_c25_s42,-1,0.0
1147158,bertopic,n15_c25_s42,20,0.7822430928557331
1147273,bertopic,n15_c25_s42,43,1.0
1147402,bertopic,n15_c25_s42,-1,0.0
1147699,bertopic,n15_c25_s42,1,1.0
1148447,bertopic,n15_c25_s42,11,1.0
1148547,bertopic,n15_c25_s42,47,1.0
1148606,bertopic,n15_c25_s42,0,1.0
1148875,bertopic,n15_c25_s42,9,0.41413422705429354
1149101,bertopic,n15_c25_s42,20,1.0
1149294,bertopic,n15_c25_s42,20,0.7228237871813953
1149383,bertopic,n15_c25_s42,9,0.4761326652432106
1150390,bertopic,n15_c25_s42,2,0.7185145854769981
1150687,bertopic,n15_c25_s42,11,0.6911675907597403
1151009,bertopic,n15_c25_s42,0,1.0
1151445,bertopic,n15_c25_s42,1,1.0
1151675,bertopic,n15_c25_s42,9,1.0
1151793,bertopic,n15_c25_s42,12,0.23150623344963692
1154042,bertopic,n15_c25_s42,0,1.0
1154242,bertopic,n15_c25_s42,25,1.0
1154680,bertopic,n15_c25_s42,0,0.8446653574187508
1155302,bertopic,n15_c25_s42,16,0.60416024163324
1156050,bertopic,n15_c25_s42,-1,0.0
1158781,bertopic,n15_c25_s42,-1,0.0
1159641,bertopic,n15_c25_s42,23,0.895487055892526
1160696,bertopic,n15_c25_s42,17,0.38638641236474397
1161665,bertopic,n15_c25_s42,-1,0.0
1161789,bertopic,n15_c25_s42,67,1.0
1161895,bertopic,n15_c25_s42,-1,0.0
1162509,bertopic,n15_c25_s42,17,0.9621750086341245
1162778,bertopic,n15_c25_s42,-1,0.0
1163727,bertopic,n15_c25_s42,0,0.8905794290538647
1163846,bertopic,n15_c25_s42,2,1.0
1166428,bertopic,n15_c25_s42,5,0.6466392988096622
1166606,bertopic,n15_c25_s42,-1,0.0
1172193,bertopic,n15_c25_s42,5,1.0
1173734,bertopic,n15_c25_s42,16,0.4262637714188173
1176583,bertopic,n15_c25_s42,5,0.5380794737696736
1176973,bertopic,n15_c25_s42,18,0.807501397096167
1177723,bertopic,n15_c25_s42,-1,0.0
1177972,bertopic,n15_c25_s42,43,1.0
1178665,bertopic,n15_c25_s42,39,1.0
1179288,bertopic,n15_c25_s42,-1,0.0
1179930,bertopic,n15_c25_s42,31,1.0
1180166,bertopic,n15_c25_s42,0,1.0
1180430,bertopic,n15_c25_s42,-1,0.0
1180915,bertopic,n15_c25_s42,17,0.45969487579794005
1182632,bertopic,n15_c25_s42,21,1.0
1185968,bertopic,n15_c25_s42,-1,0.0
1189527,bertopic,n15_c25_s42,60,1.0
1189737,bertopic,n15_c25_s42,0,1.0
1190471,bertopic,n15_c25_s42,1,1.0
1191095,bertopic,n15_c25_s42,-1,0.0
1191971,bertopic,n15_c25_s42,25,0.632698948880605
1192253,bertopic,n15_c25_s42,23,0.8132370054600326
1192680,bertopic,n15_c25_s42,-1,0.0
1193022,bertopic,n15_c25_s42,0,1.0
1196817,bertopic,n15_c25_s42,43,1.0
1198108,bertopic,n15_c25_s42,17,0.43745615196438015
1200295,bertopic,n15_c25_s42,-1,0.0
1200453,bertopic,n15_c25_s42,17,0.38638641236474397
1200649,bertopic,n15_c25_s42,16,0.4262637714188173
1200694,bertopic,n15_c25_s42,16,0.3306948271998189
1202138,bertopic,n15_c25_s42,2,0.9746768224192682
1202164,bertopic,n15_c25_s42,32,0.4330072134123639
1202753,bertopic,n15_c25_s42,44,1.0
1203775,bertopic,n15_c25_s42,-1,0.0
1205723,bertopic,n15_c25_s42,45,0.8914338646123177
1207633,bertopic,n15_c25_s42,-1,0.0
1208066,bertopic,n15_c25_s42,46,0.45442344370483295
1209971,bertopic,n15_c25_s42,15,0.6528598848202208
1213628,bertopic,n15_c25_s42,41,1.0
1214551,bertopic,n15_c25_s42,66,1.0
1215205,bertopic,n15_c25_s42,1,0.9626929597875836
1215569,bertopic,n15_c25_s42,21,0.8248719553885003
1215831,bertopic,n15_c25_s42,20,0.7757372501986729
1216753,bertopic,n15_c25_s42,18,0.8807164839718108
1217154,bertopic,n15_c25_s42,11,1.0
1217384,bertopic,n15_c25_s42,17,1.0
1222251,bertopic,n15_c25_s42,4,1.0
1222276,bertopic,n15_c25_s42,6,1.0
1223277,bertopic,n15_c25_s42,4,0.9756382242083558
1223412,bertopic,n15_c25_s42,1,1.0
1225916,bertopic,n15_c25_s42,58,1.0
1226995,bertopic,n15_c25_s42,17,0.6838884064345372
1227271,bertopic,n15_c25_s42,6,1.0
1227710,bertopic,n15_c25_s42,-1,0.0
1228096,bertopic,n15_c25_s42,20,0.7228237871813953
1228776,bertopic,n15_c25_s42,60,1.0
1229008,bertopic,n15_c25_s42,-1,0.0
1229988,bertopic,n15_c25_s42,4,0.7472729510581412
1231622,bertopic,n15_c25_s42,29,1.0
1231635,bertopic,n15_c25_s42,-1,0.0
1231901,bertopic,n15_c25_s42,6,1.0
1232008,bertopic,n15_c25_s42,26,1.0
1232174,bertopic,n15_c25_s42,2,1.0
1233088,bertopic,n15_c25_s42,19,0.4855794089623116
1233385,bertopic,n15_c25_s42,16,0.4144662453915914
1233422,bertopic,n15_c25_s42,4,1.0
1235322,bertopic,n15_c25_s42,2,0.7992426751798803
1236378,bertopic,n15_c25_s42,4,1.0
1237031,bertopic,n15_c25_s42,-1,0.0
1237170,bertopic,n15_c25_s42,2,0.6080049878248824
1237413,bertopic,n15_c25_s42,20,1.0
1237848,bertopic,n15_c25_s42,7,1.0
1237922,bertopic,n15_c25_s42,32,0.7162363741860417
1238889,bertopic,n15_c25_s42,20,0.8911227685824789
1238961,bertopic,n15_c25_s42,18,0.9953080466491614
1239523,bertopic,n15_c25_s42,6,1.0
1240026,bertopic,n15_c25_s42,-1,0.0
1241291,bertopic,n15_c25_s42,-1,0.0
1242184,bertopic,n15_c25_s42,46,0.6369136789873266
1245244,bertopic,n15_c25_s42,1,1.0
1248105,bertopic,n15_c25_s42,14,0.9255648073183753
1248204,bertopic,n15_c25_s42,26,0.35329115066011146
1248300,bertopic,n15_c25_s42,21,0.6943065169079842
1250399,bertopic,n15_c25_s42,3,1.0
1251753,bertopic,n15_c25_s42,-1,0.0
1252071,bertopic,n15_c25_s42,10,0.28001955913206994
1252327,bertopic,n15_c25_s42,6,1.0
1254524,bertopic,n15_c25_s42,12,0.5026985488648505
1256404,bertopic,n15_c25_s42,-1,0.0
1257472,bertopic,n15_c25_s42,12,0.2450233842556908
1260426,bertopic,n15_c25_s42,25,0.6168916347291136
1261053,bertopic,n15_c25_s42,23,1.0
1261757,bertopic,n15_c25_s42,0,1.0
1262969,bertopic,n15_c25_s42,-1,0.0
1263492,bertopic,n15_c25_s42,24,0.11771734095479094
1264343,bertopic,n15_c25_s42,6,1.0
1264590,bertopic,n15_c25_s42,21,0.8674621086784802
1264716,bertopic,n15_c25_s42,-1,0.0
1266683,bertopic,n15_c25_s42,17,0.5677386070928481
1267035,bertopic,n15_c25_s42,18,0.9326741713287979
1267428,bertopic,n15_c25_s42,25,0.632698948880605
1267998,bertopic,n15_c25_s42,0,1.0
1270171,bertopic,n15_c25_s42,-1,0.0
1271152,bertopic,n15_c25_s42,-1,0.0
1271406,bertopic,n15_c25_s42,53,1.0
1273521,bertopic,n15_c25_s42,24,0.09659768920407985
1274004,bertopic,n15_c25_s42,29,1.0
1275243,bertopic,n15_c25_s42,20,0.7228237871813953
1275309,bertopic,n15_c25_s42,1,0.7942111631652888
1276979,bertopic,n15_c25_s42,26,0.35329115066011146
1277211,bertopic,n15_c25_s42,18,0.9889820834645523
1277828,bertopic,n15_c25_s42,17,1.0
1278728,bertopic,n15_c25_s42,-1,0.0
1280692,bertopic,n15_c25_s42,2,1.0
1282492,bertopic,n15_c25_s42,5,0.5268460519238358
1282669,bertopic,n15_c25_s42,36,1.0
1283815,bertopic,n15_c25_s42,7,1.0
1285885,bertopic,n15_c25_s42,18,0.870285037541879
1286087,bertopic,n15_c25_s42,55,1.0
1286957,bertopic,n15_c25_s42,20,0.7312026223026052
1288369,bertopic,n15_c25_s42,2,0.9455869386777016
1293162,bertopic,n15_c25_s42,20,0.9806458778114079
1293332,bertopic,n15_c25_s42,67,1.0
1293933,bertopic,n15_c25_s42,41,1.0
1295827,bertopic,n15_c25_s42,57,1.0
1295853,bertopic,n15_c25_s42,5,0.7158851094636022
1295865,bertopic,n15_c25_s42,-1,0.0
1295888,bertopic,n15_c25_s42,23,0.8946137210427298
1296775,bertopic,n15_c25_s42,24,0.11771734095479094
1297875,bertopic,n15_c25_s42,0,1.0
1298653,bertopic,n15_c25_s42,17,1.0
1303438,bertopic,n15_c25_s42,1,1.0
1303474,bertopic,n15_c25_s42,20,0.931306878707355
1304857,bertopic,n15_c25_s42,0,1.0
1305880,bertopic,n15_c25_s42,-1,0.0
1306813,bertopic,n15_c25_s42,44,1.0
1307171,bertopic,n15_c25_s42,62,1.0
1311466,bertopic,n15_c25_s42,43,1.0
1312605,bertopic,n15_c25_s42,6,1.0
1312667,bertopic,n15_c25_s42,54,1.0
1312787,bertopic,n15_c25_s42,15,0.6968226574781019
1313336,bertopic,n15_c25_s42,-1,0.0
1314141,bertopic,n15_c25_s42,0,0.3277305395150376
1314588,bertopic,n15_c25_s42,0,0.1344555810401498
1315353,bertopic,n15_c25_s42,-1,0.0
1316358,bertopic,n15_c25_s42,3,1.0
1317422,bertopic,n15_c25_s42,1,1.0
1319309,bertopic,n15_c25_s42,5,0.6466392988096622
1319652,bertopic,n15_c25_s42,8,0.1251607519872326
1322468,bertopic,n15_c25_s42,54,1.0
1322941,bertopic,n15_c25_s42,20,0.6923990407940912
1325291,bertopic,n15_c25_s42,40,1.0
1326263,bertopic,n15_c25_s42,20,1.0
1326419,bertopic,n15_c25_s42,-1,0.0
1327705,bertopic,n15_c25_s42,12,0.4197632649655565
1328425,bertopic,n15_c25_s42,11,0.4153284104968041
1328433,bertopic,n15_c25_s42,-1,0.0
1328559,bertopic,n15_c25_s42,16,0.4262637714188173
1328590,bertopic,n15_c25_s42,-1,0.0
1328629,bertopic,n15_c25_s42,19,0.7667480327831825
1328920,bertopic,n15_c25_s42,-1,0.0
1329456,bertopic,n15_c25_s42,-1,0.0
1330537,bertopic,n15_c25_s42,46,0.7614469651736836
1331105,bertopic,n15_c25_s42,-1,0.0
1331247,bertopic,n15_c25_s42,15,0.6223838505921827
1331568,bertopic,n15_c25_s42,32,0.36608320526747395
1331824,bertopic,n15_c25_s42,13,0.7618790664052476
1332132,bertopic,n15_c25_s42,41,1.0
1332151,bertopic,n15_c25_s42,15,0.9548273946974897
1333447,bertopic,n15_c25_s42,9,0.6158479164654769
1333466,bertopic,n15_c25_s42,-1,0.0
1333612,bertopic,n15_c25_s42,41,1.0
1333849,bertopic,n15_c25_s42,-1,0.0
1333894,bertopic,n15_c25_s42,3,1.0
1334215,bertopic,n15_c25_s42,12,1.0
1334660,bertopic,n15_c25_s42,3,0.8467744271317305
1334867,bertopic,n15_c25_s42,-1,0.0
1334990,bertopic,n15_c25_s42,4,1.0
1335182,bertopic,n15_c25_s42,4,1.0
1335569,bertopic,n15_c25_s42,34,0.2876828104747549
1335873,bertopic,n15_c25_s42,-1,0.0
1336013,bertopic,n15_c25_s42,15,0.641479966466111
1336227,bertopic,n15_c25_s42,25,1.0
1336272,bertopic,n15_c25_s42,35,0.3470335834550502
1336457,bertopic,n15_c25_s42,10,0.5172282014986777
1336508,bertopic,n15_c25_s42,25,1.0
1336545,bertopic,n15_c25_s42,-1,0.0
1336635,bertopic,n15_c25_s42,34,0.26019219025241247
1336697,bertopic,n15_c25_s42,3,0.8737453213408044
1336889,bertopic,n15_c25_s42,15,1.0
1337777,bertopic,n15_c25_s42,2,1.0
1337833,bertopic,n15_c25_s42,-1,0.0
1337953,bertopic,n15_c25_s42,49,0.7235631995317382
1338185,bertopic,n15_c25_s42,2,1.0
1338187,bertopic,n15_c25_s42,0,1.0
1338591,bertopic,n15_c25_s42,14,1.0
1338720,bertopic,n15_c25_s42,-1,0.0
1339546,bertopic,n15_c25_s42,2,0.6080049878248824
1339717,bertopic,n15_c25_s42,35,0.3470335834550502
1339936,bertopic,n15_c25_s42,-1,0.0
1340018,bertopic,n15_c25_s42,0,0.1344555810401498
1340221,bertopic,n15_c25_s42,3,1.0
1340290,bertopic,n15_c25_s42,19,0.7059191148577111
1340354,bertopic,n15_c25_s42,-1,0.0
1340550,bertopic,n15_c25_s42,5,0.5935887025520024
1340579,bertopic,n15_c25_s42,-1,0.0
1340837,bertopic,n15_c25_s42,3,0.9763837133297479
1340896,bertopic,n15_c25_s42,4,1.0
1341084,bertopic,n15_c25_s42,8,1.0
1341136,bertopic,n15_c25_s42,19,0.9269571030096487
1341197,bertopic,n15_c25_s42,9,0.9901978264671805
1341211,bertopic,n15_c25_s42,11,0.36360744698049996
1341349,bertopic,n15_c25_s42,1,1.0
1341492,bertopic,n15_c25_s42,10,1.0
1341518,bertopic,n15_c25_s42,28,1.0
1341529,bertopic,n15_c25_s42,8,0.2198420864661131
1341600,bertopic,n15_c25_s42,8,0.21059967720498313
1341631,bertopic,n15_c25_s42,15,0.8724722542320561
1341648,bertopic,n15_c25_s42,2,1.0
1341653,bertopic,n15_c25_s42,3,1.0
1341654,bertopic,n15_c25_s42,4,1.0
1341717,bertopic,n15_c25_s42,0,0.23560015028267306
1341723,bertopic,n15_c25_s42,-1,0.0
1341731,bertopic,n15_c25_s42,50,0.6577175202615675
1341735,bertopic,n15_c25_s42,10,0.2821756181551074
1341778,bertopic,n15_c25_s42,-1,0.0
1341855,bertopic,n15_c25_s42,8,0.4903276894373879
1341861,bertopic,n15_c25_s42,3,1.0
1341976,bertopic,n15_c25_s42,1,0.7365473200867206
1341980,bertopic,n15_c25_s42,8,0.3296946759034848
1341997,bertopic,n15_c25_s42,1,1.0
1342072,bertopic,n15_c25_s42,8,1.0
1342094,bertopic,n15_c25_s42,52,1.0
1342147,bertopic,n15_c25_s42,-1,0.0
1342200,bertopic,n15_c25_s42,2,0.6013603684893652
1342209,bertopic,n15_c25_s42,3,0.779031629774909
1342353,bertopic,n15_c25_s42,2,0.9096319431988916
1342385,bertopic,n15_c25_s42,3,0.8737160086205618
1342387,bertopic,n15_c25_s42,42,1.0
1342400,bertopic,n15_c25_s42,2,1.0
1342431,bertopic,n15_c25_s42,2,1.0
1342456,bertopic,n15_c25_s42,-1,0.0
1342504,bertopic,n15_c25_s42,8,1.0
1342820,bertopic,n15_c25_s42,46,1.0
1342923,bertopic,n15_c25_s42,8,1.0
1343205,bertopic,n15_c25_s42,17,1.0
1343217,bertopic,n15_c25_s42,15,0.42924292551728727
1343397,bertopic,n15_c25_s42,8,0.9319357983248953
1343705,bertopic,n15_c25_s42,59,1.0
1343918,bertopic,n15_c25_s42,23,1.0
1346153,bertopic,n15_c25_s42,20,0.7228237871813953
1347867,bertopic,n15_c25_s42,20,0.7822430928557331
1349045,bertopic,n15_c25_s42,-1,0.0
1350240,bertopic,n15_c25_s42,11,1.0
1350512,bertopic,n15_c25_s42,68,1.0
1350627,bertopic,n15_c25_s42,-1,0.0
1350933,bertopic,n15_c25_s42,0,1.0
1352422,bertopic,n15_c25_s42,1,1.0
1352426,bertopic,n15_c25_s42,22,0.9652597169209939
1352433,bertopic,n15_c25_s42,10,0.5792377927117244
1352468,bertopic,n15_c25_s42,3,0.9809249335202846
1352471,bertopic,n15_c25_s42,2,1.0
1352495,bertopic,n15_c25_s42,56,1.0
1352496,bertopic,n15_c25_s42,8,0.48987651452097214
1352515,bertopic,n15_c25_s42,-1,0.0
1352534,bertopic,n15_c25_s42,2,0.8665849006447841
1352596,bertopic,n15_c25_s42,2,1.0
1352613,bertopic,n15_c25_s42,2,0.9411122005014835
1352718,bertopic,n15_c25_s42,8,0.7661248213747499
1352820,bertopic,n15_c25_s42,54,1.0
1352903,bertopic,n15_c25_s42,8,0.5851322920666236
1352958,bertopic,n15_c25_s42,10,0.5792377927117244
1352995,bertopic,n15_c25_s42,8,0.5281806670431812
1353016,bertopic,n15_c25_s42,1,1.0
1353060,bertopic,n15_c25_s42,-1,0.0
1353072,bertopic,n15_c25_s42,1,1.0
1353120,bertopic,n15_c25_s42,8,0.9868719140247502
1353281,bertopic,n15_c25_s42,12,0.3810141942915327
1353290,bertopic,n15_c25_s42,3,0.7582232416963687
1353320,bertopic,n15_c25_s42,-1,0.0
1353323,bertopic,n15_c25_s42,8,1.0
1353372,bertopic,n15_c25_s42,-1,0.0
1353458,bertopic,n15_c25_s42,0,0.8894141263008447
1353520,bertopic,n15_c25_s42,8,1.0
1353567,bertopic,n15_c25_s42,10,0.4795584842457046
1353575,bertopic,n15_c25_s42,6,1.0
1353735,bertopic,n15_c25_s42,8,0.5583524742228635
1353748,bertopic,n15_c25_s42,3,0.860901895384371
1353809,bertopic,n15_c25_s42,-1,0.0
1353844,bertopic,n15_c25_s42,8,0.9708740231079045
1353851,bertopic,n15_c25_s42,1,0.8778865827702653
1353908,bertopic,n15_c25_s42,8,1.0
1354016,bertopic,n15_c25_s42,3,0.9235205397404076
1354033,bertopic,n15_c25_s42,8,0.8882189442260856
1354073,bertopic,n15_c25_s42,4,1.0
1354115,bertopic,n15_c25_s42,-1,0.0
1354131,bertopic,n15_c25_s42,4,1.0
1354200,bertopic,n15_c25_s42,8,1.0
1354225,bertopic,n15_c25_s42,45,0.5326391463199279
1354386,bertopic,n15_c25_s42,-1,0.0
1354429,bertopic,n15_c25_s42,10,0.9679482006392421
1354493,bertopic,n15_c25_s42,8,0.7802750241946139
1354538,bertopic,n15_c25_s42,13,0.411557031884164
1354555,bertopic,n15_c25_s42,8,0.886250860601655
1354623,bertopic,n15_c25_s42,22,0.9652597169209939
1354630,bertopic,n15_c25_s42,3,0.8129493830014747
1354634,bertopic,n15_c25_s42,8,0.7375156699690931
1354764,bertopic,n15_c25_s42,-1,0.0
1354790,bertopic,n15_c25_s42,8,0.7355822487119773
1354799,bertopic,n15_c25_s42,8,0.8104843524248025
1354892,bertopic,n15_c25_s42,-1,0.0
1354928,bertopic,n15_c25_s42,3,1.0
1355075,bertopic,n15_c25_s42,8,1.0
1355098,bertopic,n15_c25_s42,-1,0.0
1355148,bertopic,n15_c25_s42,8,1.0
1355189,bertopic,n15_c25_s42,10,0.6861107454634652
1355212,bertopic,n15_c25_s42,8,0.9587834236122482
1355277,bertopic,n15_c25_s42,0,1.0
1355289,bertopic,n15_c25_s42,-1,0.0
1355306,bertopic,n15_c25_s42,0,1.0
1355387,bertopic,n15_c25_s42,0,0.26634822563413885
1355464,bertopic,n15_c25_s42,10,0.287668290527392
1355474,bertopic,n15_c25_s42,3,1.0
1355513,bertopic,n15_c25_s42,13,0.41358519753428513
1355600,bertopic,n15_c25_s42,0,1.0
1355641,bertopic,n15_c25_s42,17,0.38638641236474397
1355698,bertopic,n15_c25_s42,10,0.5792377927117244
1355959,bertopic,n15_c25_s42,-1,0.0
1356010,bertopic,n15_c25_s42,4,0.8519485244506382
1356076,bertopic,n15_c25_s42,8,0.7394599264031293
1356190,bertopic,n15_c25_s42,28,1.0
1356274,bertopic,n15_c25_s42,8,1.0
1356290,bertopic,n15_c25_s42,49,1.0
1356495,bertopic,n15_c25_s42,49,1.0
1356519,bertopic,n15_c25_s42,8,0.8079028015231338
1356599,bertopic,n15_c25_s42,8,1.0
1356604,bertopic,n15_c25_s42,51,1.0
1356627,bertopic,n15_c25_s42,-1,0.0
1356668,bertopic,n15_c25_s42,-1,0.0
1356670,bertopic,n15_c25_s42,7,1.0
1356825,bertopic,n15_c25_s42,3,0.7907261023859659
1356942,bertopic,n15_c25_s42,8,1.0
1356967,bertopic,n15_c25_s42,8,1.0
1356975,bertopic,n15_c25_s42,4,1.0
1357163,bertopic,n15_c25_s42,-1,0.0
1357414,bertopic,n15_c25_s42,8,0.38699978776232125
1357473,bertopic,n15_c25_s42,26,0.35329115066011146
1357554,bertopic,n15_c25_s42,8,1.0
1357652,bertopic,n15_c25_s42,3,0.8913878143568259
1357665,bertopic,n15_c25_s42,65,1.0
1357813,bertopic,n15_c25_s42,8,1.0
1357853,bertopic,n15_c25_s42,8,0.7136502637174271
1357960,bertopic,n15_c25_s42,8,0.5806615668993776
1358114,bertopic,n15_c25_s42,-1,0.0
1358178,bertopic,n15_c25_s42,-1,0.0
1358210,bertopic,n15_c25_s42,15,0.5327741305900942
1358250,bertopic,n15_c25_s42,43,1.0
1358624,bertopic,n15_c25_s42,7,1.0
1358742,bertopic,n15_c25_s42,62,1.0
1358818,bertopic,n15_c25_s42,8,1.0
1358971,bertopic,n15_c25_s42,0,1.0
1359310,bertopic,n15_c25_s42,0,1.0
1359637,bertopic,n15_c25_s42,56,1.0
1359667,bertopic,n15_c25_s42,-1,0.0
1359688,bertopic,n15_c25_s42,8,1.0
1359697,bertopic,n15_c25_s42,8,0.8025954346353488
1360008,bertopic,n15_c25_s42,-1,0.0
1360222,bertopic,n15_c25_s42,34,1.0
1360241,bertopic,n15_c25_s42,0,1.0
1360518,bertopic,n15_c25_s42,-1,0.0
1360532,bertopic,n15_c25_s42,6,0.9915730425088612
1360803,bertopic,n15_c25_s42,8,1.0
1361392,bertopic,n15_c25_s42,8,0.9495808077123606
1361989,bertopic,n15_c25_s42,3,0.8265731306849649
1362085,bertopic,n15_c25_s42,-1,0.0
1362270,bertopic,n15_c25_s42,22,1.0
1363598,bertopic,n15_c25_s42,14,1.0
1364107,bertopic,n15_c25_s42,23,1.0
1364501,bertopic,n15_c25_s42,-1,0.0
1365761,bertopic,n15_c25_s42,-1,0.0
1365820,bertopic,n15_c25_s42,-1,0.0
1365942,bertopic,n15_c25_s42,65,1.0
1366210,bertopic,n15_c25_s42,1,1.0
1367076,bertopic,n15_c25_s42,49,1.0
1367334,bertopic,n15_c25_s42,11,0.8603550803206143
1368672,bertopic,n15_c25_s42,35,1.0
1368830,bertopic,n15_c25_s42,58,1.0
1369052,bertopic,n15_c25_s42,1,1.0
1369207,bertopic,n15_c25_s42,53,1.0
1370009,bertopic,n15_c25_s42,28,0.37815704289641033
1370734,bertopic,n15_c25_s42,-1,0.0
1371099,bertopic,n15_c25_s42,-1,0.0
1372834,bertopic,n15_c25_s42,55,1.0
1373382,bertopic,n15_c25_s42,20,0.9087349414073652
1373517,bertopic,n15_c25_s42,14,0.9585059951828448
1374213,bertopic,n15_c25_s42,40,0.5311395933342707
1374351,bertopic,n15_c25_s42,28,0.32858270957684654
1374888,bertopic,n15_c25_s42,3,0.9657223824376571
1375962,bertopic,n15_c25_s42,13,0.3660338237850158
1377305,bertopic,n15_c25_s42,-1,0.0
1378147,bertopic,n15_c25_s42,7,0.32174065161154075
1378625,bertopic,n15_c25_s42,46,1.0
1378806,bertopic,n15_c25_s42,1,1.0
1379129,bertopic,n15_c25_s42,-1,0.0
1379802,bertopic,n15_c25_s42,35,0.3470335834550502
1380129,bertopic,n15_c25_s42,-1,0.0
1381254,bertopic,n15_c25_s42,-1,0.0
1381696,bertopic,n15_c25_s42,35,0.39484069404826316
1381808,bertopic,n15_c25_s42,12,0.9697126695106976
1383057,bertopic,n15_c25_s42,0,1.0
1383889,bertopic,n15_c25_s42,38,0.24557934251126812
1385669,bertopic,n15_c25_s42,17,0.8757217521226957
1386600,bertopic,n15_c25_s42,5,1.0
1386891,bertopic,n15_c25_s42,0,0.6045848133671266
1386909,bertopic,n15_c25_s42,44,1.0
1386978,bertopic,n15_c25_s42,-1,0.0
1387913,bertopic,n15_c25_s42,3,0.8037929372185932
1388481,bertopic,n15_c25_s42,24,1.0
1388627,bertopic,n15_c25_s42,4,1.0
1389193,bertopic,n15_c25_s42,-1,0.0
1389237,bertopic,n15_c25_s42,16,0.3048997191689533
1389776,bertopic,n15_c25_s42,-1,0.0
1389785,bertopic,n15_c25_s42,0,1.0
1391001,bertopic,n15_c25_s42,3,0.8882709376366738
1391878,bertopic,n15_c25_s42,-1,0.0
1392171,bertopic,n15_c25_s42,43,0.9286351907853381
1392616,bertopic,n15_c25_s42,0,0.5676249703556613
1392742,bertopic,n15_c25_s42,39,1.0
1393021,bertopic,n15_c25_s42,3,0.8309780831653754
1393149,bertopic,n15_c25_s42,0,1.0
1393280,bertopic,n15_c25_s42,40,1.0
1393391,bertopic,n15_c25_s42,-1,0.0
1393488,bertopic,n15_c25_s42,28,1.0
1393512,bertopic,n15_c25_s42,0,1.0
1393553,bertopic,n15_c25_s42,54,1.0
1393777,bertopic,n15_c25_s42,22,0.9652597169209939
1394418,bertopic,n15_c25_s42,0,0.635061484373618
1394813,bertopic,n15_c25_s42,7,0.8303654193575003
1395113,bertopic,n15_c25_s42,33,1.0
1396305,bertopic,n15_c25_s42,0,1.0
1396536,bertopic,n15_c25_s42,48,0.3269023141291777
1397992,bertopic,n15_c25_s42,0,1.0
1398139,bertopic,n15_c25_s42,44,1.0
1398174,bertopic,n15_c25_s42,11,1.0
1398252,bertopic,n15_c25_s42,11,1.0
1398346,bertopic,n15_c25_s42,34,1.0
1399933,bertopic,n15_c25_s42,40,1.0
1400276,bertopic,n15_c25_s42,13,0.3538131204470597
1401281,bertopic,n15_c25_s42,28,0.6990663542159277
1401776,bertopic,n15_c25_s42,16,1.0
1403499,bertopic,n15_c25_s42,12,1.0
1403543,bertopic,n15_c25_s42,5,0.6466392988096622
1403618,bertopic,n15_c25_s42,0,0.8683971448673102
1403934,bertopic,n15_c25_s42,-1,0.0
1404262,bertopic,n15_c25_s42,19,0.39535119217806813
1404449,bertopic,n15_c25_s42,13,0.874728726077451
1404526,bertopic,n15_c25_s42,18,1.0
1405038,bertopic,n15_c25_s42,0,1.0
1405327,bertopic,n15_c25_s42,40,1.0
1406803,bertopic,n15_c25_s42,3,1.0
1407139,bertopic,n15_c25_s42,-1,0.0
1407233,bertopic,n15_c25_s42,31,1.0
1407371,bertopic,n15_c25_s42,-1,0.0
1407589,bertopic,n15_c25_s42,7,1.0
1408074,bertopic,n15_c25_s42,7,1.0
1408639,bertopic,n15_c25_s42,48,1.0
1408737,bertopic,n15_c25_s42,48,1.0
1409160,bertopic,n15_c25_s42,-1,0.0
1409834,bertopic,n15_c25_s42,7,1.0
1410309,bertopic,n15_c25_s42,40,1.0
1410817,bertopic,n15_c25_s42,0,1.0
1410862,bertopic,n15_c25_s42,0,1.0
1410997,bertopic,n15_c25_s42,0,1.0
1411119,bertopic,n15_c25_s42,0,1.0
1411519,bertopic,n15_c25_s42,32,1.0
1411756,bertopic,n15_c25_s42,7,0.9007442731109817
1412149,bertopic,n15_c25_s42,0,1.0
1412424,bertopic,n15_c25_s42,33,0.981228449023246
1412975,bertopic,n15_c25_s42,-1,0.0
1413114,bertopic,n15_c25_s42,-1,0.0
1413469,bertopic,n15_c25_s42,4,0.9326730004865782
1413886,bertopic,n15_c25_s42,34,1.0
1414377,bertopic,n15_c25_s42,14,1.0
1414621,bertopic,n15_c25_s42,0,1.0
1414854,bertopic,n15_c25_s42,32,1.0
1418587,bertopic,n15_c25_s42,3,0.9763837133297479
1419130,bertopic,n15_c25_s42,5,1.0
1419281,bertopic,n15_c25_s42,14,0.9753162064334241
1419373,bertopic,n15_c25_s42,7,0.9392988852978132
1420150,bertopic,n15_c25_s42,41,0.7109225781234213
1420359,bertopic,n15_c25_s42,24,0.24918729871258571
1420676,bertopic,n15_c25_s42,-1,0.0
1421290,bertopic,n15_c25_s42,25,0.3171946390418201
1421554,bertopic,n15_c25_s42,9,0.4761326652432106
1421739,bertopic,n15_c25_s42,-1,0.0
1422211,bertopic,n15_c25_s42,5,0.6466392988096622
1422237,bertopic,n15_c25_s42,-1,0.0
1422305,bertopic,n15_c25_s42,1,1.0
1422445,bertopic,n15_c25_s42,28,1.0
1422449,bertopic,n15_c25_s42,15,0.8743592305923035
1422805,bertopic,n15_c25_s42,0,1.0
1423023,bertopic,n15_c25_s42,5,0.6466392988096622
1423636,bertopic,n15_c25_s42,-1,0.0
1423827,bertopic,n15_c25_s42,0,1.0
1424324,bertopic,n15_c25_s42,49,1.0
1424560,bertopic,n15_c25_s42,15,0.6528598848202208
1424726,bertopic,n15_c25_s42,16,0.5411837745738263
1425329,bertopic,n15_c25_s42,11,1.0
1425381,bertopic,n15_c25_s42,1,1.0
1425396,bertopic,n15_c25_s42,5,0.6466392988096622
1425918,bertopic,n15_c25_s42,0,0.6496186928220912
1426603,bertopic,n15_c25_s42,15,0.5052313267490227
1427271,bertopic,n15_c25_s42,4,1.0
1427504,bertopic,n15_c25_s42,0,1.0
1428060,bertopic,n15_c25_s42,46,1.0
1428577,bertopic,n15_c25_s42,3,0.9235205397404076
1429008,bertopic,n15_c25_s42,33,1.0
1429314,bertopic,n15_c25_s42,33,1.0
1429483,bertopic,n15_c25_s42,-1,0.0
1429660,bertopic,n15_c25_s42,53,0.7401126989304205
1430221,bertopic,n15_c25_s42,20,0.7822430928557331
1430422,bertopic,n15_c25_s42,62,0.27561992107592176
1431867,bertopic,n15_c25_s42,39,1.0
1433003,bertopic,n15_c25_s42,11,0.27574310761877074
1433177,bertopic,n15_c25_s42,0,1.0
1433228,bertopic,n15_c25_s42,16,1.0
1433399,bertopic,n15_c25_s42,12,0.4197632649655565
1433559,bertopic,n15_c25_s42,1,1.0
1434021,bertopic,n15_c25_s42,-1,0.0
1434138,bertopic,n15_c25_s42,3,0.7553363886896771
1435315,bertopic,n15_c25_s42,53,1.0
1435944,bertopic,n15_c25_s42,2,1.0
1435954,bertopic,n15_c25_s42,16,0.9163594029442337
1435966,bertopic,n15_c25_s42,6,1.0
1436002,bertopic,n15_c25_s42,2,1.0
1436096,bertopic,n15_c25_s42,28,0.3196585574043658
1436232,bertopic,n15_c25_s42,-1,0.0
1436382,bertopic,n15_c25_s42,4,1.0
1436761,bertopic,n15_c25_s42,4,1.0
1436769,bertopic,n15_c25_s42,25,0.8405411307281231
1437201,bertopic,n15_c25_s42,38,1.0
1437730,bertopic,n15_c25_s42,16,0.8252328103217117
1438428,bertopic,n15_c25_s42,13,1.0
1438672,bertopic,n15_c25_s42,4,1.0
1439249,bertopic,n15_c25_s42,-1,0.0
1439868,bertopic,n15_c25_s42,7,1.0
1440498,bertopic,n15_c25_s42,3,0.906056262919877
1442827,bertopic,n15_c25_s42,3,0.9235205397404076
1443154,bertopic,n15_c25_s42,4,0.7606752633885466
1443270,bertopic,n15_c25_s42,16,1.0
1443466,bertopic,n15_c25_s42,16,1.0
1443642,bertopic,n15_c25_s42,16,1.0
1443675,bertopic,n15_c25_s42,16,0.3224297579440461
1443679,bertopic,n15_c25_s42,16,1.0
1443967,bertopic,n15_c25_s42,16,1.0
1444123,bertopic,n15_c25_s42,9,0.4761326652432106
1444388,bertopic,n15_c25_s42,18,0.49716461005441315
1444407,bertopic,n15_c25_s42,2,1.0
1444816,bertopic,n15_c25_s42,-1,0.0
1445155,bertopic,n15_c25_s42,-1,0.0
1445868,bertopic,n15_c25_s42,-1,0.0
1446344,bertopic,n15_c25_s42,4,1.0
1447236,bertopic,n15_c25_s42,-1,0.0
1447277,bertopic,n15_c25_s42,-1,0.0
1447518,bertopic,n15_c25_s42,10,0.5780155378324492
1447668,bertopic,n15_c25_s42,2,1.0
1448206,bertopic,n15_c25_s42,2,1.0
1448247,bertopic,n15_c25_s42,-1,0.0
1448250,bertopic,n15_c25_s42,55,0.9911419344214881
1448327,bertopic,n15_c25_s42,-1,0.0
1448611,bertopic,n15_c25_s42,5,0.6466392988096622
1448896,bertopic,n15_c25_s42,-1,0.0
1449283,bertopic,n15_c25_s42,0,1.0
1449372,bertopic,n15_c25_s42,-1,0.0
1449655,bertopic,n15_c25_s42,2,1.0
1449677,bertopic,n15_c25_s42,0,1.0
1449683,bertopic,n15_c25_s42,0,0.90321742882971
1449805,bertopic,n15_c25_s42,-1,0.0
1449843,bertopic,n15_c25_s42,-1,0.0
1450043,bertopic,n15_c25_s42,2,1.0
1450121,bertopic,n15_c25_s42,15,0.932271086074379
1450731,bertopic,n15_c25_s42,34,0.6251417818441947
1450759,bertopic,n15_c25_s42,37,0.4674121682619359
1451103,bertopic,n15_c25_s42,-1,0.0
1451408,bertopic,n15_c25_s42,39,0.49532519811482206
1451509,bertopic,n15_c25_s42,7,0.5529608621026516
1451529,bertopic,n15_c25_s42,0,0.6542392992068327
1451625,bertopic,n15_c25_s42,7,1.0
1452133,bertopic,n15_c25_s42,29,1.0
1453222,bertopic,n15_c25_s42,53,1.0
1453255,bertopic,n15_c25_s42,7,1.0
1453330,bertopic,n15_c25_s42,53,1.0
1453464,bertopic,n15_c25_s42,1,1.0
1453989,bertopic,n15_c25_s42,2,0.6080049878248824
1454189,bertopic,n15_c25_s42,35,0.24725106497360286
1454199,bertopic,n15_c25_s42,33,0.8656081644038306
1454244,bertopic,n15_c25_s42,9,0.4761326652432106
1454277,bertopic,n15_c25_s42,33,1.0
1454429,bertopic,n15_c25_s42,4,1.0
1454947,bertopic,n15_c25_s42,13,1.0
1454949,bertopic,n15_c25_s42,4,1.0
1455111,bertopic,n15_c25_s42,30,1.0
1455238,bertopic,n15_c25_s42,0,1.0
1455283,bertopic,n15_c25_s42,3,0.9235205397404076
1455354,bertopic,n15_c25_s42,16,0.4262637714188173
1455402,bertopic,n15_c25_s42,2,1.0
1455720,bertopic,n15_c25_s42,53,0.9685949514087366
1455994,bertopic,n15_c25_s42,18,0.9889820834645523
1456517,bertopic,n15_c25_s42,-1,0.0
1456665,bertopic,n15_c25_s42,6,1.0
1456962,bertopic,n15_c25_s42,-1,0.0
1457263,bertopic,n15_c25_s42,3,1.0
1457325,bertopic,n15_c25_s42,53,1.0
1457859,bertopic,n15_c25_s42,2,1.0
1457932,bertopic,n15_c25_s42,-1,0.0
1457983,bertopic,n15_c25_s42,1,0.8971013336109194
1458072,bertopic,n15_c25_s42,2,0.8628756837539382
1458241,bertopic,n15_c25_s42,53,1.0
1458262,bertopic,n15_c25_s42,48,0.3314019442681684
1458275,bertopic,n15_c25_s42,-1,0.0
1458437,bertopic,n15_c25_s42,31,0.8228737148487744
1458616,bertopic,n15_c25_s42,2,1.0
1458672,bertopic,n15_c25_s42,15,0.8753850952454356
1458964,bertopic,n15_c25_s42,13,1.0
1459015,bertopic,n15_c25_s42,32,1.0
1459678,bertopic,n15_c25_s42,-1,0.0
1459715,bertopic,n15_c25_s42,12,0.5026985488648505
1459749,bertopic,n15_c25_s42,38,0.5440399978039333
1459777,bertopic,n15_c25_s42,38,1.0
1459845,bertopic,n15_c25_s42,6,0.9186618635021457
1459893,bertopic,n15_c25_s42,28,0.4293896308517023
1459929,bertopic,n15_c25_s42,38,1.0
1459987,bertopic,n15_c25_s42,-1,0.0
1460048,bertopic,n15_c25_s42,-1,0.0
1460075,bertopic,n15_c25_s42,38,0.2613724329561532
1460145,bertopic,n15_c25_s42,1,0.7274326457614272
1460432,bertopic,n15_c25_s42,6,1.0
1460462,bertopic,n15_c25_s42,1,1.0
1460518,bertopic,n15_c25_s42,-1,0.0
1461227,bertopic,n15_c25_s42,37,1.0
1461289,bertopic,n15_c25_s42,37,1.0
1461300,bertopic,n15_c25_s42,30,1.0
1461315,bertopic,n15_c25_s42,23,0.895487055892526
1461357,bertopic,n15_c25_s42,2,0.6080049878248824
1461797,bertopic,n15_c25_s42,3,0.8070895934850877
1461825,bertopic,n15_c25_s42,0,1.0
1461835,bertopic,n15_c25_s42,14,0.9255648073183753
1461873,bertopic,n15_c25_s42,29,1.0
1461916,bertopic,n15_c25_s42,-1,0.0
1462157,bertopic,n15_c25_s42,5,0.6466392988096622
1462192,bertopic,n15_c25_s42,5,0.6466392988096622
1462467,bertopic,n15_c25_s42,39,0.5845386329962096
1464287,bertopic,n15_c25_s42,25,0.5296364701392803
1464707,bertopic,n15_c25_s42,3,0.9710602068394807
1465268,bertopic,n15_c25_s42,5,0.640370764333055
1465580,bertopic,n15_c25_s42,53,1.0
1465862,bertopic,n15_c25_s42,55,0.30417053059858723
1467500,bertopic,n15_c25_s42,4,1.0
1468123,bertopic,n15_c25_s42,-1,0.0
1468145,bertopic,n15_c25_s42,4,1.0
1468240,bertopic,n15_c25_s42,47,1.0
1468764,bertopic,n15_c25_s42,6,1.0
1469128,bertopic,n15_c25_s42,7,1.0
1471831,bertopic,n15_c25_s42,1,1.0
1472174,bertopic,n15_c25_s42,3,1.0
1472393,bertopic,n15_c25_s42,6,1.0
1472475,bertopic,n15_c25_s42,19,0.39535119217806813
1472765,bertopic,n15_c25_s42,0,0.6735973546403773
1473282,bertopic,n15_c25_s42,2,0.9133810932418651
1473571,bertopic,n15_c25_s42,6,1.0
1473593,bertopic,n15_c25_s42,5,0.6466392988096622
1473646,bertopic,n15_c25_s42,4,1.0
1473689,bertopic,n15_c25_s42,37,0.4674121682619359
1473885,bertopic,n15_c25_s42,7,0.9051721590814066
1474107,bertopic,n15_c25_s42,29,0.49218481625356336
1474637,bertopic,n15_c25_s42,0,0.1344555810401498
1475061,bertopic,n15_c25_s42,29,0.8378258298517511
1475207,bertopic,n15_c25_s42,2,1.0
1475268,bertopic,n15_c25_s42,4,1.0
1476126,bertopic,n15_c25_s42,-1,0.0
1476496,bertopic,n15_c25_s42,29,1.0
1476625,bertopic,n15_c25_s42,2,1.0
1476870,bertopic,n15_c25_s42,56,1.0
1477069,bertopic,n15_c25_s42,34,1.0
1477305,bertopic,n15_c25_s42,17,0.53194183375493
1477493,bertopic,n15_c25_s42,4,0.7526764860386889
1477562,bertopic,n15_c25_s42,6,1.0
1479172,bertopic,n15_c25_s42,29,0.7636178747883192
1479182,bertopic,n15_c25_s42,-1,0.0
1479188,bertopic,n15_c25_s42,-1,0.0
1479421,bertopic,n15_c25_s42,14,0.934674126489097
1479744,bertopic,n15_c25_s42,19,1.0
1479969,bertopic,n15_c25_s42,0,1.0
1480263,bertopic,n15_c25_s42,19,0.840743303412903
1480343,bertopic,n15_c25_s42,-1,0.0
1480473,bertopic,n15_c25_s42,16,0.4262637714188173
1480689,bertopic,n15_c25_s42,2,1.0
1481916,bertopic,n15_c25_s42,1,1.0
1482195,bertopic,n15_c25_s42,7,0.9863035679301574
1482391,bertopic,n15_c25_s42,-1,0.0
1482463,bertopic,n15_c25_s42,-1,0.0
1482515,bertopic,n15_c25_s42,2,1.0
1482810,bertopic,n15_c25_s42,0,1.0
1483028,bertopic,n15_c25_s42,39,1.0
1483236,bertopic,n15_c25_s42,2,1.0
1483699,bertopic,n15_c25_s42,53,1.0
1483702,bertopic,n15_c25_s42,53,1.0
1483857,bertopic,n15_c25_s42,16,1.0
1484827,bertopic,n15_c25_s42,0,0.6515100231515181
1484861,bertopic,n15_c25_s42,6,1.0
1485022,bertopic,n15_c25_s42,2,1.0
1485226,bertopic,n15_c25_s42,36,0.24350978998570838
1485402,bertopic,n15_c25_s42,11,0.27574310761877074
1485515,bertopic,n15_c25_s42,2,1.0
1486206,bertopic,n15_c25_s42,6,1.0
1486828,bertopic,n15_c25_s42,1,1.0
1486861,bertopic,n15_c25_s42,7,1.0
1487166,bertopic,n15_c25_s42,58,1.0
1487279,bertopic,n15_c25_s42,-1,0.0
1487657,bertopic,n15_c25_s42,34,0.46448263970609915
1488073,bertopic,n15_c25_s42,55,0.28329207640391035
1488503,bertopic,n15_c25_s42,6,1.0
1489314,bertopic,n15_c25_s42,18,0.9889820834645523
1489479,bertopic,n15_c25_s42,9,0.4761326652432106
1489556,bertopic,n15_c25_s42,1,1.0
1489671,bertopic,n15_c25_s42,7,0.34357748814373296
1489886,bertopic,n15_c25_s42,14,0.8960022518690011
1489966,bertopic,n15_c25_s42,4,1.0
1490025,bertopic,n15_c25_s42,15,0.4221290159477242
1490662,bertopic,n15_c25_s42,0,1.0
1490725,bertopic,n15_c25_s42,-1,0.0
1490887,bertopic,n15_c25_s42,16,0.3154060871223763
1491534,bertopic,n15_c25_s42,-1,0.0
1491726,bertopic,n15_c25_s42,12,0.5026985488648505
1491889,bertopic,n15_c25_s42,1,1.0
1492240,bertopic,n15_c25_s42,5,0.6466392988096622
1492365,bertopic,n15_c25_s42,17,0.42427456649494155
1492483,bertopic,n15_c25_s42,0,1.0
1492756,bertopic,n15_c25_s42,0,1.0
1492867,bertopic,n15_c25_s42,10,0.5403350420085041
1492957,bertopic,n15_c25_s42,0,1.0
1493310,bertopic,n15_c25_s42,-1,0.0
1493469,bertopic,n15_c25_s42,39,1.0
1493972,bertopic,n15_c25_s42,0,1.0
1494075,bertopic,n15_c25_s42,19,0.5540582648780685
1494496,bertopic,n15_c25_s42,9,0.4761326652432106
1494699,bertopic,n15_c25_s42,14,0.9255648073183753
1494894,bertopic,n15_c25_s42,39,1.0
1495194,bertopic,n15_c25_s42,1,1.0
1495228,bertopic,n15_c25_s42,38,1.0
1495233,bertopic,n15_c25_s42,2,1.0
1495239,bertopic,n15_c25_s42,-1,0.0
1495404,bertopic,n15_c25_s42,2,1.0
1495440,bertopic,n15_c25_s42,9,0.6082990721190469
1495553,bertopic,n15_c25_s42,-1,0.0
1495677,bertopic,n15_c25_s42,-1,0.0
1495775,bertopic,n15_c25_s42,4,1.0
1496266,bertopic,n15_c25_s42,-1,0.0
1496293,bertopic,n15_c25_s42,1,1.0
1496432,bertopic,n15_c25_s42,1,1.0
1496436,bertopic,n15_c25_s42,10,0.15403910205978524
1496526,bertopic,n15_c25_s42,29,1.0
1496680,bertopic,n15_c25_s42,68,1.0
1496826,bertopic,n15_c25_s42,24,1.0
1497092,bertopic,n15_c25_s42,39,1.0
1497392,bertopic,n15_c25_s42,44,1.0
1497441,bertopic,n15_c25_s42,5,0.6258760990054192
1497562,bertopic,n15_c25_s42,39,1.0
1497811,bertopic,n15_c25_s42,53,1.0
1498127,bertopic,n15_c25_s42,-1,0.0
1498364,bertopic,n15_c25_s42,-1,0.0
1498493,bertopic,n15_c25_s42,3,1.0
1498498,bertopic,n15_c25_s42,20,1.0
1498576,bertopic,n15_c25_s42,24,0.5459649950812984
1498626,bertopic,n15_c25_s42,13,0.41358519753428513
1498789,bertopic,n15_c25_s42,14,0.9614939879601736
1499016,bertopic,n15_c25_s42,-1,0.0
1499096,bertopic,n15_c25_s42,33,0.8656081644038306
1499112,bertopic,n15_c25_s42,31,1.0
1499270,bertopic,n15_c25_s42,31,1.0
1499361,bertopic,n15_c25_s42,37,1.0
1499586,bertopic,n15_c25_s42,44,1.0
1499672,bertopic,n15_c25_s42,0,1.0
1499709,bertopic,n15_c25_s42,65,1.0
1499813,bertopic,n15_c25_s42,-1,0.0
1499973,bertopic,n15_c25_s42,9,0.43320939107759937
1500095,bertopic,n15_c25_s42,0,1.0
1500173,bertopic,n15_c25_s42,0,0.793224837185483
1500499,bertopic,n15_c25_s42,33,1.0
1500634,bertopic,n15_c25_s42,1,0.7365473200867206
1500676,bertopic,n15_c25_s42,38,0.4047206167205381
1500738,bertopic,n15_c25_s42,11,0.7049527198978349
1500963,bertopic,n15_c25_s42,48,1.0
1501574,bertopic,n15_c25_s42,1,1.0
1501578,bertopic,n15_c25_s42,1,1.0
1502199,bertopic,n15_c25_s42,1,0.9626929597875836
1502390,bertopic,n15_c25_s42,12,0.29681551304241505
1502766,bertopic,n15_c25_s42,14,1.0
1502904,bertopic,n15_c25_s42,19,0.33920473255966693
1502922,bertopic,n15_c25_s42,4,1.0
1503008,bertopic,n15_c25_s42,37,0.5285485660926851
1503312,bertopic,n15_c25_s42,1,1.0
1503519,bertopic,n15_c25_s42,6,1.0
1503634,bertopic,n15_c25_s42,52,1.0
1503852,bertopic,n15_c25_s42,0,1.0
1504597,bertopic,n15_c25_s42,14,1.0
1504665,bertopic,n15_c25_s42,0,1.0
1504919,bertopic,n15_c25_s42,14,1.0
1505312,bertopic,n15_c25_s42,0,1.0
1505383,bertopic,n15_c25_s42,3,1.0
1505704,bertopic,n15_c25_s42,39,1.0
1505868,bertopic,n15_c25_s42,23,1.0
1505959,bertopic,n15_c25_s42,12,0.7649724473116943
1506500,bertopic,n15_c25_s42,7,0.8451069387904806
1507104,bertopic,n15_c25_s42,42,1.0
1507401,bertopic,n15_c25_s42,9,0.4952471550876438
1507627,bertopic,n15_c25_s42,9,0.4761326652432106
1507831,bertopic,n15_c25_s42,-1,0.0
1507969,bertopic,n15_c25_s42,42,1.0
1508022,bertopic,n15_c25_s42,39,1.0
1508136,bertopic,n15_c25_s42,6,1.0
1508674,bertopic,n15_c25_s42,6,1.0
1509113,bertopic,n15_c25_s42,-1,0.0
1509437,bertopic,n15_c25_s42,22,1.0
1509486,bertopic,n15_c25_s42,41,1.0
1509498,bertopic,n15_c25_s42,0,1.0
1509817,bertopic,n15_c25_s42,-1,0.0
1509923,bertopic,n15_c25_s42,3,1.0
1510125,bertopic,n15_c25_s42,41,1.0
1510588,bertopic,n15_c25_s42,2,0.939368235291666
1510958,bertopic,n15_c25_s42,42,1.0
1511533,bertopic,n15_c25_s42,39,1.0
1511673,bertopic,n15_c25_s42,53,1.0
1511859,bertopic,n15_c25_s42,-1,0.0
1511860,bertopic,n15_c25_s42,7,0.8714076754816094
1512573,bertopic,n15_c25_s42,5,0.6466392988096622
1512689,bertopic,n15_c25_s42,-1,0.0
1513723,bertopic,n15_c25_s42,3,1.0
1513871,bertopic,n15_c25_s42,49,1.0
1514186,bertopic,n15_c25_s42,24,0.8607941306351631
1514274,bertopic,n15_c25_s42,23,1.0
1514325,bertopic,n15_c25_s42,3,1.0
1514580,bertopic,n15_c25_s42,44,1.0
1514606,bertopic,n15_c25_s42,16,0.972793000846477
1515184,bertopic,n15_c25_s42,-1,0.0
1515210,bertopic,n15_c25_s42,9,0.4731722443802111
1515246,bertopic,n15_c25_s42,48,0.8157438020196737
1515274,bertopic,n15_c25_s42,42,1.0
1515359,bertopic,n15_c25_s42,14,0.934674126489097
1515570,bertopic,n15_c25_s42,-1,0.0
1515598,bertopic,n15_c25_s42,38,0.23436671937419745
1515749,bertopic,n15_c25_s42,-1,0.0
1515808,bertopic,n15_c25_s42,52,1.0
1516138,bertopic,n15_c25_s42,-1,0.0
1516280,bertopic,n15_c25_s42,2,1.0
1516649,bertopic,n15_c25_s42,24,1.0
1516702,bertopic,n15_c25_s42,14,1.0
1516736,bertopic,n15_c25_s42,20,0.9456420709350788
1517627,bertopic,n15_c25_s42,-1,0.0
1517695,bertopic,n15_c25_s42,33,0.8656081644038306
1517727,bertopic,n15_c25_s42,50,1.0
1517867,bertopic,n15_c25_s42,4,1.0
1517964,bertopic,n15_c25_s42,38,1.0
1518533,bertopic,n15_c25_s42,10,0.4724866051757356
1519045,bertopic,n15_c25_s42,22,0.9652597169209939
1519200,bertopic,n15_c25_s42,1,1.0
1519498,bertopic,n15_c25_s42,62,1.0
1519584,bertopic,n15_c25_s42,0,0.8263927121984038
1519848,bertopic,n15_c25_s42,33,1.0
1520160,bertopic,n15_c25_s42,20,1.0
1520425,bertopic,n15_c25_s42,2,1.0
1520737,bertopic,n15_c25_s42,2,1.0
1520908,bertopic,n15_c25_s42,2,1.0
1520918,bertopic,n15_c25_s42,28,0.3196585574043658
1521008,bertopic,n15_c25_s42,39,1.0
1521252,bertopic,n15_c25_s42,2,1.0
1521557,bertopic,n15_c25_s42,17,0.38638641236474397
1521679,bertopic,n15_c25_s42,2,0.7483445918313503
1521726,bertopic,n15_c25_s42,2,1.0
1521733,bertopic,n15_c25_s42,2,0.7483445918313503
1522251,bertopic,n15_c25_s42,-1,0.0
1522969,bertopic,n15_c25_s42,0,1.0
1523554,bertopic,n15_c25_s42,0,1.0
1524302,bertopic,n15_c25_s42,-1,0.0
1524595,bertopic,n15_c25_s42,8,0.1251607519872326
1524652,bertopic,n15_c25_s42,11,0.32993951517810316
1524974,bertopic,n15_c25_s42,-1,0.0
1525140,bertopic,n15_c25_s42,36,1.0
1525270,bertopic,n15_c25_s42,-1,0.0
1525606,bertopic,n15_c25_s42,37,1.0
1525636,bertopic,n15_c25_s42,0,0.9766744062169658
1526226,bertopic,n15_c25_s42,32,1.0
1526572,bertopic,n15_c25_s42,6,1.0
1526808,bertopic,n15_c25_s42,-1,0.0
1526886,bertopic,n15_c25_s42,0,0.1344555810401498
1527006,bertopic,n15_c25_s42,1,1.0
1527106,bertopic,n15_c25_s42,0,1.0
1527270,bertopic,n15_c25_s42,17,0.5600087373253692
1527880,bertopic,n15_c25_s42,19,0.7667480327831825
1528242,bertopic,n15_c25_s42,11,1.0
1529188,bertopic,n15_c25_s42,3,1.0
1529305,bertopic,n15_c25_s42,56,1.0
1529625,bertopic,n15_c25_s42,2,1.0
1529644,bertopic,n15_c25_s42,47,1.0
1530080,bertopic,n15_c25_s42,-1,0.0
1530590,bertopic,n15_c25_s42,1,1.0
1530603,bertopic,n15_c25_s42,53,1.0
1530720,bertopic,n15_c25_s42,0,1.0
1530764,bertopic,n15_c25_s42,60,1.0
1530838,bertopic,n15_c25_s42,-1,0.0
1531212,bertopic,n15_c25_s42,24,0.16894114266306506
1531260,bertopic,n15_c25_s42,5,0.6466392988096622
1531273,bertopic,n15_c25_s42,15,1.0
1531420,bertopic,n15_c25_s42,10,0.5792377927117244
1531571,bertopic,n15_c25_s42,0,1.0
1532111,bertopic,n15_c25_s42,53,1.0
1532719,bertopic,n15_c25_s42,4,0.790314414223026
1534162,bertopic,n15_c25_s42,45,0.6627981910843365
1534179,bertopic,n15_c25_s42,12,0.323072034571952
1534504,bertopic,n15_c25_s42,-1,0.0
1534796,bertopic,n15_c25_s42,-1,0.0
1535832,bertopic,n15_c25_s42,0,1.0
1536549,bertopic,n15_c25_s42,-1,0.0
1536697,bertopic,n15_c25_s42,34,0.3372149009451365
1537297,bertopic,n15_c25_s42,0,1.0
1537636,bertopic,n15_c25_s42,0,1.0
1537770,bertopic,n15_c25_s42,55,1.0
1537887,bertopic,n15_c25_s42,31,0.528516360565699
1538407,bertopic,n15_c25_s42,3,1.0
1538570,bertopic,n15_c25_s42,0,1.0
1538663,bertopic,n15_c25_s42,16,1.0
1538868,bertopic,n15_c25_s42,3,1.0
1539324,bertopic,n15_c25_s42,-1,0.0
1539331,bertopic,n15_c25_s42,-1,0.0
1539395,bertopic,n15_c25_s42,25,0.632698948880605
1539403,bertopic,n15_c25_s42,4,1.0
1540711,bertopic,n15_c25_s42,0,1.0
1540756,bertopic,n15_c25_s42,-1,0.0
1540774,bertopic,n15_c25_s42,1,1.0
1540776,bertopic,n15_c25_s42,1,0.7274326457614272
1540884,bertopic,n15_c25_s42,0,1.0
1541021,bertopic,n15_c25_s42,53,1.0
1541093,bertopic,n15_c25_s42,0,1.0
1541238,bertopic,n15_c25_s42,4,1.0
1541869,bertopic,n15_c25_s42,57,1.0
1542070,bertopic,n15_c25_s42,53,1.0
1542322,bertopic,n15_c25_s42,33,0.8656081644038306
1542483,bertopic,n15_c25_s42,58,1.0
1542514,bertopic,n15_c25_s42,9,0.47063300148837134
1542601,bertopic,n15_c25_s42,10,0.9679482006392421
1542888,bertopic,n15_c25_s42,11,0.5715678871893074
1542963,bertopic,n15_c25_s42,7,1.0
1542983,bertopic,n15_c25_s42,19,0.36177659505521964
1543175,bertopic,n15_c25_s42,45,1.0
1543371,bertopic,n15_c25_s42,7,1.0
1543670,bertopic,n15_c25_s42,6,1.0
1543874,bertopic,n15_c25_s42,0,0.5568547760037132
1544114,bertopic,n15_c25_s42,0,0.9636971454959372
1544170,bertopic,n15_c25_s42,-1,0.0
1544450,bertopic,n15_c25_s42,-1,0.0
1544451,bertopic,n15_c25_s42,1,1.0
1544501,bertopic,n15_c25_s42,23,0.766755668055982
1544521,bertopic,n15_c25_s42,63,1.0
1545235,bertopic,n15_c25_s42,-1,0.0
1545283,bertopic,n15_c25_s42,56,1.0
1546012,bertopic,n15_c25_s42,0,1.0
1546283,bertopic,n15_c25_s42,0,1.0
1546486,bertopic,n15_c25_s42,0,1.0
1546803,bertopic,n15_c25_s42,3,1.0
1547028,bertopic,n15_c25_s42,1,1.0
1547799,bertopic,n15_c25_s42,9,0.4450956008191762
1547850,bertopic,n15_c25_s42,7,1.0
1547868,bertopic,n15_c25_s42,-1,0.0
1548025,bertopic,n15_c25_s42,5,0.7125602924340251
1548624,bertopic,n15_c25_s42,-1,0.0
1549095,bertopic,n15_c25_s42,-1,0.0
1549163,bertopic,n15_c25_s42,23,1.0
1549742,bertopic,n15_c25_s42,7,1.0
1549766,bertopic,n15_c25_s42,13,0.41358519753428513
1549906,bertopic,n15_c25_s42,46,1.0
1550076,bertopic,n15_c25_s42,1,1.0
1550274,bertopic,n15_c25_s42,22,1.0
1551201,bertopic,n15_c25_s42,33,0.8656081644038306
1552027,bertopic,n15_c25_s42,69,1.0
1552042,bertopic,n15_c25_s42,7,0.12682601409205835
1552436,bertopic,n15_c25_s42,10,0.9679482006392421
1552526,bertopic,n15_c25_s42,-1,0.0
1553823,bertopic,n15_c25_s42,4,1.0
1554221,bertopic,n15_c25_s42,54,0.9055454898326786
1554319,bertopic,n15_c25_s42,1,0.733484671554008
1554328,bertopic,n15_c25_s42,48,1.0
1554564,bertopic,n15_c25_s42,-1,0.0
1554656,bertopic,n15_c25_s42,33,1.0
1554691,bertopic,n15_c25_s42,33,1.0
1555133,bertopic,n15_c25_s42,1,0.9626929597875836
1555803,bertopic,n15_c25_s42,33,1.0
1555945,bertopic,n15_c25_s42,32,0.6185506487865963
1555952,bertopic,n15_c25_s42,1,1.0
1555957,bertopic,n15_c25_s42,48,0.48103331478830186
1556983,bertopic,n15_c25_s42,0,1.0
1557452,bertopic,n15_c25_s42,32,0.5086975505523625
1557814,bertopic,n15_c25_s42,0,1.0
1558294,bertopic,n15_c25_s42,47,1.0
1558297,bertopic,n15_c25_s42,0,1.0
1558386,bertopic,n15_c25_s42,28,0.335272126659154
1558528,bertopic,n15_c25_s42,-1,0.0
1558705,bertopic,n15_c25_s42,-1,0.0
1558919,bertopic,n15_c25_s42,4,0.9155189836260009
1559241,bertopic,n15_c25_s42,33,0.8656081644038306
1559325,bertopic,n15_c25_s42,0,1.0
1559378,bertopic,n15_c25_s42,43,1.0
1559538,bertopic,n15_c25_s42,42,0.17344513903356618
1559623,bertopic,n15_c25_s42,17,0.9483678839555962
1559836,bertopic,n15_c25_s42,12,0.4197632649655565
1560054,bertopic,n15_c25_s42,7,1.0
1560368,bertopic,n15_c25_s42,30,1.0
1561560,bertopic,n15_c25_s42,1,1.0
1561578,bertopic,n15_c25_s42,1,0.7274326457614272
1562046,bertopic,n15_c25_s42,7,1.0
1562100,bertopic,n15_c25_s42,-1,0.0
1562779,bertopic,n15_c25_s42,48,1.0
1563006,bertopic,n15_c25_s42,-1,0.0
1563857,bertopic,n15_c25_s42,16,0.6133652730215285
1564679,bertopic,n15_c25_s42,-1,0.0
1564741,bertopic,n15_c25_s42,20,0.6662158858549608
1565071,bertopic,n15_c25_s42,4,1.0
1565468,bertopic,n15_c25_s42,-1,0.0
1567458,bertopic,n15_c25_s42,31,1.0
1567486,bertopic,n15_c25_s42,26,0.3333521548220174
1568134,bertopic,n15_c25_s42,10,0.5780155378324492
1568789,bertopic,n15_c25_s42,63,1.0
1568922,bertopic,n15_c25_s42,5,0.6466392988096622
1568979,bertopic,n15_c25_s42,63,1.0
1568982,bertopic,n15_c25_s42,0,1.0
1568998,bertopic,n15_c25_s42,68,1.0
1569529,bertopic,n15_c25_s42,18,0.8807164839718108
1570798,bertopic,n15_c25_s42,4,1.0
1570810,bertopic,n15_c25_s42,1,0.6463026339399824
1571139,bertopic,n15_c25_s42,-1,0.0
1571143,bertopic,n15_c25_s42,68,1.0
1571368,bertopic,n15_c25_s42,6,1.0
1571604,bertopic,n15_c25_s42,-1,0.0
1571733,bertopic,n15_c25_s42,34,0.714907721943641
1571748,bertopic,n15_c25_s42,1,0.5333105448722979
1572189,bertopic,n15_c25_s42,6,0.5717080867123335
1572248,bertopic,n15_c25_s42,17,1.0
1572346,bertopic,n15_c25_s42,53,1.0
1572459,bertopic,n15_c25_s42,-1,0.0
1572646,bertopic,n15_c25_s42,38,1.0
1572813,bertopic,n15_c25_s42,-1,0.0
1573020,bertopic,n15_c25_s42,14,0.8931438714942601
1573782,bertopic,n15_c25_s42,0,1.0
1573787,bertopic,n15_c25_s42,26,0.35329115066011146
1574359,bertopic,n15_c25_s42,38,1.0
1574564,bertopic,n15_c25_s42,1,1.0
1575547,bertopic,n15_c25_s42,29,0.9682142433384143
1576207,bertopic,n15_c25_s42,29,0.5029153892629795
1580503,bertopic,n15_c25_s42,46,1.0
1581015,bertopic,n15_c25_s42,0,0.798307463453011
1581556,bertopic,n15_c25_s42,44,1.0
1581904,bertopic,n15_c25_s42,26,0.35329115066011146
1582089,bertopic,n15_c25_s42,11,0.6995397846830382
1582804,bertopic,n15_c25_s42,37,0.5016645794458348
1583328,bertopic,n15_c25_s42,39,1.0
1583384,bertopic,n15_c25_s42,1,1.0
1583464,bertopic,n15_c25_s42,4,0.6213667875971286
1583692,bertopic,n15_c25_s42,17,0.53194183375493
1584072,bertopic,n15_c25_s42,9,0.5274834560268162
1584290,bertopic,n15_c25_s42,44,1.0
1584463,bertopic,n15_c25_s42,44,1.0
1584561,bertopic,n15_c25_s42,-1,0.0
1584690,bertopic,n15_c25_s42,7,0.32441426648638694
1584702,bertopic,n15_c25_s42,0,0.3277305395150376
1584723,bertopic,n15_c25_s42,57,1.0
1585232,bertopic,n15_c25_s42,11,0.9760154027427386
1585252,bertopic,n15_c25_s42,1,1.0
1585805,bertopic,n15_c25_s42,26,0.6226401967539371
1586519,bertopic,n15_c25_s42,20,1.0
1587467,bertopic,n15_c25_s42,2,0.9029578968077432
1588089,bertopic,n15_c25_s42,65,1.0
1588714,bertopic,n15_c25_s42,37,0.4674121682619359
1589034,bertopic,n15_c25_s42,37,0.4674121682619359
1590072,bertopic,n15_c25_s42,-1,0.0
1590296,bertopic,n15_c25_s42,22,1.0
1590539,bertopic,n15_c25_s42,48,0.8363354068577931
1590598,bertopic,n15_c25_s42,20,1.0
1590801,bertopic,n15_c25_s42,53,1.0
1590969,bertopic,n15_c25_s42,15,0.9940181849011148
1591081,bertopic,n15_c25_s42,15,1.0
1591317,bertopic,n15_c25_s42,17,0.53194183375493
1592648,bertopic,n15_c25_s42,22,1.0
1592996,bertopic,n15_c25_s42,-1,0.0
1593360,bertopic,n15_c25_s42,-1,0.0
1593802,bertopic,n15_c25_s42,7,1.0
1593842,bertopic,n15_c25_s42,7,0.6107595620207809
1593942,bertopic,n15_c25_s42,4,1.0
1594238,bertopic,n15_c25_s42,7,0.9580190054815534
1594886,bertopic,n15_c25_s42,20,0.717617504840784
1595108,bertopic,n15_c25_s42,28,0.3196585574043658
1595174,bertopic,n15_c25_s42,7,0.12682601409205835
1595833,bertopic,n15_c25_s42,0,1.0
1596054,bertopic,n15_c25_s42,33,1.0
1596086,bertopic,n15_c25_s42,33,1.0
1596783,bertopic,n15_c25_s42,36,1.0
1597618,bertopic,n15_c25_s42,53,1.0
1597802,bertopic,n15_c25_s42,0,0.6735973546403773
1598813,bertopic,n15_c25_s42,39,1.0
1599011,bertopic,n15_c25_s42,50,1.0
1601162,bertopic,n15_c25_s42,7,0.3755280255802701
1601255,bertopic,n15_c25_s42,-1,0.0
1601952,bertopic,n15_c25_s42,0,1.0
1602097,bertopic,n15_c25_s42,0,0.6730809836223557
1602124,bertopic,n15_c25_s42,0,0.6735973546403773
1602322,bertopic,n15_c25_s42,0,1.0
1603249,bertopic,n15_c25_s42,21,0.773500441208144
1603303,bertopic,n15_c25_s42,0,1.0
1603708,bertopic,n15_c25_s42,20,0.7527455954675017
1603749,bertopic,n15_c25_s42,-1,0.0
1604979,bertopic,n15_c25_s42,2,1.0
1605083,bertopic,n15_c25_s42,-1,0.0
1605481,bertopic,n15_c25_s42,7,1.0
1605630,bertopic,n15_c25_s42,21,1.0
1606053,bertopic,n15_c25_s42,7,1.0
1606367,bertopic,n15_c25_s42,20,0.8876052634829358
1606471,bertopic,n15_c25_s42,20,0.8630579105520196
1607996,bertopic,n15_c25_s42,26,0.35329115066011146
1608050,bertopic,n15_c25_s42,26,0.3433382051505824
1608305,bertopic,n15_c25_s42,47,1.0
1608343,bertopic,n15_c25_s42,47,1.0
1608523,bertopic,n15_c25_s42,40,0.24543673303753513
1608611,bertopic,n15_c25_s42,-1,0.0
1608877,bertopic,n15_c25_s42,1,1.0
1608878,bertopic,n15_c25_s42,10,1.0
1609173,bertopic,n15_c25_s42,-1,0.0
1610786,bertopic,n15_c25_s42,-1,0.0
1611689,bertopic,n15_c25_s42,38,1.0
1612202,bertopic,n15_c25_s42,5,0.5521379441724059
1612234,bertopic,n15_c25_s42,-1,0.0
1612259,bertopic,n15_c25_s42,-1,0.0
1612810,bertopic,n15_c25_s42,-1,0.0
1612909,bertopic,n15_c25_s42,46,1.0
1614015,bertopic,n15_c25_s42,18,0.8807164839718108
1614893,bertopic,n15_c25_s42,31,1.0
1615227,bertopic,n15_c25_s42,31,1.0
1615573,bertopic,n15_c25_s42,31,1.0
1615715,bertopic,n15_c25_s42,46,1.0
1615722,bertopic,n15_c25_s42,-1,0.0
1615725,bertopic,n15_c25_s42,23,0.895487055892526
1616337,bertopic,n15_c25_s42,-1,0.0
1616763,bertopic,n15_c25_s42,-1,0.0
1618925,bertopic,n15_c25_s42,31,1.0
1619965,bertopic,n15_c25_s42,-1,0.0
1620427,bertopic,n15_c25_s42,31,1.0
1620477,bertopic,n15_c25_s42,20,0.7822430928557331
1620517,bertopic,n15_c25_s42,31,1.0
1620531,bertopic,n15_c25_s42,31,0.4848497244559949
1620652,bertopic,n15_c25_s42,-1,0.0
1620730,bertopic,n15_c25_s42,20,0.7822430928557331
1620782,bertopic,n15_c25_s42,48,1.0
1621203,bertopic,n15_c25_s42,20,0.7228237871813953
1621700,bertopic,n15_c25_s42,2,1.0
1621877,bertopic,n15_c25_s42,-1,0.0
1622181,bertopic,n15_c25_s42,23,1.0
1622524,bertopic,n15_c25_s42,3,0.9157505529297147
1622573,bertopic,n15_c25_s42,-1,0.0
1622698,bertopic,n15_c25_s42,0,1.0
1622930,bertopic,n15_c25_s42,-1,0.0
1624003,bertopic,n15_c25_s42,0,1.0
1624371,bertopic,n15_c25_s42,12,0.4197632649655565
1625072,bertopic,n15_c25_s42,-1,0.0
1625326,bertopic,n15_c25_s42,0,1.0
1626063,bertopic,n15_c25_s42,38,1.0
1626112,bertopic,n15_c25_s42,2,1.0
1626193,bertopic,n15_c25_s42,4,1.0
1626305,bertopic,n15_c25_s42,6,0.6181248775749013
1626331,bertopic,n15_c25_s42,1,0.7274326457614272
1626414,bertopic,n15_c25_s42,6,0.9031413198410793
1626427,bertopic,n15_c25_s42,68,1.0
1626513,bertopic,n15_c25_s42,6,1.0
1627048,bertopic,n15_c25_s42,6,1.0
1627976,bertopic,n15_c25_s42,0,0.1344555810401498
1628020,bertopic,n15_c25_s42,10,0.5780155378324492
1628061,bertopic,n15_c25_s42,7,0.9392436725226517
1628085,bertopic,n15_c25_s42,7,1.0
1628354,bertopic,n15_c25_s42,-1,0.0
1628417,bertopic,n15_c25_s42,56,1.0
1628529,bertopic,n15_c25_s42,-1,0.0
1628847,bertopic,n15_c25_s42,0,1.0
1628863,bertopic,n15_c25_s42,0,1.0
1628928,bertopic,n15_c25_s42,0,1.0
1628955,bertopic,n15_c25_s42,0,1.0
1629053,bertopic,n15_c25_s42,22,1.0
1629082,bertopic,n15_c25_s42,31,1.0
1629201,bertopic,n15_c25_s42,0,1.0
1629324,bertopic,n15_c25_s42,0,1.0
1629357,bertopic,n15_c25_s42,-1,0.0
1629527,bertopic,n15_c25_s42,-1,0.0
1629581,bertopic,n15_c25_s42,0,1.0
1629804,bertopic,n15_c25_s42,6,1.0
1630109,bertopic,n15_c25_s42,11,0.8492685610415391
1630227,bertopic,n15_c25_s42,0,1.0
1630233,bertopic,n15_c25_s42,0,1.0
1630240,bertopic,n15_c25_s42,0,1.0
1630342,bertopic,n15_c25_s42,6,1.0
1630541,bertopic,n15_c25_s42,38,1.0
1630643,bertopic,n15_c25_s42,-1,0.0
1631344,bertopic,n15_c25_s42,33,1.0
1631698,bertopic,n15_c25_s42,41,1.0
1631752,bertopic,n15_c25_s42,17,0.4064117771698937
1632025,bertopic,n15_c25_s42,0,1.0
1633050,bertopic,n15_c25_s42,31,0.7895981518149195
1633094,bertopic,n15_c25_s42,0,1.0
1633144,bertopic,n15_c25_s42,31,0.9099918856436882
1633190,bertopic,n15_c25_s42,31,0.7035340132324837
1633362,bertopic,n15_c25_s42,63,1.0
1633392,bertopic,n15_c25_s42,1,1.0
1633401,bertopic,n15_c25_s42,63,1.0
1633413,bertopic,n15_c25_s42,31,0.918881048727562
1633448,bertopic,n15_c25_s42,0,1.0
1634199,bertopic,n15_c25_s42,10,0.7598489305863786
1634480,bertopic,n15_c25_s42,6,0.9226844117000491
1634535,bertopic,n15_c25_s42,0,1.0
1634924,bertopic,n15_c25_s42,6,1.0
1635457,bertopic,n15_c25_s42,32,0.36740014696144924
1635558,bertopic,n15_c25_s42,-1,0.0
1635802,bertopic,n15_c25_s42,6,1.0
1635844,bertopic,n15_c25_s42,23,0.895487055892526
1635991,bertopic,n15_c25_s42,0,1.0
1636083,bertopic,n15_c25_s42,0,1.0
1636243,bertopic,n15_c25_s42,0,1.0
1636404,bertopic,n15_c25_s42,0,1.0
1636431,bertopic,n15_c25_s42,0,1.0
1636592,bertopic,n15_c25_s42,0,1.0
1636718,bertopic,n15_c25_s42,0,1.0
1636835,bertopic,n15_c25_s42,-1,0.0
1637154,bertopic,n15_c25_s42,-1,0.0
1637297,bertopic,n15_c25_s42,-1,0.0
1637388,bertopic,n15_c25_s42,-1,0.0
1637480,bertopic,n15_c25_s42,50,0.8157971570055431
1637484,bertopic,n15_c25_s42,50,0.7588859121353076
1637670,bertopic,n15_c25_s42,10,0.8165414011562057
1637750,bertopic,n15_c25_s42,0,1.0
1637917,bertopic,n15_c25_s42,0,1.0
1637962,bertopic,n15_c25_s42,44,1.0
1638213,bertopic,n15_c25_s42,-1,0.0
1638474,bertopic,n15_c25_s42,0,0.43320776377670417
1638879,bertopic,n15_c25_s42,-1,0.0
1640012,bertopic,n15_c25_s42,-1,0.0
1641201,bertopic,n15_c25_s42,0,1.0
1641467,bertopic,n15_c25_s42,-1,0.0
1642038,bertopic,n15_c25_s42,7,0.26822667237653497
1642741,bertopic,n15_c25_s42,36,0.49998729639194067
1642850,bertopic,n15_c25_s42,36,0.46086783352704686
1643225,bertopic,n15_c25_s42,36,0.4650271404298144
1643304,bertopic,n15_c25_s42,0,1.0
1643410,bertopic,n15_c25_s42,36,0.46284327270103454
1643593,bertopic,n15_c25_s42,67,1.0
1643672,bertopic,n15_c25_s42,67,1.0
1643689,bertopic,n15_c25_s42,67,1.0
1643801,bertopic,n15_c25_s42,11,0.27574310761877074
1643812,bertopic,n15_c25_s42,11,0.27574310761877074
1644104,bertopic,n15_c25_s42,26,1.0
1644107,bertopic,n15_c25_s42,36,0.934942111849456
1644185,bertopic,n15_c25_s42,0,0.6735973546403773
1644238,bertopic,n15_c25_s42,26,1.0
1644289,bertopic,n15_c25_s42,41,1.0
1644777,bertopic,n15_c25_s42,39,1.0
1645053,bertopic,n15_c25_s42,44,1.0
1645255,bertopic,n15_c25_s42,24,0.0854681890976985
1645318,bertopic,n15_c25_s42,24,0.08811481436850133
1645518,bertopic,n15_c25_s42,-1,0.0
1645809,bertopic,n15_c25_s42,22,0.5880909786184888
1645828,bertopic,n15_c25_s42,0,1.0
1645964,bertopic,n15_c25_s42,24,0.08976955533597494
1646059,bertopic,n15_c25_s42,1,0.9660788003164535
1646133,bertopic,n15_c25_s42,5,0.6466392988096622
1647389,bertopic,n15_c25_s42,7,0.2453916439019495
1647652,bertopic,n15_c25_s42,5,0.6466392988096622
1647853,bertopic,n15_c25_s42,48,0.8642625313867932
1648054,bertopic,n15_c25_s42,1,1.0
1648219,bertopic,n15_c25_s42,5,0.6466392988096622
1648790,bertopic,n15_c25_s42,-1,0.0
1649210,bertopic,n15_c25_s42,1,1.0
1649646,bertopic,n15_c25_s42,20,0.9581271312315536
1649970,bertopic,n15_c25_s42,63,1.0
1650049,bertopic,n15_c25_s42,63,0.9923109061330371
1650196,bertopic,n15_c25_s42,0,1.0
1650249,bertopic,n15_c25_s42,1,1.0
1650886,bertopic,n15_c25_s42,14,0.8931438714942601
1651326,bertopic,n15_c25_s42,26,1.0
1651339,bertopic,n15_c25_s42,26,1.0
1651505,bertopic,n15_c25_s42,26,0.22137851058794375
1651781,bertopic,n15_c25_s42,26,0.8425636329121454
1651888,bertopic,n15_c25_s42,26,1.0
1651889,bertopic,n15_c25_s42,26,0.7932915231876873
1651902,bertopic,n15_c25_s42,26,1.0
1651924,bertopic,n15_c25_s42,26,0.8469028507546774
1652591,bertopic,n15_c25_s42,0,1.0
1653181,bertopic,n15_c25_s42,-1,0.0
1654123,bertopic,n15_c25_s42,68,1.0
1654397,bertopic,n15_c25_s42,20,0.7977624503084514
1654474,bertopic,n15_c25_s42,57,0.5669815327562825
1655065,bertopic,n15_c25_s42,9,1.0
1655750,bertopic,n15_c25_s42,0,1.0
1656280,bertopic,n15_c25_s42,0,1.0
1656434,bertopic,n15_c25_s42,-1,0.0
1657720,bertopic,n15_c25_s42,4,0.8453724631344681
1658202,bertopic,n15_c25_s42,57,1.0
1658204,bertopic,n15_c25_s42,37,1.0
1660561,bertopic,n15_c25_s42,32,0.4031072134062651
1660628,bertopic,n15_c25_s42,3,0.7788870443275625
1661755,bertopic,n15_c25_s42,1,0.9725258896146424
1662908,bertopic,n15_c25_s42,12,1.0
1663598,bertopic,n15_c25_s42,0,1.0
1664651,bertopic,n15_c25_s42,-1,0.0
1664667,bertopic,n15_c25_s42,-1,0.0
1664914,bertopic,n15_c25_s42,16,0.591558607091123
1665044,bertopic,n15_c25_s42,45,0.7176996653683944
1665218,bertopic,n15_c25_s42,7,1.0
1666448,bertopic,n15_c25_s42,1,1.0
1666522,bertopic,n15_c25_s42,22,0.5967453803184829
1666592,bertopic,n15_c25_s42,63,1.0
1666754,bertopic,n15_c25_s42,-1,0.0
1667161,bertopic,n15_c25_s42,23,0.8772401712759241
1669889,bertopic,n15_c25_s42,-1,0.0
1671510,bertopic,n15_c25_s42,-1,0.0
1673964,bertopic,n15_c25_s42,4,0.8956454113422414
1674689,bertopic,n15_c25_s42,66,1.0
1676225,bertopic,n15_c25_s42,4,1.0
1676319,bertopic,n15_c25_s42,-1,0.0
1676925,bertopic,n15_c25_s42,11,0.7709670884934098
1677219,bertopic,n15_c25_s42,65,1.0
1678071,bertopic,n15_c25_s42,32,0.4506689500058817
1679362,bertopic,n15_c25_s42,0,1.0
1681379,bertopic,n15_c25_s42,18,0.49716461005441315
1682395,bertopic,n15_c25_s42,18,1.0
1683078,bertopic,n15_c25_s42,4,1.0
1683091,bertopic,n15_c25_s42,21,0.8804238602489506
1683109,bertopic,n15_c25_s42,3,1.0
1683130,bertopic,n15_c25_s42,3,0.7932083184186267
1683707,bertopic,n15_c25_s42,-1,0.0
1684733,bertopic,n15_c25_s42,3,1.0
1684815,bertopic,n15_c25_s42,-1,0.0
1685072,bertopic,n15_c25_s42,2,0.6080049878248824
1685266,bertopic,n15_c25_s42,38,0.39211314277143733
1686021,bertopic,n15_c25_s42,-1,0.0
1686112,bertopic,n15_c25_s42,13,0.34768012636902623
1686355,bertopic,n15_c25_s42,12,1.0
1686518,bertopic,n15_c25_s42,-1,0.0
1687000,bertopic,n15_c25_s42,-1,0.0
1687424,bertopic,n15_c25_s42,-1,0.0
1688112,bertopic,n15_c25_s42,19,0.39535119217806813
1689823,bertopic,n15_c25_s42,0,1.0
1690809,bertopic,n15_c25_s42,11,1.0
1691665,bertopic,n15_c25_s42,18,1.0
1691862,bertopic,n15_c25_s42,18,1.0
1692560,bertopic,n15_c25_s42,-1,0.0
1693028,bertopic,n15_c25_s42,3,1.0
1693980,bertopic,n15_c25_s42,27,0.7523007879308704
1695724,bertopic,n15_c25_s42,-1,0.0
1697471,bertopic,n15_c25_s42,18,0.6611625514644269
1697669,bertopic,n15_c25_s42,7,1.0
1697963,bertopic,n15_c25_s42,27,1.0
1698281,bertopic,n15_c25_s42,7,1.0
1698411,bertopic,n15_c25_s42,35,0.3470335834550502
1698475,bertopic,n15_c25_s42,3,0.9974169812917673
1698981,bertopic,n15_c25_s42,13,0.9585559143913279
1699396,bertopic,n15_c25_s42,25,0.632698948880605
1699699,bertopic,n15_c25_s42,2,1.0
1699718,bertopic,n15_c25_s42,-1,0.0
1700125,bertopic,n15_c25_s42,21,0.9824468580572746
1700225,bertopic,n15_c25_s42,27,0.3839058633056538
1700548,bertopic,n15_c25_s42,7,1.0
1700627,bertopic,n15_c25_s42,18,1.0
1700716,bertopic,n15_c25_s42,1,1.0
1701825,bertopic,n15_c25_s42,3,0.7631082871161795
1702604,bertopic,n15_c25_s42,18,1.0
1702894,bertopic,n15_c25_s42,18,0.9889820834645523
1703304,bertopic,n15_c25_s42,27,0.5331580739108597
1704668,bertopic,n15_c25_s42,21,0.7755299891536873
1704740,bertopic,n15_c25_s42,27,0.40841719851190383
1705265,bertopic,n15_c25_s42,54,1.0
1705327,bertopic,n15_c25_s42,-1,0.0
1706168,bertopic,n15_c25_s42,-1,0.0
1706486,bertopic,n15_c25_s42,-1,0.0
1706496,bertopic,n15_c25_s42,3,1.0
1706540,bertopic,n15_c25_s42,6,1.0
1706737,bertopic,n15_c25_s42,27,1.0
1707062,bertopic,n15_c25_s42,18,1.0
1708593,bertopic,n15_c25_s42,6,1.0
1709044,bertopic,n15_c25_s42,3,0.8591325350198441
1709656,bertopic,n15_c25_s42,64,1.0
1709805,bertopic,n15_c25_s42,3,1.0
1709939,bertopic,n15_c25_s42,35,1.0
1710264,bertopic,n15_c25_s42,3,1.0
1710764,bertopic,n15_c25_s42,27,0.34961105105632057
1710933,bertopic,n15_c25_s42,21,0.5833276447194046
1711239,bertopic,n15_c25_s42,27,0.5112910768135382
1711692,bertopic,n15_c25_s42,-1,0.0
1712207,bertopic,n15_c25_s42,27,0.19163311120389834
1712797,bertopic,n15_c25_s42,1,0.3660888077406
1713263,bertopic,n15_c25_s42,62,1.0
1714928,bertopic,n15_c25_s42,18,0.6040215565956991
1715015,bertopic,n15_c25_s42,18,1.0
1715532,bertopic,n15_c25_s42,2,1.0
1715850,bertopic,n15_c25_s42,27,0.5276884848626896
1715958,bertopic,n15_c25_s42,18,1.0
1716332,bertopic,n15_c25_s42,3,1.0
1717227,bertopic,n15_c25_s42,-1,0.0
1717561,bertopic,n15_c25_s42,18,0.9889820834645523
1718260,bertopic,n15_c25_s42,25,0.9146184667026523
1718954,bertopic,n15_c25_s42,27,0.5431006418862161
1719182,bertopic,n15_c25_s42,-1,0.0
1719361,bertopic,n15_c25_s42,-1,0.0
1719455,bertopic,n15_c25_s42,3,1.0
1719954,bertopic,n15_c25_s42,27,0.48445261877367907
1720340,bertopic,n15_c25_s42,27,0.565089892184592
1720393,bertopic,n15_c25_s42,64,1.0
1722098,bertopic,n15_c25_s42,58,1.0
1722301,bertopic,n15_c25_s42,21,0.7645210587685909
1723071,bertopic,n15_c25_s42,3,1.0
1723124,bertopic,n15_c25_s42,25,0.25146896294799426
1723294,bertopic,n15_c25_s42,12,0.9518628412213693
1724660,bertopic,n15_c25_s42,-1,0.0
1725087,bertopic,n15_c25_s42,27,0.3126236071816985
1725177,bertopic,n15_c25_s42,-1,0.0
1726786,bertopic,n15_c25_s42,18,0.49716461005441315
1727314,bertopic,n15_c25_s42,21,1.0
1727348,bertopic,n15_c25_s42,27,0.15507676217906022
1727748,bertopic,n15_c25_s42,6,0.6661781600395837
1728274,bertopic,n15_c25_s42,-1,0.0
1728370,bertopic,n15_c25_s42,-1,0.0
1728791,bertopic,n15_c25_s42,-1,0.0
1729194,bertopic,n15_c25_s42,-1,0.0
1731850,bertopic,n15_c25_s42,-1,0.0
1732329,bertopic,n15_c25_s42,25,0.742886389375094
1732611,bertopic,n15_c25_s42,35,1.0
1733429,bertopic,n15_c25_s42,0,1.0
1733690,bertopic,n15_c25_s42,27,0.5217566361547467
1734395,bertopic,n15_c25_s42,-1,0.0
1734997,bertopic,n15_c25_s42,64,1.0
1737105,bertopic,n15_c25_s42,10,0.2622672513978683
1737159,bertopic,n15_c25_s42,27,0.5118651562528673
1737367,bertopic,n15_c25_s42,3,1.0
1738246,bertopic,n15_c25_s42,18,1.0
1739309,bertopic,n15_c25_s42,27,0.15946056043026896
1740679,bertopic,n15_c25_s42,50,1.0
1740693,bertopic,n15_c25_s42,10,0.2304921631383373
1741399,bertopic,n15_c25_s42,64,1.0
1743180,bertopic,n15_c25_s42,-1,0.0
1743215,bertopic,n15_c25_s42,35,0.3470335834550502
1743803,bertopic,n15_c25_s42,3,1.0
1745237,bertopic,n15_c25_s42,-1,0.0
1745303,bertopic,n15_c25_s42,-1,0.0
1745896,bertopic,n15_c25_s42,0,1.0
1745972,bertopic,n15_c25_s42,29,0.8906296739002146
1746476,bertopic,n15_c25_s42,27,0.8169159360771672
1746753,bertopic,n15_c25_s42,-1,0.0
1747022,bertopic,n15_c25_s42,0,1.0
1747741,bertopic,n15_c25_s42,-1,0.0
1748179,bertopic,n15_c25_s42,37,0.4674121682619359
1748483,bertopic,n15_c25_s42,21,0.365966098799652
1748926,bertopic,n15_c25_s42,13,0.3464425503386072
1749111,bertopic,n15_c25_s42,6,1.0
1749433,bertopic,n15_c25_s42,54,0.6569291543184498
1749525,bertopic,n15_c25_s42,3,1.0
1749569,bertopic,n15_c25_s42,6,1.0
1749755,bertopic,n15_c25_s42,19,0.39535119217806813
1749859,bertopic,n15_c25_s42,3,0.9597525859844117
1749863,bertopic,n15_c25_s42,3,1.0
1750089,bertopic,n15_c25_s42,64,1.0
1750589,bertopic,n15_c25_s42,19,0.38210241937407957
1750711,bertopic,n15_c25_s42,54,0.5932582089268348
1750919,bertopic,n15_c25_s42,4,0.9367429190301897
1750939,bertopic,n15_c25_s42,21,1.0
1751352,bertopic,n15_c25_s42,64,1.0
1752783,bertopic,n15_c25_s42,2,1.0
1753410,bertopic,n15_c25_s42,58,0.7613914457373367
1754216,bertopic,n15_c25_s42,6,1.0
1756841,bertopic,n15_c25_s42,1,1.0
1757662,bertopic,n15_c25_s42,42,0.2891273027009754
1757765,bertopic,n15_c25_s42,27,0.46310940422434405
1757933,bertopic,n15_c25_s42,21,1.0
1759498,bertopic,n15_c25_s42,27,0.40659644944371204
1759830,bertopic,n15_c25_s42,27,0.5800286976135023
1759873,bertopic,n15_c25_s42,27,1.0
1760552,bertopic,n15_c25_s42,21,1.0
1761953,bertopic,n15_c25_s42,18,0.9889820834645523
1762654,bertopic,n15_c25_s42,27,0.8368704813576748
1762824,bertopic,n15_c25_s42,54,0.5728013039034657
1762994,bertopic,n15_c25_s42,33,0.8558050183653284
1763439,bertopic,n15_c25_s42,27,0.7675123061609187
1764269,bertopic,n15_c25_s42,60,0.9697805722293202
1765393,bertopic,n15_c25_s42,27,1.0
1765897,bertopic,n15_c25_s42,19,0.5741997886780074
1765978,bertopic,n15_c25_s42,27,1.0
1766021,bertopic,n15_c25_s42,19,1.0
1766529,bertopic,n15_c25_s42,3,1.0
1766769,bertopic,n15_c25_s42,64,1.0
1766969,bertopic,n15_c25_s42,47,1.0
1767208,bertopic,n15_c25_s42,21,0.7893263109982176
1767405,bertopic,n15_c25_s42,1,0.5686712938637849
1767580,bertopic,n15_c25_s42,3,1.0
1768327,bertopic,n15_c25_s42,-1,0.0
1768788,bertopic,n15_c25_s42,64,1.0
1769257,bertopic,n15_c25_s42,21,1.0
1769738,bertopic,n15_c25_s42,2,0.7483445918313503
1770600,bertopic,n15_c25_s42,27,1.0
1770622,bertopic,n15_c25_s42,1,1.0
1771324,bertopic,n15_c25_s42,3,0.9002767025252464
1771782,bertopic,n15_c25_s42,27,1.0
1772764,bertopic,n15_c25_s42,27,0.6225112965304267
1772835,bertopic,n15_c25_s42,18,0.9386439007509649
1772931,bertopic,n15_c25_s42,21,1.0
1773425,bertopic,n15_c25_s42,64,1.0
1774287,bertopic,n15_c25_s42,64,1.0
1774660,bertopic,n15_c25_s42,27,1.0
1774761,bertopic,n15_c25_s42,21,1.0
1774912,bertopic,n15_c25_s42,-1,0.0
1775048,bertopic,n15_c25_s42,64,1.0
1775531,bertopic,n15_c25_s42,21,0.8939611989502624
1777220,bertopic,n15_c25_s42,28,1.0
1777819,bertopic,n15_c25_s42,3,1.0
1778040,bertopic,n15_c25_s42,21,0.941906379539374
1778220,bertopic,n15_c25_s42,0,0.6469619180578672
1778534,bertopic,n15_c25_s42,27,1.0
1779124,bertopic,n15_c25_s42,64,1.0
1780784,bertopic,n15_c25_s42,21,1.0
1780870,bertopic,n15_c25_s42,27,0.4734248823631813
1781369,bertopic,n15_c25_s42,64,1.0
1781371,bertopic,n15_c25_s42,6,1.0
1781465,bertopic,n15_c25_s42,-1,0.0
1781567,bertopic,n15_c25_s42,11,0.35046354046559247
1781757,bertopic,n15_c25_s42,67,1.0
1782449,bertopic,n15_c25_s42,-1,0.0
1782773,bertopic,n15_c25_s42,60,0.9698739750526237
1782894,bertopic,n15_c25_s42,64,1.0
1783088,bertopic,n15_c25_s42,3,1.0
1783472,bertopic,n15_c25_s42,58,1.0
1784023,bertopic,n15_c25_s42,64,1.0
1784510,bertopic,n15_c25_s42,-1,0.0
1786605,bertopic,n15_c25_s42,0,1.0
1786860,bertopic,n15_c25_s42,1,1.0
1787190,bertopic,n15_c25_s42,27,1.0
1787369,bertopic,n15_c25_s42,64,1.0
1787402,bertopic,n15_c25_s42,64,1.0
1788046,bertopic,n15_c25_s42,64,1.0
1788210,bertopic,n15_c25_s42,27,1.0
1788249,bertopic,n15_c25_s42,3,1.0
1788658,bertopic,n15_c25_s42,27,0.6773829914209646
1788669,bertopic,n15_c25_s42,21,0.9185383802875019
1788823,bertopic,n15_c25_s42,21,0.6469431612421774
1789010,bertopic,n15_c25_s42,3,1.0
1789341,bertopic,n15_c25_s42,27,0.8415397593601479
1790219,bertopic,n15_c25_s42,60,1.0
1790464,bertopic,n15_c25_s42,-1,0.0
1790795,bertopic,n15_c25_s42,3,1.0
1792141,bertopic,n15_c25_s42,13,1.0
1792754,bertopic,n15_c25_s42,3,1.0
1793048,bertopic,n15_c25_s42,27,0.45994898719873933
1793349,bertopic,n15_c25_s42,13,0.7600730470332994
1793500,bertopic,n15_c25_s42,-1,0.0
1793650,bertopic,n15_c25_s42,27,0.5459574368034156
1794330,bertopic,n15_c25_s42,-1,0.0
1794525,bertopic,n15_c25_s42,25,0.19005148479831765
1794830,bertopic,n15_c25_s42,3,1.0
1794940,bertopic,n15_c25_s42,1,0.7449364483071218
1795442,bertopic,n15_c25_s42,21,0.9236057035915889
1795528,bertopic,n15_c25_s42,21,1.0
1795592,bertopic,n15_c25_s42,4,1.0
1795901,bertopic,n15_c25_s42,2,0.7483445918313503
1796159,bertopic,n15_c25_s42,64,1.0
1796275,bertopic,n15_c25_s42,-1,0.0
1797065,bertopic,n15_c25_s42,37,0.4674121682619359
1797180,bertopic,n15_c25_s42,45,1.0
1797356,bertopic,n15_c25_s42,65,1.0
1798409,bertopic,n15_c25_s42,61,0.7529619586806194
1798748,bertopic,n15_c25_s42,32,1.0
1799072,bertopic,n15_c25_s42,4,1.0
1799196,bertopic,n15_c25_s42,17,0.38638641236474397
1799623,bertopic,n15_c25_s42,60,0.9989785379617263
1800294,bertopic,n15_c25_s42,3,1.0
1800390,bertopic,n15_c25_s42,64,1.0
1801977,bertopic,n15_c25_s42,61,1.0
1802483,bertopic,n15_c25_s42,47,1.0
1803579,bertopic,n15_c25_s42,27,1.0
1803645,bertopic,n15_c25_s42,3,1.0
1804034,bertopic,n15_c25_s42,18,0.9889820834645523
1804666,bertopic,n15_c25_s42,1,1.0
1804998,bertopic,n15_c25_s42,-1,0.0
1805507,bertopic,n15_c25_s42,61,1.0
1806946,bertopic,n15_c25_s42,-1,0.0
1807432,bertopic,n15_c25_s42,52,0.2754553491237434
1807741,bertopic,n15_c25_s42,-1,0.0
1808525,bertopic,n15_c25_s42,61,0.41394763225283704
1808878,bertopic,n15_c25_s42,3,1.0
1809279,bertopic,n15_c25_s42,61,1.0
1809745,bertopic,n15_c25_s42,27,1.0
1810050,bertopic,n15_c25_s42,3,1.0
1811161,bertopic,n15_c25_s42,-1,0.0
1811551,bertopic,n15_c25_s42,61,1.0
1812418,bertopic,n15_c25_s42,3,1.0
1812560,bertopic,n15_c25_s42,3,1.0
1812849,bertopic,n15_c25_s42,7,1.0
1812942,bertopic,n15_c25_s42,-1,0.0
1814127,bertopic,n15_c25_s42,61,1.0
1814492,bertopic,n15_c25_s42,27,0.9441469946717164
1814823,bertopic,n15_c25_s42,58,0.611434027952375
1814857,bertopic,n15_c25_s42,61,1.0
1815057,bertopic,n15_c25_s42,61,1.0
1815347,bertopic,n15_c25_s42,0,1.0
1816307,bertopic,n15_c25_s42,61,1.0
1816824,bertopic,n15_c25_s42,3,1.0
1817789,bertopic,n15_c25_s42,61,0.3235838095280392
1817911,bertopic,n15_c25_s42,61,1.0
1819002,bertopic,n15_c25_s42,61,1.0
1819063,bertopic,n15_c25_s42,13,1.0
1819183,bertopic,n15_c25_s42,61,1.0
1819282,bertopic,n15_c25_s42,58,0.6429166261026174
1819310,bertopic,n15_c25_s42,61,1.0
1819353,bertopic,n15_c25_s42,3,1.0
1819427,bertopic,n15_c25_s42,61,0.4209465592893587
1819806,bertopic,n15_c25_s42,61,1.0
1819857,bertopic,n15_c25_s42,61,0.29575548075247465
1821007,bertopic,n15_c25_s42,61,1.0
1821156,bertopic,n15_c25_s42,61,1.0
1821596,bertopic,n15_c25_s42,7,0.12682601409205835
1824215,bertopic,n15_c25_s42,61,1.0
1824347,bertopic,n15_c25_s42,61,1.0
1824634,bertopic,n15_c25_s42,61,1.0
1825156,bertopic,n15_c25_s42,61,1.0
1826482,bertopic,n15_c25_s42,61,1.0
1828952,bertopic,n15_c25_s42,3,0.8509527417103377
1828997,bertopic,n15_c25_s42,27,1.0
1829044,bertopic,n15_c25_s42,21,0.7674771628365777
1829612,bertopic,n15_c25_s42,61,1.0
1830227,bertopic,n15_c25_s42,61,1.0
1832511,bertopic,n15_c25_s42,45,1.0
1833174,bertopic,n15_c25_s42,18,0.9889820834645523
1833629,bertopic,n15_c25_s42,-1,0.0
1833849,bertopic,n15_c25_s42,-1,0.0
1834610,bertopic,n15_c25_s42,63,1.0
1835823,bertopic,n15_c25_s42,-1,0.0
1836084,bertopic,n15_c25_s42,47,0.9932226932458651
1837582,bertopic,n15_c25_s42,61,1.0
1838801,bertopic,n15_c25_s42,61,1.0
1839338,bertopic,n15_c25_s42,61,1.0
1840067,bertopic,n15_c25_s42,-1,0.0
1840353,bertopic,n15_c25_s42,1,1.0
1841915,bertopic,n15_c25_s42,27,1.0
1844676,bertopic,n15_c25_s42,27,0.9287530124252006
1846581,bertopic,n15_c25_s42,21,0.8870839352153564
1848894,bertopic,n15_c25_s42,-1,0.0
1849673,bertopic,n15_c25_s42,27,0.26905869009525424
1850279,bertopic,n15_c25_s42,4,1.0
1850586,bertopic,n15_c25_s42,-1,0.0
1850605,bertopic,n15_c25_s42,28,0.5530419827076437
1850613,bertopic,n15_c25_s42,50,1.0
1850656,bertopic,n15_c25_s42,5,0.7158851094636022
1850658,bertopic,n15_c25_s42,-1,0.0
1850698,bertopic,n15_c25_s42,-1,0.0
1850775,bertopic,n15_c25_s42,1,0.7365473200867206
1850805,bertopic,n15_c25_s42,27,1.0
1852817,bertopic,n15_c25_s42,64,1.0
1853776,bertopic,n15_c25_s42,0,1.0
1854231,bertopic,n15_c25_s42,1,1.0
1854565,bertopic,n15_c25_s42,30,0.08840985803638925
1855730,bertopic,n15_c25_s42,50,0.7363719130517544
1857855,bertopic,n15_c25_s42,3,0.9235205397404076
1859703,bertopic,n15_c25_s42,21,0.9789769847449132
1859873,bertopic,n15_c25_s42,1,0.7365473200867206
1859986,bertopic,n15_c25_s42,27,1.0
1861945,bertopic,n15_c25_s42,21,0.952147862362886
1864354,bertopic,n15_c25_s42,-1,0.0
1864798,bertopic,n15_c25_s42,1,0.7266152478065422
1877554,bertopic,n15_c25_s42,12,0.5026985488648505
1877561,bertopic,n15_c25_s42,18,1.0
1878318,bertopic,n15_c25_s42,-1,0.0
1882764,bertopic,n15_c25_s42,18,0.9089971378257714
1887908,bertopic,n15_c25_s42,0,1.0
1898150,bertopic,n15_c25_s42,21,1.0
1903287,bertopic,n15_c25_s42,64,1.0
1903507,bertopic,n15_c25_s42,-1,0.0
1909651,bertopic,n15_c25_s42,35,1.0
1910159,bertopic,n15_c25_s42,9,0.5274834560268162
1910233,bertopic,n15_c25_s42,-1,0.0
1910817,bertopic,n15_c25_s42,-1,0.0
1911320,bertopic,n15_c25_s42,-1,0.0
1911491,bertopic,n15_c25_s42,1,1.0
1911514,bertopic,n15_c25_s42,-1,0.0
1912688,bertopic,n15_c25_s42,51,1.0
1912825,bertopic,n15_c25_s42,0,1.0
1913064,bertopic,n15_c25_s42,-1,0.0
1913151,bertopic,n15_c25_s42,0,1.0
1913394,bertopic,n15_c25_s42,35,0.3470335834550502
1913513,bertopic,n15_c25_s42,0,1.0
1913582,bertopic,n15_c25_s42,0,1.0
1914067,bertopic,n15_c25_s42,67,1.0
1914123,bertopic,n15_c25_s42,11,1.0
1914502,bertopic,n15_c25_s42,-1,0.0
1914556,bertopic,n15_c25_s42,40,0.9036046136509194
1914857,bertopic,n15_c25_s42,12,1.0
1914916,bertopic,n15_c25_s42,11,0.9021824861908839
1914999,bertopic,n15_c25_s42,18,1.0
1915075,bertopic,n15_c25_s42,12,0.7066402414025886
1915304,bertopic,n15_c25_s42,67,1.0
1915804,bertopic,n15_c25_s42,0,1.0
1916053,bertopic,n15_c25_s42,32,0.8696788118723504
1916441,bertopic,n15_c25_s42,-1,0.0
1917032,bertopic,n15_c25_s42,-1,0.0
1917329,bertopic,n15_c25_s42,12,0.3159617030854075
1917366,bertopic,n15_c25_s42,1,1.0
1917376,bertopic,n15_c25_s42,25,1.0
1917392,bertopic,n15_c25_s42,25,0.7675726022404792
1917662,bertopic,n15_c25_s42,25,0.6093918201646541
1917921,bertopic,n15_c25_s42,19,0.39535119217806813
1918072,bertopic,n15_c25_s42,13,0.3524287022353938
1918118,bertopic,n15_c25_s42,-1,0.0
1918149,bertopic,n15_c25_s42,1,1.0
1919027,bertopic,n15_c25_s42,12,0.5026985488648505
1919141,bertopic,n15_c25_s42,11,0.27574310761877074
1919384,bertopic,n15_c25_s42,12,0.33448792000194694
1919642,bertopic,n15_c25_s42,6,1.0
1919898,bertopic,n15_c25_s42,2,1.0
1920049,bertopic,n15_c25_s42,5,0.5268460519238358
1920139,bertopic,n15_c25_s42,-1,0.0
1920344,bertopic,n15_c25_s42,60,0.9773882990066279
1920462,bertopic,n15_c25_s42,65,1.0
1920552,bertopic,n15_c25_s42,0,1.0
1920614,bertopic,n15_c25_s42,2,1.0
1920979,bertopic,n15_c25_s42,2,1.0
1921087,bertopic,n15_c25_s42,-1,0.0
1921245,bertopic,n15_c25_s42,2,0.6080049878248824
1921288,bertopic,n15_c25_s42,2,1.0
1921294,bertopic,n15_c25_s42,2,1.0
1921486,bertopic,n15_c25_s42,2,0.922841222622924
1921595,bertopic,n15_c25_s42,2,1.0
1921610,bertopic,n15_c25_s42,12,0.3290093287577535
1921687,bertopic,n15_c25_s42,2,1.0
1921781,bertopic,n15_c25_s42,2,1.0
1921794,bertopic,n15_c25_s42,2,0.6080049878248824
1921824,bertopic,n15_c25_s42,27,0.38345200742228325
1921913,bertopic,n15_c25_s42,10,0.5792377927117244
1922057,bertopic,n15_c25_s42,2,1.0
1922173,bertopic,n15_c25_s42,1,1.0
1922205,bertopic,n15_c25_s42,2,0.6080049878248824
1922459,bertopic,n15_c25_s42,19,0.6685728613157338
1922629,bertopic,n15_c25_s42,2,0.915358380799999
1922795,bertopic,n15_c25_s42,6,1.0
1922828,bertopic,n15_c25_s42,7,0.7615905010332523
1922977,bertopic,n15_c25_s42,6,1.0
1923009,bertopic,n15_c25_s42,6,1.0
1923146,bertopic,n15_c25_s42,2,1.0
1923374,bertopic,n15_c25_s42,6,1.0
1923479,bertopic,n15_c25_s42,2,1.0
1923644,bertopic,n15_c25_s42,2,0.7999956827823905
1923697,bertopic,n15_c25_s42,2,1.0
1924497,bertopic,n15_c25_s42,-1,0.0
1924855,bertopic,n15_c25_s42,6,1.0
1924864,bertopic,n15_c25_s42,2,0.9888172148334146
1925034,bertopic,n15_c25_s42,-1,0.0
1925150,bertopic,n15_c25_s42,2,0.8105114796383561
1925327,bertopic,n15_c25_s42,2,1.0
1925452,bertopic,n15_c25_s42,-1,0.0
1925613,bertopic,n15_c25_s42,38,0.16359967528034194
1927157,bertopic,n15_c25_s42,6,1.0
1927201,bertopic,n15_c25_s42,2,1.0
1927890,bertopic,n15_c25_s42,-1,0.0
1928474,bertopic,n15_c25_s42,42,1.0
1928645,bertopic,n15_c25_s42,12,0.8876256093116428
1928724,bertopic,n15_c25_s42,42,1.0
1929485,bertopic,n15_c25_s42,0,1.0
1929633,bertopic,n15_c25_s42,42,0.31739742194468784
1929760,bertopic,n15_c25_s42,2,1.0
1929763,bertopic,n15_c25_s42,2,1.0
1929767,bertopic,n15_c25_s42,2,1.0
1929768,bertopic,n15_c25_s42,2,0.7483445918313503
1930608,bertopic,n15_c25_s42,1,1.0
1931300,bertopic,n15_c25_s42,0,1.0
1931498,bertopic,n15_c25_s42,1,0.9434634091707669
1931996,bertopic,n15_c25_s42,45,1.0
1936683,bertopic,n15_c25_s42,30,0.08840985803638925
1945070,bertopic,n15_c25_s42,43,1.0
1945313,bertopic,n15_c25_s42,69,1.0
1945319,bertopic,n15_c25_s42,56,1.0
1945374,bertopic,n15_c25_s42,-1,0.0
1945392,bertopic,n15_c25_s42,14,0.8843284110512926
1945405,bertopic,n15_c25_s42,10,0.3702113645042603
1945418,bertopic,n15_c25_s42,5,0.7158851094636022
1945429,bertopic,n15_c25_s42,1,0.6523927027883655
1945490,bertopic,n15_c25_s42,1,0.7279168623806908
1945530,bertopic,n15_c25_s42,4,1.0
1945546,bertopic,n15_c25_s42,11,0.39277106195699163
1945567,bertopic,n15_c25_s42,8,0.10856768444604831
1945611,bertopic,n15_c25_s42,69,1.0
1945733,bertopic,n15_c25_s42,22,0.5967453803184829
1946223,bertopic,n15_c25_s42,10,0.2989383572942321
1947980,bertopic,n15_c25_s42,33,0.3390163812040894
1948740,bertopic,n15_c25_s42,-1,0.0
1948741,bertopic,n15_c25_s42,15,0.5698784087111844
1949482,bertopic,n15_c25_s42,5,0.5935887025520024
1949955,bertopic,n15_c25_s42,-1,0.0
1950075,bertopic,n15_c25_s42,-1,0.0
1950644,bertopic,n15_c25_s42,-1,0.0
1951609,bertopic,n15_c25_s42,5,1.0
1951771,bertopic,n15_c25_s42,49,1.0
1952739,bertopic,n15_c25_s42,-1,0.0
1953711,bertopic,n15_c25_s42,18,0.8624091809882515
1955309,bertopic,n15_c25_s42,33,1.0
1957301,bertopic,n15_c25_s42,-1,0.0
1960077,bertopic,n15_c25_s42,-1,0.0
1964448,bertopic,n15_c25_s42,9,0.5274834560268162
1965386,bertopic,n15_c25_s42,-1,0.0
1967155,bertopic,n15_c25_s42,5,1.0
1967951,bertopic,n15_c25_s42,4,1.0
1970492,bertopic,n15_c25_s42,41,1.0
1970500,bertopic,n15_c25_s42,41,1.0
1970785,bertopic,n15_c25_s42,39,1.0
1971369,bertopic,n15_c25_s42,-1,0.0
1975413,bertopic,n15_c25_s42,-1,0.0
1976203,bertopic,n15_c25_s42,-1,0.0
1977473,bertopic,n15_c25_s42,1,1.0
1977542,bertopic,n15_c25_s42,1,1.0
1978978,bertopic,n15_c25_s42,-1,0.0
1980594,bertopic,n15_c25_s42,32,0.34491874976949133
1983301,bertopic,n15_c25_s42,56,1.0
1985714,bertopic,n15_c25_s42,51,1.0
1985731,bertopic,n15_c25_s42,58,0.9034626428303311
1986698,bertopic,n15_c25_s42,51,1.0
1987308,bertopic,n15_c25_s42,3,0.9640346123885494
1987373,bertopic,n15_c25_s42,0,1.0
1987812,bertopic,n15_c25_s42,-1,0.0
1987816,bertopic,n15_c25_s42,0,1.0
1988414,bertopic,n15_c25_s42,0,1.0
1988762,bertopic,n15_c25_s42,0,1.0
1988873,bertopic,n15_c25_s42,5,0.5935887025520024
1988877,bertopic,n15_c25_s42,5,0.5935887025520024
1989809,bertopic,n15_c25_s42,0,1.0
1989941,bertopic,n15_c25_s42,3,1.0
1990045,bertopic,n15_c25_s42,-1,0.0
1991285,bertopic,n15_c25_s42,0,1.0
1991332,bertopic,n15_c25_s42,3,0.9187600860845869
1991560,bertopic,n15_c25_s42,13,0.9815717439616921
1991578,bertopic,n15_c25_s42,3,0.8729076926811494
1991582,bertopic,n15_c25_s42,56,1.0
1991685,bertopic,n15_c25_s42,-1,0.0
1991804,bertopic,n15_c25_s42,3,1.0
1992116,bertopic,n15_c25_s42,0,1.0
1992590,bertopic,n15_c25_s42,-1,0.0
1993112,bertopic,n15_c25_s42,-1,0.0
1993759,bertopic,n15_c25_s42,12,0.4197632649655565
1993811,bertopic,n15_c25_s42,16,0.4262637714188173
1994088,bertopic,n15_c25_s42,5,0.5935887025520024
1994200,bertopic,n15_c25_s42,14,0.9829057044534827
1994540,bertopic,n15_c25_s42,3,1.0
1994982,bertopic,n15_c25_s42,1,1.0
1995093,bertopic,n15_c25_s42,-1,0.0
1996158,bertopic,n15_c25_s42,27,0.8643563395731366
1996364,bertopic,n15_c25_s42,69,1.0
1997760,bertopic,n15_c25_s42,12,0.3937281941132255
1997762,bertopic,n15_c25_s42,12,0.44932211071169353
1997763,bertopic,n15_c25_s42,-1,0.0
1998455,bertopic,n15_c25_s42,4,0.8647485060786513
1998813,bertopic,n15_c25_s42,7,1.0
1998814,bertopic,n15_c25_s42,7,1.0
1998925,bertopic,n15_c25_s42,0,1.0
1998992,bertopic,n15_c25_s42,0,0.7939536197664467
1999136,bertopic,n15_c25_s42,0,1.0
1999406,bertopic,n15_c25_s42,8,0.3584955105530362
1999413,bertopic,n15_c25_s42,-1,0.0
1999416,bertopic,n15_c25_s42,-1,0.0
1999419,bertopic,n15_c25_s42,2,1.0
1999799,bertopic,n15_c25_s42,5,0.5935887025520024
1999800,bertopic,n15_c25_s42,5,0.5935887025520024
1999902,bertopic,n15_c25_s42,28,1.0
1999907,bertopic,n15_c25_s42,11,0.43644170546739297
2000287,bertopic,n15_c25_s42,0,1.0
2000408,bertopic,n15_c25_s42,18,0.6762104186337409
2001063,bertopic,n15_c25_s42,5,1.0
2001078,bertopic,n15_c25_s42,5,1.0
2001263,bertopic,n15_c25_s42,12,0.5026985488648505
2002133,bertopic,n15_c25_s42,18,0.7800959644000042
2002376,bertopic,n15_c25_s42,0,1.0
2002387,bertopic,n15_c25_s42,3,0.7560144964689963
2003038,bertopic,n15_c25_s42,12,1.0
2003363,bertopic,n15_c25_s42,0,1.0
2003965,bertopic,n15_c25_s42,54,1.0
2005390,bertopic,n15_c25_s42,-1,0.0
2007388,bertopic,n15_c25_s42,3,0.9076570516970105
2007389,bertopic,n15_c25_s42,3,1.0
2007445,bertopic,n15_c25_s42,32,1.0
2007592,bertopic,n15_c25_s42,4,1.0
2007707,bertopic,n15_c25_s42,0,1.0
2008279,bertopic,n15_c25_s42,3,1.0
2009227,bertopic,n15_c25_s42,23,0.895487055892526
2009404,bertopic,n15_c25_s42,4,1.0
2009473,bertopic,n15_c25_s42,23,0.895487055892526
2009559,bertopic,n15_c25_s42,14,0.9124266528313806
2011091,bertopic,n15_c25_s42,16,0.4115111534344892
2011679,bertopic,n15_c25_s42,4,1.0
2013225,bertopic,n15_c25_s42,55,1.0
2013501,bertopic,n15_c25_s42,4,1.0
2013569,bertopic,n15_c25_s42,51,1.0
2014497,bertopic,n15_c25_s42,14,0.8741694164400321
2014759,bertopic,n15_c25_s42,18,1.0
2015012,bertopic,n15_c25_s42,59,0.2779558618216333
2015030,bertopic,n15_c25_s42,1,1.0
2015337,bertopic,n15_c25_s42,5,0.5935887025520024
2015402,bertopic,n15_c25_s42,4,1.0
2015579,bertopic,n15_c25_s42,1,1.0
2015581,bertopic,n15_c25_s42,-1,0.0
2015910,bertopic,n15_c25_s42,25,0.3047508285305451
2016180,bertopic,n15_c25_s42,-1,0.0
2017225,bertopic,n15_c25_s42,56,1.0
2017594,bertopic,n15_c25_s42,4,1.0
2017937,bertopic,n15_c25_s42,12,0.3290093287577535
2017938,bertopic,n15_c25_s42,25,1.0
2017939,bertopic,n15_c25_s42,25,1.0
2019441,bertopic,n15_c25_s42,28,0.8523017683342224
2019516,bertopic,n15_c25_s42,1,1.0
2021619,bertopic,n15_c25_s42,6,0.8821739185286962
2021983,bertopic,n15_c25_s42,0,1.0
2022527,bertopic,n15_c25_s42,-1,0.0
2023244,bertopic,n15_c25_s42,2,1.0
2023474,bertopic,n15_c25_s42,6,1.0
2024007,bertopic,n15_c25_s42,6,1.0
2024008,bertopic,n15_c25_s42,6,1.0
2024011,bertopic,n15_c25_s42,6,1.0
2024174,bertopic,n15_c25_s42,34,0.8099196456595598
2024289,bertopic,n15_c25_s42,5,0.5935887025520024
2024401,bertopic,n15_c25_s42,11,0.27574310761877074
2024482,bertopic,n15_c25_s42,20,0.7074035256845919
2024509,bertopic,n15_c25_s42,2,1.0
2024682,bertopic,n15_c25_s42,27,0.3843108492770523
2025132,bertopic,n15_c25_s42,5,0.5268460519238358
2025463,bertopic,n15_c25_s42,2,0.7667951762562457
2026211,bertopic,n15_c25_s42,14,0.8625764975922252
2028370,bertopic,n15_c25_s42,59,1.0
2028405,bertopic,n15_c25_s42,5,0.5268460519238358
2028568,bertopic,n15_c25_s42,-1,0.0
2028611,bertopic,n15_c25_s42,5,1.0
2028764,bertopic,n15_c25_s42,57,1.0
2029014,bertopic,n15_c25_s42,5,0.5935887025520024
2029290,bertopic,n15_c25_s42,2,0.9791604819352524
2029717,bertopic,n15_c25_s42,16,0.9087264124172112
2029718,bertopic,n15_c25_s42,16,1.0
2030076,bertopic,n15_c25_s42,31,1.0
2030240,bertopic,n15_c25_s42,5,1.0
2030242,bertopic,n15_c25_s42,5,1.0
2030261,bertopic,n15_c25_s42,5,1.0
2031168,bertopic,n15_c25_s42,4,1.0
2031195,bertopic,n15_c25_s42,13,1.0
2031196,bertopic,n15_c25_s42,-1,0.0
2031472,bertopic,n15_c25_s42,5,0.4128113603153869
2031482,bertopic,n15_c25_s42,2,0.7197345131293635
2031483,bertopic,n15_c25_s42,16,1.0
2031486,bertopic,n15_c25_s42,6,1.0
2032150,bertopic,n15_c25_s42,2,1.0
2032154,bertopic,n15_c25_s42,60,0.9888890531458154
2032266,bertopic,n15_c25_s42,2,1.0
2033352,bertopic,n15_c25_s42,7,1.0
2033927,bertopic,n15_c25_s42,1,1.0
2034218,bertopic,n15_c25_s42,5,0.5935887025520024
2034219,bertopic,n15_c25_s42,5,0.5935887025520024
2034220,bertopic,n15_c25_s42,5,0.5935887025520024
2034376,bertopic,n15_c25_s42,9,0.34263835510444496
2034377,bertopic,n15_c25_s42,39,1.0
2034608,bertopic,n15_c25_s42,34,0.5800332502984286
2035212,bertopic,n15_c25_s42,4,1.0
2035473,bertopic,n15_c25_s42,34,1.0
2036373,bertopic,n15_c25_s42,0,1.0
2036375,bertopic,n15_c25_s42,39,1.0
2036922,bertopic,n15_c25_s42,2,1.0
2036923,bertopic,n15_c25_s42,2,0.741781142328957
2036924,bertopic,n15_c25_s42,6,1.0
2037033,bertopic,n15_c25_s42,1,1.0
2037304,bertopic,n15_c25_s42,57,1.0
2038117,bertopic,n15_c25_s42,38,1.0
2038130,bertopic,n15_c25_s42,38,0.6555622112018639
2038366,bertopic,n15_c25_s42,5,0.5266768674192627
2038672,bertopic,n15_c25_s42,2,1.0
2039029,bertopic,n15_c25_s42,5,0.5935887025520024
2039030,bertopic,n15_c25_s42,5,0.5935887025520024
2039035,bertopic,n15_c25_s42,5,0.5935887025520024
2039173,bertopic,n15_c25_s42,38,1.0
2039175,bertopic,n15_c25_s42,38,0.9042759657472258
2039530,bertopic,n15_c25_s42,2,1.0
2039950,bertopic,n15_c25_s42,2,1.0
2039969,bertopic,n15_c25_s42,42,0.25056341203999166
2040358,bertopic,n15_c25_s42,5,1.0
2040360,bertopic,n15_c25_s42,5,1.0
2040363,bertopic,n15_c25_s42,5,0.5789060677503596
2040365,bertopic,n15_c25_s42,1,0.7551642938761841
2040367,bertopic,n15_c25_s42,5,1.0
2040368,bertopic,n15_c25_s42,5,1.0
2040369,bertopic,n15_c25_s42,5,1.0
2040569,bertopic,n15_c25_s42,12,0.5026985488648505
2040735,bertopic,n15_c25_s42,12,0.5026985488648505
2041509,bertopic,n15_c25_s42,2,0.6080049878248824
2041628,bertopic,n15_c25_s42,23,0.895487055892526
2042151,bertopic,n15_c25_s42,2,0.8133212513956305
2042152,bertopic,n15_c25_s42,42,0.21486190435568642
2042154,bertopic,n15_c25_s42,2,0.6080049878248824
2042157,bertopic,n15_c25_s42,2,0.6080049878248824
2042158,bertopic,n15_c25_s42,2,1.0
2042316,bertopic,n15_c25_s42,10,1.0
2042976,bertopic,n15_c25_s42,3,1.0
2043450,bertopic,n15_c25_s42,14,1.0
2043453,bertopic,n15_c25_s42,-1,0.0
2043934,bertopic,n15_c25_s42,35,0.3224213572050419
2044003,bertopic,n15_c25_s42,16,0.4262637714188173
2044156,bertopic,n15_c25_s42,-1,0.0
2044184,bertopic,n15_c25_s42,15,0.8762541248851886
2044257,bertopic,n15_c25_s42,5,0.5935887025520024
2044423,bertopic,n15_c25_s42,4,1.0
2044436,bertopic,n15_c25_s42,39,0.8980126758664264
2045872,bertopic,n15_c25_s42,19,0.6935776105336269
2046239,bertopic,n15_c25_s42,3,0.9875054765344458
2047211,bertopic,n15_c25_s42,6,1.0
2047219,bertopic,n15_c25_s42,6,1.0
2047320,bertopic,n15_c25_s42,1,0.9626929597875836
2047539,bertopic,n15_c25_s42,-1,0.0
2048315,bertopic,n15_c25_s42,-1,0.0
2049150,bertopic,n15_c25_s42,5,0.5935887025520024
2050124,bertopic,n15_c25_s42,19,1.0
2050252,bertopic,n15_c25_s42,56,1.0
2050630,bertopic,n15_c25_s42,12,0.5026985488648505
2051044,bertopic,n15_c25_s42,5,0.5268460519238358
2051060,bertopic,n15_c25_s42,4,0.9908848830779147
2051915,bertopic,n15_c25_s42,2,1.0
2052862,bertopic,n15_c25_s42,7,1.0
2053100,bertopic,n15_c25_s42,28,0.6202567815418909
2053572,bertopic,n15_c25_s42,16,0.7363205997236058
2053691,bertopic,n15_c25_s42,5,0.5935887025520024
2053719,bertopic,n15_c25_s42,36,0.24350978998570838
2054476,bertopic,n15_c25_s42,2,1.0
2054776,bertopic,n15_c25_s42,34,0.8587381223031176
2055852,bertopic,n15_c25_s42,28,1.0
2056125,bertopic,n15_c25_s42,44,1.0
2056550,bertopic,n15_c25_s42,6,1.0
2056757,bertopic,n15_c25_s42,13,0.6221735842824272
2057845,bertopic,n15_c25_s42,-1,0.0
2058363,bertopic,n15_c25_s42,10,0.5780155378324492
2058406,bertopic,n15_c25_s42,31,0.8100286358387074
2058433,bertopic,n15_c25_s42,4,1.0
2058922,bertopic,n15_c25_s42,23,0.895487055892526
2059350,bertopic,n15_c25_s42,19,0.7667480327831825
2059784,bertopic,n15_c25_s42,13,1.0
2060050,bertopic,n15_c25_s42,5,1.0
2060367,bertopic,n15_c25_s42,21,1.0
2060632,bertopic,n15_c25_s42,0,1.0
2061242,bertopic,n15_c25_s42,2,1.0
2062317,bertopic,n15_c25_s42,-1,0.0
2062938,bertopic,n15_c25_s42,3,1.0
2063072,bertopic,n15_c25_s42,5,0.5935887025520024
2063227,bertopic,n15_c25_s42,10,0.16410659256882687
2063228,bertopic,n15_c25_s42,-1,0.0
2063522,bertopic,n15_c25_s42,-1,0.0
2063675,bertopic,n15_c25_s42,1,1.0
2063954,bertopic,n15_c25_s42,2,1.0
2064159,bertopic,n15_c25_s42,31,1.0
2064339,bertopic,n15_c25_s42,3,1.0
2064505,bertopic,n15_c25_s42,4,1.0
2065168,bertopic,n15_c25_s42,-1,0.0
2065425,bertopic,n15_c25_s42,4,1.0
2065523,bertopic,n15_c25_s42,5,1.0
2065880,bertopic,n15_c25_s42,4,1.0
2066166,bertopic,n15_c25_s42,3,1.0
2066291,bertopic,n15_c25_s42,-1,0.0
2066373,bertopic,n15_c25_s42,3,1.0
2066451,bertopic,n15_c25_s42,3,1.0
2067016,bertopic,n15_c25_s42,3,1.0
2067515,bertopic,n15_c25_s42,4,1.0
2067699,bertopic,n15_c25_s42,-1,0.0
2067894,bertopic,n15_c25_s42,5,0.5935887025520024
2068031,bertopic,n15_c25_s42,9,0.3789925880206123
2068606,bertopic,n15_c25_s42,42,0.9023753303451401
2068811,bertopic,n15_c25_s42,31,0.9467673279527692
2068903,bertopic,n15_c25_s42,5,0.5268460519238358
2069482,bertopic,n15_c25_s42,42,1.0
2069818,bertopic,n15_c25_s42,28,1.0
2069830,bertopic,n15_c25_s42,5,0.5268460519238358
2070092,bertopic,n15_c25_s42,0,0.3277305395150376
2070126,bertopic,n15_c25_s42,3,0.9022530486348225
2070198,bertopic,n15_c25_s42,34,1.0
2070252,bertopic,n15_c25_s42,0,0.1344555810401498
2070261,bertopic,n15_c25_s42,-1,0.0
2070336,bertopic,n15_c25_s42,5,1.0
2070644,bertopic,n15_c25_s42,67,1.0
2070739,bertopic,n15_c25_s42,1,0.9626929597875836
2070740,bertopic,n15_c25_s42,2,1.0
2070741,bertopic,n15_c25_s42,1,1.0
2070892,bertopic,n15_c25_s42,15,0.6610227922484108
2070928,bertopic,n15_c25_s42,-1,0.0
2072426,bertopic,n15_c25_s42,5,0.5935887025520024
2072531,bertopic,n15_c25_s42,-1,0.0
2072532,bertopic,n15_c25_s42,-1,0.0
2074928,bertopic,n15_c25_s42,46,1.0
2074981,bertopic,n15_c25_s42,42,1.0
2074983,bertopic,n15_c25_s42,42,0.31739742194468784
2076397,bertopic,n15_c25_s42,3,1.0
2076827,bertopic,n15_c25_s42,38,1.0
2076872,bertopic,n15_c25_s42,9,0.3558236856962242
2078495,bertopic,n15_c25_s42,2,1.0
2078807,bertopic,n15_c25_s42,49,1.0
2079697,bertopic,n15_c25_s42,5,1.0
2080208,bertopic,n15_c25_s42,1,1.0
2080520,bertopic,n15_c25_s42,54,1.0
2080524,bertopic,n15_c25_s42,5,0.5268460519238358
2080559,bertopic,n15_c25_s42,59,1.0
2080964,bertopic,n15_c25_s42,5,0.5935887025520024
2081038,bertopic,n15_c25_s42,34,0.7516153300079594
2081158,bertopic,n15_c25_s42,-1,0.0
2081268,bertopic,n15_c25_s42,4,0.9577408479379393
2081505,bertopic,n15_c25_s42,2,1.0
2081635,bertopic,n15_c25_s42,5,0.5268460519238358
2082839,bertopic,n15_c25_s42,5,1.0
2082840,bertopic,n15_c25_s42,5,1.0
2083475,bertopic,n15_c25_s42,2,0.7483445918313503
2083552,bertopic,n15_c25_s42,2,1.0
2083754,bertopic,n15_c25_s42,5,0.5268460519238358
2083779,bertopic,n15_c25_s42,2,1.0
2083848,bertopic,n15_c25_s42,2,0.7483445918313503
2084534,bertopic,n15_c25_s42,5,1.0
2084870,bertopic,n15_c25_s42,5,0.5268460519238358
2084875,bertopic,n15_c25_s42,5,1.0
2085254,bertopic,n15_c25_s42,3,1.0
2085345,bertopic,n15_c25_s42,-1,0.0
2085382,bertopic,n15_c25_s42,5,0.5268460519238358
2085383,bertopic,n15_c25_s42,5,0.5268460519238358
2085405,bertopic,n15_c25_s42,0,1.0
2085623,bertopic,n15_c25_s42,5,0.5268460519238358
2085747,bertopic,n15_c25_s42,3,0.9375266885522867
2086233,bertopic,n15_c25_s42,3,1.0
2086322,bertopic,n15_c25_s42,19,0.7667480327831825
2086458,bertopic,n15_c25_s42,5,1.0
2086745,bertopic,n15_c25_s42,5,1.0
2087273,bertopic,n15_c25_s42,-1,0.0
2087489,bertopic,n15_c25_s42,2,0.55373550787369
2087557,bertopic,n15_c25_s42,5,1.0
2087571,bertopic,n15_c25_s42,0,1.0
2087572,bertopic,n15_c25_s42,0,1.0
2087621,bertopic,n15_c25_s42,3,1.0
2087788,bertopic,n15_c25_s42,3,0.7584026257991319
2087950,bertopic,n15_c25_s42,-1,0.0
2088184,bertopic,n15_c25_s42,60,1.0
2088185,bertopic,n15_c25_s42,-1,0.0
2088188,bertopic,n15_c25_s42,-1,0.0
2088189,bertopic,n15_c25_s42,32,1.0
2088286,bertopic,n15_c25_s42,1,0.9082383766165005
2088386,bertopic,n15_c25_s42,5,1.0
2088411,bertopic,n15_c25_s42,5,1.0
2088466,bertopic,n15_c25_s42,56,1.0
2088611,bertopic,n15_c25_s42,20,1.0
2088722,bertopic,n15_c25_s42,5,1.0
2089535,bertopic,n15_c25_s42,-1,0.0
2090286,bertopic,n15_c25_s42,0,1.0
2093107,bertopic,n15_c25_s42,0,1.0
2093714,bertopic,n15_c25_s42,-1,0.0
2093845,bertopic,n15_c25_s42,7,1.0
2094139,bertopic,n15_c25_s42,5,0.5268460519238358
2094453,bertopic,n15_c25_s42,5,1.0
2094577,bertopic,n15_c25_s42,5,1.0
2094582,bertopic,n15_c25_s42,-1,0.0
2095270,bertopic,n15_c25_s42,4,1.0
2095462,bertopic,n15_c25_s42,19,0.39535119217806813
2096702,bertopic,n15_c25_s42,-1,0.0
2096779,bertopic,n15_c25_s42,-1,0.0
2097577,bertopic,n15_c25_s42,6,1.0
2097674,bertopic,n15_c25_s42,1,1.0
2097712,bertopic,n15_c25_s42,-1,0.0
2098828,bertopic,n15_c25_s42,26,0.6501417871609884
2099736,bertopic,n15_c25_s42,-1,0.0
2100693,bertopic,n15_c25_s42,4,1.0
2101432,bertopic,n15_c25_s42,4,1.0
2102016,bertopic,n15_c25_s42,5,1.0
2102637,bertopic,n15_c25_s42,15,0.6338639136061296
2103764,bertopic,n15_c25_s42,41,1.0
2103914,bertopic,n15_c25_s42,5,1.0
2104181,bertopic,n15_c25_s42,-1,0.0
2105529,bertopic,n15_c25_s42,13,0.5263754033500001
2106385,bertopic,n15_c25_s42,5,0.5935887025520024
2106386,bertopic,n15_c25_s42,5,0.5145723191015205
2106496,bertopic,n15_c25_s42,3,1.0
2106680,bertopic,n15_c25_s42,41,0.9759243340098289
2106820,bertopic,n15_c25_s42,1,0.9626929597875836
2107672,bertopic,n15_c25_s42,-1,0.0
2107801,bertopic,n15_c25_s42,-1,0.0
2108028,bertopic,n15_c25_s42,5,0.5094555450412015
2108304,bertopic,n15_c25_s42,5,1.0
2109054,bertopic,n15_c25_s42,17,0.38638641236474397
2109302,bertopic,n15_c25_s42,22,1.0
2110285,bertopic,n15_c25_s42,34,1.0
2111097,bertopic,n15_c25_s42,6,1.0
2111098,bertopic,n15_c25_s42,12,0.4197632649655565
2112280,bertopic,n15_c25_s42,57,1.0
2114346,bertopic,n15_c25_s42,-1,0.0
2117367,bertopic,n15_c25_s42,5,1.0
2117965,bertopic,n15_c25_s42,63,1.0
2119976,bertopic,n15_c25_s42,3,0.8340404261981882
2120551,bertopic,n15_c25_s42,6,0.7921208470806851
2120569,bertopic,n15_c25_s42,13,1.0
2120993,bertopic,n15_c25_s42,15,0.8753850952454356
2121720,bertopic,n15_c25_s42,-1,0.0
2121738,bertopic,n15_c25_s42,4,1.0
2122258,bertopic,n15_c25_s42,5,1.0
2122262,bertopic,n15_c25_s42,5,1.0
2122631,bertopic,n15_c25_s42,9,0.5274834560268162
2123001,bertopic,n15_c25_s42,-1,0.0
2123541,bertopic,n15_c25_s42,9,0.3252569827737368
2124983,bertopic,n15_c25_s42,-1,0.0
2125414,bertopic,n15_c25_s42,39,1.0
2125946,bertopic,n15_c25_s42,5,0.5268460519238358
2126187,bertopic,n15_c25_s42,22,0.9652597169209939
2128711,bertopic,n15_c25_s42,5,0.5268460519238358
2129151,bertopic,n15_c25_s42,5,1.0
2129451,bertopic,n15_c25_s42,65,1.0
2129452,bertopic,n15_c25_s42,65,1.0
2129768,bertopic,n15_c25_s42,1,1.0
2130756,bertopic,n15_c25_s42,49,1.0
2131032,bertopic,n15_c25_s42,5,0.9360884327627097
2131071,bertopic,n15_c25_s42,49,0.9030519046217245
2131333,bertopic,n15_c25_s42,26,1.0
2131728,bertopic,n15_c25_s42,-1,0.0
2134018,bertopic,n15_c25_s42,-1,0.0
2134131,bertopic,n15_c25_s42,-1,0.0
2134846,bertopic,n15_c25_s42,-1,0.0
2137522,bertopic,n15_c25_s42,-1,0.0
2139002,bertopic,n15_c25_s42,-1,0.0
2139271,bertopic,n15_c25_s42,6,1.0
2139819,bertopic,n15_c25_s42,5,1.0
2139832,bertopic,n15_c25_s42,31,1.0
2140049,bertopic,n15_c25_s42,3,0.9455724822580405
2140167,bertopic,n15_c25_s42,-1,0.0
2140169,bertopic,n15_c25_s42,3,1.0
2141099,bertopic,n15_c25_s42,-1,0.0
2141765,bertopic,n15_c25_s42,47,1.0
2142186,bertopic,n15_c25_s42,-1,0.0
2142632,bertopic,n15_c25_s42,4,0.8293650683902526
2142633,bertopic,n15_c25_s42,5,0.8352894171109239
2143076,bertopic,n15_c25_s42,4,1.0
2143209,bertopic,n15_c25_s42,-1,0.0
2144273,bertopic,n15_c25_s42,-1,0.0
2144775,bertopic,n15_c25_s42,5,1.0
2144781,bertopic,n15_c25_s42,5,1.0
2144906,bertopic,n15_c25_s42,0,1.0
2145081,bertopic,n15_c25_s42,-1,0.0
2145129,bertopic,n15_c25_s42,-1,0.0
2147478,bertopic,n15_c25_s42,5,1.0
2147479,bertopic,n15_c25_s42,5,0.7473746719345602
2147481,bertopic,n15_c25_s42,5,0.4497211199222406
2147483,bertopic,n15_c25_s42,-1,0.0
2147788,bertopic,n15_c25_s42,6,0.8650680833895773
2147793,bertopic,n15_c25_s42,-1,0.0
2149520,bertopic,n15_c25_s42,5,1.0
2149543,bertopic,n15_c25_s42,6,1.0
2149836,bertopic,n15_c25_s42,-1,0.0
2150869,bertopic,n15_c25_s42,31,0.630931595257338
2151907,bertopic,n15_c25_s42,6,1.0
2154569,bertopic,n15_c25_s42,3,0.9455724822580405
2154732,bertopic,n15_c25_s42,36,0.564824818924725
2154885,bertopic,n15_c25_s42,3,1.0
2156785,bertopic,n15_c25_s42,0,1.0
2159159,bertopic,n15_c25_s42,5,1.0
2159180,bertopic,n15_c25_s42,69,1.0
2159712,bertopic,n15_c25_s42,38,1.0
2160028,bertopic,n15_c25_s42,-1,0.0
2161919,bertopic,n15_c25_s42,69,1.0
2162503,bertopic,n15_c25_s42,6,1.0
2162627,bertopic,n15_c25_s42,50,1.0
2162681,bertopic,n15_c25_s42,-1,0.0
2162877,bertopic,n15_c25_s42,69,1.0
2162951,bertopic,n15_c25_s42,69,1.0
2162976,bertopic,n15_c25_s42,37,1.0
2162990,bertopic,n15_c25_s42,0,0.1344555810401498
2163143,bertopic,n15_c25_s42,23,0.8946137210427298
2163236,bertopic,n15_c25_s42,-1,0.0
2163395,bertopic,n15_c25_s42,50,1.0
2163553,bertopic,n15_c25_s42,1,0.5927326312677804
2163644,bertopic,n15_c25_s42,1,1.0
2163683,bertopic,n15_c25_s42,56,0.9909837759910841
2163686,bertopic,n15_c25_s42,69,1.0
2163786,bertopic,n15_c25_s42,57,1.0
2163794,bertopic,n15_c25_s42,18,0.6885009850853367
2163834,bertopic,n15_c25_s42,21,0.4141415479851811
2163839,bertopic,n15_c25_s42,11,1.0
2164487,bertopic,n15_c25_s42,69,1.0
2165196,bertopic,n15_c25_s42,69,1.0
2165527,bertopic,n15_c25_s42,57,1.0
2165918,bertopic,n15_c25_s42,-1,0.0
2166015,bertopic,n15_c25_s42,18,0.8807164839718108
2166447,bertopic,n15_c25_s42,69,1.0
2167891,bertopic,n15_c25_s42,69,1.0
2168655,bertopic,n15_c25_s42,57,1.0
2168938,bertopic,n15_c25_s42,-1,0.0
2168954,bertopic,n15_c25_s42,69,1.0
2168975,bertopic,n15_c25_s42,2,0.5317900842156719
2168979,bertopic,n15_c25_s42,2,0.9029578968077432
2169334,bertopic,n15_c25_s42,1,1.0
2169579,bertopic,n15_c25_s42,-1,0.0
2169600,bertopic,n15_c25_s42,-1,0.0
2169622,bertopic,n15_c25_s42,-1,0.0
2169647,bertopic,n15_c25_s42,44,1.0
2169648,bertopic,n15_c25_s42,3,1.0
2169704,bertopic,n15_c25_s42,13,0.41358519753428513
2169734,bertopic,n15_c25_s42,1,0.5678248993434747
2169845,bertopic,n15_c25_s42,4,0.790314414223026
2169877,bertopic,n15_c25_s42,37,1.0
2170122,bertopic,n15_c25_s42,-1,0.0
2170128,bertopic,n15_c25_s42,2,0.7730475168477864
2170246,bertopic,n15_c25_s42,4,1.0
2170291,bertopic,n15_c25_s42,57,1.0
2170306,bertopic,n15_c25_s42,-1,0.0
2170354,bertopic,n15_c25_s42,0,1.0
2170365,bertopic,n15_c25_s42,69,1.0
2170366,bertopic,n15_c25_s42,69,1.0
2171003,bertopic,n15_c25_s42,-1,0.0
2171330,bertopic,n15_c25_s42,57,1.0
2171357,bertopic,n15_c25_s42,18,0.6943147933045919
2270064,bertopic,n15_c25_s42,0,1.0
2270568,bertopic,n15_c25_s42,0,1.0
2272889,bertopic,n15_c25_s42,6,1.0
2272891,bertopic,n15_c25_s42,0,1.0
2272915,bertopic,n15_c25_s42,13,0.5637144969325029
2272942,bertopic,n15_c25_s42,3,0.7394538561652177
2273245,bertopic,n15_c25_s42,0,1.0
2273570,bertopic,n15_c25_s42,-1,0.0
2277189,bertopic,n15_c25_s42,1,1.0
2277467,bertopic,n15_c25_s42,26,0.18120306128983818
2278541,bertopic,n15_c25_s42,26,0.1841277335600399
2280645,bertopic,n15_c25_s42,-1,0.0
2280776,bertopic,n15_c25_s42,-1,0.0
2280856,bertopic,n15_c25_s42,1,0.8645038257373051
2281139,bertopic,n15_c25_s42,0,1.0
2281140,bertopic,n15_c25_s42,-1,0.0
2281329,bertopic,n15_c25_s42,0,1.0
2281379,bertopic,n15_c25_s42,69,1.0
2281391,bertopic,n15_c25_s42,0,1.0
2281433,bertopic,n15_c25_s42,0,1.0
2281596,bertopic,n15_c25_s42,0,1.0
2282243,bertopic,n15_c25_s42,23,0.895487055892526
2282417,bertopic,n15_c25_s42,48,1.0
2283293,bertopic,n15_c25_s42,0,1.0
2284109,bertopic,n15_c25_s42,1,1.0
2287359,bertopic,n15_c25_s42,31,0.37257937238740507
2288483,bertopic,n15_c25_s42,50,1.0
2289482,bertopic,n15_c25_s42,46,0.5509109181069785
2293266,bertopic,n15_c25_s42,-1,0.0
2293601,bertopic,n15_c25_s42,50,1.0
2293654,bertopic,n15_c25_s42,-1,0.0
2293728,bertopic,n15_c25_s42,8,0.10856768444604831
2293859,bertopic,n15_c25_s42,50,1.0
2295287,bertopic,n15_c25_s42,44,1.0
2295356,bertopic,n15_c25_s42,30,1.0
2295524,bertopic,n15_c25_s42,30,1.0
2298894,bertopic,n15_c25_s42,14,0.8931438714942601
2299116,bertopic,n15_c25_s42,11,0.5030390776185572
2299401,bertopic,n15_c25_s42,14,0.8931438714942601
2301712,bertopic,n15_c25_s42,30,1.0
2306157,bertopic,n15_c25_s42,0,1.0
2306633,bertopic,n15_c25_s42,0,1.0
2306647,bertopic,n15_c25_s42,30,1.0
2306688,bertopic,n15_c25_s42,5,0.7955419452088358
2307453,bertopic,n15_c25_s42,-1,0.0
2307952,bertopic,n15_c25_s42,32,1.0
2308112,bertopic,n15_c25_s42,-1,0.0
2308238,bertopic,n15_c25_s42,-1,0.0
2308500,bertopic,n15_c25_s42,11,0.6995397846830382
2308765,bertopic,n15_c25_s42,3,1.0
2308783,bertopic,n15_c25_s42,30,0.8289184248490191
2308894,bertopic,n15_c25_s42,11,0.5456116028614485
2309588,bertopic,n15_c25_s42,11,0.6075377822753808
2310365,bertopic,n15_c25_s42,1,0.7274326457614272
2310520,bertopic,n15_c25_s42,23,0.8946137210427298
2310833,bertopic,n15_c25_s42,-1,0.0
2311213,bertopic,n15_c25_s42,21,0.6439399273598876
2311647,bertopic,n15_c25_s42,-1,0.0
2311966,bertopic,n15_c25_s42,27,1.0
2312404,bertopic,n15_c25_s42,41,1.0
2312451,bertopic,n15_c25_s42,11,0.535175950532584
2312509,bertopic,n15_c25_s42,30,0.8095905485154918
2312748,bertopic,n15_c25_s42,14,0.9255648073183753
2312793,bertopic,n15_c25_s42,14,0.9255648073183753
2312825,bertopic,n15_c25_s42,13,0.4424089810738738
2312891,bertopic,n15_c25_s42,52,0.2310787809722922
2313111,bertopic,n15_c25_s42,-1,0.0
2313217,bertopic,n15_c25_s42,11,0.5071243588793116
2316602,bertopic,n15_c25_s42,6,1.0
2316736,bertopic,n15_c25_s42,-1,0.0
2316738,bertopic,n15_c25_s42,0,1.0
2316833,bertopic,n15_c25_s42,3,0.9235205397404076
2317157,bertopic,n15_c25_s42,0,1.0
2317230,bertopic,n15_c25_s42,34,1.0
2317233,bertopic,n15_c25_s42,-1,0.0
2317316,bertopic,n15_c25_s42,1,1.0
2317425,bertopic,n15_c25_s42,0,1.0
2317764,bertopic,n15_c25_s42,0,1.0
2318600,bertopic,n15_c25_s42,0,1.0
2318956,bertopic,n15_c25_s42,1,1.0
2322155,bertopic,n15_c25_s42,16,0.2328195125163871
2325883,bertopic,n15_c25_s42,68,1.0
2326309,bertopic,n15_c25_s42,8,1.0
2328929,bertopic,n15_c25_s42,3,0.9010824823477286
2328989,bertopic,n15_c25_s42,41,1.0
2335380,bertopic,n15_c25_s42,-1,0.0
2335404,bertopic,n15_c25_s42,8,0.5526475943907163
2335527,bertopic,n15_c25_s42,3,1.0
2335539,bertopic,n15_c25_s42,13,1.0
2335905,bertopic,n15_c25_s42,0,1.0
2335966,bertopic,n15_c25_s42,57,1.0
2338108,bertopic,n15_c25_s42,64,1.0
2340111,bertopic,n15_c25_s42,1,1.0
2340129,bertopic,n15_c25_s42,14,0.9091161340220009
2340150,bertopic,n15_c25_s42,-1,0.0
2340172,bertopic,n15_c25_s42,5,0.7158851094636022
2340199,bertopic,n15_c25_s42,1,1.0
2340203,bertopic,n15_c25_s42,17,0.8403269870003758
2340237,bertopic,n15_c25_s42,6,0.8669897381056568
2340317,bertopic,n15_c25_s42,8,0.4312420849908051
2340428,bertopic,n15_c25_s42,-1,0.0
2340431,bertopic,n15_c25_s42,14,0.8836685141872276
2342367,bertopic,n15_c25_s42,43,1.0
2342503,bertopic,n15_c25_s42,30,1.0
2342771,bertopic,n15_c25_s42,30,1.0
2343374,bertopic,n15_c25_s42,45,1.0
2343508,bertopic,n15_c25_s42,30,1.0
2343565,bertopic,n15_c25_s42,-1,0.0
2344938,bertopic,n15_c25_s42,4,1.0
2345361,bertopic,n15_c25_s42,-1,0.0
2345603,bertopic,n15_c25_s42,26,1.0
2345623,bertopic,n15_c25_s42,39,1.0
2346721,bertopic,n15_c25_s42,-1,0.0
2347222,bertopic,n15_c25_s42,4,1.0
2348972,bertopic,n15_c25_s42,5,1.0
2349098,bertopic,n15_c25_s42,23,0.8946137210427298
2349311,bertopic,n15_c25_s42,69,1.0
2349589,bertopic,n15_c25_s42,-1,0.0
2351410,bertopic,n15_c25_s42,5,0.4017780533711961
2354025,bertopic,n15_c25_s42,-1,0.0
2355996,bertopic,n15_c25_s42,10,0.551126867036566
2356459,bertopic,n15_c25_s42,-1,0.0
2356771,bertopic,n15_c25_s42,0,1.0
2357998,bertopic,n15_c25_s42,37,1.0
2358210,bertopic,n15_c25_s42,39,1.0
2360205,bertopic,n15_c25_s42,6,0.7093452848144396
2362843,bertopic,n15_c25_s42,45,1.0
2363066,bertopic,n15_c25_s42,68,1.0
2363378,bertopic,n15_c25_s42,46,0.8854909133926874
2364849,bertopic,n15_c25_s42,34,0.6390273493246527
2365043,bertopic,n15_c25_s42,41,1.0
2365286,bertopic,n15_c25_s42,30,1.0
2365313,bertopic,n15_c25_s42,13,1.0
2369290,bertopic,n15_c25_s42,0,1.0
2369928,bertopic,n15_c25_s42,4,1.0
2371027,bertopic,n15_c25_s42,17,1.0
2371097,bertopic,n15_c25_s42,-1,0.0
2371625,bertopic,n15_c25_s42,30,1.0
2371829,bertopic,n15_c25_s42,58,1.0
2372048,bertopic,n15_c25_s42,20,0.7312026223026052
2372255,bertopic,n15_c25_s42,0,1.0
2372313,bertopic,n15_c25_s42,30,0.08840985803638925
2372477,bertopic,n15_c25_s42,0,1.0
2372574,bertopic,n15_c25_s42,3,1.0
2372696,bertopic,n15_c25_s42,30,1.0
2373826,bertopic,n15_c25_s42,0,0.708103874834309
2373879,bertopic,n15_c25_s42,0,1.0
2374166,bertopic,n15_c25_s42,0,1.0
2374258,bertopic,n15_c25_s42,17,0.53194183375493
2374290,bertopic,n15_c25_s42,10,0.5792377927117244
2374506,bertopic,n15_c25_s42,41,1.0
2374933,bertopic,n15_c25_s42,1,1.0
2375041,bertopic,n15_c25_s42,-1,0.0
2375087,bertopic,n15_c25_s42,0,1.0
2375109,bertopic,n15_c25_s42,58,1.0
2375163,bertopic,n15_c25_s42,20,0.7123912962588616
2375414,bertopic,n15_c25_s42,0,0.7695644780127499
2375692,bertopic,n15_c25_s42,-1,0.0
2375819,bertopic,n15_c25_s42,-1,0.0
2375864,bertopic,n15_c25_s42,17,0.9404330848329625
2376159,bertopic,n15_c25_s42,26,0.35329115066011146
2376309,bertopic,n15_c25_s42,33,1.0
2378135,bertopic,n15_c25_s42,4,0.9691956635274789
2378797,bertopic,n15_c25_s42,3,1.0
2380582,bertopic,n15_c25_s42,30,1.0
2380656,bertopic,n15_c25_s42,8,0.45559372807577064
2383045,bertopic,n15_c25_s42,-1,0.0
2383287,bertopic,n15_c25_s42,-1,0.0
2383384,bertopic,n15_c25_s42,1,1.0
2383536,bertopic,n15_c25_s42,1,1.0
2383635,bertopic,n15_c25_s42,6,0.8064152883182071
2384098,bertopic,n15_c25_s42,0,1.0
2384103,bertopic,n15_c25_s42,17,1.0
2384169,bertopic,n15_c25_s42,30,1.0
2384239,bertopic,n15_c25_s42,26,0.2857385791648627
2384377,bertopic,n15_c25_s42,31,0.8573757038446955
2384500,bertopic,n15_c25_s42,-1,0.0
2386837,bertopic,n15_c25_s42,0,1.0
2387301,bertopic,n15_c25_s42,1,1.0
2387742,bertopic,n15_c25_s42,68,1.0
2389165,bertopic,n15_c25_s42,30,0.5671895754015005
2390815,bertopic,n15_c25_s42,1,1.0
2397146,bertopic,n15_c25_s42,8,1.0
2397438,bertopic,n15_c25_s42,45,1.0
2397463,bertopic,n15_c25_s42,1,0.9626929597875836
2397577,bertopic,n15_c25_s42,1,0.9988428117214311
2397594,bertopic,n15_c25_s42,1,1.0
2397610,bertopic,n15_c25_s42,3,0.8492025548241801
2398450,bertopic,n15_c25_s42,68,1.0
2398470,bertopic,n15_c25_s42,30,0.6126350822625662
2398749,bertopic,n15_c25_s42,0,1.0
2399345,bertopic,n15_c25_s42,6,1.0
2399493,bertopic,n15_c25_s42,68,1.0
2400728,bertopic,n15_c25_s42,30,0.08840985803638925
2400805,bertopic,n15_c25_s42,1,1.0
2402176,bertopic,n15_c25_s42,16,0.2789259791685141
2402204,bertopic,n15_c25_s42,68,1.0
2404045,bertopic,n15_c25_s42,45,0.926713122766893
2404129,bertopic,n15_c25_s42,30,0.08840985803638925
2404400,bertopic,n15_c25_s42,2,0.5330042503204755
2407195,bertopic,n15_c25_s42,45,1.0
2407216,bertopic,n15_c25_s42,6,0.814473960754855
2407241,bertopic,n15_c25_s42,8,0.7639479175631061
2407581,bertopic,n15_c25_s42,16,0.35745284318543497
2407670,bertopic,n15_c25_s42,30,0.08840985803638925
2407690,bertopic,n15_c25_s42,56,1.0
2407707,bertopic,n15_c25_s42,19,1.0
2407769,bertopic,n15_c25_s42,45,1.0
2407927,bertopic,n15_c25_s42,45,0.8600377725413857
2408000,bertopic,n15_c25_s42,19,1.0
2408019,bertopic,n15_c25_s42,45,0.874099857757323
2408135,bertopic,n15_c25_s42,38,0.7438557601716549
2408480,bertopic,n15_c25_s42,16,0.2650855185877395
2409088,bertopic,n15_c25_s42,1,1.0
2410619,bertopic,n15_c25_s42,45,1.0
2412161,bertopic,n15_c25_s42,-1,0.0
2412165,bertopic,n15_c25_s42,35,0.36835468205867583
2412178,bertopic,n15_c25_s42,0,0.3277305395150376
2412182,bertopic,n15_c25_s42,7,1.0
2412206,bertopic,n15_c25_s42,11,0.6313356526660341
2412209,bertopic,n15_c25_s42,1,1.0
2426755,bertopic,n15_c25_s42,6,0.8403047990437044
2427222,bertopic,n15_c25_s42,0,1.0
2427273,bertopic,n15_c25_s42,-1,0.0
2427301,bertopic,n15_c25_s42,6,0.8358324561293742
2427303,bertopic,n15_c25_s42,6,0.8553502441619328
2428938,bertopic,n15_c25_s42,20,1.0
2429147,bertopic,n15_c25_s42,13,0.41358519753428513
2429728,bertopic,n15_c25_s42,21,0.4662197339710466
2430090,bertopic,n15_c25_s42,10,0.2506846315192708
2433620,bertopic,n15_c25_s42,16,0.2890661616197423
2434204,bertopic,n15_c25_s42,26,1.0
2434220,bertopic,n15_c25_s42,26,0.24987053121990016
2434367,bertopic,n15_c25_s42,26,1.0
2434517,bertopic,n15_c25_s42,0,1.0
2434602,bertopic,n15_c25_s42,26,0.6241778215283986
2434747,bertopic,n15_c25_s42,-1,0.0
2435071,bertopic,n15_c25_s42,-1,0.0
2436427,bertopic,n15_c25_s42,9,0.5274834560268162
2436795,bertopic,n15_c25_s42,33,1.0
2437000,bertopic,n15_c25_s42,3,1.0
2437040,bertopic,n15_c25_s42,-1,0.0
2437205,bertopic,n15_c25_s42,0,1.0
2437333,bertopic,n15_c25_s42,13,0.3707298165551427
2437917,bertopic,n15_c25_s42,14,1.0
2439532,bertopic,n15_c25_s42,-1,0.0
2439825,bertopic,n15_c25_s42,6,1.0
2440514,bertopic,n15_c25_s42,-1,0.0
2440714,bertopic,n15_c25_s42,50,1.0
2440726,bertopic,n15_c25_s42,9,1.0
2440864,bertopic,n15_c25_s42,28,1.0
2441508,bertopic,n15_c25_s42,8,0.5526475943907163
2442039,bertopic,n15_c25_s42,0,1.0
2442324,bertopic,n15_c25_s42,1,0.5600680157652138
2443126,bertopic,n15_c25_s42,69,1.0
2443197,bertopic,n15_c25_s42,15,0.7236898801033781
2444063,bertopic,n15_c25_s42,0,1.0
2444414,bertopic,n15_c25_s42,48,1.0
2444562,bertopic,n15_c25_s42,48,1.0
2445643,bertopic,n15_c25_s42,28,1.0
2445779,bertopic,n15_c25_s42,1,1.0
2446163,bertopic,n15_c25_s42,36,1.0
2446207,bertopic,n15_c25_s42,28,1.0
2446707,bertopic,n15_c25_s42,50,1.0
2446937,bertopic,n15_c25_s42,-1,0.0
2448440,bertopic,n15_c25_s42,3,0.9763837133297479
2448787,bertopic,n15_c25_s42,31,1.0
2448837,bertopic,n15_c25_s42,59,1.0
2449149,bertopic,n15_c25_s42,1,1.0
2449317,bertopic,n15_c25_s42,5,0.6887796699922831
2450742,bertopic,n15_c25_s42,0,1.0
2450918,bertopic,n15_c25_s42,33,0.8656081644038306
2450942,bertopic,n15_c25_s42,8,0.12664620789458966
2451069,bertopic,n15_c25_s42,48,1.0
2451238,bertopic,n15_c25_s42,1,1.0
2451707,bertopic,n15_c25_s42,6,0.7420608655292479
2453409,bertopic,n15_c25_s42,1,1.0
2453412,bertopic,n15_c25_s42,3,1.0
2453436,bertopic,n15_c25_s42,0,1.0
2453440,bertopic,n15_c25_s42,0,1.0
2453472,bertopic,n15_c25_s42,68,1.0
2453563,bertopic,n15_c25_s42,5,1.0
2453999,bertopic,n15_c25_s42,40,1.0
2454383,bertopic,n15_c25_s42,-1,0.0
2454783,bertopic,n15_c25_s42,-1,0.0
2454893,bertopic,n15_c25_s42,-1,0.0
2455095,bertopic,n15_c25_s42,4,1.0
2455805,bertopic,n15_c25_s42,0,1.0
2456162,bertopic,n15_c25_s42,16,0.3533986237811319
2456211,bertopic,n15_c25_s42,0,1.0
2456407,bertopic,n15_c25_s42,45,1.0
2456475,bertopic,n15_c25_s42,45,1.0
2456572,bertopic,n15_c25_s42,1,1.0
2456667,bertopic,n15_c25_s42,-1,0.0
2456678,bertopic,n15_c25_s42,2,0.560099526719125
2456891,bertopic,n15_c25_s42,-1,0.0
2456907,bertopic,n15_c25_s42,-1,0.0
2456917,bertopic,n15_c25_s42,30,0.08840985803638925
2457481,bertopic,n15_c25_s42,8,0.5277500231809794
2457499,bertopic,n15_c25_s42,28,0.3728933294804524
2457671,bertopic,n15_c25_s42,4,1.0
2458041,bertopic,n15_c25_s42,55,0.24673604029913349
2458813,bertopic,n15_c25_s42,-1,0.0
2458874,bertopic,n15_c25_s42,7,0.3560030123829322
2458940,bertopic,n15_c25_s42,48,1.0
2460062,bertopic,n15_c25_s42,32,0.4078790897982582
2461404,bertopic,n15_c25_s42,41,0.9648369443660291
2461532,bertopic,n15_c25_s42,57,1.0
2461657,bertopic,n15_c25_s42,45,0.9790758453736824
2461933,bertopic,n15_c25_s42,27,1.0
2462082,bertopic,n15_c25_s42,27,0.6754802858249161
2462241,bertopic,n15_c25_s42,27,0.775928325265708
2462311,bertopic,n15_c25_s42,27,1.0
2462399,bertopic,n15_c25_s42,21,0.6129226773320874
2462443,bertopic,n15_c25_s42,27,1.0
2462816,bertopic,n15_c25_s42,27,1.0
2463759,bertopic,n15_c25_s42,52,1.0
2465364,bertopic,n15_c25_s42,45,1.0
2469797,bertopic,n15_c25_s42,45,1.0
2469839,bertopic,n15_c25_s42,4,1.0
2470452,bertopic,n15_c25_s42,51,0.12713299957715718
2470763,bertopic,n15_c25_s42,30,1.0
2471051,bertopic,n15_c25_s42,1,1.0
2471126,bertopic,n15_c25_s42,17,0.53194183375493
2471197,bertopic,n15_c25_s42,41,0.9937538906074317
2471245,bertopic,n15_c25_s42,45,1.0
2471320,bertopic,n15_c25_s42,45,1.0
2471611,bertopic,n15_c25_s42,17,0.53194183375493
2471675,bertopic,n15_c25_s42,0,1.0
2472050,bertopic,n15_c25_s42,4,0.790314414223026
2472160,bertopic,n15_c25_s42,41,1.0
2472262,bertopic,n15_c25_s42,28,0.3196585574043658
2472373,bertopic,n15_c25_s42,0,1.0
2473223,bertopic,n15_c25_s42,48,1.0
2476182,bertopic,n15_c25_s42,45,1.0
2476457,bertopic,n15_c25_s42,-1,0.0
2476681,bertopic,n15_c25_s42,15,0.6968226574781019
2477933,bertopic,n15_c25_s42,45,0.7233207093602531
2477984,bertopic,n15_c25_s42,2,0.6931877533477078
2478332,bertopic,n15_c25_s42,45,1.0
2478365,bertopic,n15_c25_s42,45,1.0
2481534,bertopic,n15_c25_s42,3,1.0
2482132,bertopic,n15_c25_s42,34,0.39759595675508036
2482143,bertopic,n15_c25_s42,2,0.8685672296595317
2483268,bertopic,n15_c25_s42,30,0.08840985803638925
2487361,bertopic,n15_c25_s42,-1,0.0
2487593,bertopic,n15_c25_s42,12,0.7108798941182742
2487639,bertopic,n15_c25_s42,0,1.0
2488153,bertopic,n15_c25_s42,33,0.8656081644038306
2488235,bertopic,n15_c25_s42,48,0.5101636556990495
2489311,bertopic,n15_c25_s42,3,0.9235205397404076
2490050,bertopic,n15_c25_s42,33,0.8656081644038306
2490256,bertopic,n15_c25_s42,64,1.0
2490374,bertopic,n15_c25_s42,21,0.8209008425507089
2490394,bertopic,n15_c25_s42,21,1.0
2490615,bertopic,n15_c25_s42,27,1.0
2490964,bertopic,n15_c25_s42,1,1.0
2491368,bertopic,n15_c25_s42,14,0.9757811699510629
2491624,bertopic,n15_c25_s42,34,0.38486089167837906
2492654,bertopic,n15_c25_s42,28,1.0
2492682,bertopic,n15_c25_s42,4,0.8524008680140667
2492984,bertopic,n15_c25_s42,17,0.53194183375493
2495670,bertopic,n15_c25_s42,41,1.0
2495753,bertopic,n15_c25_s42,10,0.25031754112295024
2496437,bertopic,n15_c25_s42,33,0.8656081644038306
2496686,bertopic,n15_c25_s42,30,1.0
2497267,bertopic,n15_c25_s42,1,1.0
2497282,bertopic,n15_c25_s42,3,1.0
2497327,bertopic,n15_c25_s42,-1,0.0
2497334,bertopic,n15_c25_s42,8,1.0
2497852,bertopic,n15_c25_s42,8,0.3777912641071831
2497908,bertopic,n15_c25_s42,11,1.0
2497961,bertopic,n15_c25_s42,8,0.1251607519872326
2497986,bertopic,n15_c25_s42,1,1.0
2497993,bertopic,n15_c25_s42,46,0.44265437165985577
2498009,bertopic,n15_c25_s42,-1,0.0
2498079,bertopic,n15_c25_s42,22,1.0
2498188,bertopic,n15_c25_s42,22,1.0
2498734,bertopic,n15_c25_s42,17,0.53194183375493
2498922,bertopic,n15_c25_s42,30,1.0
2499091,bertopic,n15_c25_s42,33,0.8656081644038306
2499942,bertopic,n15_c25_s42,-1,0.0
2500285,bertopic,n15_c25_s42,0,1.0
2500497,bertopic,n15_c25_s42,9,1.0
2500530,bertopic,n15_c25_s42,12,0.4197632649655565
2500706,bertopic,n15_c25_s42,-1,0.0
2500726,bertopic,n15_c25_s42,4,0.9061055283374109
2502273,bertopic,n15_c25_s42,1,0.8877609114535481
2502519,bertopic,n15_c25_s42,22,0.9652597169209939
2503070,bertopic,n15_c25_s42,33,0.8656081644038306
2503265,bertopic,n15_c25_s42,33,0.8656081644038306
2503505,bertopic,n15_c25_s42,-1,0.0
2504193,bertopic,n15_c25_s42,4,0.8724852713041577
2505790,bertopic,n15_c25_s42,10,0.5780155378324492
2506070,bertopic,n15_c25_s42,9,0.5071257290985163
2506145,bertopic,n15_c25_s42,-1,0.0
2506307,bertopic,n15_c25_s42,9,0.5060947815586526
2507251,bertopic,n15_c25_s42,11,0.27574310761877074
2507567,bertopic,n15_c25_s42,26,0.18786470988312057
2509901,bertopic,n15_c25_s42,5,0.6466392988096622
2510621,bertopic,n15_c25_s42,5,0.7955419452088358
2510995,bertopic,n15_c25_s42,20,1.0
2511010,bertopic,n15_c25_s42,10,0.5780155378324492
2511029,bertopic,n15_c25_s42,1,0.8529045267551039
2511062,bertopic,n15_c25_s42,26,0.35329115066011146
2511287,bertopic,n15_c25_s42,-1,0.0
2511445,bertopic,n15_c25_s42,20,1.0
2511759,bertopic,n15_c25_s42,26,0.18565500451628855
2511812,bertopic,n15_c25_s42,9,0.5067326978472172
2511822,bertopic,n15_c25_s42,-1,0.0
2511853,bertopic,n15_c25_s42,10,0.4597065566569438
2511970,bertopic,n15_c25_s42,22,1.0
2513420,bertopic,n15_c25_s42,49,1.0
2514037,bertopic,n15_c25_s42,-1,0.0
2514945,bertopic,n15_c25_s42,4,0.628377035845479
2515340,bertopic,n15_c25_s42,8,0.1251607519872326
2515632,bertopic,n15_c25_s42,-1,0.0
2516641,bertopic,n15_c25_s42,0,1.0
2518257,bertopic,n15_c25_s42,48,1.0
2519411,bertopic,n15_c25_s42,0,1.0
2520643,bertopic,n15_c25_s42,17,1.0
2520666,bertopic,n15_c25_s42,20,0.9128750421744118
2521483,bertopic,n15_c25_s42,24,1.0
2523209,bertopic,n15_c25_s42,17,1.0
2523892,bertopic,n15_c25_s42,18,0.8807164839718108
2524988,bertopic,n15_c25_s42,-1,0.0
2524994,bertopic,n15_c25_s42,-1,0.0
2524995,bertopic,n15_c25_s42,-1,0.0
2525759,bertopic,n15_c25_s42,10,0.5737303944555181
2525933,bertopic,n15_c25_s42,-1,0.0
2525935,bertopic,n15_c25_s42,-1,0.0
2526045,bertopic,n15_c25_s42,-1,0.0
2526358,bertopic,n15_c25_s42,-1,0.0
2526523,bertopic,n15_c25_s42,54,1.0
2527057,bertopic,n15_c25_s42,-1,0.0
2528000,bertopic,n15_c25_s42,-1,0.0
2528385,bertopic,n15_c25_s42,12,1.0
2532561,bertopic,n15_c25_s42,-1,0.0
2532644,bertopic,n15_c25_s42,-1,0.0
2532656,bertopic,n15_c25_s42,0,1.0
2532713,bertopic,n15_c25_s42,-1,0.0
2534432,bertopic,n15_c25_s42,64,0.8873690514650997
2534829,bertopic,n15_c25_s42,68,1.0
2536085,bertopic,n15_c25_s42,3,0.9235205397404076
2536112,bertopic,n15_c25_s42,-1,0.0
2536497,bertopic,n15_c25_s42,5,1.0
2538025,bertopic,n15_c25_s42,37,0.4674121682619359
2540031,bertopic,n15_c25_s42,49,1.0
2540061,bertopic,n15_c25_s42,37,0.4674121682619359
2541974,bertopic,n15_c25_s42,48,0.4065024860871085
2546975,bertopic,n15_c25_s42,1,1.0
2547045,bertopic,n15_c25_s42,20,1.0
2547054,bertopic,n15_c25_s42,1,1.0
2547079,bertopic,n15_c25_s42,22,1.0
2547081,bertopic,n15_c25_s42,-1,0.0
2547132,bertopic,n15_c25_s42,9,1.0
2547160,bertopic,n15_c25_s42,-1,0.0
2547346,bertopic,n15_c25_s42,54,1.0
2547383,bertopic,n15_c25_s42,4,1.0
2548547,bertopic,n15_c25_s42,4,1.0
2549327,bertopic,n15_c25_s42,6,1.0
2549502,bertopic,n15_c25_s42,11,0.27574310761877074
2550955,bertopic,n15_c25_s42,54,1.0
2555405,bertopic,n15_c25_s42,10,1.0
2556252,bertopic,n15_c25_s42,4,0.7383949433096746
2557196,bertopic,n15_c25_s42,49,1.0
2557271,bertopic,n15_c25_s42,-1,0.0
2557319,bertopic,n15_c25_s42,49,1.0
2557345,bertopic,n15_c25_s42,-1,0.0
2557367,bertopic,n15_c25_s42,10,0.5792377927117244
2557605,bertopic,n15_c25_s42,-1,0.0
2558138,bertopic,n15_c25_s42,0,1.0
2559335,bertopic,n15_c25_s42,-1,0.0
2559394,bertopic,n15_c25_s42,-1,0.0
2559427,bertopic,n15_c25_s42,16,0.730457230803509
2559445,bertopic,n15_c25_s42,-1,0.0
2560526,bertopic,n15_c25_s42,18,0.7925296807501273
2560688,bertopic,n15_c25_s42,27,1.0
2560843,bertopic,n15_c25_s42,17,0.9672785825812853
2561244,bertopic,n15_c25_s42,18,0.9889820834645523
2561717,bertopic,n15_c25_s42,17,0.9923817724488581
2562374,bertopic,n15_c25_s42,52,1.0
2562415,bertopic,n15_c25_s42,15,0.9930767591379872
2562482,bertopic,n15_c25_s42,48,1.0
2562975,bertopic,n15_c25_s42,27,0.5586405335764077
2563153,bertopic,n15_c25_s42,27,0.7653655748570848
2563258,bertopic,n15_c25_s42,-1,0.0
2563393,bertopic,n15_c25_s42,15,1.0
2564722,bertopic,n15_c25_s42,15,0.6615229675763689
2566397,bertopic,n15_c25_s42,2,0.7483445918313503
2566487,bertopic,n15_c25_s42,18,0.9889820834645523
2566617,bertopic,n15_c25_s42,10,1.0
2568034,bertopic,n15_c25_s42,18,0.9889820834645523
2568753,bertopic,n15_c25_s42,18,0.9889820834645523
2568792,bertopic,n15_c25_s42,10,0.9015718538874372
2569841,bertopic,n15_c25_s42,-1,0.0
2569845,bertopic,n15_c25_s42,16,0.60416024163324
2569888,bertopic,n15_c25_s42,8,0.10856768444604831
2569929,bertopic,n15_c25_s42,8,0.10856768444604831
2570383,bertopic,n15_c25_s42,15,1.0
2571180,bertopic,n15_c25_s42,15,1.0
2571596,bertopic,n15_c25_s42,14,0.9255648073183753
2571959,bertopic,n15_c25_s42,53,1.0
2572038,bertopic,n15_c25_s42,15,1.0
2577011,bertopic,n15_c25_s42,36,1.0
2577975,bertopic,n15_c25_s42,-1,0.0
2580156,bertopic,n15_c25_s42,19,0.7667480327831825
2584460,bertopic,n15_c25_s42,4,1.0
2585256,bertopic,n15_c25_s42,8,0.10856768444604831
2585345,bertopic,n15_c25_s42,33,0.9890230329993756
2585370,bertopic,n15_c25_s42,62,1.0
2585638,bertopic,n15_c25_s42,9,0.9769538251005364
2589596,bertopic,n15_c25_s42,-1,0.0
2589611,bertopic,n15_c25_s42,9,1.0
2589710,bertopic,n15_c25_s42,9,0.9395494205775281
2589808,bertopic,n15_c25_s42,50,1.0
2589857,bertopic,n15_c25_s42,9,1.0
2590419,bertopic,n15_c25_s42,27,1.0
2591450,bertopic,n15_c25_s42,-1,0.0
2591462,bertopic,n15_c25_s42,-1,0.0
2591536,bertopic,n15_c25_s42,16,0.60416024163324
2593165,bertopic,n15_c25_s42,-1,0.0
2594634,bertopic,n15_c25_s42,9,0.6548665271928145
2597251,bertopic,n15_c25_s42,-1,0.0
2597262,bertopic,n15_c25_s42,8,1.0
2597271,bertopic,n15_c25_s42,9,1.0
2597367,bertopic,n15_c25_s42,17,1.0
2597439,bertopic,n15_c25_s42,0,1.0
2598365,bertopic,n15_c25_s42,9,1.0
2598406,bertopic,n15_c25_s42,9,0.5932910347662681
2600113,bertopic,n15_c25_s42,-1,0.0
2600586,bertopic,n15_c25_s42,9,0.8875148657087438
2601172,bertopic,n15_c25_s42,50,0.7306257122790838
2601422,bertopic,n15_c25_s42,0,1.0
2603625,bertopic,n15_c25_s42,0,0.1344555810401498
2603806,bertopic,n15_c25_s42,1,1.0
2604483,bertopic,n15_c25_s42,4,1.0
2604962,bertopic,n15_c25_s42,51,1.0
2607422,bertopic,n15_c25_s42,-1,0.0
2608083,bertopic,n15_c25_s42,3,0.8679756537240892
2608302,bertopic,n15_c25_s42,9,1.0
2608658,bertopic,n15_c25_s42,-1,0.0
2610131,bertopic,n15_c25_s42,50,0.7703436429894626
2610158,bertopic,n15_c25_s42,50,0.7546447414903475
2611816,bertopic,n15_c25_s42,8,0.3088370958089834
2612658,bertopic,n15_c25_s42,3,0.9250317784171992
2613031,bertopic,n15_c25_s42,-1,0.0
2613241,bertopic,n15_c25_s42,39,1.0
2613242,bertopic,n15_c25_s42,9,1.0
2615935,bertopic,n15_c25_s42,49,1.0
2616124,bertopic,n15_c25_s42,10,1.0
2616141,bertopic,n15_c25_s42,16,0.60416024163324
2616428,bertopic,n15_c25_s42,62,1.0
2616491,bertopic,n15_c25_s42,9,0.6706401929502543
2616561,bertopic,n15_c25_s42,1,1.0
2616582,bertopic,n15_c25_s42,-1,0.0
2616608,bertopic,n15_c25_s42,36,1.0
2616643,bertopic,n15_c25_s42,39,1.0
2616745,bertopic,n15_c25_s42,50,1.0
2617387,bertopic,n15_c25_s42,0,1.0
2617662,bertopic,n15_c25_s42,0,1.0
2618113,bertopic,n15_c25_s42,50,1.0
2619892,bertopic,n15_c25_s42,50,1.0
2623860,bertopic,n15_c25_s42,-1,0.0
2623864,bertopic,n15_c25_s42,8,0.6712913953856862
2624058,bertopic,n15_c25_s42,0,1.0
2624922,bertopic,n15_c25_s42,9,0.8625870453394137
2624940,bertopic,n15_c25_s42,9,0.9751742637442105
2624999,bertopic,n15_c25_s42,10,1.0
2625001,bertopic,n15_c25_s42,1,1.0
2625024,bertopic,n15_c25_s42,-1,0.0
2625083,bertopic,n15_c25_s42,39,0.9730472590241888
2625148,bertopic,n15_c25_s42,50,0.7836815159298854
2625184,bertopic,n15_c25_s42,36,1.0
2625996,bertopic,n15_c25_s42,0,0.1344555810401498
2626013,bertopic,n15_c25_s42,12,0.4197632649655565
2626562,bertopic,n15_c25_s42,50,1.0
2628178,bertopic,n15_c25_s42,0,1.0
2628491,bertopic,n15_c25_s42,1,1.0
2630605,bertopic,n15_c25_s42,22,0.8568295705682137
2630699,bertopic,n15_c25_s42,5,0.7020789424902855
2631118,bertopic,n15_c25_s42,25,0.260732836459555
2631313,bertopic,n15_c25_s42,0,1.0
2632728,bertopic,n15_c25_s42,14,0.9757811699510629
2633781,bertopic,n15_c25_s42,21,0.4817264105945097
2634148,bertopic,n15_c25_s42,39,1.0
2634462,bertopic,n15_c25_s42,22,0.9652597169209939
2634583,bertopic,n15_c25_s42,0,1.0
2634599,bertopic,n15_c25_s42,38,1.0
2634890,bertopic,n15_c25_s42,22,0.9536562545962937
2635271,bertopic,n15_c25_s42,23,0.8621993245502629
2635319,bertopic,n15_c25_s42,23,0.8523648479405881
2638979,bertopic,n15_c25_s42,22,0.8188605526978252
2638981,bertopic,n15_c25_s42,8,0.8876792765733101
2638998,bertopic,n15_c25_s42,14,0.9757811699510629
2640069,bertopic,n15_c25_s42,25,0.16070138254527486
2640096,bertopic,n15_c25_s42,22,0.9652597169209939
2640233,bertopic,n15_c25_s42,52,1.0
2640243,bertopic,n15_c25_s42,48,0.7697707292137179
2641130,bertopic,n15_c25_s42,39,1.0
2641148,bertopic,n15_c25_s42,9,0.5274834560268162
2643143,bertopic,n15_c25_s42,13,1.0
2643491,bertopic,n15_c25_s42,0,0.6561111238220725
2644906,bertopic,n15_c25_s42,27,0.4447162692783654
2644951,bertopic,n15_c25_s42,3,1.0
2645149,bertopic,n15_c25_s42,21,1.0
2645355,bertopic,n15_c25_s42,22,0.9652597169209939
2645374,bertopic,n15_c25_s42,64,1.0
2645390,bertopic,n15_c25_s42,27,0.32446208679923155
2645862,bertopic,n15_c25_s42,1,1.0
2646547,bertopic,n15_c25_s42,5,0.6536775940226672
2647339,bertopic,n15_c25_s42,4,0.8331342966069509
2648435,bertopic,n15_c25_s42,21,0.5470387862819903
2650143,bertopic,n15_c25_s42,5,0.6489762993788573
2650427,bertopic,n15_c25_s42,30,0.08840985803638925
2653529,bertopic,n15_c25_s42,21,0.5358005954255477
2655116,bertopic,n15_c25_s42,8,1.0
2655146,bertopic,n15_c25_s42,0,1.0
2655757,bertopic,n15_c25_s42,33,0.18939712737605974
2656186,bertopic,n15_c25_s42,21,0.6884005737783627
2658677,bertopic,n15_c25_s42,0,1.0
2662017,bertopic,n15_c25_s42,0,0.999484421512659
2662954,bertopic,n15_c25_s42,30,0.08840985803638925
2663084,bertopic,n15_c25_s42,62,1.0
2669279,bertopic,n15_c25_s42,8,0.46530555577913807
2669355,bertopic,n15_c25_s42,8,0.10856768444604831
2669468,bertopic,n15_c25_s42,-1,0.0
2669701,bertopic,n15_c25_s42,0,1.0
2670031,bertopic,n15_c25_s42,23,0.7714445647301209
2671995,bertopic,n15_c25_s42,0,1.0
2672350,bertopic,n15_c25_s42,36,1.0
2674392,bertopic,n15_c25_s42,17,0.53194183375493
2675013,bertopic,n15_c25_s42,0,1.0
2675183,bertopic,n15_c25_s42,9,0.38637148657478837
2675771,bertopic,n15_c25_s42,3,0.8735197193386759
2676416,bertopic,n15_c25_s42,0,1.0
2676612,bertopic,n15_c25_s42,0,1.0
2677132,bertopic,n15_c25_s42,22,0.9652597169209939
2680179,bertopic,n15_c25_s42,-1,0.0
2680561,bertopic,n15_c25_s42,0,1.0
2683268,bertopic,n15_c25_s42,36,1.0
2687760,bertopic,n15_c25_s42,-1,0.0
2687766,bertopic,n15_c25_s42,4,1.0
2687926,bertopic,n15_c25_s42,0,1.0
2689613,bertopic,n15_c25_s42,1,1.0
2689671,bertopic,n15_c25_s42,0,1.0
2689695,bertopic,n15_c25_s42,22,0.9652597169209939
2689768,bertopic,n15_c25_s42,36,0.24350978998570838
2689814,bertopic,n15_c25_s42,21,0.5483379669937707
2689857,bertopic,n15_c25_s42,33,0.16878813219667047
2689916,bertopic,n15_c25_s42,0,1.0
2689917,bertopic,n15_c25_s42,1,1.0
2690024,bertopic,n15_c25_s42,23,0.8651610274184857
2690194,bertopic,n15_c25_s42,3,0.8058734999553157
2690231,bertopic,n15_c25_s42,37,0.9522964700957371
2690249,bertopic,n15_c25_s42,0,1.0
2690261,bertopic,n15_c25_s42,17,0.46940905282280265
2690277,bertopic,n15_c25_s42,62,1.0
2690325,bertopic,n15_c25_s42,52,0.29830071046574314
2690334,bertopic,n15_c25_s42,8,0.3182291615389024
2693080,bertopic,n15_c25_s42,17,0.5301725053513778
2693275,bertopic,n15_c25_s42,62,1.0
2694617,bertopic,n15_c25_s42,52,0.3051096026630812
2695528,bertopic,n15_c25_s42,0,1.0
2698761,bertopic,n15_c25_s42,0,1.0
2698785,bertopic,n15_c25_s42,62,1.0
2698807,bertopic,n15_c25_s42,-1,0.0
2698815,bertopic,n15_c25_s42,52,0.28673061060109045
2698842,bertopic,n15_c25_s42,8,1.0
2698984,bertopic,n15_c25_s42,1,0.7274326457614272
2699021,bertopic,n15_c25_s42,15,0.48049613918091083
2699836,bertopic,n15_c25_s42,62,1.0
2699874,bertopic,n15_c25_s42,19,1.0
2699915,bertopic,n15_c25_s42,8,0.12664620789458966
2699934,bertopic,n15_c25_s42,1,0.7274326457614272
2699981,bertopic,n15_c25_s42,5,0.7158851094636022
2700077,bertopic,n15_c25_s42,-1,0.0
2700084,bertopic,n15_c25_s42,37,0.4539990543470771
2700223,bertopic,n15_c25_s42,52,0.29772969085835704
2700232,bertopic,n15_c25_s42,0,1.0
2700272,bertopic,n15_c25_s42,0,1.0
2700279,bertopic,n15_c25_s42,17,0.53194183375493
2700547,bertopic,n15_c25_s42,52,0.30020114007081705
2700619,bertopic,n15_c25_s42,0,1.0
2700941,bertopic,n15_c25_s42,62,1.0
2701030,bertopic,n15_c25_s42,62,1.0
2702464,bertopic,n15_c25_s42,-1,0.0
2702608,bertopic,n15_c25_s42,1,0.7274326457614272
2702666,bertopic,n15_c25_s42,1,0.7274326457614272
2702728,bertopic,n15_c25_s42,1,0.7274326457614272
2702831,bertopic,n15_c25_s42,1,0.7274326457614272
2703100,bertopic,n15_c25_s42,15,1.0
2703167,bertopic,n15_c25_s42,1,0.7274326457614272
2705197,bertopic,n15_c25_s42,-1,0.0
2705340,bertopic,n15_c25_s42,0,0.1344555810401498
2705854,bertopic,n15_c25_s42,39,1.0
2706102,bertopic,n15_c25_s42,28,0.7804123766904454
2707779,bertopic,n15_c25_s42,12,0.4197632649655565
2708802,bertopic,n15_c25_s42,-1,0.0
2709830,bertopic,n15_c25_s42,-1,0.0
2710287,bertopic,n15_c25_s42,1,0.7274326457614272
2710980,bertopic,n15_c25_s42,62,1.0
2713702,bertopic,n15_c25_s42,1,1.0
2713751,bertopic,n15_c25_s42,8,0.8305983154929016
2713786,bertopic,n15_c25_s42,41,0.7390280722337789
2714741,bertopic,n15_c25_s42,14,0.8931438714942601
2714751,bertopic,n15_c25_s42,-1,0.0
2714851,bertopic,n15_c25_s42,1,1.0
2715113,bertopic,n15_c25_s42,-1,0.0
2715544,bertopic,n15_c25_s42,1,1.0
2715594,bertopic,n15_c25_s42,39,1.0
2715697,bertopic,n15_c25_s42,-1,0.0
2715870,bertopic,n15_c25_s42,-1,0.0
2716305,bertopic,n15_c25_s42,12,0.4197632649655565
2716339,bertopic,n15_c25_s42,-1,0.0
2717304,bertopic,n15_c25_s42,34,1.0
2717851,bertopic,n15_c25_s42,33,0.8656081644038306
2717955,bertopic,n15_c25_s42,-1,0.0
2719984,bertopic,n15_c25_s42,48,1.0
2722280,bertopic,n15_c25_s42,5,1.0
2723598,bertopic,n15_c25_s42,-1,0.0
2723664,bertopic,n15_c25_s42,-1,0.0
2724071,bertopic,n15_c25_s42,1,0.7274326457614272
2724468,bertopic,n15_c25_s42,4,1.0
2732227,bertopic,n15_c25_s42,30,0.08840985803638925
2735098,bertopic,n15_c25_s42,-1,0.0
2735919,bertopic,n15_c25_s42,-1,0.0
2735971,bertopic,n15_c25_s42,8,0.12664620789458966
2736091,bertopic,n15_c25_s42,8,0.5526475943907163
2736175,bertopic,n15_c25_s42,1,1.0
2737855,bertopic,n15_c25_s42,30,0.08840985803638925
2741418,bertopic,n15_c25_s42,-1,0.0
2742487,bertopic,n15_c25_s42,69,1.0
2742517,bertopic,n15_c25_s42,3,1.0
2744196,bertopic,n15_c25_s42,17,0.47283633231208755
2747430,bertopic,n15_c25_s42,69,1.0
2747800,bertopic,n15_c25_s42,18,0.8807164839718108
2748634,bertopic,n15_c25_s42,-1,0.0
2749995,bertopic,n15_c25_s42,14,0.9757811699510629
2755458,bertopic,n15_c25_s42,69,1.0
2756434,bertopic,n15_c25_s42,69,1.0
2756499,bertopic,n15_c25_s42,1,1.0
2757091,bertopic,n15_c25_s42,-1,0.0
2757384,bertopic,n15_c25_s42,1,1.0
2772606,bertopic,n15_c25_s42,18,0.5471138143117031
2773959,bertopic,n15_c25_s42,1,0.7274326457614272
2774572,bertopic,n15_c25_s42,39,1.0
2774746,bertopic,n15_c25_s42,-1,0.0
2775638,bertopic,n15_c25_s42,0,1.0
2781172,bertopic,n15_c25_s42,-1,0.0
2781301,bertopic,n15_c25_s42,50,1.0
2785307,bertopic,n15_c25_s42,69,1.0
2788190,bertopic,n15_c25_s42,1,0.7274326457614272
2788229,bertopic,n15_c25_s42,1,1.0
2788276,bertopic,n15_c25_s42,1,1.0
2788348,bertopic,n15_c25_s42,-1,0.0
2788352,bertopic,n15_c25_s42,-1,0.0
2788503,bertopic,n15_c25_s42,65,0.7153455192821024
2788627,bertopic,n15_c25_s42,1,1.0
2788752,bertopic,n15_c25_s42,1,1.0
2788805,bertopic,n15_c25_s42,1,1.0
2788848,bertopic,n15_c25_s42,69,1.0
