article_id,model,run_id,topic_id,membership_strength
300,bertopic,n30_c50_s42,5,0.8286683179237861
551,bertopic,n30_c50_s42,-1,0.0
574,bertopic,n30_c50_s42,23,1.0
593,bertopic,n30_c50_s42,5,1.0
1739,bertopic,n30_c50_s42,32,1.0
1755,bertopic,n30_c50_s42,-1,0.0
2835,bertopic,n30_c50_s42,21,0.7136277303496203
3594,bertopic,n30_c50_s42,2,1.0
3635,bertopic,n30_c50_s42,0,1.0
3656,bertopic,n30_c50_s42,-1,0.0
3708,bertopic,n30_c50_s42,18,0.8358689977066873
3798,bertopic,n30_c50_s42,5,1.0
4089,bertopic,n30_c50_s42,-1,0.0
4710,bertopic,n30_c50_s42,11,1.0
4830,bertopic,n30_c50_s42,4,0.2346455418909997
5276,bertopic,n30_c50_s42,2,0.6215338179962224
5586,bertopic,n30_c50_s42,-1,0.0
5683,bertopic,n30_c50_s42,9,0.16334869978443614
5693,bertopic,n30_c50_s42,4,1.0
6435,bertopic,n30_c50_s42,11,0.6772788931557422
6544,bertopic,n30_c50_s42,7,0.8753744399428389
7082,bertopic,n30_c50_s42,3,1.0
7244,bertopic,n30_c50_s42,1,1.0
7574,bertopic,n30_c50_s42,5,1.0
7681,bertopic,n30_c50_s42,5,1.0
7854,bertopic,n30_c50_s42,14,0.4516178104376268
7868,bertopic,n30_c50_s42,19,0.6191776942349321
7879,bertopic,n30_c50_s42,3,1.0
7921,bertopic,n30_c50_s42,8,1.0
7959,bertopic,n30_c50_s42,3,1.0
8530,bertopic,n30_c50_s42,21,0.7274511341487526
8844,bertopic,n30_c50_s42,11,0.27454469769084555
9037,bertopic,n30_c50_s42,2,1.0
9349,bertopic,n30_c50_s42,6,0.9581690971300784
10235,bertopic,n30_c50_s42,-1,0.0
10296,bertopic,n30_c50_s42,8,0.45788475048333355
10939,bertopic,n30_c50_s42,8,1.0
11348,bertopic,n30_c50_s42,2,0.7405515387401128
12099,bertopic,n30_c50_s42,33,1.0
12364,bertopic,n30_c50_s42,20,0.5879689949526492
12399,bertopic,n30_c50_s42,2,0.7405515387401128
12685,bertopic,n30_c50_s42,6,0.8367861847877801
12801,bertopic,n30_c50_s42,-1,0.0
12810,bertopic,n30_c50_s42,29,1.0
12858,bertopic,n30_c50_s42,1,1.0
13084,bertopic,n30_c50_s42,33,1.0
13205,bertopic,n30_c50_s42,5,1.0
13274,bertopic,n30_c50_s42,11,0.44400784642529284
13403,bertopic,n30_c50_s42,3,0.4975995520769834
13594,bertopic,n30_c50_s42,19,0.642848672130436
13768,bertopic,n30_c50_s42,2,0.32159062012732953
13851,bertopic,n30_c50_s42,-1,0.0
14117,bertopic,n30_c50_s42,7,0.8193540293257123
14506,bertopic,n30_c50_s42,2,1.0
14528,bertopic,n30_c50_s42,-1,0.0
14529,bertopic,n30_c50_s42,2,1.0
14599,bertopic,n30_c50_s42,0,1.0
14858,bertopic,n30_c50_s42,0,1.0
15016,bertopic,n30_c50_s42,12,1.0
15506,bertopic,n30_c50_s42,2,1.0
15759,bertopic,n30_c50_s42,8,0.9345668878063592
15792,bertopic,n30_c50_s42,5,1.0
15993,bertopic,n30_c50_s42,-1,0.0
16083,bertopic,n30_c50_s42,-1,0.0
16274,bertopic,n30_c50_s42,-1,0.0
16458,bertopic,n30_c50_s42,11,0.6913228849770109
16762,bertopic,n30_c50_s42,3,1.0
16814,bertopic,n30_c50_s42,6,0.8280829012237023
17264,bertopic,n30_c50_s42,13,0.3586216965595299
17329,bertopic,n30_c50_s42,4,1.0
17922,bertopic,n30_c50_s42,3,1.0
18543,bertopic,n30_c50_s42,30,1.0
19690,bertopic,n30_c50_s42,3,1.0
20012,bertopic,n30_c50_s42,3,1.0
20127,bertopic,n30_c50_s42,3,1.0
20668,bertopic,n30_c50_s42,21,1.0
20712,bertopic,n30_c50_s42,10,0.5803065854258068
20941,bertopic,n30_c50_s42,0,1.0
21460,bertopic,n30_c50_s42,-1,0.0
21530,bertopic,n30_c50_s42,21,0.7815536156096878
21659,bertopic,n30_c50_s42,0,1.0
21782,bertopic,n30_c50_s42,2,1.0
21917,bertopic,n30_c50_s42,4,0.4790024213290457
22065,bertopic,n30_c50_s42,-1,0.0
22132,bertopic,n30_c50_s42,3,0.6105899089322935
22159,bertopic,n30_c50_s42,2,1.0
22390,bertopic,n30_c50_s42,33,1.0
22705,bertopic,n30_c50_s42,5,1.0
23217,bertopic,n30_c50_s42,2,0.9344131371851926
23962,bertopic,n30_c50_s42,15,0.43844090205432507
24198,bertopic,n30_c50_s42,-1,0.0
24286,bertopic,n30_c50_s42,1,1.0
24876,bertopic,n30_c50_s42,3,0.6856970339769093
24965,bertopic,n30_c50_s42,10,0.5370247030101564
25431,bertopic,n30_c50_s42,20,0.6623601023349213
25458,bertopic,n30_c50_s42,-1,0.0
25974,bertopic,n30_c50_s42,-1,0.0
26212,bertopic,n30_c50_s42,12,0.9210200552661074
26434,bertopic,n30_c50_s42,15,0.43844090205432507
27038,bertopic,n30_c50_s42,14,1.0
27122,bertopic,n30_c50_s42,-1,0.0
27189,bertopic,n30_c50_s42,-1,0.0
27469,bertopic,n30_c50_s42,32,0.6302340106465943
27920,bertopic,n30_c50_s42,7,0.6329013270280908
28510,bertopic,n30_c50_s42,6,1.0
28661,bertopic,n30_c50_s42,24,1.0
28781,bertopic,n30_c50_s42,2,0.32159062012732953
28784,bertopic,n30_c50_s42,3,1.0
28936,bertopic,n30_c50_s42,3,1.0
29129,bertopic,n30_c50_s42,-1,0.0
30097,bertopic,n30_c50_s42,13,0.24855516956058557
30107,bertopic,n30_c50_s42,2,1.0
30257,bertopic,n30_c50_s42,2,1.0
30703,bertopic,n30_c50_s42,-1,0.0
30778,bertopic,n30_c50_s42,-1,0.0
30997,bertopic,n30_c50_s42,25,1.0
31478,bertopic,n30_c50_s42,2,0.9745018975394314
31594,bertopic,n30_c50_s42,-1,0.0
31664,bertopic,n30_c50_s42,6,0.85662394313394
31875,bertopic,n30_c50_s42,8,1.0
31919,bertopic,n30_c50_s42,6,0.939028357837962
32030,bertopic,n30_c50_s42,3,1.0
32072,bertopic,n30_c50_s42,0,0.8576551969776055
32140,bertopic,n30_c50_s42,11,1.0
33141,bertopic,n30_c50_s42,8,1.0
33193,bertopic,n30_c50_s42,3,1.0
33255,bertopic,n30_c50_s42,20,0.456066367486982
33651,bertopic,n30_c50_s42,3,1.0
33732,bertopic,n30_c50_s42,5,1.0
33907,bertopic,n30_c50_s42,-1,0.0
34443,bertopic,n30_c50_s42,1,1.0
35047,bertopic,n30_c50_s42,15,1.0
35309,bertopic,n30_c50_s42,1,0.505309894426839
35903,bertopic,n30_c50_s42,27,1.0
35925,bertopic,n30_c50_s42,-1,0.0
36149,bertopic,n30_c50_s42,-1,0.0
36372,bertopic,n30_c50_s42,6,0.8938208258715801
36523,bertopic,n30_c50_s42,3,1.0
36957,bertopic,n30_c50_s42,2,1.0
37122,bertopic,n30_c50_s42,1,1.0
37241,bertopic,n30_c50_s42,5,1.0
37289,bertopic,n30_c50_s42,10,0.5803065854258068
38068,bertopic,n30_c50_s42,16,1.0
38130,bertopic,n30_c50_s42,11,0.5157241760426038
38397,bertopic,n30_c50_s42,3,0.7399393348187792
38774,bertopic,n30_c50_s42,11,0.35257293042418103
38952,bertopic,n30_c50_s42,7,0.6949795286114134
39053,bertopic,n30_c50_s42,4,1.0
39204,bertopic,n30_c50_s42,3,0.7316149059782392
39234,bertopic,n30_c50_s42,6,0.9821327444376828
40130,bertopic,n30_c50_s42,25,1.0
40296,bertopic,n30_c50_s42,2,1.0
40454,bertopic,n30_c50_s42,3,1.0
40807,bertopic,n30_c50_s42,28,0.2883369667940277
41150,bertopic,n30_c50_s42,21,0.7815536156096878
41235,bertopic,n30_c50_s42,-1,0.0
41649,bertopic,n30_c50_s42,11,0.6318151699112743
41765,bertopic,n30_c50_s42,3,1.0
41883,bertopic,n30_c50_s42,13,0.8794642570171922
42206,bertopic,n30_c50_s42,8,1.0
42360,bertopic,n30_c50_s42,8,1.0
42454,bertopic,n30_c50_s42,-1,0.0
43243,bertopic,n30_c50_s42,33,1.0
43481,bertopic,n30_c50_s42,9,0.16792754552326689
43606,bertopic,n30_c50_s42,5,1.0
43636,bertopic,n30_c50_s42,20,0.5749833525554395
44273,bertopic,n30_c50_s42,6,0.9099758505338046
44421,bertopic,n30_c50_s42,-1,0.0
44459,bertopic,n30_c50_s42,0,1.0
44507,bertopic,n30_c50_s42,4,0.2346455418909997
44761,bertopic,n30_c50_s42,10,0.9398420545176683
44828,bertopic,n30_c50_s42,3,1.0
44886,bertopic,n30_c50_s42,12,0.9210200552661074
44926,bertopic,n30_c50_s42,-1,0.0
45170,bertopic,n30_c50_s42,5,0.7296382480844794
45318,bertopic,n30_c50_s42,-1,0.0
45333,bertopic,n30_c50_s42,10,0.5803065854258068
45594,bertopic,n30_c50_s42,5,1.0
45601,bertopic,n30_c50_s42,7,0.6743946398752587
45666,bertopic,n30_c50_s42,5,1.0
45929,bertopic,n30_c50_s42,0,1.0
46773,bertopic,n30_c50_s42,8,0.41780013672172545
46798,bertopic,n30_c50_s42,2,1.0
47374,bertopic,n30_c50_s42,27,1.0
47878,bertopic,n30_c50_s42,25,0.8373535897739036
48013,bertopic,n30_c50_s42,-1,0.0
48054,bertopic,n30_c50_s42,8,1.0
48189,bertopic,n30_c50_s42,3,1.0
48429,bertopic,n30_c50_s42,6,0.969589876961123
48523,bertopic,n30_c50_s42,0,1.0
48645,bertopic,n30_c50_s42,3,0.6081427356922694
48719,bertopic,n30_c50_s42,3,1.0
48986,bertopic,n30_c50_s42,8,1.0
49147,bertopic,n30_c50_s42,-1,0.0
49182,bertopic,n30_c50_s42,9,1.0
49242,bertopic,n30_c50_s42,9,1.0
49457,bertopic,n30_c50_s42,-1,0.0
49694,bertopic,n30_c50_s42,3,1.0
50156,bertopic,n30_c50_s42,24,1.0
50396,bertopic,n30_c50_s42,32,1.0
50448,bertopic,n30_c50_s42,1,1.0
50669,bertopic,n30_c50_s42,29,1.0
51001,bertopic,n30_c50_s42,-1,0.0
51195,bertopic,n30_c50_s42,23,1.0
51957,bertopic,n30_c50_s42,5,1.0
52032,bertopic,n30_c50_s42,3,0.790602142340422
52281,bertopic,n30_c50_s42,3,1.0
52788,bertopic,n30_c50_s42,5,1.0
52904,bertopic,n30_c50_s42,32,1.0
53033,bertopic,n30_c50_s42,9,0.198210999893872
53036,bertopic,n30_c50_s42,-1,0.0
53127,bertopic,n30_c50_s42,3,0.9944870377496015
53281,bertopic,n30_c50_s42,10,1.0
53378,bertopic,n30_c50_s42,15,0.7992900627381293
53444,bertopic,n30_c50_s42,4,0.6167481133974858
53522,bertopic,n30_c50_s42,8,1.0
53977,bertopic,n30_c50_s42,5,1.0
54284,bertopic,n30_c50_s42,0,1.0
54295,bertopic,n30_c50_s42,32,1.0
55518,bertopic,n30_c50_s42,3,1.0
55684,bertopic,n30_c50_s42,-1,0.0
55997,bertopic,n30_c50_s42,20,0.7207208935515966
56047,bertopic,n30_c50_s42,3,1.0
56383,bertopic,n30_c50_s42,5,1.0
56427,bertopic,n30_c50_s42,8,0.6723008397257049
56476,bertopic,n30_c50_s42,2,0.8988997069411222
56477,bertopic,n30_c50_s42,25,1.0
56571,bertopic,n30_c50_s42,2,1.0
56582,bertopic,n30_c50_s42,25,1.0
56617,bertopic,n30_c50_s42,-1,0.0
56838,bertopic,n30_c50_s42,26,0.9098680600231336
57121,bertopic,n30_c50_s42,18,0.9972543625695234
57340,bertopic,n30_c50_s42,3,0.6081427356922694
57357,bertopic,n30_c50_s42,-1,0.0
57436,bertopic,n30_c50_s42,8,1.0
57487,bertopic,n30_c50_s42,8,1.0
59278,bertopic,n30_c50_s42,0,1.0
59330,bertopic,n30_c50_s42,2,0.9991105134855838
60166,bertopic,n30_c50_s42,3,0.5874407704862985
60190,bertopic,n30_c50_s42,5,1.0
60525,bertopic,n30_c50_s42,1,1.0
60772,bertopic,n30_c50_s42,3,0.6105899089322935
60790,bertopic,n30_c50_s42,13,1.0
60943,bertopic,n30_c50_s42,-1,0.0
60989,bertopic,n30_c50_s42,30,1.0
61037,bertopic,n30_c50_s42,2,1.0
61392,bertopic,n30_c50_s42,-1,0.0
61399,bertopic,n30_c50_s42,15,1.0
61433,bertopic,n30_c50_s42,4,0.43255194747575276
61614,bertopic,n30_c50_s42,16,0.785726487266296
61618,bertopic,n30_c50_s42,19,0.8597700049093863
61634,bertopic,n30_c50_s42,2,1.0
61874,bertopic,n30_c50_s42,3,1.0
62010,bertopic,n30_c50_s42,-1,0.0
62225,bertopic,n30_c50_s42,6,1.0
62396,bertopic,n30_c50_s42,1,1.0
62514,bertopic,n30_c50_s42,1,1.0
62536,bertopic,n30_c50_s42,1,0.640974735318759
62561,bertopic,n30_c50_s42,4,0.2346455418909997
62909,bertopic,n30_c50_s42,1,1.0
63202,bertopic,n30_c50_s42,1,1.0
63485,bertopic,n30_c50_s42,2,0.9686349851004983
63812,bertopic,n30_c50_s42,2,0.6663348971884033
64049,bertopic,n30_c50_s42,7,0.6285172876815854
64159,bertopic,n30_c50_s42,1,1.0
64288,bertopic,n30_c50_s42,20,1.0
64460,bertopic,n30_c50_s42,0,1.0
64660,bertopic,n30_c50_s42,15,0.4382757433078268
65325,bertopic,n30_c50_s42,11,1.0
66799,bertopic,n30_c50_s42,5,0.7400316363399388
67010,bertopic,n30_c50_s42,-1,0.0
67102,bertopic,n30_c50_s42,-1,0.0
67221,bertopic,n30_c50_s42,1,1.0
67486,bertopic,n30_c50_s42,6,0.9044995985344274
67860,bertopic,n30_c50_s42,-1,0.0
68053,bertopic,n30_c50_s42,33,1.0
68520,bertopic,n30_c50_s42,2,1.0
68807,bertopic,n30_c50_s42,6,1.0
69068,bertopic,n30_c50_s42,8,1.0
69258,bertopic,n30_c50_s42,16,1.0
70036,bertopic,n30_c50_s42,3,0.7242669492836489
70485,bertopic,n30_c50_s42,1,1.0
70557,bertopic,n30_c50_s42,15,1.0
70943,bertopic,n30_c50_s42,24,1.0
71054,bertopic,n30_c50_s42,26,1.0
71331,bertopic,n30_c50_s42,12,0.30521839494628306
71519,bertopic,n30_c50_s42,5,0.568366822595728
71879,bertopic,n30_c50_s42,10,0.5610654878383777
71942,bertopic,n30_c50_s42,9,0.15627189022901083
72159,bertopic,n30_c50_s42,7,0.6109485795753575
72242,bertopic,n30_c50_s42,8,1.0
72412,bertopic,n30_c50_s42,3,0.9841463742883693
72552,bertopic,n30_c50_s42,20,0.5460502892008766
72770,bertopic,n30_c50_s42,27,0.7860186474889926
73421,bertopic,n30_c50_s42,-1,0.0
73478,bertopic,n30_c50_s42,16,0.8327972152482933
73841,bertopic,n30_c50_s42,7,0.6331035670216715
73919,bertopic,n30_c50_s42,-1,0.0
74002,bertopic,n30_c50_s42,33,1.0
74128,bertopic,n30_c50_s42,12,0.2558419825130366
74554,bertopic,n30_c50_s42,10,0.8938472113573828
75484,bertopic,n30_c50_s42,-1,0.0
76050,bertopic,n30_c50_s42,16,1.0
76152,bertopic,n30_c50_s42,5,1.0
76171,bertopic,n30_c50_s42,11,0.830923516526849
76296,bertopic,n30_c50_s42,3,1.0
76323,bertopic,n30_c50_s42,-1,0.0
76379,bertopic,n30_c50_s42,25,1.0
77023,bertopic,n30_c50_s42,5,1.0
78009,bertopic,n30_c50_s42,1,1.0
78179,bertopic,n30_c50_s42,2,1.0
78211,bertopic,n30_c50_s42,-1,0.0
78357,bertopic,n30_c50_s42,4,0.6167481133974858
78501,bertopic,n30_c50_s42,-1,0.0
78524,bertopic,n30_c50_s42,15,1.0
78603,bertopic,n30_c50_s42,2,1.0
79028,bertopic,n30_c50_s42,3,1.0
79129,bertopic,n30_c50_s42,22,1.0
79661,bertopic,n30_c50_s42,0,0.9951848298047337
80282,bertopic,n30_c50_s42,2,0.9272053376024454
80316,bertopic,n30_c50_s42,2,0.9081442961712346
80570,bertopic,n30_c50_s42,15,1.0
80631,bertopic,n30_c50_s42,2,1.0
80746,bertopic,n30_c50_s42,6,1.0
81605,bertopic,n30_c50_s42,8,1.0
81713,bertopic,n30_c50_s42,8,1.0
81755,bertopic,n30_c50_s42,-1,0.0
81778,bertopic,n30_c50_s42,10,0.5370247030101564
82147,bertopic,n30_c50_s42,0,0.9701402806276902
82319,bertopic,n30_c50_s42,4,0.6167481133974858
82733,bertopic,n30_c50_s42,-1,0.0
82814,bertopic,n30_c50_s42,7,0.6329013270280908
83020,bertopic,n30_c50_s42,4,0.2346455418909997
83321,bertopic,n30_c50_s42,0,1.0
83391,bertopic,n30_c50_s42,-1,0.0
83576,bertopic,n30_c50_s42,20,1.0
84049,bertopic,n30_c50_s42,0,1.0
84779,bertopic,n30_c50_s42,0,1.0
84812,bertopic,n30_c50_s42,2,1.0
85969,bertopic,n30_c50_s42,13,0.8208505836703022
86321,bertopic,n30_c50_s42,8,1.0
86508,bertopic,n30_c50_s42,4,0.9734596153190016
87000,bertopic,n30_c50_s42,11,0.4492915444734809
87049,bertopic,n30_c50_s42,21,0.9192965205434218
87587,bertopic,n30_c50_s42,5,1.0
87874,bertopic,n30_c50_s42,5,1.0
88070,bertopic,n30_c50_s42,1,1.0
88079,bertopic,n30_c50_s42,-1,0.0
88571,bertopic,n30_c50_s42,30,1.0
88657,bertopic,n30_c50_s42,2,1.0
89301,bertopic,n30_c50_s42,23,0.7603741699725786
89410,bertopic,n30_c50_s42,-1,0.0
89624,bertopic,n30_c50_s42,-1,0.0
89801,bertopic,n30_c50_s42,11,0.5435491591078548
89830,bertopic,n30_c50_s42,0,1.0
89847,bertopic,n30_c50_s42,20,0.9479577359707511
89873,bertopic,n30_c50_s42,4,0.46571250721681867
89919,bertopic,n30_c50_s42,-1,0.0
89926,bertopic,n30_c50_s42,13,0.5260599969954262
89957,bertopic,n30_c50_s42,8,1.0
90406,bertopic,n30_c50_s42,7,0.6331035670216715
90724,bertopic,n30_c50_s42,-1,0.0
91137,bertopic,n30_c50_s42,28,1.0
91212,bertopic,n30_c50_s42,-1,0.0
91317,bertopic,n30_c50_s42,0,1.0
91669,bertopic,n30_c50_s42,12,0.9210200552661074
91911,bertopic,n30_c50_s42,7,0.6331035670216715
92331,bertopic,n30_c50_s42,-1,0.0
92399,bertopic,n30_c50_s42,1,1.0
92447,bertopic,n30_c50_s42,2,1.0
92485,bertopic,n30_c50_s42,3,0.5222339683139849
92507,bertopic,n30_c50_s42,0,0.6604185300810952
92521,bertopic,n30_c50_s42,6,1.0
92660,bertopic,n30_c50_s42,5,1.0
92766,bertopic,n30_c50_s42,2,1.0
92962,bertopic,n30_c50_s42,8,1.0
94288,bertopic,n30_c50_s42,6,0.969589876961123
94315,bertopic,n30_c50_s42,3,1.0
95209,bertopic,n30_c50_s42,3,1.0
95243,bertopic,n30_c50_s42,3,0.7552336899581735
95502,bertopic,n30_c50_s42,1,0.9149111601985812
95503,bertopic,n30_c50_s42,2,0.6663348971884033
95505,bertopic,n30_c50_s42,21,1.0
95887,bertopic,n30_c50_s42,3,1.0
96093,bertopic,n30_c50_s42,-1,0.0
96587,bertopic,n30_c50_s42,8,1.0
97339,bertopic,n30_c50_s42,16,0.36006907423975865
97796,bertopic,n30_c50_s42,1,1.0
97953,bertopic,n30_c50_s42,3,1.0
98192,bertopic,n30_c50_s42,-1,0.0
98320,bertopic,n30_c50_s42,2,1.0
98372,bertopic,n30_c50_s42,-1,0.0
98422,bertopic,n30_c50_s42,-1,0.0
98649,bertopic,n30_c50_s42,3,1.0
98692,bertopic,n30_c50_s42,8,0.7208274752551447
98812,bertopic,n30_c50_s42,6,1.0
98882,bertopic,n30_c50_s42,33,0.9932740232720864
99053,bertopic,n30_c50_s42,5,1.0
99311,bertopic,n30_c50_s42,-1,0.0
99362,bertopic,n30_c50_s42,9,1.0
99429,bertopic,n30_c50_s42,8,1.0
99690,bertopic,n30_c50_s42,11,0.830923516526849
99888,bertopic,n30_c50_s42,0,1.0
100550,bertopic,n30_c50_s42,-1,0.0
100730,bertopic,n30_c50_s42,25,1.0
100962,bertopic,n30_c50_s42,24,1.0
101231,bertopic,n30_c50_s42,4,1.0
101764,bertopic,n30_c50_s42,7,0.9251404361593553
101775,bertopic,n30_c50_s42,24,1.0
101854,bertopic,n30_c50_s42,3,1.0
101901,bertopic,n30_c50_s42,0,0.879706684069113
102431,bertopic,n30_c50_s42,6,0.9662373771053901
102601,bertopic,n30_c50_s42,8,0.7208274752551447
102738,bertopic,n30_c50_s42,3,1.0
102885,bertopic,n30_c50_s42,-1,0.0
102902,bertopic,n30_c50_s42,0,1.0
103750,bertopic,n30_c50_s42,1,1.0
104233,bertopic,n30_c50_s42,6,1.0
104546,bertopic,n30_c50_s42,8,1.0
104601,bertopic,n30_c50_s42,2,0.887752514605469
104855,bertopic,n30_c50_s42,4,0.2346455418909997
105357,bertopic,n30_c50_s42,8,1.0
105490,bertopic,n30_c50_s42,11,1.0
106202,bertopic,n30_c50_s42,8,0.4375080629913837
106439,bertopic,n30_c50_s42,2,0.7037305833990841
106717,bertopic,n30_c50_s42,-1,0.0
107060,bertopic,n30_c50_s42,29,1.0
107314,bertopic,n30_c50_s42,5,1.0
107334,bertopic,n30_c50_s42,-1,0.0
107625,bertopic,n30_c50_s42,2,1.0
108455,bertopic,n30_c50_s42,-1,0.0
108461,bertopic,n30_c50_s42,0,1.0
109175,bertopic,n30_c50_s42,-1,0.0
109347,bertopic,n30_c50_s42,6,1.0
109367,bertopic,n30_c50_s42,4,1.0
109381,bertopic,n30_c50_s42,8,1.0
109470,bertopic,n30_c50_s42,0,0.8074517351221551
109503,bertopic,n30_c50_s42,5,1.0
110123,bertopic,n30_c50_s42,11,0.6530044402917138
110274,bertopic,n30_c50_s42,-1,0.0
110368,bertopic,n30_c50_s42,3,1.0
110828,bertopic,n30_c50_s42,6,0.8418687338974612
110861,bertopic,n30_c50_s42,5,1.0
110923,bertopic,n30_c50_s42,-1,0.0
110945,bertopic,n30_c50_s42,1,1.0
111432,bertopic,n30_c50_s42,-1,0.0
111618,bertopic,n30_c50_s42,2,0.6663348971884033
112184,bertopic,n30_c50_s42,8,1.0
112673,bertopic,n30_c50_s42,-1,0.0
113785,bertopic,n30_c50_s42,11,0.3948577422453968
113818,bertopic,n30_c50_s42,8,1.0
113906,bertopic,n30_c50_s42,8,0.6733839811562722
114291,bertopic,n30_c50_s42,8,1.0
114519,bertopic,n30_c50_s42,-1,0.0
115008,bertopic,n30_c50_s42,11,0.830923516526849
115166,bertopic,n30_c50_s42,2,1.0
115239,bertopic,n30_c50_s42,-1,0.0
115378,bertopic,n30_c50_s42,8,1.0
115416,bertopic,n30_c50_s42,7,0.6329013270280908
115482,bertopic,n30_c50_s42,1,1.0
115506,bertopic,n30_c50_s42,29,1.0
115561,bertopic,n30_c50_s42,8,1.0
115935,bertopic,n30_c50_s42,23,1.0
116580,bertopic,n30_c50_s42,-1,0.0
117070,bertopic,n30_c50_s42,7,0.6329013270280908
117354,bertopic,n30_c50_s42,1,1.0
117646,bertopic,n30_c50_s42,8,0.4482912409011077
117905,bertopic,n30_c50_s42,12,0.9210200552661074
118371,bertopic,n30_c50_s42,7,1.0
119090,bertopic,n30_c50_s42,11,1.0
119115,bertopic,n30_c50_s42,-1,0.0
119777,bertopic,n30_c50_s42,13,1.0
120054,bertopic,n30_c50_s42,9,0.198210999893872
120126,bertopic,n30_c50_s42,14,1.0
120781,bertopic,n30_c50_s42,5,1.0
121300,bertopic,n30_c50_s42,6,0.8353275171200947
122087,bertopic,n30_c50_s42,-1,0.0
122128,bertopic,n30_c50_s42,3,1.0
123233,bertopic,n30_c50_s42,-1,0.0
123354,bertopic,n30_c50_s42,20,0.5329721669282028
123513,bertopic,n30_c50_s42,5,1.0
123677,bertopic,n30_c50_s42,0,1.0
124291,bertopic,n30_c50_s42,2,1.0
124504,bertopic,n30_c50_s42,3,1.0
124924,bertopic,n30_c50_s42,25,1.0
124998,bertopic,n30_c50_s42,11,0.42736766561253314
125146,bertopic,n30_c50_s42,0,0.8368817898056246
125299,bertopic,n30_c50_s42,4,0.29670376321331565
125714,bertopic,n30_c50_s42,3,0.9489763863495062
125811,bertopic,n30_c50_s42,25,1.0
125862,bertopic,n30_c50_s42,3,1.0
126305,bertopic,n30_c50_s42,11,0.6913228849770109
126787,bertopic,n30_c50_s42,-1,0.0
127076,bertopic,n30_c50_s42,7,0.6109769821411778
127077,bertopic,n30_c50_s42,31,1.0
127252,bertopic,n30_c50_s42,7,0.6331035670216715
127382,bertopic,n30_c50_s42,3,0.5157541198819526
127780,bertopic,n30_c50_s42,12,0.9210200552661074
127807,bertopic,n30_c50_s42,12,0.9210200552661074
128077,bertopic,n30_c50_s42,12,1.0
128329,bertopic,n30_c50_s42,13,0.8208505836703022
128668,bertopic,n30_c50_s42,-1,0.0
129453,bertopic,n30_c50_s42,4,1.0
129521,bertopic,n30_c50_s42,-1,0.0
129697,bertopic,n30_c50_s42,1,1.0
130075,bertopic,n30_c50_s42,11,1.0
130193,bertopic,n30_c50_s42,-1,0.0
130229,bertopic,n30_c50_s42,28,0.2750801315138489
130247,bertopic,n30_c50_s42,10,1.0
130332,bertopic,n30_c50_s42,23,0.9531340886244565
130373,bertopic,n30_c50_s42,7,0.6329013270280908
130542,bertopic,n30_c50_s42,8,1.0
131018,bertopic,n30_c50_s42,3,0.4579281402642647
131134,bertopic,n30_c50_s42,2,0.7947189752314209
131630,bertopic,n30_c50_s42,11,0.721734315301082
131655,bertopic,n30_c50_s42,-1,0.0
131953,bertopic,n30_c50_s42,7,0.6323160388458291
132216,bertopic,n30_c50_s42,23,0.8669502145537034
132343,bertopic,n30_c50_s42,-1,0.0
132371,bertopic,n30_c50_s42,2,0.6663348971884033
132580,bertopic,n30_c50_s42,8,1.0
132689,bertopic,n30_c50_s42,-1,0.0
133011,bertopic,n30_c50_s42,2,0.9740435791215866
133390,bertopic,n30_c50_s42,3,0.8872037316436869
133467,bertopic,n30_c50_s42,13,1.0
133776,bertopic,n30_c50_s42,-1,0.0
134147,bertopic,n30_c50_s42,0,1.0
134265,bertopic,n30_c50_s42,32,0.6253493501931513
134759,bertopic,n30_c50_s42,5,0.7782115045438208
134864,bertopic,n30_c50_s42,3,0.6359449769588592
135098,bertopic,n30_c50_s42,29,1.0
137255,bertopic,n30_c50_s42,27,1.0
137501,bertopic,n30_c50_s42,0,1.0
137526,bertopic,n30_c50_s42,20,1.0
137788,bertopic,n30_c50_s42,3,1.0
138059,bertopic,n30_c50_s42,-1,0.0
138257,bertopic,n30_c50_s42,3,1.0
138447,bertopic,n30_c50_s42,27,1.0
138458,bertopic,n30_c50_s42,8,1.0
139177,bertopic,n30_c50_s42,19,1.0
139181,bertopic,n30_c50_s42,4,0.3492045561321186
139355,bertopic,n30_c50_s42,15,1.0
140134,bertopic,n30_c50_s42,20,1.0
140242,bertopic,n30_c50_s42,32,1.0
140319,bertopic,n30_c50_s42,6,1.0
140433,bertopic,n30_c50_s42,8,1.0
140479,bertopic,n30_c50_s42,2,1.0
140865,bertopic,n30_c50_s42,7,0.9949221944068777
141179,bertopic,n30_c50_s42,11,0.4463213358464864
141257,bertopic,n30_c50_s42,8,1.0
141399,bertopic,n30_c50_s42,5,1.0
141429,bertopic,n30_c50_s42,3,0.8139159529611459
141861,bertopic,n30_c50_s42,11,0.9497727783046228
141920,bertopic,n30_c50_s42,9,0.198210999893872
142165,bertopic,n30_c50_s42,-1,0.0
142216,bertopic,n30_c50_s42,1,1.0
142280,bertopic,n30_c50_s42,-1,0.0
142354,bertopic,n30_c50_s42,8,1.0
142857,bertopic,n30_c50_s42,1,1.0
142874,bertopic,n30_c50_s42,7,0.6331035670216715
143292,bertopic,n30_c50_s42,20,0.5331510267210668
143578,bertopic,n30_c50_s42,14,1.0
143689,bertopic,n30_c50_s42,12,0.9210200552661074
143832,bertopic,n30_c50_s42,2,1.0
144024,bertopic,n30_c50_s42,-1,0.0
144692,bertopic,n30_c50_s42,2,1.0
144696,bertopic,n30_c50_s42,3,0.637150341669351
144709,bertopic,n30_c50_s42,2,0.9081442961712346
144921,bertopic,n30_c50_s42,8,0.7208274752551447
145458,bertopic,n30_c50_s42,21,0.7136277303496203
145466,bertopic,n30_c50_s42,11,0.6645435051341425
145515,bertopic,n30_c50_s42,3,1.0
146165,bertopic,n30_c50_s42,0,0.5867573323316173
146804,bertopic,n30_c50_s42,-1,0.0
147134,bertopic,n30_c50_s42,-1,0.0
147174,bertopic,n30_c50_s42,-1,0.0
147259,bertopic,n30_c50_s42,1,1.0
147557,bertopic,n30_c50_s42,33,1.0
147902,bertopic,n30_c50_s42,11,0.33277925015353943
148461,bertopic,n30_c50_s42,3,1.0
148586,bertopic,n30_c50_s42,13,0.2840703426687234
149077,bertopic,n30_c50_s42,16,1.0
149365,bertopic,n30_c50_s42,3,0.5698996503502495
149398,bertopic,n30_c50_s42,1,1.0
150163,bertopic,n30_c50_s42,5,0.9364987939488899
150607,bertopic,n30_c50_s42,3,0.6081427356922694
150859,bertopic,n30_c50_s42,6,1.0
150907,bertopic,n30_c50_s42,2,0.6663348971884033
151426,bertopic,n30_c50_s42,4,0.3492045561321186
151602,bertopic,n30_c50_s42,-1,0.0
151703,bertopic,n30_c50_s42,3,0.7831605652305773
152273,bertopic,n30_c50_s42,8,1.0
152390,bertopic,n30_c50_s42,24,1.0
152618,bertopic,n30_c50_s42,32,1.0
152738,bertopic,n30_c50_s42,0,1.0
152759,bertopic,n30_c50_s42,-1,0.0
152861,bertopic,n30_c50_s42,6,1.0
153163,bertopic,n30_c50_s42,5,1.0
153367,bertopic,n30_c50_s42,7,0.7533688232429718
153749,bertopic,n30_c50_s42,7,0.7975818240163797
153782,bertopic,n30_c50_s42,-1,0.0
153794,bertopic,n30_c50_s42,11,0.3103493536175542
154435,bertopic,n30_c50_s42,3,0.7392857671096288
154829,bertopic,n30_c50_s42,3,1.0
155138,bertopic,n30_c50_s42,-1,0.0
155572,bertopic,n30_c50_s42,-1,0.0
155577,bertopic,n30_c50_s42,7,1.0
155990,bertopic,n30_c50_s42,3,1.0
156160,bertopic,n30_c50_s42,11,0.3175556673797389
156667,bertopic,n30_c50_s42,-1,0.0
157217,bertopic,n30_c50_s42,25,1.0
157293,bertopic,n30_c50_s42,11,0.6913228849770109
158049,bertopic,n30_c50_s42,3,1.0
158118,bertopic,n30_c50_s42,-1,0.0
158288,bertopic,n30_c50_s42,25,1.0
158417,bertopic,n30_c50_s42,11,0.3503114990700237
159915,bertopic,n30_c50_s42,11,1.0
160084,bertopic,n30_c50_s42,-1,0.0
160307,bertopic,n30_c50_s42,5,1.0
160391,bertopic,n30_c50_s42,10,0.7297225059716222
160458,bertopic,n30_c50_s42,2,1.0
160910,bertopic,n30_c50_s42,2,1.0
161335,bertopic,n30_c50_s42,1,1.0
162325,bertopic,n30_c50_s42,16,0.7727938461290148
162406,bertopic,n30_c50_s42,32,1.0
162493,bertopic,n30_c50_s42,8,1.0
162892,bertopic,n30_c50_s42,9,0.37740461138918036
163252,bertopic,n30_c50_s42,11,0.3167964757278642
163289,bertopic,n30_c50_s42,21,0.7136277303496203
163539,bertopic,n30_c50_s42,20,0.31655250405358654
163860,bertopic,n30_c50_s42,2,0.8189050547073572
164027,bertopic,n30_c50_s42,20,0.463367714382987
164048,bertopic,n30_c50_s42,2,0.6663348971884033
164182,bertopic,n30_c50_s42,5,1.0
165132,bertopic,n30_c50_s42,8,1.0
165165,bertopic,n30_c50_s42,13,1.0
165310,bertopic,n30_c50_s42,1,1.0
165624,bertopic,n30_c50_s42,3,1.0
165839,bertopic,n30_c50_s42,2,1.0
165905,bertopic,n30_c50_s42,7,0.9551594258533956
166141,bertopic,n30_c50_s42,8,0.9045439500102312
166267,bertopic,n30_c50_s42,12,0.9210200552661074
166775,bertopic,n30_c50_s42,3,0.8462522275700834
167316,bertopic,n30_c50_s42,4,0.6898962853368112
167433,bertopic,n30_c50_s42,8,1.0
167700,bertopic,n30_c50_s42,3,1.0
168453,bertopic,n30_c50_s42,-1,0.0
168675,bertopic,n30_c50_s42,15,0.6558914547727731
168754,bertopic,n30_c50_s42,8,0.8580927763599746
169040,bertopic,n30_c50_s42,-1,0.0
169672,bertopic,n30_c50_s42,2,0.32159062012732953
169919,bertopic,n30_c50_s42,7,1.0
170023,bertopic,n30_c50_s42,11,1.0
170430,bertopic,n30_c50_s42,6,1.0
170588,bertopic,n30_c50_s42,3,1.0
170812,bertopic,n30_c50_s42,7,0.6331035670216715
171269,bertopic,n30_c50_s42,30,1.0
171494,bertopic,n30_c50_s42,5,1.0
171532,bertopic,n30_c50_s42,-1,0.0
171818,bertopic,n30_c50_s42,33,1.0
172291,bertopic,n30_c50_s42,4,0.3492045561321186
172331,bertopic,n30_c50_s42,15,0.43844090205432507
172404,bertopic,n30_c50_s42,8,1.0
172528,bertopic,n30_c50_s42,-1,0.0
172930,bertopic,n30_c50_s42,1,0.7062276854799986
173021,bertopic,n30_c50_s42,21,0.7136277303496203
173150,bertopic,n30_c50_s42,25,1.0
173485,bertopic,n30_c50_s42,12,1.0
174372,bertopic,n30_c50_s42,29,1.0
174898,bertopic,n30_c50_s42,4,0.3492045561321186
175083,bertopic,n30_c50_s42,2,1.0
175137,bertopic,n30_c50_s42,19,0.5920679700801522
175451,bertopic,n30_c50_s42,22,0.6130695981946745
176208,bertopic,n30_c50_s42,1,1.0
176213,bertopic,n30_c50_s42,8,1.0
176495,bertopic,n30_c50_s42,1,1.0
176558,bertopic,n30_c50_s42,1,1.0
176645,bertopic,n30_c50_s42,2,1.0
177277,bertopic,n30_c50_s42,-1,0.0
177542,bertopic,n30_c50_s42,2,0.9081442961712346
177670,bertopic,n30_c50_s42,-1,0.0
177858,bertopic,n30_c50_s42,21,1.0
178414,bertopic,n30_c50_s42,15,1.0
178516,bertopic,n30_c50_s42,-1,0.0
178592,bertopic,n30_c50_s42,-1,0.0
179281,bertopic,n30_c50_s42,-1,0.0
179475,bertopic,n30_c50_s42,21,0.8445824285506537
179482,bertopic,n30_c50_s42,3,1.0
179615,bertopic,n30_c50_s42,15,1.0
179786,bertopic,n30_c50_s42,14,0.5636448017657623
179849,bertopic,n30_c50_s42,-1,0.0
179980,bertopic,n30_c50_s42,10,1.0
180088,bertopic,n30_c50_s42,1,1.0
180264,bertopic,n30_c50_s42,7,0.6192426182068484
180517,bertopic,n30_c50_s42,8,1.0
180989,bertopic,n30_c50_s42,-1,0.0
181421,bertopic,n30_c50_s42,24,1.0
181562,bertopic,n30_c50_s42,2,1.0
182387,bertopic,n30_c50_s42,2,0.6663348971884033
183087,bertopic,n30_c50_s42,1,1.0
183185,bertopic,n30_c50_s42,11,1.0
183539,bertopic,n30_c50_s42,4,0.8337237631053614
184365,bertopic,n30_c50_s42,0,1.0
185076,bertopic,n30_c50_s42,23,1.0
185482,bertopic,n30_c50_s42,16,1.0
185781,bertopic,n30_c50_s42,11,1.0
185801,bertopic,n30_c50_s42,18,1.0
185802,bertopic,n30_c50_s42,32,1.0
186200,bertopic,n30_c50_s42,4,0.3361351057864299
186413,bertopic,n30_c50_s42,27,0.5535262370879919
186552,bertopic,n30_c50_s42,12,1.0
186860,bertopic,n30_c50_s42,1,1.0
186920,bertopic,n30_c50_s42,3,0.832458640934726
187624,bertopic,n30_c50_s42,12,0.9210200552661074
187862,bertopic,n30_c50_s42,1,1.0
189272,bertopic,n30_c50_s42,13,0.8208505836703022
189826,bertopic,n30_c50_s42,8,1.0
190212,bertopic,n30_c50_s42,9,1.0
190440,bertopic,n30_c50_s42,1,1.0
207249,bertopic,n30_c50_s42,3,0.832458640934726
209101,bertopic,n30_c50_s42,10,0.629391152472408
209823,bertopic,n30_c50_s42,-1,0.0
210477,bertopic,n30_c50_s42,-1,0.0
212525,bertopic,n30_c50_s42,9,0.40365075251828497
213476,bertopic,n30_c50_s42,2,1.0
213637,bertopic,n30_c50_s42,31,1.0
213962,bertopic,n30_c50_s42,27,0.8356903129528963
214506,bertopic,n30_c50_s42,24,0.8971356569442762
215622,bertopic,n30_c50_s42,-1,0.0
216046,bertopic,n30_c50_s42,16,0.836534041714699
216745,bertopic,n30_c50_s42,9,0.198210999893872
217405,bertopic,n30_c50_s42,20,0.6833770271549102
218059,bertopic,n30_c50_s42,3,1.0
219205,bertopic,n30_c50_s42,3,1.0
220070,bertopic,n30_c50_s42,26,1.0
220219,bertopic,n30_c50_s42,6,0.9377124225518111
221300,bertopic,n30_c50_s42,15,0.9329616896022519
221543,bertopic,n30_c50_s42,15,1.0
225193,bertopic,n30_c50_s42,6,0.9906893484312855
225537,bertopic,n30_c50_s42,5,1.0
227916,bertopic,n30_c50_s42,27,1.0
228098,bertopic,n30_c50_s42,14,1.0
229464,bertopic,n30_c50_s42,29,1.0
229766,bertopic,n30_c50_s42,27,1.0
229873,bertopic,n30_c50_s42,24,1.0
230044,bertopic,n30_c50_s42,1,1.0
230646,bertopic,n30_c50_s42,27,0.5475052123377533
230697,bertopic,n30_c50_s42,7,0.6331035670216715
233108,bertopic,n30_c50_s42,27,1.0
234038,bertopic,n30_c50_s42,2,0.7259172441020549
234150,bertopic,n30_c50_s42,29,1.0
235588,bertopic,n30_c50_s42,0,1.0
236783,bertopic,n30_c50_s42,7,1.0
237316,bertopic,n30_c50_s42,7,1.0
238020,bertopic,n30_c50_s42,-1,0.0
239910,bertopic,n30_c50_s42,16,0.6870899994064482
241459,bertopic,n30_c50_s42,3,1.0
243015,bertopic,n30_c50_s42,10,0.629391152472408
243273,bertopic,n30_c50_s42,12,1.0
243516,bertopic,n30_c50_s42,-1,0.0
244200,bertopic,n30_c50_s42,-1,0.0
244286,bertopic,n30_c50_s42,4,0.58761112811312
245122,bertopic,n30_c50_s42,-1,0.0
245414,bertopic,n30_c50_s42,10,0.629391152472408
247430,bertopic,n30_c50_s42,12,1.0
247452,bertopic,n30_c50_s42,-1,0.0
250503,bertopic,n30_c50_s42,12,0.5706295842722093
250800,bertopic,n30_c50_s42,-1,0.0
251285,bertopic,n30_c50_s42,2,0.32159062012732953
252444,bertopic,n30_c50_s42,-1,0.0
252534,bertopic,n30_c50_s42,6,1.0
252606,bertopic,n30_c50_s42,0,1.0
253527,bertopic,n30_c50_s42,27,1.0
253602,bertopic,n30_c50_s42,27,1.0
254843,bertopic,n30_c50_s42,5,1.0
255266,bertopic,n30_c50_s42,27,0.5117348794201344
256590,bertopic,n30_c50_s42,9,0.15627189022901083
257094,bertopic,n30_c50_s42,15,0.4382757433078268
257363,bertopic,n30_c50_s42,15,0.977667296558556
258851,bertopic,n30_c50_s42,2,1.0
259508,bertopic,n30_c50_s42,-1,0.0
259930,bertopic,n30_c50_s42,-1,0.0
260872,bertopic,n30_c50_s42,16,0.5405133907642544
261067,bertopic,n30_c50_s42,-1,0.0
261162,bertopic,n30_c50_s42,6,1.0
263520,bertopic,n30_c50_s42,6,1.0
264399,bertopic,n30_c50_s42,-1,0.0
265775,bertopic,n30_c50_s42,18,1.0
265994,bertopic,n30_c50_s42,10,0.5803065854258068
266635,bertopic,n30_c50_s42,-1,0.0
267879,bertopic,n30_c50_s42,31,1.0
267886,bertopic,n30_c50_s42,-1,0.0
268006,bertopic,n30_c50_s42,23,1.0
268436,bertopic,n30_c50_s42,7,1.0
268538,bertopic,n30_c50_s42,-1,0.0
268614,bertopic,n30_c50_s42,-1,0.0
268716,bertopic,n30_c50_s42,2,1.0
268915,bertopic,n30_c50_s42,-1,0.0
269115,bertopic,n30_c50_s42,26,1.0
269723,bertopic,n30_c50_s42,20,0.5645884245213973
269982,bertopic,n30_c50_s42,-1,0.0
270478,bertopic,n30_c50_s42,17,0.5595283473147005
270535,bertopic,n30_c50_s42,7,0.7353268650508072
270654,bertopic,n30_c50_s42,1,1.0
270679,bertopic,n30_c50_s42,30,0.7318235797158056
271016,bertopic,n30_c50_s42,-1,0.0
271079,bertopic,n30_c50_s42,-1,0.0
271364,bertopic,n30_c50_s42,19,0.5620640733366608
271402,bertopic,n30_c50_s42,-1,0.0
271430,bertopic,n30_c50_s42,17,0.5909146151433609
271554,bertopic,n30_c50_s42,15,0.43844090205432507
271922,bertopic,n30_c50_s42,15,1.0
271963,bertopic,n30_c50_s42,1,1.0
272040,bertopic,n30_c50_s42,-1,0.0
272157,bertopic,n30_c50_s42,-1,0.0
272186,bertopic,n30_c50_s42,14,1.0
272194,bertopic,n30_c50_s42,6,0.953648263813124
272278,bertopic,n30_c50_s42,9,0.25911402461842503
272405,bertopic,n30_c50_s42,9,1.0
272438,bertopic,n30_c50_s42,28,1.0
272459,bertopic,n30_c50_s42,-1,0.0
272469,bertopic,n30_c50_s42,19,0.7011311908300544
272515,bertopic,n30_c50_s42,17,0.31567713277967174
272564,bertopic,n30_c50_s42,-1,0.0
272655,bertopic,n30_c50_s42,-1,0.0
272699,bertopic,n30_c50_s42,13,0.8208505836703022
272704,bertopic,n30_c50_s42,12,0.7211672814731643
272878,bertopic,n30_c50_s42,2,0.7405515387401128
272913,bertopic,n30_c50_s42,-1,0.0
272980,bertopic,n30_c50_s42,26,1.0
273050,bertopic,n30_c50_s42,-1,0.0
273357,bertopic,n30_c50_s42,3,1.0
273409,bertopic,n30_c50_s42,-1,0.0
273533,bertopic,n30_c50_s42,2,0.9081442961712346
273554,bertopic,n30_c50_s42,-1,0.0
273650,bertopic,n30_c50_s42,2,1.0
273681,bertopic,n30_c50_s42,24,0.7972580753659257
273939,bertopic,n30_c50_s42,3,1.0
274379,bertopic,n30_c50_s42,14,0.8499962697083752
274594,bertopic,n30_c50_s42,10,1.0
274895,bertopic,n30_c50_s42,12,1.0
274977,bertopic,n30_c50_s42,28,0.2987013792275195
275252,bertopic,n30_c50_s42,-1,0.0
275282,bertopic,n30_c50_s42,1,1.0
275570,bertopic,n30_c50_s42,7,0.6743946398752587
275737,bertopic,n30_c50_s42,28,1.0
275952,bertopic,n30_c50_s42,18,1.0
276099,bertopic,n30_c50_s42,21,0.7283541890528442
276592,bertopic,n30_c50_s42,11,0.5580105581248427
276980,bertopic,n30_c50_s42,-1,0.0
277723,bertopic,n30_c50_s42,1,1.0
277836,bertopic,n30_c50_s42,-1,0.0
277972,bertopic,n30_c50_s42,-1,0.0
278112,bertopic,n30_c50_s42,3,0.832458640934726
278170,bertopic,n30_c50_s42,4,0.2346455418909997
278500,bertopic,n30_c50_s42,0,1.0
278699,bertopic,n30_c50_s42,-1,0.0
278876,bertopic,n30_c50_s42,26,1.0
278930,bertopic,n30_c50_s42,27,1.0
278968,bertopic,n30_c50_s42,-1,0.0
279066,bertopic,n30_c50_s42,10,0.5894466450828768
279107,bertopic,n30_c50_s42,4,0.27480247455759665
279342,bertopic,n30_c50_s42,11,0.415983279058472
279487,bertopic,n30_c50_s42,28,1.0
279624,bertopic,n30_c50_s42,28,1.0
279773,bertopic,n30_c50_s42,27,0.9043611954781094
279801,bertopic,n30_c50_s42,-1,0.0
279842,bertopic,n30_c50_s42,4,0.23737789424836375
280414,bertopic,n30_c50_s42,4,0.2346455418909997
280476,bertopic,n30_c50_s42,9,0.24854948501090063
280938,bertopic,n30_c50_s42,28,1.0
281139,bertopic,n30_c50_s42,-1,0.0
281215,bertopic,n30_c50_s42,-1,0.0
281244,bertopic,n30_c50_s42,4,1.0
281296,bertopic,n30_c50_s42,9,0.3279414384863306
281469,bertopic,n30_c50_s42,29,1.0
281526,bertopic,n30_c50_s42,2,1.0
282008,bertopic,n30_c50_s42,-1,0.0
282105,bertopic,n30_c50_s42,1,1.0
282502,bertopic,n30_c50_s42,5,1.0
282508,bertopic,n30_c50_s42,18,0.8562011100262529
282696,bertopic,n30_c50_s42,6,1.0
282727,bertopic,n30_c50_s42,0,1.0
282743,bertopic,n30_c50_s42,22,0.6660837435299458
283226,bertopic,n30_c50_s42,7,0.6706236671580115
283308,bertopic,n30_c50_s42,0,0.36824908532147643
283323,bertopic,n30_c50_s42,12,1.0
283337,bertopic,n30_c50_s42,4,0.3361351057864299
283403,bertopic,n30_c50_s42,16,0.896223745801171
283427,bertopic,n30_c50_s42,4,0.6167481133974858
283649,bertopic,n30_c50_s42,10,0.5370247030101564
283716,bertopic,n30_c50_s42,-1,0.0
284006,bertopic,n30_c50_s42,23,0.6235129930157868
284035,bertopic,n30_c50_s42,4,0.2346455418909997
284262,bertopic,n30_c50_s42,21,0.7815536156096878
284378,bertopic,n30_c50_s42,2,1.0
284391,bertopic,n30_c50_s42,5,1.0
284496,bertopic,n30_c50_s42,10,0.5370247030101564
284573,bertopic,n30_c50_s42,23,1.0
284716,bertopic,n30_c50_s42,11,1.0
285007,bertopic,n30_c50_s42,9,1.0
285032,bertopic,n30_c50_s42,0,0.8293958407988011
285141,bertopic,n30_c50_s42,1,1.0
285322,bertopic,n30_c50_s42,-1,0.0
285389,bertopic,n30_c50_s42,15,1.0
285400,bertopic,n30_c50_s42,1,1.0
285480,bertopic,n30_c50_s42,-1,0.0
285595,bertopic,n30_c50_s42,9,0.4064713830446972
285731,bertopic,n30_c50_s42,0,0.3914731079325007
285945,bertopic,n30_c50_s42,-1,0.0
285958,bertopic,n30_c50_s42,6,1.0
286008,bertopic,n30_c50_s42,2,1.0
286093,bertopic,n30_c50_s42,11,0.5361863181349754
286250,bertopic,n30_c50_s42,10,0.5370247030101564
286485,bertopic,n30_c50_s42,9,0.198210999893872
286607,bertopic,n30_c50_s42,24,1.0
286784,bertopic,n30_c50_s42,2,1.0
287079,bertopic,n30_c50_s42,13,1.0
287116,bertopic,n30_c50_s42,-1,0.0
287307,bertopic,n30_c50_s42,3,0.6105899089322935
287325,bertopic,n30_c50_s42,-1,0.0
287328,bertopic,n30_c50_s42,29,1.0
287500,bertopic,n30_c50_s42,9,1.0
287635,bertopic,n30_c50_s42,1,1.0
287701,bertopic,n30_c50_s42,9,0.3311248745379283
287807,bertopic,n30_c50_s42,19,1.0
287881,bertopic,n30_c50_s42,20,1.0
287927,bertopic,n30_c50_s42,-1,0.0
287999,bertopic,n30_c50_s42,-1,0.0
288070,bertopic,n30_c50_s42,-1,0.0
288524,bertopic,n30_c50_s42,2,1.0
288652,bertopic,n30_c50_s42,2,1.0
288688,bertopic,n30_c50_s42,5,1.0
288709,bertopic,n30_c50_s42,13,1.0
288752,bertopic,n30_c50_s42,2,1.0
288928,bertopic,n30_c50_s42,-1,0.0
288948,bertopic,n30_c50_s42,28,1.0
289081,bertopic,n30_c50_s42,0,1.0
289279,bertopic,n30_c50_s42,14,1.0
289310,bertopic,n30_c50_s42,2,1.0
289482,bertopic,n30_c50_s42,2,0.5146481559939654
289554,bertopic,n30_c50_s42,7,0.6331035670216715
289750,bertopic,n30_c50_s42,18,0.7319818125133447
289753,bertopic,n30_c50_s42,19,0.9827387155372064
289819,bertopic,n30_c50_s42,21,0.6882005818153856
289928,bertopic,n30_c50_s42,17,0.5013918651291992
289949,bertopic,n30_c50_s42,8,1.0
290103,bertopic,n30_c50_s42,-1,0.0
290240,bertopic,n30_c50_s42,-1,0.0
290286,bertopic,n30_c50_s42,2,1.0
290433,bertopic,n30_c50_s42,2,1.0
290447,bertopic,n30_c50_s42,14,0.886278725101143
290670,bertopic,n30_c50_s42,4,0.816079028776868
290728,bertopic,n30_c50_s42,14,0.9325813887238253
290740,bertopic,n30_c50_s42,-1,0.0
290799,bertopic,n30_c50_s42,12,1.0
290847,bertopic,n30_c50_s42,2,1.0
290951,bertopic,n30_c50_s42,2,1.0
290971,bertopic,n30_c50_s42,20,1.0
291003,bertopic,n30_c50_s42,1,0.6913349253875282
291311,bertopic,n30_c50_s42,-1,0.0
291465,bertopic,n30_c50_s42,2,1.0
291469,bertopic,n30_c50_s42,17,0.31567713277967174
291644,bertopic,n30_c50_s42,2,0.6255774645266022
291740,bertopic,n30_c50_s42,2,1.0
291787,bertopic,n30_c50_s42,1,1.0
291865,bertopic,n30_c50_s42,10,1.0
291971,bertopic,n30_c50_s42,10,0.5641230308614539
292278,bertopic,n30_c50_s42,-1,0.0
292381,bertopic,n30_c50_s42,14,1.0
292625,bertopic,n30_c50_s42,-1,0.0
292777,bertopic,n30_c50_s42,-1,0.0
292944,bertopic,n30_c50_s42,21,1.0
293006,bertopic,n30_c50_s42,23,1.0
293055,bertopic,n30_c50_s42,-1,0.0
293144,bertopic,n30_c50_s42,7,0.6743946398752587
293149,bertopic,n30_c50_s42,23,0.8193860271227561
293442,bertopic,n30_c50_s42,23,0.86486399435938
293482,bertopic,n30_c50_s42,28,1.0
293571,bertopic,n30_c50_s42,21,0.8833763178867017
293607,bertopic,n30_c50_s42,13,1.0
293754,bertopic,n30_c50_s42,12,1.0
293904,bertopic,n30_c50_s42,14,1.0
293916,bertopic,n30_c50_s42,11,0.7515862976162251
293943,bertopic,n30_c50_s42,2,1.0
293980,bertopic,n30_c50_s42,2,1.0
294024,bertopic,n30_c50_s42,12,1.0
294181,bertopic,n30_c50_s42,2,1.0
294214,bertopic,n30_c50_s42,2,1.0
294306,bertopic,n30_c50_s42,-1,0.0
294412,bertopic,n30_c50_s42,27,0.9787159420857521
294513,bertopic,n30_c50_s42,25,1.0
294516,bertopic,n30_c50_s42,-1,0.0
294540,bertopic,n30_c50_s42,30,0.9465308320383164
294595,bertopic,n30_c50_s42,3,0.6105899089322935
294697,bertopic,n30_c50_s42,4,0.7131435818848219
294717,bertopic,n30_c50_s42,-1,0.0
294871,bertopic,n30_c50_s42,2,1.0
294959,bertopic,n30_c50_s42,3,1.0
295238,bertopic,n30_c50_s42,0,1.0
295253,bertopic,n30_c50_s42,2,0.3116113316278082
295275,bertopic,n30_c50_s42,4,1.0
295347,bertopic,n30_c50_s42,23,1.0
295405,bertopic,n30_c50_s42,2,1.0
295441,bertopic,n30_c50_s42,-1,0.0
295462,bertopic,n30_c50_s42,-1,0.0
295506,bertopic,n30_c50_s42,1,1.0
295555,bertopic,n30_c50_s42,14,1.0
296047,bertopic,n30_c50_s42,23,1.0
296462,bertopic,n30_c50_s42,21,1.0
296558,bertopic,n30_c50_s42,9,1.0
296601,bertopic,n30_c50_s42,-1,0.0
296717,bertopic,n30_c50_s42,17,0.31567713277967174
296721,bertopic,n30_c50_s42,14,0.7565597488296563
297015,bertopic,n30_c50_s42,7,0.6331035670216715
297137,bertopic,n30_c50_s42,17,0.31567713277967174
297138,bertopic,n30_c50_s42,3,0.6105899089322935
297149,bertopic,n30_c50_s42,20,0.5501946278405309
297435,bertopic,n30_c50_s42,10,0.5803065854258068
297577,bertopic,n30_c50_s42,16,1.0
297705,bertopic,n30_c50_s42,0,0.7491563060750464
297813,bertopic,n30_c50_s42,2,0.9115465277901144
297824,bertopic,n30_c50_s42,21,0.7815536156096878
297878,bertopic,n30_c50_s42,-1,0.0
297905,bertopic,n30_c50_s42,9,0.357071841418804
298230,bertopic,n30_c50_s42,12,1.0
298271,bertopic,n30_c50_s42,0,0.5041651173221762
298300,bertopic,n30_c50_s42,2,1.0
298532,bertopic,n30_c50_s42,2,1.0
298582,bertopic,n30_c50_s42,2,1.0
298583,bertopic,n30_c50_s42,6,1.0
298652,bertopic,n30_c50_s42,23,1.0
298717,bertopic,n30_c50_s42,-1,0.0
298775,bertopic,n30_c50_s42,2,1.0
298935,bertopic,n30_c50_s42,14,0.9325813887238253
299073,bertopic,n30_c50_s42,-1,0.0
299082,bertopic,n30_c50_s42,7,0.8720428601111192
299154,bertopic,n30_c50_s42,10,0.629391152472408
299159,bertopic,n30_c50_s42,12,0.7211672814731643
299373,bertopic,n30_c50_s42,9,1.0
299586,bertopic,n30_c50_s42,-1,0.0
299631,bertopic,n30_c50_s42,2,1.0
299915,bertopic,n30_c50_s42,10,0.5894466450828768
299994,bertopic,n30_c50_s42,15,1.0
300016,bertopic,n30_c50_s42,0,1.0
300047,bertopic,n30_c50_s42,-1,0.0
300086,bertopic,n30_c50_s42,4,0.23737789424836375
300101,bertopic,n30_c50_s42,2,1.0
300397,bertopic,n30_c50_s42,20,0.7144966956207026
300514,bertopic,n30_c50_s42,23,1.0
300559,bertopic,n30_c50_s42,-1,0.0
300570,bertopic,n30_c50_s42,4,1.0
300624,bertopic,n30_c50_s42,12,1.0
301071,bertopic,n30_c50_s42,17,0.31567713277967174
301249,bertopic,n30_c50_s42,14,0.5754186639101
301330,bertopic,n30_c50_s42,9,1.0
301671,bertopic,n30_c50_s42,-1,0.0
301907,bertopic,n30_c50_s42,17,0.31567713277967174
302217,bertopic,n30_c50_s42,2,1.0
302281,bertopic,n30_c50_s42,3,1.0
302405,bertopic,n30_c50_s42,10,0.5803065854258068
302408,bertopic,n30_c50_s42,7,0.6331035670216715
302599,bertopic,n30_c50_s42,16,0.7195152268119146
302663,bertopic,n30_c50_s42,4,0.46571250721681867
302705,bertopic,n30_c50_s42,2,0.98985791034646
302791,bertopic,n30_c50_s42,7,1.0
302848,bertopic,n30_c50_s42,3,0.7963976983772336
303160,bertopic,n30_c50_s42,26,1.0
303179,bertopic,n30_c50_s42,1,1.0
303299,bertopic,n30_c50_s42,2,1.0
303375,bertopic,n30_c50_s42,28,1.0
303382,bertopic,n30_c50_s42,1,1.0
303394,bertopic,n30_c50_s42,14,0.8153042124033612
303521,bertopic,n30_c50_s42,3,0.6222524749501971
303529,bertopic,n30_c50_s42,0,0.36824908532147643
303560,bertopic,n30_c50_s42,1,1.0
303629,bertopic,n30_c50_s42,8,0.8498251253730283
303704,bertopic,n30_c50_s42,28,1.0
303767,bertopic,n30_c50_s42,15,0.43844090205432507
303901,bertopic,n30_c50_s42,17,0.31567713277967174
303912,bertopic,n30_c50_s42,12,0.37753320135650725
304183,bertopic,n30_c50_s42,2,1.0
304215,bertopic,n30_c50_s42,1,1.0
304595,bertopic,n30_c50_s42,2,0.6663348971884033
304662,bertopic,n30_c50_s42,-1,0.0
305079,bertopic,n30_c50_s42,2,0.6663348971884033
305231,bertopic,n30_c50_s42,9,1.0
305320,bertopic,n30_c50_s42,2,0.6663348971884033
305337,bertopic,n30_c50_s42,2,1.0
305647,bertopic,n30_c50_s42,0,0.5041651173221762
305707,bertopic,n30_c50_s42,2,1.0
306128,bertopic,n30_c50_s42,-1,0.0
306196,bertopic,n30_c50_s42,13,0.15984095800785167
306237,bertopic,n30_c50_s42,15,1.0
306352,bertopic,n30_c50_s42,10,0.629391152472408
306457,bertopic,n30_c50_s42,8,1.0
306580,bertopic,n30_c50_s42,1,1.0
306934,bertopic,n30_c50_s42,9,0.37740461138918036
307195,bertopic,n30_c50_s42,7,0.6329013270280908
307481,bertopic,n30_c50_s42,2,1.0
307846,bertopic,n30_c50_s42,2,0.6663348971884033
307852,bertopic,n30_c50_s42,2,0.6663348971884033
308189,bertopic,n30_c50_s42,9,0.34133813753000547
308198,bertopic,n30_c50_s42,1,1.0
308290,bertopic,n30_c50_s42,-1,0.0
308415,bertopic,n30_c50_s42,6,1.0
308424,bertopic,n30_c50_s42,0,1.0
308545,bertopic,n30_c50_s42,7,0.6331035670216715
308877,bertopic,n30_c50_s42,2,1.0
308967,bertopic,n30_c50_s42,13,0.28334712036495424
308992,bertopic,n30_c50_s42,28,1.0
309067,bertopic,n30_c50_s42,7,0.6331035670216715
309411,bertopic,n30_c50_s42,-1,0.0
309482,bertopic,n30_c50_s42,3,0.6081427356922694
309687,bertopic,n30_c50_s42,2,1.0
309756,bertopic,n30_c50_s42,-1,0.0
310163,bertopic,n30_c50_s42,3,0.6081427356922694
310334,bertopic,n30_c50_s42,3,0.6105899089322935
310375,bertopic,n30_c50_s42,10,0.629391152472408
310529,bertopic,n30_c50_s42,4,1.0
310598,bertopic,n30_c50_s42,14,1.0
310642,bertopic,n30_c50_s42,-1,0.0
310732,bertopic,n30_c50_s42,14,1.0
310742,bertopic,n30_c50_s42,5,1.0
310752,bertopic,n30_c50_s42,-1,0.0
310869,bertopic,n30_c50_s42,0,1.0
310995,bertopic,n30_c50_s42,5,1.0
311481,bertopic,n30_c50_s42,0,1.0
311548,bertopic,n30_c50_s42,11,0.8026615022326595
311781,bertopic,n30_c50_s42,-1,0.0
311805,bertopic,n30_c50_s42,-1,0.0
312254,bertopic,n30_c50_s42,5,1.0
312348,bertopic,n30_c50_s42,2,1.0
312498,bertopic,n30_c50_s42,2,1.0
312612,bertopic,n30_c50_s42,28,1.0
312634,bertopic,n30_c50_s42,2,0.9081442961712346
312658,bertopic,n30_c50_s42,-1,0.0
312769,bertopic,n30_c50_s42,2,1.0
312837,bertopic,n30_c50_s42,2,1.0
312987,bertopic,n30_c50_s42,-1,0.0
313259,bertopic,n30_c50_s42,-1,0.0
313318,bertopic,n30_c50_s42,4,0.3492045561321186
313507,bertopic,n30_c50_s42,13,1.0
313981,bertopic,n30_c50_s42,7,0.6135686008326616
314101,bertopic,n30_c50_s42,-1,0.0
314390,bertopic,n30_c50_s42,0,1.0
314446,bertopic,n30_c50_s42,-1,0.0
314671,bertopic,n30_c50_s42,-1,0.0
314706,bertopic,n30_c50_s42,-1,0.0
315542,bertopic,n30_c50_s42,7,0.8152081352092071
315673,bertopic,n30_c50_s42,-1,0.0
315877,bertopic,n30_c50_s42,-1,0.0
316052,bertopic,n30_c50_s42,-1,0.0
316171,bertopic,n30_c50_s42,16,0.9196453948911248
316231,bertopic,n30_c50_s42,7,0.6111721212952438
316234,bertopic,n30_c50_s42,-1,0.0
316449,bertopic,n30_c50_s42,6,0.9071492201892822
316451,bertopic,n30_c50_s42,-1,0.0
316457,bertopic,n30_c50_s42,29,1.0
316465,bertopic,n30_c50_s42,-1,0.0
316477,bertopic,n30_c50_s42,17,0.31567713277967174
316531,bertopic,n30_c50_s42,7,1.0
316772,bertopic,n30_c50_s42,-1,0.0
316929,bertopic,n30_c50_s42,0,1.0
316952,bertopic,n30_c50_s42,3,1.0
316989,bertopic,n30_c50_s42,16,0.8255779109702513
317007,bertopic,n30_c50_s42,14,1.0
317029,bertopic,n30_c50_s42,17,0.31567713277967174
318527,bertopic,n30_c50_s42,7,0.6323160388458291
318923,bertopic,n30_c50_s42,10,1.0
319099,bertopic,n30_c50_s42,13,0.9269688783216662
319625,bertopic,n30_c50_s42,1,1.0
319687,bertopic,n30_c50_s42,0,1.0
319944,bertopic,n30_c50_s42,4,0.4298224528339686
320180,bertopic,n30_c50_s42,0,0.5331143606819239
320374,bertopic,n30_c50_s42,0,1.0
320404,bertopic,n30_c50_s42,5,1.0
320542,bertopic,n30_c50_s42,-1,0.0
320592,bertopic,n30_c50_s42,5,1.0
321221,bertopic,n30_c50_s42,5,1.0
321544,bertopic,n30_c50_s42,5,1.0
321565,bertopic,n30_c50_s42,-1,0.0
321694,bertopic,n30_c50_s42,-1,0.0
321707,bertopic,n30_c50_s42,21,1.0
321762,bertopic,n30_c50_s42,6,1.0
321777,bertopic,n30_c50_s42,4,0.23737789424836375
321831,bertopic,n30_c50_s42,6,1.0
322070,bertopic,n30_c50_s42,5,1.0
322214,bertopic,n30_c50_s42,28,1.0
322428,bertopic,n30_c50_s42,5,1.0
322442,bertopic,n30_c50_s42,-1,0.0
322618,bertopic,n30_c50_s42,24,1.0
322884,bertopic,n30_c50_s42,26,1.0
323085,bertopic,n30_c50_s42,8,1.0
323182,bertopic,n30_c50_s42,9,0.4064713830446972
323509,bertopic,n30_c50_s42,-1,0.0
324094,bertopic,n30_c50_s42,1,1.0
324551,bertopic,n30_c50_s42,5,1.0
325167,bertopic,n30_c50_s42,6,1.0
325597,bertopic,n30_c50_s42,7,0.7006610547801153
326466,bertopic,n30_c50_s42,14,1.0
326500,bertopic,n30_c50_s42,26,1.0
326560,bertopic,n30_c50_s42,9,1.0
326616,bertopic,n30_c50_s42,4,0.3361351057864299
326789,bertopic,n30_c50_s42,7,1.0
326794,bertopic,n30_c50_s42,1,1.0
326797,bertopic,n30_c50_s42,28,1.0
326822,bertopic,n30_c50_s42,7,1.0
326969,bertopic,n30_c50_s42,3,1.0
326987,bertopic,n30_c50_s42,5,1.0
327071,bertopic,n30_c50_s42,-1,0.0
327155,bertopic,n30_c50_s42,14,0.9325813887238253
327629,bertopic,n30_c50_s42,-1,0.0
328646,bertopic,n30_c50_s42,4,0.4490301732647805
328851,bertopic,n30_c50_s42,3,0.6105899089322935
328868,bertopic,n30_c50_s42,28,0.3976999604637721
329041,bertopic,n30_c50_s42,-1,0.0
329043,bertopic,n30_c50_s42,-1,0.0
329447,bertopic,n30_c50_s42,13,0.8208505836703022
329479,bertopic,n30_c50_s42,1,0.9753855308371578
329613,bertopic,n30_c50_s42,13,0.8208505836703022
329624,bertopic,n30_c50_s42,16,1.0
329829,bertopic,n30_c50_s42,10,1.0
330378,bertopic,n30_c50_s42,26,1.0
330757,bertopic,n30_c50_s42,20,0.5720567340341763
331768,bertopic,n30_c50_s42,21,1.0
331820,bertopic,n30_c50_s42,3,1.0
331878,bertopic,n30_c50_s42,-1,0.0
331937,bertopic,n30_c50_s42,-1,0.0
331985,bertopic,n30_c50_s42,2,0.8719707190207625
332045,bertopic,n30_c50_s42,9,0.198210999893872
332413,bertopic,n30_c50_s42,6,0.9545057606203089
332451,bertopic,n30_c50_s42,0,1.0
332482,bertopic,n30_c50_s42,1,1.0
332513,bertopic,n30_c50_s42,1,1.0
332617,bertopic,n30_c50_s42,-1,0.0
332966,bertopic,n30_c50_s42,8,1.0
332986,bertopic,n30_c50_s42,10,0.629391152472408
333021,bertopic,n30_c50_s42,16,1.0
333260,bertopic,n30_c50_s42,1,1.0
333571,bertopic,n30_c50_s42,7,0.6184348119318279
333687,bertopic,n30_c50_s42,2,1.0
334172,bertopic,n30_c50_s42,-1,0.0
334243,bertopic,n30_c50_s42,-1,0.0
334550,bertopic,n30_c50_s42,18,0.4391385037649289
334772,bertopic,n30_c50_s42,1,1.0
335061,bertopic,n30_c50_s42,-1,0.0
335114,bertopic,n30_c50_s42,28,1.0
335173,bertopic,n30_c50_s42,26,1.0
335239,bertopic,n30_c50_s42,25,1.0
335401,bertopic,n30_c50_s42,-1,0.0
335766,bertopic,n30_c50_s42,0,1.0
335884,bertopic,n30_c50_s42,7,0.7380498266240436
336033,bertopic,n30_c50_s42,-1,0.0
336178,bertopic,n30_c50_s42,6,1.0
336531,bertopic,n30_c50_s42,12,0.9210200552661074
336535,bertopic,n30_c50_s42,0,0.9299984050818729
336591,bertopic,n30_c50_s42,17,0.31567713277967174
336692,bertopic,n30_c50_s42,-1,0.0
336733,bertopic,n30_c50_s42,30,1.0
336896,bertopic,n30_c50_s42,28,1.0
337401,bertopic,n30_c50_s42,6,0.8919449695796564
337596,bertopic,n30_c50_s42,-1,0.0
337610,bertopic,n30_c50_s42,12,0.8170082385507677
337631,bertopic,n30_c50_s42,12,1.0
337681,bertopic,n30_c50_s42,5,1.0
337828,bertopic,n30_c50_s42,-1,0.0
338070,bertopic,n30_c50_s42,1,1.0
338209,bertopic,n30_c50_s42,-1,0.0
338319,bertopic,n30_c50_s42,3,1.0
338777,bertopic,n30_c50_s42,3,1.0
338781,bertopic,n30_c50_s42,28,0.8142575119840623
339209,bertopic,n30_c50_s42,7,0.6329013270280908
339230,bertopic,n30_c50_s42,9,0.9446906971428555
339345,bertopic,n30_c50_s42,7,1.0
339780,bertopic,n30_c50_s42,4,0.23737789424836375
340103,bertopic,n30_c50_s42,13,0.15984095800785167
340376,bertopic,n30_c50_s42,-1,0.0
340571,bertopic,n30_c50_s42,7,0.8587910781960831
341178,bertopic,n30_c50_s42,9,0.4064713830446972
341476,bertopic,n30_c50_s42,16,1.0
341738,bertopic,n30_c50_s42,-1,0.0
342345,bertopic,n30_c50_s42,0,1.0
342417,bertopic,n30_c50_s42,7,0.8720428601111192
342509,bertopic,n30_c50_s42,5,1.0
342627,bertopic,n30_c50_s42,17,0.31567713277967174
342826,bertopic,n30_c50_s42,2,1.0
342831,bertopic,n30_c50_s42,-1,0.0
343034,bertopic,n30_c50_s42,4,1.0
343735,bertopic,n30_c50_s42,12,0.32689520443369785
343816,bertopic,n30_c50_s42,7,0.6556566424069967
343921,bertopic,n30_c50_s42,30,1.0
344002,bertopic,n30_c50_s42,6,1.0
344068,bertopic,n30_c50_s42,3,1.0
344195,bertopic,n30_c50_s42,6,1.0
344196,bertopic,n30_c50_s42,6,0.823055623577858
344864,bertopic,n30_c50_s42,26,0.9173669674564957
345405,bertopic,n30_c50_s42,10,0.629391152472408
345444,bertopic,n30_c50_s42,-1,0.0
345565,bertopic,n30_c50_s42,14,1.0
345699,bertopic,n30_c50_s42,-1,0.0
345783,bertopic,n30_c50_s42,10,0.5894466450828768
345794,bertopic,n30_c50_s42,24,1.0
345883,bertopic,n30_c50_s42,-1,0.0
345946,bertopic,n30_c50_s42,-1,0.0
346371,bertopic,n30_c50_s42,-1,0.0
346497,bertopic,n30_c50_s42,-1,0.0
346840,bertopic,n30_c50_s42,6,0.8586618846312398
346847,bertopic,n30_c50_s42,-1,0.0
346872,bertopic,n30_c50_s42,6,1.0
346929,bertopic,n30_c50_s42,-1,0.0
347086,bertopic,n30_c50_s42,-1,0.0
347156,bertopic,n30_c50_s42,-1,0.0
347335,bertopic,n30_c50_s42,-1,0.0
347407,bertopic,n30_c50_s42,14,1.0
347424,bertopic,n30_c50_s42,0,1.0
347437,bertopic,n30_c50_s42,4,0.3492045561321186
347523,bertopic,n30_c50_s42,12,1.0
347559,bertopic,n30_c50_s42,4,0.6167481133974858
347605,bertopic,n30_c50_s42,-1,0.0
347990,bertopic,n30_c50_s42,0,1.0
347991,bertopic,n30_c50_s42,8,1.0
348236,bertopic,n30_c50_s42,5,1.0
348757,bertopic,n30_c50_s42,5,1.0
349002,bertopic,n30_c50_s42,0,1.0
349026,bertopic,n30_c50_s42,-1,0.0
349135,bertopic,n30_c50_s42,1,1.0
349140,bertopic,n30_c50_s42,9,0.444338761428854
349185,bertopic,n30_c50_s42,10,0.5894466450828768
349223,bertopic,n30_c50_s42,6,1.0
349359,bertopic,n30_c50_s42,7,0.6060376654077989
349388,bertopic,n30_c50_s42,-1,0.0
349460,bertopic,n30_c50_s42,10,1.0
349636,bertopic,n30_c50_s42,6,1.0
349639,bertopic,n30_c50_s42,12,0.8438084767613279
349700,bertopic,n30_c50_s42,-1,0.0
349833,bertopic,n30_c50_s42,6,0.969589876961123
349844,bertopic,n30_c50_s42,-1,0.0
349959,bertopic,n30_c50_s42,14,0.7006517430084651
350083,bertopic,n30_c50_s42,7,1.0
350165,bertopic,n30_c50_s42,2,0.9345038608579525
350181,bertopic,n30_c50_s42,-1,0.0
350222,bertopic,n30_c50_s42,-1,0.0
350316,bertopic,n30_c50_s42,6,1.0
350352,bertopic,n30_c50_s42,8,1.0
350557,bertopic,n30_c50_s42,6,0.9687185459867529
350743,bertopic,n30_c50_s42,7,0.8534312294787735
350829,bertopic,n30_c50_s42,4,0.6167481133974858
351208,bertopic,n30_c50_s42,24,1.0
351226,bertopic,n30_c50_s42,31,1.0
351568,bertopic,n30_c50_s42,5,1.0
352192,bertopic,n30_c50_s42,14,1.0
352193,bertopic,n30_c50_s42,-1,0.0
352236,bertopic,n30_c50_s42,6,0.8953834321732206
352407,bertopic,n30_c50_s42,18,0.8863841297032862
352440,bertopic,n30_c50_s42,4,0.9272730125878221
352743,bertopic,n30_c50_s42,8,1.0
352773,bertopic,n30_c50_s42,-1,0.0
352880,bertopic,n30_c50_s42,9,0.4064713830446972
353145,bertopic,n30_c50_s42,23,0.5756666464486967
353146,bertopic,n30_c50_s42,6,0.8596811333012656
353420,bertopic,n30_c50_s42,10,1.0
353637,bertopic,n30_c50_s42,-1,0.0
353654,bertopic,n30_c50_s42,26,1.0
353673,bertopic,n30_c50_s42,6,1.0
353749,bertopic,n30_c50_s42,6,1.0
353850,bertopic,n30_c50_s42,10,0.8403622684918326
354103,bertopic,n30_c50_s42,30,0.939933255851732
354136,bertopic,n30_c50_s42,6,1.0
354258,bertopic,n30_c50_s42,-1,0.0
354378,bertopic,n30_c50_s42,10,0.5107764468693644
354406,bertopic,n30_c50_s42,30,1.0
354527,bertopic,n30_c50_s42,-1,0.0
354544,bertopic,n30_c50_s42,0,0.7593571882993493
354997,bertopic,n30_c50_s42,27,1.0
355001,bertopic,n30_c50_s42,15,0.7077553894796887
355024,bertopic,n30_c50_s42,29,1.0
355166,bertopic,n30_c50_s42,12,1.0
355343,bertopic,n30_c50_s42,6,0.969589876961123
355357,bertopic,n30_c50_s42,9,0.4064713830446972
355382,bertopic,n30_c50_s42,22,0.37723225712346015
355616,bertopic,n30_c50_s42,6,1.0
355630,bertopic,n30_c50_s42,6,1.0
355774,bertopic,n30_c50_s42,26,0.9098680600231336
355792,bertopic,n30_c50_s42,1,1.0
355796,bertopic,n30_c50_s42,-1,0.0
356281,bertopic,n30_c50_s42,7,0.6711289101171407
356855,bertopic,n30_c50_s42,24,1.0
356857,bertopic,n30_c50_s42,19,0.9638430121553692
358357,bertopic,n30_c50_s42,-1,0.0
358395,bertopic,n30_c50_s42,6,0.8827782894860541
358889,bertopic,n30_c50_s42,7,0.6331035670216715
358925,bertopic,n30_c50_s42,27,1.0
358977,bertopic,n30_c50_s42,7,0.6706236671580115
359100,bertopic,n30_c50_s42,8,1.0
359205,bertopic,n30_c50_s42,14,1.0
359210,bertopic,n30_c50_s42,1,0.9753855308371578
359607,bertopic,n30_c50_s42,10,1.0
359623,bertopic,n30_c50_s42,-1,0.0
359729,bertopic,n30_c50_s42,19,0.7743175619737779
359944,bertopic,n30_c50_s42,4,0.3492045561321186
360267,bertopic,n30_c50_s42,6,0.8860028365400828
360683,bertopic,n30_c50_s42,8,1.0
360913,bertopic,n30_c50_s42,5,1.0
361045,bertopic,n30_c50_s42,20,1.0
361123,bertopic,n30_c50_s42,-1,0.0
361392,bertopic,n30_c50_s42,3,0.8611289878943775
361594,bertopic,n30_c50_s42,-1,0.0
361804,bertopic,n30_c50_s42,12,0.42908970564869486
361821,bertopic,n30_c50_s42,0,1.0
361869,bertopic,n30_c50_s42,-1,0.0
361975,bertopic,n30_c50_s42,14,0.9325813887238253
362027,bertopic,n30_c50_s42,25,0.8373535897739036
362116,bertopic,n30_c50_s42,12,1.0
362266,bertopic,n30_c50_s42,-1,0.0
362434,bertopic,n30_c50_s42,-1,0.0
362435,bertopic,n30_c50_s42,-1,0.0
362600,bertopic,n30_c50_s42,7,0.6639718634458488
362613,bertopic,n30_c50_s42,-1,0.0
362730,bertopic,n30_c50_s42,6,1.0
362890,bertopic,n30_c50_s42,-1,0.0
362994,bertopic,n30_c50_s42,-1,0.0
363081,bertopic,n30_c50_s42,1,1.0
363240,bertopic,n30_c50_s42,5,1.0
363272,bertopic,n30_c50_s42,5,1.0
363322,bertopic,n30_c50_s42,0,0.8293988423858983
363461,bertopic,n30_c50_s42,-1,0.0
363508,bertopic,n30_c50_s42,7,0.6864249743009107
363524,bertopic,n30_c50_s42,-1,0.0
363606,bertopic,n30_c50_s42,5,1.0
363617,bertopic,n30_c50_s42,30,1.0
363767,bertopic,n30_c50_s42,4,0.3492045561321186
363817,bertopic,n30_c50_s42,-1,0.0
363954,bertopic,n30_c50_s42,32,1.0
363959,bertopic,n30_c50_s42,-1,0.0
363969,bertopic,n30_c50_s42,32,1.0
364193,bertopic,n30_c50_s42,18,1.0
364226,bertopic,n30_c50_s42,-1,0.0
364252,bertopic,n30_c50_s42,-1,0.0
364285,bertopic,n30_c50_s42,0,0.7370153618331977
364293,bertopic,n30_c50_s42,4,0.23737789424836375
364313,bertopic,n30_c50_s42,18,1.0
364340,bertopic,n30_c50_s42,7,0.6781005170118226
364349,bertopic,n30_c50_s42,-1,0.0
364369,bertopic,n30_c50_s42,-1,0.0
364415,bertopic,n30_c50_s42,7,0.8420917692073326
364554,bertopic,n30_c50_s42,6,0.9480268769844447
364562,bertopic,n30_c50_s42,4,0.2346455418909997
364587,bertopic,n30_c50_s42,6,0.8219267965087577
364612,bertopic,n30_c50_s42,-1,0.0
364613,bertopic,n30_c50_s42,0,0.8168395591726897
364845,bertopic,n30_c50_s42,7,0.6329013270280908
364986,bertopic,n30_c50_s42,6,0.9159543669105439
365176,bertopic,n30_c50_s42,11,0.2981764472076511
365354,bertopic,n30_c50_s42,6,1.0
365449,bertopic,n30_c50_s42,4,0.2346455418909997
365468,bertopic,n30_c50_s42,21,1.0
365730,bertopic,n30_c50_s42,28,1.0
365767,bertopic,n30_c50_s42,16,1.0
365801,bertopic,n30_c50_s42,20,0.6623601023349213
365804,bertopic,n30_c50_s42,0,1.0
365926,bertopic,n30_c50_s42,11,0.32324300563103286
366285,bertopic,n30_c50_s42,20,1.0
366460,bertopic,n30_c50_s42,3,0.6081427356922694
366529,bertopic,n30_c50_s42,12,1.0
366938,bertopic,n30_c50_s42,7,0.9551594258533956
366960,bertopic,n30_c50_s42,1,1.0
367212,bertopic,n30_c50_s42,30,1.0
367554,bertopic,n30_c50_s42,-1,0.0
367848,bertopic,n30_c50_s42,20,0.6159768297681488
367851,bertopic,n30_c50_s42,0,1.0
367852,bertopic,n30_c50_s42,0,1.0
368018,bertopic,n30_c50_s42,6,0.9757683567923252
368020,bertopic,n30_c50_s42,-1,0.0
368530,bertopic,n30_c50_s42,0,1.0
368560,bertopic,n30_c50_s42,11,0.6913228849770109
368648,bertopic,n30_c50_s42,-1,0.0
368729,bertopic,n30_c50_s42,24,1.0
368776,bertopic,n30_c50_s42,6,0.9076240872574614
368900,bertopic,n30_c50_s42,4,0.2346455418909997
369104,bertopic,n30_c50_s42,32,1.0
369148,bertopic,n30_c50_s42,0,1.0
369697,bertopic,n30_c50_s42,-1,0.0
370001,bertopic,n30_c50_s42,20,1.0
370438,bertopic,n30_c50_s42,5,0.5633612440840603
370542,bertopic,n30_c50_s42,9,1.0
370556,bertopic,n30_c50_s42,9,1.0
370979,bertopic,n30_c50_s42,4,0.23737789424836375
370995,bertopic,n30_c50_s42,9,0.198210999893872
371086,bertopic,n30_c50_s42,0,1.0
371300,bertopic,n30_c50_s42,6,0.8984856991300656
371747,bertopic,n30_c50_s42,7,1.0
371976,bertopic,n30_c50_s42,6,1.0
371981,bertopic,n30_c50_s42,-1,0.0
372026,bertopic,n30_c50_s42,6,1.0
372075,bertopic,n30_c50_s42,-1,0.0
372130,bertopic,n30_c50_s42,4,0.6167481133974858
372378,bertopic,n30_c50_s42,1,0.7514120662824653
372396,bertopic,n30_c50_s42,-1,0.0
372397,bertopic,n30_c50_s42,12,0.42908970564869486
372435,bertopic,n30_c50_s42,6,0.8876989264908866
372668,bertopic,n30_c50_s42,10,0.629391152472408
372672,bertopic,n30_c50_s42,0,1.0
372699,bertopic,n30_c50_s42,32,1.0
372804,bertopic,n30_c50_s42,14,1.0
372987,bertopic,n30_c50_s42,14,1.0
373063,bertopic,n30_c50_s42,1,1.0
373168,bertopic,n30_c50_s42,-1,0.0
373318,bertopic,n30_c50_s42,10,0.5370247030101564
373359,bertopic,n30_c50_s42,7,0.6331035670216715
373373,bertopic,n30_c50_s42,13,0.8721697169535797
373419,bertopic,n30_c50_s42,4,1.0
373440,bertopic,n30_c50_s42,2,1.0
373453,bertopic,n30_c50_s42,3,0.6105899089322935
373536,bertopic,n30_c50_s42,2,1.0
373541,bertopic,n30_c50_s42,9,1.0
373567,bertopic,n30_c50_s42,17,0.31567713277967174
373686,bertopic,n30_c50_s42,-1,0.0
373970,bertopic,n30_c50_s42,6,1.0
374413,bertopic,n30_c50_s42,4,1.0
374489,bertopic,n30_c50_s42,1,1.0
374496,bertopic,n30_c50_s42,1,1.0
374611,bertopic,n30_c50_s42,12,1.0
374634,bertopic,n30_c50_s42,6,1.0
374666,bertopic,n30_c50_s42,3,0.784458187337505
374801,bertopic,n30_c50_s42,3,0.6105899089322935
375062,bertopic,n30_c50_s42,13,0.31839339717709125
375111,bertopic,n30_c50_s42,31,1.0
375119,bertopic,n30_c50_s42,12,0.9210200552661074
375210,bertopic,n30_c50_s42,6,0.9934321707823623
375223,bertopic,n30_c50_s42,2,0.7661394879992849
375243,bertopic,n30_c50_s42,17,0.31567713277967174
375381,bertopic,n30_c50_s42,6,1.0
375590,bertopic,n30_c50_s42,-1,0.0
375608,bertopic,n30_c50_s42,6,1.0
375682,bertopic,n30_c50_s42,-1,0.0
375820,bertopic,n30_c50_s42,27,0.6553838912186594
375824,bertopic,n30_c50_s42,7,0.704380352532158
376330,bertopic,n30_c50_s42,16,0.45583807732735077
376554,bertopic,n30_c50_s42,-1,0.0
376828,bertopic,n30_c50_s42,14,1.0
376939,bertopic,n30_c50_s42,-1,0.0
377253,bertopic,n30_c50_s42,1,1.0
377373,bertopic,n30_c50_s42,0,1.0
377897,bertopic,n30_c50_s42,-1,0.0
377918,bertopic,n30_c50_s42,25,1.0
377955,bertopic,n30_c50_s42,13,0.8208505836703022
378167,bertopic,n30_c50_s42,1,1.0
378248,bertopic,n30_c50_s42,5,1.0
378413,bertopic,n30_c50_s42,-1,0.0
378472,bertopic,n30_c50_s42,9,0.15627189022901083
378868,bertopic,n30_c50_s42,0,1.0
379171,bertopic,n30_c50_s42,6,1.0
379369,bertopic,n30_c50_s42,-1,0.0
379568,bertopic,n30_c50_s42,-1,0.0
379757,bertopic,n30_c50_s42,7,0.6331035670216715
379842,bertopic,n30_c50_s42,3,0.5084380559531371
379954,bertopic,n30_c50_s42,5,1.0
380168,bertopic,n30_c50_s42,2,0.7405515387401128
380169,bertopic,n30_c50_s42,7,0.6331035670216715
380170,bertopic,n30_c50_s42,6,0.9477610912349541
380179,bertopic,n30_c50_s42,11,0.830923516526849
380361,bertopic,n30_c50_s42,11,0.6913228849770109
380406,bertopic,n30_c50_s42,29,1.0
380732,bertopic,n30_c50_s42,6,1.0
381397,bertopic,n30_c50_s42,1,0.9753855308371578
381731,bertopic,n30_c50_s42,7,0.6329013270280908
382628,bertopic,n30_c50_s42,-1,0.0
382913,bertopic,n30_c50_s42,-1,0.0
383177,bertopic,n30_c50_s42,15,0.4382757433078268
383402,bertopic,n30_c50_s42,7,0.6329013270280908
383442,bertopic,n30_c50_s42,-1,0.0
383664,bertopic,n30_c50_s42,14,1.0
384102,bertopic,n30_c50_s42,2,0.7523799427976285
384199,bertopic,n30_c50_s42,6,1.0
384438,bertopic,n30_c50_s42,16,0.45032409598140777
384749,bertopic,n30_c50_s42,2,1.0
384797,bertopic,n30_c50_s42,9,0.198210999893872
384900,bertopic,n30_c50_s42,2,1.0
385053,bertopic,n30_c50_s42,9,1.0
385102,bertopic,n30_c50_s42,8,1.0
385220,bertopic,n30_c50_s42,7,0.6331035670216715
385277,bertopic,n30_c50_s42,14,0.9325813887238253
385397,bertopic,n30_c50_s42,4,0.5783845803804087
385591,bertopic,n30_c50_s42,7,0.6743946398752587
385771,bertopic,n30_c50_s42,12,0.42908970564869486
385791,bertopic,n30_c50_s42,2,1.0
385819,bertopic,n30_c50_s42,-1,0.0
385918,bertopic,n30_c50_s42,13,1.0
386722,bertopic,n30_c50_s42,-1,0.0
387235,bertopic,n30_c50_s42,0,1.0
389475,bertopic,n30_c50_s42,13,0.8208505836703022
390533,bertopic,n30_c50_s42,7,1.0
390564,bertopic,n30_c50_s42,20,1.0
392330,bertopic,n30_c50_s42,-1,0.0
393831,bertopic,n30_c50_s42,18,1.0
394655,bertopic,n30_c50_s42,0,1.0
395842,bertopic,n30_c50_s42,6,0.8412334860811347
397292,bertopic,n30_c50_s42,-1,0.0
397671,bertopic,n30_c50_s42,17,0.6169282887981015
398523,bertopic,n30_c50_s42,-1,0.0
399236,bertopic,n30_c50_s42,-1,0.0
399758,bertopic,n30_c50_s42,8,1.0
399794,bertopic,n30_c50_s42,1,1.0
399796,bertopic,n30_c50_s42,12,0.7211672814731643
399896,bertopic,n30_c50_s42,9,0.8156482799714927
399942,bertopic,n30_c50_s42,16,0.970781968286159
399951,bertopic,n30_c50_s42,17,0.31567713277967174
400011,bertopic,n30_c50_s42,4,1.0
400030,bertopic,n30_c50_s42,26,1.0
400052,bertopic,n30_c50_s42,5,0.8722841396478933
400095,bertopic,n30_c50_s42,14,1.0
400125,bertopic,n30_c50_s42,-1,0.0
400335,bertopic,n30_c50_s42,-1,0.0
400337,bertopic,n30_c50_s42,-1,0.0
400390,bertopic,n30_c50_s42,-1,0.0
400458,bertopic,n30_c50_s42,-1,0.0
400841,bertopic,n30_c50_s42,-1,0.0
400868,bertopic,n30_c50_s42,1,1.0
400956,bertopic,n30_c50_s42,30,0.739488837024472
400994,bertopic,n30_c50_s42,8,1.0
401406,bertopic,n30_c50_s42,0,1.0
401542,bertopic,n30_c50_s42,9,1.0
401596,bertopic,n30_c50_s42,9,0.4064713830446972
402065,bertopic,n30_c50_s42,-1,0.0
402458,bertopic,n30_c50_s42,15,0.4915417244599925
402907,bertopic,n30_c50_s42,7,0.6475007550868751
403133,bertopic,n30_c50_s42,-1,0.0
403359,bertopic,n30_c50_s42,1,1.0
403437,bertopic,n30_c50_s42,11,1.0
403993,bertopic,n30_c50_s42,17,0.31567713277967174
404356,bertopic,n30_c50_s42,7,0.6329013270280908
404748,bertopic,n30_c50_s42,29,1.0
405026,bertopic,n30_c50_s42,-1,0.0
405270,bertopic,n30_c50_s42,28,1.0
405488,bertopic,n30_c50_s42,7,0.6329013270280908
405909,bertopic,n30_c50_s42,4,0.34175814959921796
406072,bertopic,n30_c50_s42,10,0.5894466450828768
406162,bertopic,n30_c50_s42,13,0.8208505836703022
406192,bertopic,n30_c50_s42,4,0.6060404140413204
406273,bertopic,n30_c50_s42,-1,0.0
406310,bertopic,n30_c50_s42,10,0.5370247030101564
406331,bertopic,n30_c50_s42,5,1.0
406364,bertopic,n30_c50_s42,33,1.0
406509,bertopic,n30_c50_s42,1,1.0
406638,bertopic,n30_c50_s42,7,0.6331035670216715
406642,bertopic,n30_c50_s42,10,0.9330771885531798
406712,bertopic,n30_c50_s42,4,0.8267580202080863
406733,bertopic,n30_c50_s42,10,0.5803065854258068
406856,bertopic,n30_c50_s42,3,0.7300947523214014
406872,bertopic,n30_c50_s42,14,1.0
407706,bertopic,n30_c50_s42,17,0.31567713277967174
408607,bertopic,n30_c50_s42,1,1.0
409005,bertopic,n30_c50_s42,3,0.4660413990110143
409869,bertopic,n30_c50_s42,27,0.6546590625990667
410378,bertopic,n30_c50_s42,2,0.7405515387401128
410422,bertopic,n30_c50_s42,12,0.9210200552661074
410469,bertopic,n30_c50_s42,-1,0.0
410583,bertopic,n30_c50_s42,28,1.0
410601,bertopic,n30_c50_s42,4,0.23737789424836375
410602,bertopic,n30_c50_s42,3,0.80708879789061
410639,bertopic,n30_c50_s42,7,0.6096622161324287
410714,bertopic,n30_c50_s42,17,0.31567713277967174
410730,bertopic,n30_c50_s42,5,1.0
410770,bertopic,n30_c50_s42,4,1.0
410793,bertopic,n30_c50_s42,28,1.0
410812,bertopic,n30_c50_s42,-1,0.0
410824,bertopic,n30_c50_s42,12,0.9210200552661074
410850,bertopic,n30_c50_s42,5,1.0
410941,bertopic,n30_c50_s42,6,0.969589876961123
410967,bertopic,n30_c50_s42,0,1.0
411099,bertopic,n30_c50_s42,28,0.2721756492986789
411227,bertopic,n30_c50_s42,18,0.6194500980275757
411242,bertopic,n30_c50_s42,8,1.0
411446,bertopic,n30_c50_s42,0,1.0
411475,bertopic,n30_c50_s42,3,1.0
411549,bertopic,n30_c50_s42,30,1.0
411566,bertopic,n30_c50_s42,17,0.31567713277967174
411571,bertopic,n30_c50_s42,-1,0.0
411583,bertopic,n30_c50_s42,1,1.0
411584,bertopic,n30_c50_s42,-1,0.0
411605,bertopic,n30_c50_s42,16,0.8886328146084252
411714,bertopic,n30_c50_s42,-1,0.0
412054,bertopic,n30_c50_s42,21,0.7136277303496203
412209,bertopic,n30_c50_s42,20,0.36245844371843644
412276,bertopic,n30_c50_s42,19,1.0
412349,bertopic,n30_c50_s42,14,0.9325813887238253
413027,bertopic,n30_c50_s42,13,1.0
413813,bertopic,n30_c50_s42,-1,0.0
413883,bertopic,n30_c50_s42,25,0.8373535897739036
414006,bertopic,n30_c50_s42,1,1.0
414031,bertopic,n30_c50_s42,0,1.0
414299,bertopic,n30_c50_s42,31,1.0
414612,bertopic,n30_c50_s42,16,0.8267313381761503
414743,bertopic,n30_c50_s42,-1,0.0
415423,bertopic,n30_c50_s42,2,1.0
415781,bertopic,n30_c50_s42,2,1.0
415795,bertopic,n30_c50_s42,4,1.0
415888,bertopic,n30_c50_s42,5,1.0
415973,bertopic,n30_c50_s42,3,1.0
416061,bertopic,n30_c50_s42,-1,0.0
416180,bertopic,n30_c50_s42,12,1.0
416309,bertopic,n30_c50_s42,31,1.0
416588,bertopic,n30_c50_s42,14,1.0
416664,bertopic,n30_c50_s42,-1,0.0
416737,bertopic,n30_c50_s42,-1,0.0
416743,bertopic,n30_c50_s42,5,1.0
416754,bertopic,n30_c50_s42,-1,0.0
416785,bertopic,n30_c50_s42,-1,0.0
416805,bertopic,n30_c50_s42,17,0.31567713277967174
416814,bertopic,n30_c50_s42,-1,0.0
416834,bertopic,n30_c50_s42,0,1.0
416863,bertopic,n30_c50_s42,1,1.0
417199,bertopic,n30_c50_s42,-1,0.0
417221,bertopic,n30_c50_s42,10,0.5803065854258068
417252,bertopic,n30_c50_s42,2,0.9428642611615556
417296,bertopic,n30_c50_s42,-1,0.0
417325,bertopic,n30_c50_s42,26,1.0
417779,bertopic,n30_c50_s42,14,1.0
417863,bertopic,n30_c50_s42,17,0.7861627442853952
418042,bertopic,n30_c50_s42,9,0.6695837798491955
418249,bertopic,n30_c50_s42,1,0.9753855308371578
418389,bertopic,n30_c50_s42,7,1.0
418544,bertopic,n30_c50_s42,-1,0.0
418940,bertopic,n30_c50_s42,16,0.6923507280135224
419092,bertopic,n30_c50_s42,17,0.6472407244157782
419200,bertopic,n30_c50_s42,19,1.0
419293,bertopic,n30_c50_s42,8,1.0
419579,bertopic,n30_c50_s42,3,0.6105899089322935
419946,bertopic,n30_c50_s42,6,1.0
420359,bertopic,n30_c50_s42,-1,0.0
421213,bertopic,n30_c50_s42,20,0.6623601023349213
421370,bertopic,n30_c50_s42,4,0.23737789424836375
421384,bertopic,n30_c50_s42,-1,0.0
421399,bertopic,n30_c50_s42,26,1.0
421523,bertopic,n30_c50_s42,1,1.0
421641,bertopic,n30_c50_s42,-1,0.0
421682,bertopic,n30_c50_s42,0,0.5041651173221762
421828,bertopic,n30_c50_s42,21,0.6779066336072205
421981,bertopic,n30_c50_s42,9,1.0
422047,bertopic,n30_c50_s42,14,1.0
422084,bertopic,n30_c50_s42,5,1.0
422272,bertopic,n30_c50_s42,-1,0.0
422645,bertopic,n30_c50_s42,12,1.0
424106,bertopic,n30_c50_s42,17,0.31567713277967174
424374,bertopic,n30_c50_s42,28,1.0
424711,bertopic,n30_c50_s42,-1,0.0
425154,bertopic,n30_c50_s42,0,1.0
425202,bertopic,n30_c50_s42,2,0.32159062012732953
425300,bertopic,n30_c50_s42,8,1.0
425664,bertopic,n30_c50_s42,21,0.9834349064655975
425830,bertopic,n30_c50_s42,15,0.4382757433078268
426180,bertopic,n30_c50_s42,-1,0.0
426210,bertopic,n30_c50_s42,0,1.0
426230,bertopic,n30_c50_s42,-1,0.0
426323,bertopic,n30_c50_s42,3,0.832458640934726
426452,bertopic,n30_c50_s42,-1,0.0
426476,bertopic,n30_c50_s42,-1,0.0
426614,bertopic,n30_c50_s42,12,1.0
426646,bertopic,n30_c50_s42,-1,0.0
426700,bertopic,n30_c50_s42,5,1.0
427023,bertopic,n30_c50_s42,4,1.0
427185,bertopic,n30_c50_s42,3,1.0
427552,bertopic,n30_c50_s42,21,1.0
427604,bertopic,n30_c50_s42,5,1.0
427932,bertopic,n30_c50_s42,-1,0.0
427942,bertopic,n30_c50_s42,12,1.0
428456,bertopic,n30_c50_s42,4,1.0
428710,bertopic,n30_c50_s42,30,1.0
429070,bertopic,n30_c50_s42,-1,0.0
429410,bertopic,n30_c50_s42,13,1.0
429420,bertopic,n30_c50_s42,5,1.0
429948,bertopic,n30_c50_s42,9,0.198210999893872
429993,bertopic,n30_c50_s42,-1,0.0
430143,bertopic,n30_c50_s42,2,1.0
430348,bertopic,n30_c50_s42,-1,0.0
430368,bertopic,n30_c50_s42,17,0.31567713277967174
430380,bertopic,n30_c50_s42,4,0.23737789424836375
430542,bertopic,n30_c50_s42,3,1.0
430739,bertopic,n30_c50_s42,10,0.5901659079467375
430874,bertopic,n30_c50_s42,24,1.0
431240,bertopic,n30_c50_s42,16,0.38066876750215706
431280,bertopic,n30_c50_s42,5,1.0
431405,bertopic,n30_c50_s42,0,1.0
431716,bertopic,n30_c50_s42,12,0.53101568341267
431737,bertopic,n30_c50_s42,1,0.8140399177021518
431838,bertopic,n30_c50_s42,1,1.0
431928,bertopic,n30_c50_s42,-1,0.0
431987,bertopic,n30_c50_s42,-1,0.0
432036,bertopic,n30_c50_s42,4,0.6026222447511492
432064,bertopic,n30_c50_s42,-1,0.0
432081,bertopic,n30_c50_s42,4,1.0
432128,bertopic,n30_c50_s42,11,0.3285791437209006
432142,bertopic,n30_c50_s42,1,1.0
432188,bertopic,n30_c50_s42,16,0.43844760549684636
432201,bertopic,n30_c50_s42,3,0.5648064606837615
432273,bertopic,n30_c50_s42,2,1.0
432282,bertopic,n30_c50_s42,13,0.33013956358104
432293,bertopic,n30_c50_s42,-1,0.0
432308,bertopic,n30_c50_s42,32,1.0
432405,bertopic,n30_c50_s42,9,1.0
432500,bertopic,n30_c50_s42,-1,0.0
432573,bertopic,n30_c50_s42,-1,0.0
432874,bertopic,n30_c50_s42,7,0.7764350943089258
432956,bertopic,n30_c50_s42,-1,0.0
433026,bertopic,n30_c50_s42,8,1.0
433050,bertopic,n30_c50_s42,12,0.42908970564869486
433217,bertopic,n30_c50_s42,17,0.31567713277967174
433539,bertopic,n30_c50_s42,2,1.0
433811,bertopic,n30_c50_s42,24,1.0
433844,bertopic,n30_c50_s42,-1,0.0
433901,bertopic,n30_c50_s42,4,0.41413419345770364
434863,bertopic,n30_c50_s42,15,1.0
435016,bertopic,n30_c50_s42,1,1.0
435344,bertopic,n30_c50_s42,14,0.6363049725767407
435632,bertopic,n30_c50_s42,-1,0.0
435705,bertopic,n30_c50_s42,-1,0.0
435972,bertopic,n30_c50_s42,-1,0.0
435994,bertopic,n30_c50_s42,6,0.9130332746138108
436015,bertopic,n30_c50_s42,32,1.0
436192,bertopic,n30_c50_s42,4,0.22869101882964696
436354,bertopic,n30_c50_s42,3,1.0
436430,bertopic,n30_c50_s42,-1,0.0
436472,bertopic,n30_c50_s42,7,0.6329013270280908
436500,bertopic,n30_c50_s42,6,0.9545057606203089
436545,bertopic,n30_c50_s42,5,0.6532208517312056
436747,bertopic,n30_c50_s42,17,0.31567713277967174
436820,bertopic,n30_c50_s42,-1,0.0
436919,bertopic,n30_c50_s42,13,0.8208505836703022
436961,bertopic,n30_c50_s42,-1,0.0
436965,bertopic,n30_c50_s42,3,1.0
437039,bertopic,n30_c50_s42,10,0.629391152472408
437146,bertopic,n30_c50_s42,-1,0.0
437291,bertopic,n30_c50_s42,4,0.23737789424836375
437371,bertopic,n30_c50_s42,1,1.0
437429,bertopic,n30_c50_s42,26,0.9098680600231336
437446,bertopic,n30_c50_s42,1,1.0
437461,bertopic,n30_c50_s42,-1,0.0
437471,bertopic,n30_c50_s42,11,0.830923516526849
437519,bertopic,n30_c50_s42,16,0.6280521577739419
437537,bertopic,n30_c50_s42,3,0.9213726560047222
437582,bertopic,n30_c50_s42,16,0.8890626578161824
438876,bertopic,n30_c50_s42,2,1.0
438905,bertopic,n30_c50_s42,14,1.0
438920,bertopic,n30_c50_s42,-1,0.0
439044,bertopic,n30_c50_s42,14,0.3883047450774214
439481,bertopic,n30_c50_s42,28,1.0
439601,bertopic,n30_c50_s42,-1,0.0
439609,bertopic,n30_c50_s42,16,1.0
439833,bertopic,n30_c50_s42,-1,0.0
439902,bertopic,n30_c50_s42,3,0.9260046681336213
440280,bertopic,n30_c50_s42,21,0.7815536156096878
440299,bertopic,n30_c50_s42,19,0.5802615861950005
440355,bertopic,n30_c50_s42,-1,0.0
440418,bertopic,n30_c50_s42,2,1.0
440443,bertopic,n30_c50_s42,14,0.7698430338664363
440529,bertopic,n30_c50_s42,28,0.41437151341824596
440690,bertopic,n30_c50_s42,3,0.9581634154633458
440719,bertopic,n30_c50_s42,1,1.0
440801,bertopic,n30_c50_s42,7,0.6329013270280908
440806,bertopic,n30_c50_s42,16,0.704360601913139
440908,bertopic,n30_c50_s42,-1,0.0
440919,bertopic,n30_c50_s42,10,0.6699043214568087
440924,bertopic,n30_c50_s42,7,0.6325359948015656
440955,bertopic,n30_c50_s42,6,1.0
441037,bertopic,n30_c50_s42,7,0.7857354899826061
441127,bertopic,n30_c50_s42,0,1.0
441312,bertopic,n30_c50_s42,26,1.0
441314,bertopic,n30_c50_s42,20,0.6623601023349213
441480,bertopic,n30_c50_s42,5,1.0
441491,bertopic,n30_c50_s42,30,1.0
441563,bertopic,n30_c50_s42,14,1.0
441624,bertopic,n30_c50_s42,5,1.0
441717,bertopic,n30_c50_s42,21,1.0
441964,bertopic,n30_c50_s42,12,1.0
442031,bertopic,n30_c50_s42,2,1.0
442054,bertopic,n30_c50_s42,13,0.8208505836703022
442293,bertopic,n30_c50_s42,-1,0.0
442316,bertopic,n30_c50_s42,5,1.0
442463,bertopic,n30_c50_s42,7,1.0
442476,bertopic,n30_c50_s42,3,1.0
442486,bertopic,n30_c50_s42,1,1.0
442635,bertopic,n30_c50_s42,5,1.0
442647,bertopic,n30_c50_s42,18,1.0
442817,bertopic,n30_c50_s42,7,0.6331035670216715
442842,bertopic,n30_c50_s42,4,0.6026222447511492
442873,bertopic,n30_c50_s42,0,0.7926269156262562
442900,bertopic,n30_c50_s42,6,0.821920454166488
443029,bertopic,n30_c50_s42,17,0.4894579649175174
443179,bertopic,n30_c50_s42,12,0.7211672814731643
443180,bertopic,n30_c50_s42,-1,0.0
443196,bertopic,n30_c50_s42,-1,0.0
443393,bertopic,n30_c50_s42,2,0.9755264045498532
443401,bertopic,n30_c50_s42,7,0.6331035670216715
443405,bertopic,n30_c50_s42,19,1.0
443462,bertopic,n30_c50_s42,11,0.6913228849770109
443555,bertopic,n30_c50_s42,1,1.0
443618,bertopic,n30_c50_s42,7,0.6329013270280908
443777,bertopic,n30_c50_s42,27,0.5500628006774035
443843,bertopic,n30_c50_s42,14,0.6069741417741134
443870,bertopic,n30_c50_s42,1,1.0
443871,bertopic,n30_c50_s42,1,1.0
444055,bertopic,n30_c50_s42,10,0.8307748349165053
444057,bertopic,n30_c50_s42,7,0.6331035670216715
444104,bertopic,n30_c50_s42,9,0.15627189022901083
444181,bertopic,n30_c50_s42,-1,0.0
444344,bertopic,n30_c50_s42,-1,0.0
444371,bertopic,n30_c50_s42,-1,0.0
444439,bertopic,n30_c50_s42,5,1.0
444561,bertopic,n30_c50_s42,12,1.0
444803,bertopic,n30_c50_s42,-1,0.0
444832,bertopic,n30_c50_s42,14,1.0
445494,bertopic,n30_c50_s42,6,1.0
445857,bertopic,n30_c50_s42,11,0.7904392474781403
445867,bertopic,n30_c50_s42,-1,0.0
445956,bertopic,n30_c50_s42,13,1.0
446064,bertopic,n30_c50_s42,3,0.956356715158476
446319,bertopic,n30_c50_s42,-1,0.0
446324,bertopic,n30_c50_s42,-1,0.0
446379,bertopic,n30_c50_s42,1,1.0
446490,bertopic,n30_c50_s42,16,1.0
446522,bertopic,n30_c50_s42,17,0.31567713277967174
446581,bertopic,n30_c50_s42,-1,0.0
446623,bertopic,n30_c50_s42,-1,0.0
446710,bertopic,n30_c50_s42,-1,0.0
446777,bertopic,n30_c50_s42,1,1.0
446902,bertopic,n30_c50_s42,18,0.9972543625695234
446927,bertopic,n30_c50_s42,18,0.40256095383115453
446956,bertopic,n30_c50_s42,31,1.0
446957,bertopic,n30_c50_s42,-1,0.0
446958,bertopic,n30_c50_s42,25,1.0
447010,bertopic,n30_c50_s42,29,1.0
447073,bertopic,n30_c50_s42,17,0.31567713277967174
447095,bertopic,n30_c50_s42,7,0.6331035670216715
447123,bertopic,n30_c50_s42,14,1.0
447125,bertopic,n30_c50_s42,7,0.700378083260655
447429,bertopic,n30_c50_s42,1,1.0
449355,bertopic,n30_c50_s42,9,1.0
449680,bertopic,n30_c50_s42,17,0.6966930284866758
450038,bertopic,n30_c50_s42,1,1.0
450056,bertopic,n30_c50_s42,-1,0.0
450066,bertopic,n30_c50_s42,-1,0.0
450128,bertopic,n30_c50_s42,-1,0.0
450227,bertopic,n30_c50_s42,30,1.0
450231,bertopic,n30_c50_s42,-1,0.0
450272,bertopic,n30_c50_s42,-1,0.0
450292,bertopic,n30_c50_s42,10,0.5803065854258068
450360,bertopic,n30_c50_s42,2,0.9081442961712346
450364,bertopic,n30_c50_s42,7,1.0
450446,bertopic,n30_c50_s42,0,0.8606445462373702
450553,bertopic,n30_c50_s42,-1,0.0
450596,bertopic,n30_c50_s42,31,1.0
450715,bertopic,n30_c50_s42,6,1.0
450766,bertopic,n30_c50_s42,5,1.0
450804,bertopic,n30_c50_s42,27,0.6223806259339139
450805,bertopic,n30_c50_s42,-1,0.0
451002,bertopic,n30_c50_s42,6,0.9545057606203089
451025,bertopic,n30_c50_s42,5,0.9575170203339477
451077,bertopic,n30_c50_s42,6,0.9371536373310516
451223,bertopic,n30_c50_s42,21,1.0
453369,bertopic,n30_c50_s42,18,0.6031997320524204
453386,bertopic,n30_c50_s42,18,1.0
453392,bertopic,n30_c50_s42,4,0.7882015779130666
453457,bertopic,n30_c50_s42,-1,0.0
453459,bertopic,n30_c50_s42,17,0.31567713277967174
453483,bertopic,n30_c50_s42,16,0.9880234190894874
453595,bertopic,n30_c50_s42,-1,0.0
453643,bertopic,n30_c50_s42,0,1.0
453678,bertopic,n30_c50_s42,5,1.0
453699,bertopic,n30_c50_s42,-1,0.0
453721,bertopic,n30_c50_s42,4,0.23737789424836375
453738,bertopic,n30_c50_s42,-1,0.0
453778,bertopic,n30_c50_s42,-1,0.0
453786,bertopic,n30_c50_s42,17,0.31567713277967174
453843,bertopic,n30_c50_s42,3,0.7725593496072422
453858,bertopic,n30_c50_s42,-1,0.0
454168,bertopic,n30_c50_s42,4,0.30139736365154923
454675,bertopic,n30_c50_s42,31,1.0
455316,bertopic,n30_c50_s42,8,1.0
455374,bertopic,n30_c50_s42,4,0.8950261229314456
455404,bertopic,n30_c50_s42,2,0.6663348971884033
455502,bertopic,n30_c50_s42,7,0.7647367912620745
455676,bertopic,n30_c50_s42,3,1.0
455693,bertopic,n30_c50_s42,16,0.3901524801949182
456011,bertopic,n30_c50_s42,12,0.9210200552661074
456920,bertopic,n30_c50_s42,-1,0.0
457247,bertopic,n30_c50_s42,10,0.5370247030101564
457271,bertopic,n30_c50_s42,16,1.0
457301,bertopic,n30_c50_s42,30,1.0
457323,bertopic,n30_c50_s42,1,1.0
457352,bertopic,n30_c50_s42,7,0.6885530477339562
457417,bertopic,n30_c50_s42,-1,0.0
457430,bertopic,n30_c50_s42,28,1.0
457438,bertopic,n30_c50_s42,2,1.0
457513,bertopic,n30_c50_s42,13,0.33166635681437395
457530,bertopic,n30_c50_s42,-1,0.0
457574,bertopic,n30_c50_s42,20,1.0
457646,bertopic,n30_c50_s42,4,0.5738463161151666
457650,bertopic,n30_c50_s42,31,1.0
457678,bertopic,n30_c50_s42,12,0.5643357023544224
457682,bertopic,n30_c50_s42,3,0.8586228614140651
457758,bertopic,n30_c50_s42,10,0.629391152472408
458664,bertopic,n30_c50_s42,21,1.0
459503,bertopic,n30_c50_s42,2,0.5669501407616973
459535,bertopic,n30_c50_s42,19,1.0
459544,bertopic,n30_c50_s42,11,1.0
459576,bertopic,n30_c50_s42,20,1.0
459584,bertopic,n30_c50_s42,-1,0.0
459605,bertopic,n30_c50_s42,6,1.0
459618,bertopic,n30_c50_s42,14,0.841850358558687
459658,bertopic,n30_c50_s42,-1,0.0
459684,bertopic,n30_c50_s42,18,0.9972543625695234
459724,bertopic,n30_c50_s42,17,0.6026272471813126
459733,bertopic,n30_c50_s42,16,1.0
459735,bertopic,n30_c50_s42,-1,0.0
459768,bertopic,n30_c50_s42,3,0.6105899089322935
459774,bertopic,n30_c50_s42,14,0.9325813887238253
459887,bertopic,n30_c50_s42,3,1.0
459888,bertopic,n30_c50_s42,-1,0.0
459900,bertopic,n30_c50_s42,3,0.5013650700716646
459918,bertopic,n30_c50_s42,11,0.716312702229037
459969,bertopic,n30_c50_s42,-1,0.0
460287,bertopic,n30_c50_s42,0,1.0
461040,bertopic,n30_c50_s42,24,1.0
461287,bertopic,n30_c50_s42,13,0.8208505836703022
461333,bertopic,n30_c50_s42,1,1.0
461337,bertopic,n30_c50_s42,-1,0.0
461387,bertopic,n30_c50_s42,2,1.0
461399,bertopic,n30_c50_s42,-1,0.0
461405,bertopic,n30_c50_s42,14,1.0
461467,bertopic,n30_c50_s42,-1,0.0
461530,bertopic,n30_c50_s42,3,0.8299327728415187
461544,bertopic,n30_c50_s42,-1,0.0
461612,bertopic,n30_c50_s42,12,1.0
461658,bertopic,n30_c50_s42,-1,0.0
461704,bertopic,n30_c50_s42,10,1.0
461751,bertopic,n30_c50_s42,3,1.0
461759,bertopic,n30_c50_s42,24,1.0
462095,bertopic,n30_c50_s42,13,0.15984095800785167
463196,bertopic,n30_c50_s42,0,1.0
463323,bertopic,n30_c50_s42,1,1.0
463443,bertopic,n30_c50_s42,29,0.9628559414890652
463533,bertopic,n30_c50_s42,30,1.0
463575,bertopic,n30_c50_s42,31,1.0
463653,bertopic,n30_c50_s42,20,1.0
463679,bertopic,n30_c50_s42,-1,0.0
463689,bertopic,n30_c50_s42,-1,0.0
463804,bertopic,n30_c50_s42,7,0.6331035670216715
463935,bertopic,n30_c50_s42,-1,0.0
464032,bertopic,n30_c50_s42,21,0.9840488012719136
464041,bertopic,n30_c50_s42,-1,0.0
464042,bertopic,n30_c50_s42,18,0.6307234831766232
464082,bertopic,n30_c50_s42,18,0.8946785482628273
464092,bertopic,n30_c50_s42,3,1.0
464100,bertopic,n30_c50_s42,2,0.7836270025546153
464111,bertopic,n30_c50_s42,7,0.6329013270280908
464208,bertopic,n30_c50_s42,9,1.0
464536,bertopic,n30_c50_s42,8,1.0
465432,bertopic,n30_c50_s42,24,1.0
465781,bertopic,n30_c50_s42,2,0.32159062012732953
465844,bertopic,n30_c50_s42,-1,0.0
465866,bertopic,n30_c50_s42,-1,0.0
465913,bertopic,n30_c50_s42,7,0.6051965916996568
465926,bertopic,n30_c50_s42,-1,0.0
465945,bertopic,n30_c50_s42,2,0.5797272230139325
466029,bertopic,n30_c50_s42,3,1.0
466125,bertopic,n30_c50_s42,1,1.0
466164,bertopic,n30_c50_s42,-1,0.0
466207,bertopic,n30_c50_s42,3,0.7341521351476629
466216,bertopic,n30_c50_s42,1,1.0
466336,bertopic,n30_c50_s42,21,1.0
466399,bertopic,n30_c50_s42,1,0.9753855308371578
466437,bertopic,n30_c50_s42,1,1.0
466467,bertopic,n30_c50_s42,7,0.8015403603431189
466476,bertopic,n30_c50_s42,-1,0.0
466492,bertopic,n30_c50_s42,3,1.0
466520,bertopic,n30_c50_s42,8,1.0
467327,bertopic,n30_c50_s42,-1,0.0
467945,bertopic,n30_c50_s42,17,0.31567713277967174
468316,bertopic,n30_c50_s42,21,1.0
468557,bertopic,n30_c50_s42,16,1.0
468562,bertopic,n30_c50_s42,5,1.0
468595,bertopic,n30_c50_s42,-1,0.0
468651,bertopic,n30_c50_s42,20,0.3428220305523243
468652,bertopic,n30_c50_s42,0,0.7216410902451207
469100,bertopic,n30_c50_s42,1,1.0
469225,bertopic,n30_c50_s42,6,0.9578973468541419
469920,bertopic,n30_c50_s42,-1,0.0
471063,bertopic,n30_c50_s42,-1,0.0
471085,bertopic,n30_c50_s42,4,0.3492045561321186
471416,bertopic,n30_c50_s42,3,1.0
471430,bertopic,n30_c50_s42,11,0.5976209294687782
471445,bertopic,n30_c50_s42,10,0.629391152472408
471638,bertopic,n30_c50_s42,18,1.0
471661,bertopic,n30_c50_s42,-1,0.0
471675,bertopic,n30_c50_s42,4,0.21884219138245717
471703,bertopic,n30_c50_s42,12,0.42908970564869486
471759,bertopic,n30_c50_s42,0,1.0
471912,bertopic,n30_c50_s42,7,0.6743946398752587
471933,bertopic,n30_c50_s42,-1,0.0
471939,bertopic,n30_c50_s42,-1,0.0
471973,bertopic,n30_c50_s42,3,1.0
473216,bertopic,n30_c50_s42,-1,0.0
473286,bertopic,n30_c50_s42,25,1.0
473793,bertopic,n30_c50_s42,-1,0.0
474289,bertopic,n30_c50_s42,12,0.42908970564869486
474337,bertopic,n30_c50_s42,5,1.0
474487,bertopic,n30_c50_s42,-1,0.0
474538,bertopic,n30_c50_s42,6,0.8999240778921035
474898,bertopic,n30_c50_s42,28,1.0
475795,bertopic,n30_c50_s42,1,0.9753855308371578
476332,bertopic,n30_c50_s42,21,0.8519870501530965
476927,bertopic,n30_c50_s42,13,0.9478148105341804
476963,bertopic,n30_c50_s42,-1,0.0
476968,bertopic,n30_c50_s42,24,0.9022311260362432
476978,bertopic,n30_c50_s42,29,1.0
477077,bertopic,n30_c50_s42,4,0.2346455418909997
477088,bertopic,n30_c50_s42,4,1.0
477101,bertopic,n30_c50_s42,5,1.0
477106,bertopic,n30_c50_s42,17,0.8481124603697243
477235,bertopic,n30_c50_s42,-1,0.0
477305,bertopic,n30_c50_s42,7,1.0
477370,bertopic,n30_c50_s42,28,0.5576034568696623
477437,bertopic,n30_c50_s42,-1,0.0
477459,bertopic,n30_c50_s42,16,0.731545568147235
477539,bertopic,n30_c50_s42,24,1.0
477635,bertopic,n30_c50_s42,31,1.0
477658,bertopic,n30_c50_s42,25,1.0
477660,bertopic,n30_c50_s42,9,0.198210999893872
477682,bertopic,n30_c50_s42,21,1.0
478016,bertopic,n30_c50_s42,14,1.0
478817,bertopic,n30_c50_s42,4,0.5120238859813241
478943,bertopic,n30_c50_s42,-1,0.0
479036,bertopic,n30_c50_s42,3,0.6105899089322935
479099,bertopic,n30_c50_s42,-1,0.0
479410,bertopic,n30_c50_s42,4,1.0
479415,bertopic,n30_c50_s42,6,0.969589876961123
479431,bertopic,n30_c50_s42,8,0.7241696228583396
479438,bertopic,n30_c50_s42,17,0.31567713277967174
479522,bertopic,n30_c50_s42,19,0.6839484087127399
479581,bertopic,n30_c50_s42,9,0.33495975772383285
479583,bertopic,n30_c50_s42,2,1.0
479614,bertopic,n30_c50_s42,11,0.49192852743548865
479619,bertopic,n30_c50_s42,11,0.3285791437209006
479651,bertopic,n30_c50_s42,-1,0.0
479838,bertopic,n30_c50_s42,1,0.9753855308371578
479873,bertopic,n30_c50_s42,8,1.0
479921,bertopic,n30_c50_s42,12,1.0
479926,bertopic,n30_c50_s42,24,1.0
479980,bertopic,n30_c50_s42,26,1.0
479986,bertopic,n30_c50_s42,7,0.6331035670216715
480028,bertopic,n30_c50_s42,-1,0.0
480768,bertopic,n30_c50_s42,-1,0.0
480783,bertopic,n30_c50_s42,5,0.545311709170966
481646,bertopic,n30_c50_s42,0,1.0
481749,bertopic,n30_c50_s42,1,1.0
481767,bertopic,n30_c50_s42,9,1.0
481820,bertopic,n30_c50_s42,-1,0.0
482152,bertopic,n30_c50_s42,6,0.9099758505338046
482238,bertopic,n30_c50_s42,6,0.9829738349812418
482241,bertopic,n30_c50_s42,1,1.0
482319,bertopic,n30_c50_s42,-1,0.0
482353,bertopic,n30_c50_s42,8,1.0
482421,bertopic,n30_c50_s42,7,0.6331035670216715
482627,bertopic,n30_c50_s42,6,1.0
483784,bertopic,n30_c50_s42,20,1.0
483838,bertopic,n30_c50_s42,20,0.5134527888869493
483988,bertopic,n30_c50_s42,5,0.7739451465896345
484073,bertopic,n30_c50_s42,-1,0.0
484079,bertopic,n30_c50_s42,-1,0.0
484115,bertopic,n30_c50_s42,14,0.6748382273643545
484157,bertopic,n30_c50_s42,1,0.505309894426839
484220,bertopic,n30_c50_s42,15,0.43844090205432507
484288,bertopic,n30_c50_s42,4,1.0
484435,bertopic,n30_c50_s42,10,0.5370247030101564
484439,bertopic,n30_c50_s42,16,1.0
484456,bertopic,n30_c50_s42,28,1.0
484608,bertopic,n30_c50_s42,3,0.6105899089322935
484629,bertopic,n30_c50_s42,1,1.0
484751,bertopic,n30_c50_s42,27,0.8380233738685655
484858,bertopic,n30_c50_s42,16,0.27748568087405895
485518,bertopic,n30_c50_s42,4,0.2192656303537461
486011,bertopic,n30_c50_s42,14,1.0
486798,bertopic,n30_c50_s42,28,0.2420219594644859
486860,bertopic,n30_c50_s42,6,1.0
486861,bertopic,n30_c50_s42,12,1.0
486877,bertopic,n30_c50_s42,0,1.0
486978,bertopic,n30_c50_s42,29,1.0
487012,bertopic,n30_c50_s42,-1,0.0
487016,bertopic,n30_c50_s42,4,0.46571250721681867
487085,bertopic,n30_c50_s42,-1,0.0
487216,bertopic,n30_c50_s42,9,0.38008783741943286
487977,bertopic,n30_c50_s42,16,1.0
488172,bertopic,n30_c50_s42,2,1.0
488824,bertopic,n30_c50_s42,24,1.0
488825,bertopic,n30_c50_s42,25,0.8373535897739036
488844,bertopic,n30_c50_s42,-1,0.0
488874,bertopic,n30_c50_s42,12,0.9210200552661074
488913,bertopic,n30_c50_s42,1,1.0
489064,bertopic,n30_c50_s42,1,1.0
489107,bertopic,n30_c50_s42,23,1.0
489114,bertopic,n30_c50_s42,9,0.198210999893872
489163,bertopic,n30_c50_s42,12,0.9210200552661074
489221,bertopic,n30_c50_s42,4,0.23737789424836375
489234,bertopic,n30_c50_s42,-1,0.0
489263,bertopic,n30_c50_s42,6,0.9545057606203089
489337,bertopic,n30_c50_s42,-1,0.0
489439,bertopic,n30_c50_s42,-1,0.0
489482,bertopic,n30_c50_s42,-1,0.0
489530,bertopic,n30_c50_s42,9,0.198210999893872
489559,bertopic,n30_c50_s42,-1,0.0
489653,bertopic,n30_c50_s42,32,0.6547890323114145
489735,bertopic,n30_c50_s42,-1,0.0
489819,bertopic,n30_c50_s42,9,0.198210999893872
491067,bertopic,n30_c50_s42,-1,0.0
491375,bertopic,n30_c50_s42,-1,0.0
491428,bertopic,n30_c50_s42,2,1.0
491542,bertopic,n30_c50_s42,14,1.0
491548,bertopic,n30_c50_s42,-1,0.0
491598,bertopic,n30_c50_s42,1,0.9081829229616061
491620,bertopic,n30_c50_s42,19,0.633086931789996
491822,bertopic,n30_c50_s42,13,0.6066763971903926
492212,bertopic,n30_c50_s42,0,1.0
493979,bertopic,n30_c50_s42,2,1.0
494027,bertopic,n30_c50_s42,-1,0.0
494031,bertopic,n30_c50_s42,-1,0.0
494115,bertopic,n30_c50_s42,3,0.9944870377496015
494161,bertopic,n30_c50_s42,11,0.6121453858023875
494229,bertopic,n30_c50_s42,19,1.0
494282,bertopic,n30_c50_s42,11,0.3909744118720341
494525,bertopic,n30_c50_s42,2,0.9351445972309452
494626,bertopic,n30_c50_s42,8,1.0
494723,bertopic,n30_c50_s42,26,1.0
496131,bertopic,n30_c50_s42,3,0.6105899089322935
496220,bertopic,n30_c50_s42,-1,0.0
496252,bertopic,n30_c50_s42,4,1.0
496366,bertopic,n30_c50_s42,-1,0.0
496445,bertopic,n30_c50_s42,9,1.0
496447,bertopic,n30_c50_s42,-1,0.0
496606,bertopic,n30_c50_s42,4,0.46571250721681867
496752,bertopic,n30_c50_s42,-1,0.0
496800,bertopic,n30_c50_s42,9,0.3045138669641524
496813,bertopic,n30_c50_s42,-1,0.0
496913,bertopic,n30_c50_s42,26,1.0
496952,bertopic,n30_c50_s42,20,0.7771544073860317
496962,bertopic,n30_c50_s42,9,0.13598609661773542
497038,bertopic,n30_c50_s42,9,1.0
497100,bertopic,n30_c50_s42,31,1.0
497255,bertopic,n30_c50_s42,-1,0.0
497274,bertopic,n30_c50_s42,11,0.6913228849770109
497296,bertopic,n30_c50_s42,-1,0.0
497304,bertopic,n30_c50_s42,10,0.5803065854258068
497322,bertopic,n30_c50_s42,14,0.9307854407512476
497392,bertopic,n30_c50_s42,-1,0.0
497413,bertopic,n30_c50_s42,-1,0.0
497497,bertopic,n30_c50_s42,32,1.0
497505,bertopic,n30_c50_s42,3,1.0
497555,bertopic,n30_c50_s42,-1,0.0
497666,bertopic,n30_c50_s42,21,0.8852392219121351
497718,bertopic,n30_c50_s42,-1,0.0
497727,bertopic,n30_c50_s42,17,0.31567713277967174
497750,bertopic,n30_c50_s42,-1,0.0
497856,bertopic,n30_c50_s42,10,0.5370247030101564
497874,bertopic,n30_c50_s42,21,0.7815536156096878
497890,bertopic,n30_c50_s42,7,0.6743946398752587
497893,bertopic,n30_c50_s42,28,1.0
498063,bertopic,n30_c50_s42,7,0.6329013270280908
498085,bertopic,n30_c50_s42,6,0.9545057606203089
498088,bertopic,n30_c50_s42,12,1.0
498101,bertopic,n30_c50_s42,9,0.3741284765071313
498246,bertopic,n30_c50_s42,16,0.24537729964069807
498337,bertopic,n30_c50_s42,7,1.0
498671,bertopic,n30_c50_s42,17,0.9715683792172042
498912,bertopic,n30_c50_s42,-1,0.0
498918,bertopic,n30_c50_s42,2,1.0
498964,bertopic,n30_c50_s42,16,1.0
498969,bertopic,n30_c50_s42,1,1.0
499000,bertopic,n30_c50_s42,18,0.4391385037649289
499097,bertopic,n30_c50_s42,21,1.0
499113,bertopic,n30_c50_s42,18,0.9972543625695234
499154,bertopic,n30_c50_s42,2,1.0
499189,bertopic,n30_c50_s42,-1,0.0
499248,bertopic,n30_c50_s42,-1,0.0
499278,bertopic,n30_c50_s42,1,1.0
499333,bertopic,n30_c50_s42,17,0.31567713277967174
499356,bertopic,n30_c50_s42,16,0.262714797178895
499390,bertopic,n30_c50_s42,24,0.6756055565234788
499418,bertopic,n30_c50_s42,-1,0.0
499439,bertopic,n30_c50_s42,-1,0.0
499463,bertopic,n30_c50_s42,-1,0.0
500081,bertopic,n30_c50_s42,-1,0.0
500196,bertopic,n30_c50_s42,0,1.0
500279,bertopic,n30_c50_s42,9,0.40047486699083357
500333,bertopic,n30_c50_s42,9,0.17022429648862494
500345,bertopic,n30_c50_s42,-1,0.0
500537,bertopic,n30_c50_s42,31,1.0
502006,bertopic,n30_c50_s42,29,1.0
503632,bertopic,n30_c50_s42,9,0.37740461138918036
503778,bertopic,n30_c50_s42,9,0.4064713830446972
505906,bertopic,n30_c50_s42,15,0.43844090205432507
506635,bertopic,n30_c50_s42,1,1.0
506955,bertopic,n30_c50_s42,7,0.6864249743009107
507122,bertopic,n30_c50_s42,5,1.0
508115,bertopic,n30_c50_s42,25,0.8373535897739036
508869,bertopic,n30_c50_s42,16,0.3695310848768738
508937,bertopic,n30_c50_s42,2,1.0
509506,bertopic,n30_c50_s42,23,1.0
511170,bertopic,n30_c50_s42,21,0.7815536156096878
511179,bertopic,n30_c50_s42,16,0.6987053459143964
511252,bertopic,n30_c50_s42,-1,0.0
511331,bertopic,n30_c50_s42,14,0.6363049725767407
511345,bertopic,n30_c50_s42,10,1.0
511399,bertopic,n30_c50_s42,28,0.7333862589802164
511565,bertopic,n30_c50_s42,19,0.5466612734748993
511588,bertopic,n30_c50_s42,21,0.7815536156096878
511730,bertopic,n30_c50_s42,-1,0.0
511777,bertopic,n30_c50_s42,-1,0.0
511797,bertopic,n30_c50_s42,3,0.6081427356922694
511823,bertopic,n30_c50_s42,1,1.0
511827,bertopic,n30_c50_s42,-1,0.0
511961,bertopic,n30_c50_s42,25,0.8373535897739036
511962,bertopic,n30_c50_s42,15,0.9812514287509259
512005,bertopic,n30_c50_s42,15,1.0
512013,bertopic,n30_c50_s42,15,1.0
512039,bertopic,n30_c50_s42,1,1.0
512057,bertopic,n30_c50_s42,15,0.46987236188449766
512300,bertopic,n30_c50_s42,4,0.27438134063297687
512473,bertopic,n30_c50_s42,0,1.0
512660,bertopic,n30_c50_s42,-1,0.0
512733,bertopic,n30_c50_s42,25,1.0
512832,bertopic,n30_c50_s42,1,0.505309894426839
512852,bertopic,n30_c50_s42,-1,0.0
512924,bertopic,n30_c50_s42,-1,0.0
513063,bertopic,n30_c50_s42,12,0.3433129713136174
513118,bertopic,n30_c50_s42,-1,0.0
513363,bertopic,n30_c50_s42,11,0.4818429696088115
513460,bertopic,n30_c50_s42,-1,0.0
513500,bertopic,n30_c50_s42,6,0.969589876961123
513642,bertopic,n30_c50_s42,7,0.9551594258533956
513775,bertopic,n30_c50_s42,1,1.0
513805,bertopic,n30_c50_s42,-1,0.0
513841,bertopic,n30_c50_s42,20,1.0
514057,bertopic,n30_c50_s42,3,1.0
514133,bertopic,n30_c50_s42,25,1.0
514176,bertopic,n30_c50_s42,17,0.54066791358204
514182,bertopic,n30_c50_s42,25,1.0
514664,bertopic,n30_c50_s42,25,1.0
514787,bertopic,n30_c50_s42,15,1.0
514805,bertopic,n30_c50_s42,10,0.5803065854258068
514832,bertopic,n30_c50_s42,4,1.0
514860,bertopic,n30_c50_s42,7,1.0
514938,bertopic,n30_c50_s42,3,1.0
514960,bertopic,n30_c50_s42,-1,0.0
514974,bertopic,n30_c50_s42,3,1.0
515042,bertopic,n30_c50_s42,23,0.5631807908802566
515080,bertopic,n30_c50_s42,3,1.0
515136,bertopic,n30_c50_s42,7,0.9551594258533956
515159,bertopic,n30_c50_s42,9,1.0
515219,bertopic,n30_c50_s42,18,0.5655189874933721
515272,bertopic,n30_c50_s42,-1,0.0
515699,bertopic,n30_c50_s42,-1,0.0
515842,bertopic,n30_c50_s42,11,0.6099866075571599
515927,bertopic,n30_c50_s42,-1,0.0
515958,bertopic,n30_c50_s42,20,1.0
516092,bertopic,n30_c50_s42,18,0.9184989159202303
516109,bertopic,n30_c50_s42,0,1.0
516293,bertopic,n30_c50_s42,28,1.0
516330,bertopic,n30_c50_s42,29,1.0
516367,bertopic,n30_c50_s42,18,1.0
516403,bertopic,n30_c50_s42,-1,0.0
516408,bertopic,n30_c50_s42,12,1.0
516409,bertopic,n30_c50_s42,1,0.505309894426839
516421,bertopic,n30_c50_s42,19,1.0
516440,bertopic,n30_c50_s42,20,0.5383332275325258
516488,bertopic,n30_c50_s42,23,0.4252127571315739
517090,bertopic,n30_c50_s42,-1,0.0
517138,bertopic,n30_c50_s42,-1,0.0
517204,bertopic,n30_c50_s42,-1,0.0
517420,bertopic,n30_c50_s42,0,1.0
517505,bertopic,n30_c50_s42,9,1.0
517550,bertopic,n30_c50_s42,6,0.8823217493450556
517674,bertopic,n30_c50_s42,15,0.4382757433078268
517758,bertopic,n30_c50_s42,29,1.0
517821,bertopic,n30_c50_s42,0,1.0
517822,bertopic,n30_c50_s42,15,0.4382757433078268
517838,bertopic,n30_c50_s42,1,1.0
517852,bertopic,n30_c50_s42,15,0.4382757433078268
517981,bertopic,n30_c50_s42,1,1.0
518213,bertopic,n30_c50_s42,6,0.9545057606203089
518246,bertopic,n30_c50_s42,1,1.0
518263,bertopic,n30_c50_s42,1,1.0
518483,bertopic,n30_c50_s42,-1,0.0
518526,bertopic,n30_c50_s42,1,1.0
518600,bertopic,n30_c50_s42,18,0.44454756252435523
518770,bertopic,n30_c50_s42,-1,0.0
518930,bertopic,n30_c50_s42,1,0.505309894426839
519054,bertopic,n30_c50_s42,9,0.198210999893872
519122,bertopic,n30_c50_s42,-1,0.0
519227,bertopic,n30_c50_s42,12,1.0
519285,bertopic,n30_c50_s42,4,0.6040059668701144
519442,bertopic,n30_c50_s42,20,1.0
519454,bertopic,n30_c50_s42,4,0.6060404140413204
519497,bertopic,n30_c50_s42,25,1.0
519678,bertopic,n30_c50_s42,32,1.0
519737,bertopic,n30_c50_s42,0,0.9714313247710052
519768,bertopic,n30_c50_s42,24,1.0
520270,bertopic,n30_c50_s42,27,0.9066722811825374
520379,bertopic,n30_c50_s42,6,0.9244358433481588
520436,bertopic,n30_c50_s42,-1,0.0
520508,bertopic,n30_c50_s42,-1,0.0
520596,bertopic,n30_c50_s42,1,1.0
520696,bertopic,n30_c50_s42,18,0.4391385037649289
520721,bertopic,n30_c50_s42,-1,0.0
521362,bertopic,n30_c50_s42,-1,0.0
521484,bertopic,n30_c50_s42,27,1.0
521891,bertopic,n30_c50_s42,-1,0.0
521904,bertopic,n30_c50_s42,7,1.0
522426,bertopic,n30_c50_s42,0,1.0
522438,bertopic,n30_c50_s42,0,1.0
522469,bertopic,n30_c50_s42,18,0.8171559204862578
522791,bertopic,n30_c50_s42,-1,0.0
523019,bertopic,n30_c50_s42,26,1.0
523222,bertopic,n30_c50_s42,0,1.0
523316,bertopic,n30_c50_s42,-1,0.0
523377,bertopic,n30_c50_s42,-1,0.0
523538,bertopic,n30_c50_s42,0,1.0
523850,bertopic,n30_c50_s42,0,1.0
523908,bertopic,n30_c50_s42,27,1.0
524036,bertopic,n30_c50_s42,13,0.9116245085335911
524145,bertopic,n30_c50_s42,-1,0.0
524190,bertopic,n30_c50_s42,-1,0.0
524511,bertopic,n30_c50_s42,28,1.0
524536,bertopic,n30_c50_s42,1,1.0
524630,bertopic,n30_c50_s42,-1,0.0
524757,bertopic,n30_c50_s42,0,1.0
524928,bertopic,n30_c50_s42,14,0.7745587115375219
524986,bertopic,n30_c50_s42,10,1.0
525124,bertopic,n30_c50_s42,20,1.0
525133,bertopic,n30_c50_s42,29,1.0
525139,bertopic,n30_c50_s42,12,0.9210200552661074
525194,bertopic,n30_c50_s42,-1,0.0
525300,bertopic,n30_c50_s42,-1,0.0
525367,bertopic,n30_c50_s42,16,0.9464012496595596
525409,bertopic,n30_c50_s42,-1,0.0
525412,bertopic,n30_c50_s42,20,0.4663336428042685
525456,bertopic,n30_c50_s42,11,0.6913228849770109
525516,bertopic,n30_c50_s42,-1,0.0
525732,bertopic,n30_c50_s42,6,1.0
525922,bertopic,n30_c50_s42,9,1.0
525979,bertopic,n30_c50_s42,28,0.38612836773473497
526042,bertopic,n30_c50_s42,5,0.9675421478566454
526238,bertopic,n30_c50_s42,29,1.0
526366,bertopic,n30_c50_s42,29,0.9720866295936527
526532,bertopic,n30_c50_s42,13,1.0
526678,bertopic,n30_c50_s42,10,1.0
526726,bertopic,n30_c50_s42,20,0.9556825135858986
526886,bertopic,n30_c50_s42,0,1.0
526947,bertopic,n30_c50_s42,21,0.7136277303496203
526953,bertopic,n30_c50_s42,20,0.9842823588922667
526970,bertopic,n30_c50_s42,-1,0.0
527032,bertopic,n30_c50_s42,-1,0.0
527100,bertopic,n30_c50_s42,15,1.0
527102,bertopic,n30_c50_s42,15,1.0
527245,bertopic,n30_c50_s42,-1,0.0
527272,bertopic,n30_c50_s42,19,0.8904938038636857
527358,bertopic,n30_c50_s42,25,1.0
527538,bertopic,n30_c50_s42,-1,0.0
527542,bertopic,n30_c50_s42,18,1.0
527555,bertopic,n30_c50_s42,-1,0.0
527579,bertopic,n30_c50_s42,21,1.0
527763,bertopic,n30_c50_s42,-1,0.0
527928,bertopic,n30_c50_s42,25,1.0
528014,bertopic,n30_c50_s42,9,0.198210999893872
528219,bertopic,n30_c50_s42,12,0.85994458054915
528257,bertopic,n30_c50_s42,1,1.0
528287,bertopic,n30_c50_s42,26,1.0
528469,bertopic,n30_c50_s42,-1,0.0
528560,bertopic,n30_c50_s42,19,0.8498115218096362
528562,bertopic,n30_c50_s42,13,0.9478148105341804
528614,bertopic,n30_c50_s42,-1,0.0
528663,bertopic,n30_c50_s42,7,0.9551594258533956
528701,bertopic,n30_c50_s42,19,1.0
528715,bertopic,n30_c50_s42,19,1.0
528747,bertopic,n30_c50_s42,0,1.0
528750,bertopic,n30_c50_s42,20,0.6623601023349213
528769,bertopic,n30_c50_s42,0,1.0
528783,bertopic,n30_c50_s42,0,0.9457904265431604
528784,bertopic,n30_c50_s42,0,1.0
528785,bertopic,n30_c50_s42,0,1.0
528799,bertopic,n30_c50_s42,0,0.9097426481700608
528806,bertopic,n30_c50_s42,0,1.0
528994,bertopic,n30_c50_s42,1,0.6690033992989542
529019,bertopic,n30_c50_s42,29,1.0
529024,bertopic,n30_c50_s42,12,0.9210200552661074
529054,bertopic,n30_c50_s42,0,1.0
529298,bertopic,n30_c50_s42,-1,0.0
529411,bertopic,n30_c50_s42,7,0.6642555133129732
529430,bertopic,n30_c50_s42,9,0.15627189022901083
529729,bertopic,n30_c50_s42,5,0.9635688490181159
530150,bertopic,n30_c50_s42,16,1.0
530361,bertopic,n30_c50_s42,-1,0.0
530398,bertopic,n30_c50_s42,9,0.7352716956227496
530405,bertopic,n30_c50_s42,0,1.0
530436,bertopic,n30_c50_s42,19,0.7176589859515691
530451,bertopic,n30_c50_s42,-1,0.0
530462,bertopic,n30_c50_s42,3,0.8335169768157776
530489,bertopic,n30_c50_s42,-1,0.0
530549,bertopic,n30_c50_s42,5,1.0
530658,bertopic,n30_c50_s42,6,1.0
530817,bertopic,n30_c50_s42,-1,0.0
530840,bertopic,n30_c50_s42,-1,0.0
530871,bertopic,n30_c50_s42,16,0.713915300529642
530990,bertopic,n30_c50_s42,13,1.0
531039,bertopic,n30_c50_s42,20,0.571990185658893
531051,bertopic,n30_c50_s42,27,0.9165045500339908
531151,bertopic,n30_c50_s42,-1,0.0
531339,bertopic,n30_c50_s42,28,1.0
531459,bertopic,n30_c50_s42,29,1.0
531474,bertopic,n30_c50_s42,15,0.7184465904479225
531490,bertopic,n30_c50_s42,1,1.0
531522,bertopic,n30_c50_s42,-1,0.0
531531,bertopic,n30_c50_s42,1,1.0
531537,bertopic,n30_c50_s42,1,1.0
531554,bertopic,n30_c50_s42,20,1.0
531594,bertopic,n30_c50_s42,5,1.0
531597,bertopic,n30_c50_s42,7,0.625870730993921
531615,bertopic,n30_c50_s42,5,1.0
531744,bertopic,n30_c50_s42,8,0.6979979028975885
531745,bertopic,n30_c50_s42,5,1.0
531801,bertopic,n30_c50_s42,1,1.0
531894,bertopic,n30_c50_s42,5,1.0
531964,bertopic,n30_c50_s42,5,1.0
531978,bertopic,n30_c50_s42,19,1.0
531987,bertopic,n30_c50_s42,5,1.0
532013,bertopic,n30_c50_s42,0,1.0
532151,bertopic,n30_c50_s42,10,1.0
532231,bertopic,n30_c50_s42,0,1.0
532235,bertopic,n30_c50_s42,11,0.6913228849770109
532242,bertopic,n30_c50_s42,3,1.0
532245,bertopic,n30_c50_s42,-1,0.0
532266,bertopic,n30_c50_s42,11,0.5892842276180967
532268,bertopic,n30_c50_s42,-1,0.0
532278,bertopic,n30_c50_s42,3,0.6081427356922694
532325,bertopic,n30_c50_s42,19,1.0
532346,bertopic,n30_c50_s42,16,1.0
532373,bertopic,n30_c50_s42,19,0.8780401804398413
532416,bertopic,n30_c50_s42,19,1.0
532425,bertopic,n30_c50_s42,16,0.42071692323315313
532443,bertopic,n30_c50_s42,-1,0.0
532449,bertopic,n30_c50_s42,18,1.0
532513,bertopic,n30_c50_s42,-1,0.0
532573,bertopic,n30_c50_s42,28,1.0
532644,bertopic,n30_c50_s42,28,1.0
532654,bertopic,n30_c50_s42,19,0.6431214699516324
532663,bertopic,n30_c50_s42,28,1.0
532672,bertopic,n30_c50_s42,18,0.9972543625695234
532693,bertopic,n30_c50_s42,0,1.0
532716,bertopic,n30_c50_s42,-1,0.0
532781,bertopic,n30_c50_s42,1,1.0
532782,bertopic,n30_c50_s42,0,1.0
532799,bertopic,n30_c50_s42,-1,0.0
532812,bertopic,n30_c50_s42,19,0.6103444211823275
532823,bertopic,n30_c50_s42,-1,0.0
532828,bertopic,n30_c50_s42,19,0.9169177154846392
532896,bertopic,n30_c50_s42,-1,0.0
532914,bertopic,n30_c50_s42,33,1.0
532953,bertopic,n30_c50_s42,-1,0.0
533057,bertopic,n30_c50_s42,7,0.6150335658654524
533058,bertopic,n30_c50_s42,26,1.0
533085,bertopic,n30_c50_s42,1,1.0
533196,bertopic,n30_c50_s42,7,0.6743946398752587
533242,bertopic,n30_c50_s42,0,1.0
533250,bertopic,n30_c50_s42,0,1.0
533262,bertopic,n30_c50_s42,-1,0.0
533285,bertopic,n30_c50_s42,4,0.7186689206461012
533288,bertopic,n30_c50_s42,-1,0.0
533306,bertopic,n30_c50_s42,-1,0.0
533407,bertopic,n30_c50_s42,7,0.6329013270280908
533428,bertopic,n30_c50_s42,-1,0.0
533642,bertopic,n30_c50_s42,2,0.32159062012732953
533835,bertopic,n30_c50_s42,15,0.43844090205432507
533845,bertopic,n30_c50_s42,18,0.9597786848501028
533871,bertopic,n30_c50_s42,25,0.8373535897739036
533882,bertopic,n30_c50_s42,14,0.8721304172492225
533917,bertopic,n30_c50_s42,4,0.5251961549871744
533998,bertopic,n30_c50_s42,8,1.0
534007,bertopic,n30_c50_s42,20,1.0
534077,bertopic,n30_c50_s42,19,0.8833150862568298
534195,bertopic,n30_c50_s42,-1,0.0
534290,bertopic,n30_c50_s42,5,1.0
534308,bertopic,n30_c50_s42,4,0.6005623983630527
534363,bertopic,n30_c50_s42,21,0.7136277303496203
534382,bertopic,n30_c50_s42,10,0.5370247030101564
534472,bertopic,n30_c50_s42,-1,0.0
534489,bertopic,n30_c50_s42,23,0.42752772253961424
534509,bertopic,n30_c50_s42,1,1.0
534534,bertopic,n30_c50_s42,-1,0.0
534575,bertopic,n30_c50_s42,-1,0.0
534716,bertopic,n30_c50_s42,4,0.5503434821813402
534884,bertopic,n30_c50_s42,5,1.0
534886,bertopic,n30_c50_s42,-1,0.0
534985,bertopic,n30_c50_s42,2,1.0
535092,bertopic,n30_c50_s42,12,1.0
535101,bertopic,n30_c50_s42,2,1.0
535122,bertopic,n30_c50_s42,5,1.0
535230,bertopic,n30_c50_s42,-1,0.0
535237,bertopic,n30_c50_s42,5,1.0
535242,bertopic,n30_c50_s42,15,1.0
535311,bertopic,n30_c50_s42,10,0.629391152472408
535323,bertopic,n30_c50_s42,-1,0.0
535451,bertopic,n30_c50_s42,5,1.0
535473,bertopic,n30_c50_s42,24,1.0
535564,bertopic,n30_c50_s42,11,0.9877608649027294
535633,bertopic,n30_c50_s42,-1,0.0
535724,bertopic,n30_c50_s42,9,0.198210999893872
535802,bertopic,n30_c50_s42,-1,0.0
535817,bertopic,n30_c50_s42,2,1.0
535879,bertopic,n30_c50_s42,-1,0.0
535909,bertopic,n30_c50_s42,16,1.0
536024,bertopic,n30_c50_s42,28,1.0
536518,bertopic,n30_c50_s42,5,1.0
536545,bertopic,n30_c50_s42,5,1.0
536605,bertopic,n30_c50_s42,-1,0.0
536618,bertopic,n30_c50_s42,-1,0.0
536920,bertopic,n30_c50_s42,7,0.6331035670216715
536999,bertopic,n30_c50_s42,18,1.0
537046,bertopic,n30_c50_s42,26,1.0
537187,bertopic,n30_c50_s42,2,1.0
537251,bertopic,n30_c50_s42,0,0.36824908532147643
537257,bertopic,n30_c50_s42,0,1.0
537353,bertopic,n30_c50_s42,3,1.0
537401,bertopic,n30_c50_s42,14,0.9325813887238253
537422,bertopic,n30_c50_s42,-1,0.0
537437,bertopic,n30_c50_s42,11,0.32469087072354796
537486,bertopic,n30_c50_s42,13,0.8208505836703022
537540,bertopic,n30_c50_s42,0,0.36824908532147643
537622,bertopic,n30_c50_s42,11,0.5505601735075437
537714,bertopic,n30_c50_s42,-1,0.0
537741,bertopic,n30_c50_s42,9,1.0
538018,bertopic,n30_c50_s42,-1,0.0
538067,bertopic,n30_c50_s42,1,1.0
538170,bertopic,n30_c50_s42,13,0.8208505836703022
538222,bertopic,n30_c50_s42,2,0.7405515387401128
538244,bertopic,n30_c50_s42,-1,0.0
538337,bertopic,n30_c50_s42,31,1.0
538458,bertopic,n30_c50_s42,-1,0.0
538473,bertopic,n30_c50_s42,-1,0.0
538492,bertopic,n30_c50_s42,2,0.8457651868316292
538519,bertopic,n30_c50_s42,15,1.0
538680,bertopic,n30_c50_s42,15,0.5644434070646238
538689,bertopic,n30_c50_s42,12,0.9210200552661074
538703,bertopic,n30_c50_s42,0,1.0
538717,bertopic,n30_c50_s42,20,0.41898760274318725
538770,bertopic,n30_c50_s42,31,1.0
538792,bertopic,n30_c50_s42,4,0.3361351057864299
538833,bertopic,n30_c50_s42,28,1.0
538838,bertopic,n30_c50_s42,1,1.0
538955,bertopic,n30_c50_s42,2,1.0
539051,bertopic,n30_c50_s42,2,1.0
539052,bertopic,n30_c50_s42,1,0.7353705198772227
539101,bertopic,n30_c50_s42,1,1.0
539223,bertopic,n30_c50_s42,12,0.9210200552661074
539365,bertopic,n30_c50_s42,10,0.5803065854258068
539369,bertopic,n30_c50_s42,10,0.5803065854258068
539540,bertopic,n30_c50_s42,-1,0.0
539737,bertopic,n30_c50_s42,2,0.7405515387401128
539863,bertopic,n30_c50_s42,7,0.6864249743009107
539927,bertopic,n30_c50_s42,1,1.0
540126,bertopic,n30_c50_s42,21,1.0
540219,bertopic,n30_c50_s42,-1,0.0
540367,bertopic,n30_c50_s42,11,0.830923516526849
540368,bertopic,n30_c50_s42,21,1.0
540442,bertopic,n30_c50_s42,13,1.0
540451,bertopic,n30_c50_s42,4,0.628143581281728
540477,bertopic,n30_c50_s42,1,0.505309894426839
540534,bertopic,n30_c50_s42,1,1.0
540630,bertopic,n30_c50_s42,21,0.8342012471017223
540669,bertopic,n30_c50_s42,30,0.9060721252255426
540693,bertopic,n30_c50_s42,-1,0.0
540869,bertopic,n30_c50_s42,26,1.0
540895,bertopic,n30_c50_s42,0,0.48838472012142187
540914,bertopic,n30_c50_s42,-1,0.0
540964,bertopic,n30_c50_s42,-1,0.0
541045,bertopic,n30_c50_s42,1,1.0
541104,bertopic,n30_c50_s42,29,0.7346923776774714
541137,bertopic,n30_c50_s42,11,0.830923516526849
541162,bertopic,n30_c50_s42,30,0.8772362665484353
541211,bertopic,n30_c50_s42,-1,0.0
541339,bertopic,n30_c50_s42,-1,0.0
541374,bertopic,n30_c50_s42,-1,0.0
541385,bertopic,n30_c50_s42,12,0.7211672814731643
541402,bertopic,n30_c50_s42,9,0.8402133889485383
541424,bertopic,n30_c50_s42,12,0.9210200552661074
541446,bertopic,n30_c50_s42,9,1.0
541518,bertopic,n30_c50_s42,-1,0.0
541556,bertopic,n30_c50_s42,-1,0.0
541586,bertopic,n30_c50_s42,-1,0.0
541848,bertopic,n30_c50_s42,22,0.21164699879179727
541900,bertopic,n30_c50_s42,-1,0.0
541933,bertopic,n30_c50_s42,-1,0.0
541967,bertopic,n30_c50_s42,23,0.85759762053369
542073,bertopic,n30_c50_s42,-1,0.0
542075,bertopic,n30_c50_s42,21,1.0
542164,bertopic,n30_c50_s42,18,0.6759400699422582
542345,bertopic,n30_c50_s42,12,0.9210200552661074
542423,bertopic,n30_c50_s42,0,1.0
542446,bertopic,n30_c50_s42,0,1.0
542542,bertopic,n30_c50_s42,13,1.0
542770,bertopic,n30_c50_s42,-1,0.0
542814,bertopic,n30_c50_s42,10,0.5894466450828768
542853,bertopic,n30_c50_s42,11,0.6493843881929329
542860,bertopic,n30_c50_s42,4,0.4499499479745945
542911,bertopic,n30_c50_s42,16,1.0
542917,bertopic,n30_c50_s42,0,0.5041651173221762
542927,bertopic,n30_c50_s42,0,1.0
543061,bertopic,n30_c50_s42,0,0.6597451585688398
543074,bertopic,n30_c50_s42,25,1.0
543199,bertopic,n30_c50_s42,18,0.4391385037649289
543253,bertopic,n30_c50_s42,10,0.5370247030101564
543527,bertopic,n30_c50_s42,13,1.0
543631,bertopic,n30_c50_s42,0,0.8759463692399438
543752,bertopic,n30_c50_s42,11,1.0
543798,bertopic,n30_c50_s42,3,1.0
543801,bertopic,n30_c50_s42,10,0.629391152472408
543888,bertopic,n30_c50_s42,19,1.0
543931,bertopic,n30_c50_s42,32,1.0
543982,bertopic,n30_c50_s42,31,1.0
544171,bertopic,n30_c50_s42,23,0.6197547087003391
544222,bertopic,n30_c50_s42,21,1.0
544370,bertopic,n30_c50_s42,15,1.0
544383,bertopic,n30_c50_s42,0,1.0
544495,bertopic,n30_c50_s42,10,0.5894466450828768
544549,bertopic,n30_c50_s42,31,1.0
544691,bertopic,n30_c50_s42,1,1.0
544717,bertopic,n30_c50_s42,-1,0.0
544815,bertopic,n30_c50_s42,0,1.0
544945,bertopic,n30_c50_s42,19,0.5766186273642151
545076,bertopic,n30_c50_s42,21,1.0
545090,bertopic,n30_c50_s42,24,1.0
545113,bertopic,n30_c50_s42,2,0.6490139848621596
545349,bertopic,n30_c50_s42,2,1.0
545356,bertopic,n30_c50_s42,2,0.9761695196405441
545373,bertopic,n30_c50_s42,-1,0.0
545605,bertopic,n30_c50_s42,14,0.4479637187934897
545612,bertopic,n30_c50_s42,6,0.8747785196909389
545631,bertopic,n30_c50_s42,1,1.0
545646,bertopic,n30_c50_s42,28,1.0
545698,bertopic,n30_c50_s42,-1,0.0
545713,bertopic,n30_c50_s42,2,0.6663348971884033
545815,bertopic,n30_c50_s42,7,1.0
545913,bertopic,n30_c50_s42,4,0.3361351057864299
545996,bertopic,n30_c50_s42,13,1.0
546020,bertopic,n30_c50_s42,14,1.0
546031,bertopic,n30_c50_s42,-1,0.0
546045,bertopic,n30_c50_s42,2,1.0
546051,bertopic,n30_c50_s42,-1,0.0
546058,bertopic,n30_c50_s42,32,1.0
546154,bertopic,n30_c50_s42,-1,0.0
546160,bertopic,n30_c50_s42,0,1.0
546207,bertopic,n30_c50_s42,16,0.7137352958966523
546245,bertopic,n30_c50_s42,24,0.8647564918086954
546308,bertopic,n30_c50_s42,1,0.9753855308371578
546320,bertopic,n30_c50_s42,7,0.6743946398752587
546374,bertopic,n30_c50_s42,-1,0.0
546490,bertopic,n30_c50_s42,1,1.0
546531,bertopic,n30_c50_s42,19,1.0
546575,bertopic,n30_c50_s42,3,1.0
546698,bertopic,n30_c50_s42,-1,0.0
546719,bertopic,n30_c50_s42,1,1.0
546846,bertopic,n30_c50_s42,21,0.5571450119725055
546848,bertopic,n30_c50_s42,-1,0.0
547261,bertopic,n30_c50_s42,29,1.0
547350,bertopic,n30_c50_s42,13,0.3288905658416523
547354,bertopic,n30_c50_s42,21,1.0
547487,bertopic,n30_c50_s42,2,0.6663348971884033
547492,bertopic,n30_c50_s42,1,1.0
547511,bertopic,n30_c50_s42,-1,0.0
547560,bertopic,n30_c50_s42,14,1.0
547575,bertopic,n30_c50_s42,4,0.628143581281728
547684,bertopic,n30_c50_s42,0,0.36824908532147643
547687,bertopic,n30_c50_s42,-1,0.0
547776,bertopic,n30_c50_s42,6,0.8255652198616933
547821,bertopic,n30_c50_s42,21,1.0
547826,bertopic,n30_c50_s42,-1,0.0
547863,bertopic,n30_c50_s42,0,0.5041651173221762
547928,bertopic,n30_c50_s42,0,1.0
547959,bertopic,n30_c50_s42,13,0.5169064555621217
548026,bertopic,n30_c50_s42,-1,0.0
548152,bertopic,n30_c50_s42,2,0.6663348971884033
548169,bertopic,n30_c50_s42,29,1.0
548254,bertopic,n30_c50_s42,2,0.6663348971884033
548362,bertopic,n30_c50_s42,1,1.0
548526,bertopic,n30_c50_s42,-1,0.0
548559,bertopic,n30_c50_s42,19,1.0
548607,bertopic,n30_c50_s42,11,0.7908563122929904
548636,bertopic,n30_c50_s42,19,1.0
548701,bertopic,n30_c50_s42,-1,0.0
548736,bertopic,n30_c50_s42,3,0.6081427356922694
548773,bertopic,n30_c50_s42,-1,0.0
548800,bertopic,n30_c50_s42,24,1.0
548878,bertopic,n30_c50_s42,19,0.7625100873208013
548965,bertopic,n30_c50_s42,24,1.0
548981,bertopic,n30_c50_s42,19,1.0
549015,bertopic,n30_c50_s42,-1,0.0
549049,bertopic,n30_c50_s42,28,1.0
549108,bertopic,n30_c50_s42,10,0.4893512519837596
549122,bertopic,n30_c50_s42,19,1.0
549135,bertopic,n30_c50_s42,-1,0.0
549219,bertopic,n30_c50_s42,-1,0.0
549236,bertopic,n30_c50_s42,5,0.5707629566160396
549255,bertopic,n30_c50_s42,21,0.7136277303496203
549333,bertopic,n30_c50_s42,19,1.0
549355,bertopic,n30_c50_s42,-1,0.0
549361,bertopic,n30_c50_s42,4,0.6026222447511492
549367,bertopic,n30_c50_s42,1,1.0
549379,bertopic,n30_c50_s42,-1,0.0
549443,bertopic,n30_c50_s42,6,0.910051433269341
549469,bertopic,n30_c50_s42,2,0.5100087208573005
549481,bertopic,n30_c50_s42,7,0.6331035670216715
549579,bertopic,n30_c50_s42,19,0.8505498526144661
549605,bertopic,n30_c50_s42,-1,0.0
549711,bertopic,n30_c50_s42,1,1.0
549737,bertopic,n30_c50_s42,-1,0.0
549751,bertopic,n30_c50_s42,4,0.6169627376075326
549914,bertopic,n30_c50_s42,13,0.8208505836703022
550064,bertopic,n30_c50_s42,1,1.0
550072,bertopic,n30_c50_s42,30,1.0
550080,bertopic,n30_c50_s42,-1,0.0
550108,bertopic,n30_c50_s42,25,0.8373535897739036
550249,bertopic,n30_c50_s42,-1,0.0
550273,bertopic,n30_c50_s42,2,1.0
550330,bertopic,n30_c50_s42,2,1.0
550411,bertopic,n30_c50_s42,0,0.8782728102940425
550444,bertopic,n30_c50_s42,0,1.0
550450,bertopic,n30_c50_s42,2,1.0
550480,bertopic,n30_c50_s42,2,1.0
550483,bertopic,n30_c50_s42,2,1.0
550508,bertopic,n30_c50_s42,2,0.9081442961712346
550534,bertopic,n30_c50_s42,2,1.0
550553,bertopic,n30_c50_s42,2,0.9081442961712346
550590,bertopic,n30_c50_s42,-1,0.0
550666,bertopic,n30_c50_s42,2,1.0
550820,bertopic,n30_c50_s42,31,1.0
550836,bertopic,n30_c50_s42,8,0.8498251253730283
550872,bertopic,n30_c50_s42,19,0.8744954511248751
550901,bertopic,n30_c50_s42,-1,0.0
551022,bertopic,n30_c50_s42,14,0.7135428755171327
551073,bertopic,n30_c50_s42,-1,0.0
551081,bertopic,n30_c50_s42,11,0.5635843078987085
551096,bertopic,n30_c50_s42,24,0.7891383331138088
551207,bertopic,n30_c50_s42,-1,0.0
551265,bertopic,n30_c50_s42,10,0.7455460974688992
551280,bertopic,n30_c50_s42,1,1.0
551297,bertopic,n30_c50_s42,-1,0.0
551395,bertopic,n30_c50_s42,5,0.8187899193907676
551428,bertopic,n30_c50_s42,24,1.0
551481,bertopic,n30_c50_s42,-1,0.0
551515,bertopic,n30_c50_s42,-1,0.0
551580,bertopic,n30_c50_s42,19,1.0
551582,bertopic,n30_c50_s42,19,1.0
551586,bertopic,n30_c50_s42,12,0.9210200552661074
551716,bertopic,n30_c50_s42,21,1.0
551754,bertopic,n30_c50_s42,1,1.0
551912,bertopic,n30_c50_s42,1,1.0
552002,bertopic,n30_c50_s42,21,1.0
552020,bertopic,n30_c50_s42,4,0.6026222447511492
552086,bertopic,n30_c50_s42,20,0.4346084379647677
552104,bertopic,n30_c50_s42,-1,0.0
552167,bertopic,n30_c50_s42,5,1.0
552188,bertopic,n30_c50_s42,5,1.0
552206,bertopic,n30_c50_s42,5,0.9613867413847216
552207,bertopic,n30_c50_s42,5,1.0
552221,bertopic,n30_c50_s42,2,1.0
552260,bertopic,n30_c50_s42,13,0.8208505836703022
552364,bertopic,n30_c50_s42,5,1.0
552399,bertopic,n30_c50_s42,9,1.0
552421,bertopic,n30_c50_s42,5,0.7743146128422398
552476,bertopic,n30_c50_s42,26,1.0
552500,bertopic,n30_c50_s42,1,1.0
552506,bertopic,n30_c50_s42,5,1.0
552513,bertopic,n30_c50_s42,28,0.519643768633251
552543,bertopic,n30_c50_s42,5,0.9703095936546605
552561,bertopic,n30_c50_s42,12,0.2975681297925906
552584,bertopic,n30_c50_s42,5,1.0
552663,bertopic,n30_c50_s42,28,0.7715359003178386
552667,bertopic,n30_c50_s42,5,1.0
552725,bertopic,n30_c50_s42,19,1.0
552737,bertopic,n30_c50_s42,19,1.0
552741,bertopic,n30_c50_s42,0,1.0
552761,bertopic,n30_c50_s42,1,1.0
552791,bertopic,n30_c50_s42,13,1.0
553200,bertopic,n30_c50_s42,5,1.0
553205,bertopic,n30_c50_s42,14,1.0
553270,bertopic,n30_c50_s42,6,1.0
553278,bertopic,n30_c50_s42,1,1.0
553460,bertopic,n30_c50_s42,21,0.7005689132764487
553484,bertopic,n30_c50_s42,0,0.4577092386754814
553628,bertopic,n30_c50_s42,3,0.832458640934726
553802,bertopic,n30_c50_s42,3,0.6460969843435348
553941,bertopic,n30_c50_s42,3,1.0
553997,bertopic,n30_c50_s42,24,1.0
554009,bertopic,n30_c50_s42,0,0.9989861032156754
554062,bertopic,n30_c50_s42,5,0.5783240780938289
554121,bertopic,n30_c50_s42,3,0.5294881863859663
554126,bertopic,n30_c50_s42,5,1.0
554133,bertopic,n30_c50_s42,-1,0.0
554230,bertopic,n30_c50_s42,6,1.0
554294,bertopic,n30_c50_s42,5,1.0
554391,bertopic,n30_c50_s42,-1,0.0
554442,bertopic,n30_c50_s42,11,0.42110243066652164
554492,bertopic,n30_c50_s42,9,0.198210999893872
554543,bertopic,n30_c50_s42,-1,0.0
554685,bertopic,n30_c50_s42,-1,0.0
554745,bertopic,n30_c50_s42,5,1.0
554759,bertopic,n30_c50_s42,19,0.617249562026611
554820,bertopic,n30_c50_s42,5,1.0
554844,bertopic,n30_c50_s42,13,1.0
555019,bertopic,n30_c50_s42,-1,0.0
555048,bertopic,n30_c50_s42,1,1.0
555056,bertopic,n30_c50_s42,4,0.35212244024424083
555062,bertopic,n30_c50_s42,-1,0.0
555506,bertopic,n30_c50_s42,0,1.0
555549,bertopic,n30_c50_s42,10,0.629391152472408
555641,bertopic,n30_c50_s42,19,0.7112547677176482
555737,bertopic,n30_c50_s42,14,1.0
555783,bertopic,n30_c50_s42,4,0.4609356529521018
555870,bertopic,n30_c50_s42,12,0.8303507680333031
555933,bertopic,n30_c50_s42,10,0.4829797863764665
555969,bertopic,n30_c50_s42,-1,0.0
556008,bertopic,n30_c50_s42,-1,0.0
556034,bertopic,n30_c50_s42,5,1.0
556197,bertopic,n30_c50_s42,30,1.0
556377,bertopic,n30_c50_s42,6,1.0
556380,bertopic,n30_c50_s42,9,1.0
556557,bertopic,n30_c50_s42,13,0.15984095800785167
556570,bertopic,n30_c50_s42,5,1.0
556585,bertopic,n30_c50_s42,18,1.0
556622,bertopic,n30_c50_s42,12,0.7211672814731643
556635,bertopic,n30_c50_s42,1,1.0
556708,bertopic,n30_c50_s42,-1,0.0
556751,bertopic,n30_c50_s42,3,1.0
556948,bertopic,n30_c50_s42,1,1.0
556974,bertopic,n30_c50_s42,33,1.0
557015,bertopic,n30_c50_s42,5,1.0
557078,bertopic,n30_c50_s42,1,1.0
557122,bertopic,n30_c50_s42,21,0.5676542885443044
557176,bertopic,n30_c50_s42,18,0.6682081763980863
557244,bertopic,n30_c50_s42,12,0.9210200552661074
557262,bertopic,n30_c50_s42,-1,0.0
557284,bertopic,n30_c50_s42,1,1.0
557350,bertopic,n30_c50_s42,0,1.0
557442,bertopic,n30_c50_s42,-1,0.0
557857,bertopic,n30_c50_s42,30,1.0
557868,bertopic,n30_c50_s42,10,0.5894466450828768
557988,bertopic,n30_c50_s42,-1,0.0
557996,bertopic,n30_c50_s42,1,1.0
558178,bertopic,n30_c50_s42,24,1.0
558413,bertopic,n30_c50_s42,13,0.8208505836703022
558564,bertopic,n30_c50_s42,29,0.796884361367523
558652,bertopic,n30_c50_s42,19,1.0
558731,bertopic,n30_c50_s42,-1,0.0
558769,bertopic,n30_c50_s42,30,1.0
558896,bertopic,n30_c50_s42,-1,0.0
558940,bertopic,n30_c50_s42,10,1.0
559059,bertopic,n30_c50_s42,0,1.0
559407,bertopic,n30_c50_s42,14,0.7006517430084651
559507,bertopic,n30_c50_s42,4,0.5458348655379002
559536,bertopic,n30_c50_s42,19,1.0
559585,bertopic,n30_c50_s42,0,1.0
559597,bertopic,n30_c50_s42,15,0.9225106229477115
559815,bertopic,n30_c50_s42,28,0.5626044488771029
559853,bertopic,n30_c50_s42,1,1.0
559866,bertopic,n30_c50_s42,6,1.0
559920,bertopic,n30_c50_s42,9,0.4064713830446972
560010,bertopic,n30_c50_s42,-1,0.0
560052,bertopic,n30_c50_s42,0,1.0
560283,bertopic,n30_c50_s42,0,1.0
560291,bertopic,n30_c50_s42,3,0.7038201183035884
560327,bertopic,n30_c50_s42,10,0.7560516832413978
560330,bertopic,n30_c50_s42,-1,0.0
560368,bertopic,n30_c50_s42,21,1.0
560409,bertopic,n30_c50_s42,28,1.0
560436,bertopic,n30_c50_s42,-1,0.0
560649,bertopic,n30_c50_s42,16,0.5321657854068823
560713,bertopic,n30_c50_s42,1,1.0
560910,bertopic,n30_c50_s42,5,1.0
561017,bertopic,n30_c50_s42,0,1.0
561059,bertopic,n30_c50_s42,22,0.4581927398495657
561102,bertopic,n30_c50_s42,17,0.5301833695916597
561262,bertopic,n30_c50_s42,1,1.0
561342,bertopic,n30_c50_s42,10,0.629391152472408
561402,bertopic,n30_c50_s42,10,0.864038813139875
562011,bertopic,n30_c50_s42,23,0.6829276283168937
562096,bertopic,n30_c50_s42,1,1.0
562373,bertopic,n30_c50_s42,5,0.9886144431383289
562627,bertopic,n30_c50_s42,13,1.0
562656,bertopic,n30_c50_s42,2,0.8531134900885774
562705,bertopic,n30_c50_s42,5,1.0
562713,bertopic,n30_c50_s42,-1,0.0
562777,bertopic,n30_c50_s42,5,1.0
562962,bertopic,n30_c50_s42,11,0.5907556333068955
563028,bertopic,n30_c50_s42,24,1.0
563043,bertopic,n30_c50_s42,4,1.0
563237,bertopic,n30_c50_s42,19,0.8119062142855681
563310,bertopic,n30_c50_s42,30,1.0
563428,bertopic,n30_c50_s42,12,0.4233397449827329
563562,bertopic,n30_c50_s42,27,1.0
563606,bertopic,n30_c50_s42,30,1.0
563716,bertopic,n30_c50_s42,1,1.0
563736,bertopic,n30_c50_s42,17,0.4100540946708296
563774,bertopic,n30_c50_s42,1,0.9753855308371578
563870,bertopic,n30_c50_s42,13,0.9478148105341804
564061,bertopic,n30_c50_s42,0,1.0
564110,bertopic,n30_c50_s42,13,0.15984095800785167
564294,bertopic,n30_c50_s42,33,1.0
564426,bertopic,n30_c50_s42,-1,0.0
564476,bertopic,n30_c50_s42,-1,0.0
564562,bertopic,n30_c50_s42,30,1.0
564695,bertopic,n30_c50_s42,25,0.8373535897739036
564808,bertopic,n30_c50_s42,-1,0.0
564887,bertopic,n30_c50_s42,20,1.0
564981,bertopic,n30_c50_s42,13,1.0
565085,bertopic,n30_c50_s42,18,1.0
565323,bertopic,n30_c50_s42,0,1.0
565485,bertopic,n30_c50_s42,5,1.0
565529,bertopic,n30_c50_s42,1,1.0
565598,bertopic,n30_c50_s42,-1,0.0
565654,bertopic,n30_c50_s42,3,1.0
565790,bertopic,n30_c50_s42,-1,0.0
565832,bertopic,n30_c50_s42,0,1.0
565873,bertopic,n30_c50_s42,30,0.9286571912265367
565886,bertopic,n30_c50_s42,18,0.7401067429796713
565964,bertopic,n30_c50_s42,-1,0.0
566067,bertopic,n30_c50_s42,-1,0.0
566139,bertopic,n30_c50_s42,2,0.32159062012732953
566214,bertopic,n30_c50_s42,2,0.32159062012732953
566438,bertopic,n30_c50_s42,7,1.0
566451,bertopic,n30_c50_s42,-1,0.0
566478,bertopic,n30_c50_s42,6,1.0
566626,bertopic,n30_c50_s42,11,0.6913228849770109
566687,bertopic,n30_c50_s42,-1,0.0
566735,bertopic,n30_c50_s42,-1,0.0
566827,bertopic,n30_c50_s42,1,1.0
566929,bertopic,n30_c50_s42,4,0.2346455418909997
567016,bertopic,n30_c50_s42,0,1.0
567033,bertopic,n30_c50_s42,0,1.0
567038,bertopic,n30_c50_s42,0,1.0
567040,bertopic,n30_c50_s42,0,1.0
567094,bertopic,n30_c50_s42,19,0.5802615861950005
567137,bertopic,n30_c50_s42,0,0.9719111116506057
567141,bertopic,n30_c50_s42,0,1.0
567285,bertopic,n30_c50_s42,0,0.36824908532147643
567617,bertopic,n30_c50_s42,1,1.0
567672,bertopic,n30_c50_s42,4,0.6167481133974858
567805,bertopic,n30_c50_s42,11,0.6913228849770109
568002,bertopic,n30_c50_s42,0,1.0
568156,bertopic,n30_c50_s42,-1,0.0
568166,bertopic,n30_c50_s42,12,0.42908970564869486
568243,bertopic,n30_c50_s42,10,0.629391152472408
568292,bertopic,n30_c50_s42,-1,0.0
568837,bertopic,n30_c50_s42,-1,0.0
568992,bertopic,n30_c50_s42,27,0.5590106715071519
569009,bertopic,n30_c50_s42,29,1.0
569044,bertopic,n30_c50_s42,10,1.0
569205,bertopic,n30_c50_s42,10,0.629391152472408
569354,bertopic,n30_c50_s42,1,1.0
569480,bertopic,n30_c50_s42,10,0.5370247030101564
569506,bertopic,n30_c50_s42,13,0.3594018546643856
569629,bertopic,n30_c50_s42,1,1.0
570603,bertopic,n30_c50_s42,1,0.6906066324401962
571389,bertopic,n30_c50_s42,4,0.2346455418909997
576920,bertopic,n30_c50_s42,25,1.0
577338,bertopic,n30_c50_s42,23,1.0
578713,bertopic,n30_c50_s42,16,0.892857459347404
582036,bertopic,n30_c50_s42,9,1.0
586844,bertopic,n30_c50_s42,-1,0.0
587422,bertopic,n30_c50_s42,20,1.0
589437,bertopic,n30_c50_s42,23,0.7337661639196229
590150,bertopic,n30_c50_s42,-1,0.0
592051,bertopic,n30_c50_s42,6,1.0
598866,bertopic,n30_c50_s42,13,0.15984095800785167
600392,bertopic,n30_c50_s42,2,0.7405515387401128
600706,bertopic,n30_c50_s42,9,1.0
602727,bertopic,n30_c50_s42,16,0.3249430189050176
602851,bertopic,n30_c50_s42,-1,0.0
603832,bertopic,n30_c50_s42,0,1.0
604489,bertopic,n30_c50_s42,-1,0.0
608360,bertopic,n30_c50_s42,4,0.7395051932601212
608599,bertopic,n30_c50_s42,11,0.3946051662739191
609335,bertopic,n30_c50_s42,14,1.0
610962,bertopic,n30_c50_s42,26,0.9832767157121501
614593,bertopic,n30_c50_s42,9,0.4064713830446972
615041,bertopic,n30_c50_s42,5,1.0
617701,bertopic,n30_c50_s42,24,1.0
619719,bertopic,n30_c50_s42,6,0.9545057606203089
620069,bertopic,n30_c50_s42,6,1.0
622146,bertopic,n30_c50_s42,9,0.198210999893872
623162,bertopic,n30_c50_s42,4,1.0
623174,bertopic,n30_c50_s42,24,1.0
624005,bertopic,n30_c50_s42,9,0.198210999893872
625400,bertopic,n30_c50_s42,31,1.0
627373,bertopic,n30_c50_s42,18,1.0
629330,bertopic,n30_c50_s42,9,1.0
635355,bertopic,n30_c50_s42,-1,0.0
636059,bertopic,n30_c50_s42,11,0.3192275891683676
641233,bertopic,n30_c50_s42,8,0.7208274752551447
641254,bertopic,n30_c50_s42,13,0.8208505836703022
641306,bertopic,n30_c50_s42,-1,0.0
645141,bertopic,n30_c50_s42,-1,0.0
646775,bertopic,n30_c50_s42,7,0.6743946398752587
646853,bertopic,n30_c50_s42,30,1.0
647749,bertopic,n30_c50_s42,3,1.0
647793,bertopic,n30_c50_s42,3,1.0
648284,bertopic,n30_c50_s42,6,0.9145206138499337
649738,bertopic,n30_c50_s42,12,1.0
650217,bertopic,n30_c50_s42,1,1.0
650310,bertopic,n30_c50_s42,11,0.6913228849770109
650337,bertopic,n30_c50_s42,11,0.3465664136705399
650456,bertopic,n30_c50_s42,18,0.8106905773969794
650686,bertopic,n30_c50_s42,20,1.0
650941,bertopic,n30_c50_s42,6,0.9545057606203089
651000,bertopic,n30_c50_s42,7,0.6331035670216715
651240,bertopic,n30_c50_s42,7,0.743165987190175
651890,bertopic,n30_c50_s42,-1,0.0
654131,bertopic,n30_c50_s42,33,1.0
654463,bertopic,n30_c50_s42,14,0.9325813887238253
654552,bertopic,n30_c50_s42,15,0.43844090205432507
654648,bertopic,n30_c50_s42,9,0.15627189022901083
656038,bertopic,n30_c50_s42,10,0.5803065854258068
656246,bertopic,n30_c50_s42,-1,0.0
657205,bertopic,n30_c50_s42,16,1.0
657566,bertopic,n30_c50_s42,11,0.830923516526849
658037,bertopic,n30_c50_s42,7,1.0
658203,bertopic,n30_c50_s42,-1,0.0
658396,bertopic,n30_c50_s42,9,0.37740461138918036
658987,bertopic,n30_c50_s42,2,0.6706772803765512
659058,bertopic,n30_c50_s42,1,1.0
659235,bertopic,n30_c50_s42,3,0.8981103934564046
659272,bertopic,n30_c50_s42,2,0.7677013374277245
659284,bertopic,n30_c50_s42,0,1.0
659365,bertopic,n30_c50_s42,-1,0.0
659788,bertopic,n30_c50_s42,4,1.0
659832,bertopic,n30_c50_s42,0,1.0
660079,bertopic,n30_c50_s42,-1,0.0
660113,bertopic,n30_c50_s42,27,1.0
660369,bertopic,n30_c50_s42,0,1.0
660608,bertopic,n30_c50_s42,5,1.0
660755,bertopic,n30_c50_s42,6,0.9099758505338046
660895,bertopic,n30_c50_s42,18,1.0
660904,bertopic,n30_c50_s42,4,1.0
661062,bertopic,n30_c50_s42,10,0.5803065854258068
661200,bertopic,n30_c50_s42,0,1.0
661215,bertopic,n30_c50_s42,23,0.9147594654867044
661574,bertopic,n30_c50_s42,-1,0.0
661725,bertopic,n30_c50_s42,32,1.0
662701,bertopic,n30_c50_s42,4,0.25000335542031515
663919,bertopic,n30_c50_s42,4,0.5153420463030375
665315,bertopic,n30_c50_s42,9,0.37740461138918036
666200,bertopic,n30_c50_s42,-1,0.0
666810,bertopic,n30_c50_s42,11,0.820934917375779
667190,bertopic,n30_c50_s42,7,1.0
667860,bertopic,n30_c50_s42,10,0.5803065854258068
669845,bertopic,n30_c50_s42,3,1.0
669848,bertopic,n30_c50_s42,23,0.4992368528809238
669937,bertopic,n30_c50_s42,-1,0.0
669941,bertopic,n30_c50_s42,3,1.0
670968,bertopic,n30_c50_s42,7,1.0
671140,bertopic,n30_c50_s42,4,0.3492045561321186
671264,bertopic,n30_c50_s42,18,0.9972543625695234
671332,bertopic,n30_c50_s42,6,0.883940729985621
671530,bertopic,n30_c50_s42,8,1.0
671716,bertopic,n30_c50_s42,3,1.0
671874,bertopic,n30_c50_s42,10,0.629391152472408
672187,bertopic,n30_c50_s42,7,0.6864249743009107
672188,bertopic,n30_c50_s42,7,1.0
672208,bertopic,n30_c50_s42,-1,0.0
672216,bertopic,n30_c50_s42,7,0.6498207228338833
672224,bertopic,n30_c50_s42,18,0.6391433112806008
672255,bertopic,n30_c50_s42,7,0.668153995997543
672259,bertopic,n30_c50_s42,7,0.6279904787214918
672266,bertopic,n30_c50_s42,6,0.9099758505338046
672285,bertopic,n30_c50_s42,14,0.7224422062212178
672350,bertopic,n30_c50_s42,7,0.6864249743009107
672648,bertopic,n30_c50_s42,9,0.37740461138918036
672738,bertopic,n30_c50_s42,-1,0.0
672889,bertopic,n30_c50_s42,6,0.9104399475640395
673275,bertopic,n30_c50_s42,14,0.9325813887238253
673442,bertopic,n30_c50_s42,3,0.5656117499734942
673580,bertopic,n30_c50_s42,18,0.5697656349100333
674506,bertopic,n30_c50_s42,6,1.0
674842,bertopic,n30_c50_s42,24,1.0
675026,bertopic,n30_c50_s42,0,1.0
675108,bertopic,n30_c50_s42,-1,0.0
675446,bertopic,n30_c50_s42,7,0.6260810343934747
675822,bertopic,n30_c50_s42,10,0.5253670539436679
675946,bertopic,n30_c50_s42,5,1.0
677283,bertopic,n30_c50_s42,-1,0.0
678454,bertopic,n30_c50_s42,-1,0.0
678786,bertopic,n30_c50_s42,11,0.830923516526849
679255,bertopic,n30_c50_s42,30,1.0
679282,bertopic,n30_c50_s42,-1,0.0
680093,bertopic,n30_c50_s42,3,0.5415307512225118
681005,bertopic,n30_c50_s42,10,0.629391152472408
681256,bertopic,n30_c50_s42,0,0.5041651173221762
682450,bertopic,n30_c50_s42,-1,0.0
682792,bertopic,n30_c50_s42,26,1.0
682795,bertopic,n30_c50_s42,18,1.0
684367,bertopic,n30_c50_s42,0,1.0
684523,bertopic,n30_c50_s42,-1,0.0
684662,bertopic,n30_c50_s42,18,0.559957341936374
685773,bertopic,n30_c50_s42,9,0.15627189022901083
686017,bertopic,n30_c50_s42,0,1.0
686476,bertopic,n30_c50_s42,3,1.0
686825,bertopic,n30_c50_s42,1,0.505309894426839
686901,bertopic,n30_c50_s42,8,0.6559900290550739
687371,bertopic,n30_c50_s42,16,0.24588472302758682
687392,bertopic,n30_c50_s42,-1,0.0
687573,bertopic,n30_c50_s42,12,0.45189987260504594
687672,bertopic,n30_c50_s42,9,1.0
687861,bertopic,n30_c50_s42,0,0.36824908532147643
688223,bertopic,n30_c50_s42,-1,0.0
688427,bertopic,n30_c50_s42,3,0.832458640934726
689217,bertopic,n30_c50_s42,1,0.505309894426839
689930,bertopic,n30_c50_s42,-1,0.0
690064,bertopic,n30_c50_s42,-1,0.0
690689,bertopic,n30_c50_s42,1,1.0
691058,bertopic,n30_c50_s42,-1,0.0
692064,bertopic,n30_c50_s42,32,1.0
692103,bertopic,n30_c50_s42,10,0.5803065854258068
693494,bertopic,n30_c50_s42,19,1.0
693639,bertopic,n30_c50_s42,5,1.0
693796,bertopic,n30_c50_s42,-1,0.0
694629,bertopic,n30_c50_s42,9,0.4064713830446972
695507,bertopic,n30_c50_s42,0,1.0
695646,bertopic,n30_c50_s42,23,0.8881212637353604
695834,bertopic,n30_c50_s42,31,1.0
696932,bertopic,n30_c50_s42,-1,0.0
697017,bertopic,n30_c50_s42,18,1.0
697046,bertopic,n30_c50_s42,4,0.5890560903006876
697183,bertopic,n30_c50_s42,-1,0.0
697295,bertopic,n30_c50_s42,19,1.0
697643,bertopic,n30_c50_s42,31,1.0
697663,bertopic,n30_c50_s42,11,0.6052165308592884
697849,bertopic,n30_c50_s42,32,1.0
698280,bertopic,n30_c50_s42,10,1.0
698457,bertopic,n30_c50_s42,-1,0.0
699032,bertopic,n30_c50_s42,4,0.3173382457434715
699594,bertopic,n30_c50_s42,6,0.8229892497040225
699720,bertopic,n30_c50_s42,21,1.0
701079,bertopic,n30_c50_s42,-1,0.0
703683,bertopic,n30_c50_s42,20,1.0
703890,bertopic,n30_c50_s42,29,1.0
704137,bertopic,n30_c50_s42,-1,0.0
704168,bertopic,n30_c50_s42,5,1.0
704790,bertopic,n30_c50_s42,-1,0.0
704909,bertopic,n30_c50_s42,-1,0.0
704931,bertopic,n30_c50_s42,0,1.0
706120,bertopic,n30_c50_s42,9,0.40220275735177263
707021,bertopic,n30_c50_s42,-1,0.0
707393,bertopic,n30_c50_s42,13,1.0
707539,bertopic,n30_c50_s42,-1,0.0
708274,bertopic,n30_c50_s42,31,1.0
709574,bertopic,n30_c50_s42,24,1.0
710220,bertopic,n30_c50_s42,-1,0.0
710778,bertopic,n30_c50_s42,13,0.8208505836703022
710990,bertopic,n30_c50_s42,-1,0.0
711238,bertopic,n30_c50_s42,2,1.0
711327,bertopic,n30_c50_s42,23,1.0
711526,bertopic,n30_c50_s42,25,1.0
711747,bertopic,n30_c50_s42,29,1.0
713563,bertopic,n30_c50_s42,6,1.0
713863,bertopic,n30_c50_s42,26,1.0
714598,bertopic,n30_c50_s42,18,0.784995173392019
715089,bertopic,n30_c50_s42,3,1.0
715332,bertopic,n30_c50_s42,2,1.0
715731,bertopic,n30_c50_s42,2,0.6943993554877608
716169,bertopic,n30_c50_s42,14,0.7006517430084651
717048,bertopic,n30_c50_s42,0,1.0
718752,bertopic,n30_c50_s42,28,1.0
719093,bertopic,n30_c50_s42,28,1.0
719149,bertopic,n30_c50_s42,2,0.7214956214027216
719493,bertopic,n30_c50_s42,10,1.0
720256,bertopic,n30_c50_s42,21,0.5787240941266509
720997,bertopic,n30_c50_s42,-1,0.0
721187,bertopic,n30_c50_s42,2,0.9081442961712346
721633,bertopic,n30_c50_s42,8,0.7208274752551447
722331,bertopic,n30_c50_s42,13,0.9478148105341804
723845,bertopic,n30_c50_s42,10,0.7424801518531666
725574,bertopic,n30_c50_s42,1,1.0
725605,bertopic,n30_c50_s42,0,1.0
725827,bertopic,n30_c50_s42,13,1.0
727150,bertopic,n30_c50_s42,11,0.7367717413507959
727347,bertopic,n30_c50_s42,-1,0.0
727745,bertopic,n30_c50_s42,-1,0.0
728317,bertopic,n30_c50_s42,7,0.6329013270280908
729085,bertopic,n30_c50_s42,32,1.0
729270,bertopic,n30_c50_s42,9,0.4064713830446972
730351,bertopic,n30_c50_s42,1,1.0
730651,bertopic,n30_c50_s42,15,1.0
731051,bertopic,n30_c50_s42,16,1.0
734258,bertopic,n30_c50_s42,-1,0.0
735258,bertopic,n30_c50_s42,18,0.9972543625695234
735350,bertopic,n30_c50_s42,5,1.0
735597,bertopic,n30_c50_s42,4,0.7970248248998113
736369,bertopic,n30_c50_s42,0,0.991454564202098
736628,bertopic,n30_c50_s42,4,0.5534110393091605
736713,bertopic,n30_c50_s42,4,0.2346455418909997
737005,bertopic,n30_c50_s42,28,0.28376008122206237
737083,bertopic,n30_c50_s42,16,1.0
737896,bertopic,n30_c50_s42,1,1.0
738247,bertopic,n30_c50_s42,18,1.0
738462,bertopic,n30_c50_s42,31,1.0
738524,bertopic,n30_c50_s42,10,0.629391152472408
738718,bertopic,n30_c50_s42,-1,0.0
739406,bertopic,n30_c50_s42,-1,0.0
739497,bertopic,n30_c50_s42,-1,0.0
740804,bertopic,n30_c50_s42,13,1.0
741068,bertopic,n30_c50_s42,0,1.0
741213,bertopic,n30_c50_s42,6,0.8537472066091131
742014,bertopic,n30_c50_s42,21,0.7815536156096878
742272,bertopic,n30_c50_s42,0,0.5041651173221762
742408,bertopic,n30_c50_s42,-1,0.0
743015,bertopic,n30_c50_s42,19,0.8067649552247198
743992,bertopic,n30_c50_s42,32,1.0
744328,bertopic,n30_c50_s42,8,0.8498251253730283
744612,bertopic,n30_c50_s42,3,1.0
744814,bertopic,n30_c50_s42,0,1.0
745242,bertopic,n30_c50_s42,-1,0.0
746933,bertopic,n30_c50_s42,1,1.0
747079,bertopic,n30_c50_s42,19,0.567120049698622
748725,bertopic,n30_c50_s42,6,1.0
749422,bertopic,n30_c50_s42,10,0.629391152472408
751604,bertopic,n30_c50_s42,7,0.6864249743009107
751753,bertopic,n30_c50_s42,25,1.0
752173,bertopic,n30_c50_s42,23,1.0
753032,bertopic,n30_c50_s42,16,1.0
755679,bertopic,n30_c50_s42,4,0.3361351057864299
756819,bertopic,n30_c50_s42,28,0.2627801227350383
757036,bertopic,n30_c50_s42,19,1.0
757221,bertopic,n30_c50_s42,-1,0.0
757276,bertopic,n30_c50_s42,10,0.629391152472408
757335,bertopic,n30_c50_s42,2,1.0
758285,bertopic,n30_c50_s42,13,0.8208505836703022
758405,bertopic,n30_c50_s42,19,0.9868938356205474
759519,bertopic,n30_c50_s42,12,0.9210200552661074
759725,bertopic,n30_c50_s42,-1,0.0
759807,bertopic,n30_c50_s42,21,0.7800667781208396
759838,bertopic,n30_c50_s42,6,1.0
760498,bertopic,n30_c50_s42,-1,0.0
761422,bertopic,n30_c50_s42,14,0.9325813887238253
761724,bertopic,n30_c50_s42,30,1.0
761897,bertopic,n30_c50_s42,1,1.0
762072,bertopic,n30_c50_s42,15,0.9727417821711503
762193,bertopic,n30_c50_s42,21,1.0
762384,bertopic,n30_c50_s42,14,0.5834775331553551
763279,bertopic,n30_c50_s42,-1,0.0
764188,bertopic,n30_c50_s42,-1,0.0
764314,bertopic,n30_c50_s42,-1,0.0
764835,bertopic,n30_c50_s42,0,0.8308289884871721
766713,bertopic,n30_c50_s42,26,1.0
766993,bertopic,n30_c50_s42,-1,0.0
767883,bertopic,n30_c50_s42,-1,0.0
769465,bertopic,n30_c50_s42,12,0.5992417828477655
770322,bertopic,n30_c50_s42,-1,0.0
771869,bertopic,n30_c50_s42,20,0.6623601023349213
771928,bertopic,n30_c50_s42,9,0.7065485399665651
772136,bertopic,n30_c50_s42,19,0.660082130547566
772217,bertopic,n30_c50_s42,3,0.6081427356922694
773372,bertopic,n30_c50_s42,4,0.25000335542031515
773611,bertopic,n30_c50_s42,29,1.0
774457,bertopic,n30_c50_s42,5,1.0
774968,bertopic,n30_c50_s42,0,1.0
776924,bertopic,n30_c50_s42,9,1.0
777495,bertopic,n30_c50_s42,0,1.0
777620,bertopic,n30_c50_s42,12,0.7211672814731643
778092,bertopic,n30_c50_s42,5,1.0
778468,bertopic,n30_c50_s42,16,0.3513913475411415
778870,bertopic,n30_c50_s42,13,0.7641588592865517
779172,bertopic,n30_c50_s42,1,1.0
779958,bertopic,n30_c50_s42,25,0.8373535897739036
780578,bertopic,n30_c50_s42,12,0.9210200552661074
781275,bertopic,n30_c50_s42,31,1.0
781432,bertopic,n30_c50_s42,3,0.7765569967157042
781582,bertopic,n30_c50_s42,0,0.9026405349248202
782090,bertopic,n30_c50_s42,8,0.7208274752551447
782821,bertopic,n30_c50_s42,1,0.9753855308371578
783607,bertopic,n30_c50_s42,4,0.6026222447511492
784006,bertopic,n30_c50_s42,-1,0.0
784090,bertopic,n30_c50_s42,0,0.9438791393786828
784568,bertopic,n30_c50_s42,1,1.0
784877,bertopic,n30_c50_s42,26,1.0
785271,bertopic,n30_c50_s42,4,0.46571250721681867
786056,bertopic,n30_c50_s42,4,0.6242636795796017
786573,bertopic,n30_c50_s42,25,0.8373535897739036
788354,bertopic,n30_c50_s42,12,0.9210200552661074
788517,bertopic,n30_c50_s42,-1,0.0
788620,bertopic,n30_c50_s42,19,1.0
789059,bertopic,n30_c50_s42,2,0.609536815017816
789077,bertopic,n30_c50_s42,13,0.6755287719396101
789163,bertopic,n30_c50_s42,11,0.5148384254163585
790004,bertopic,n30_c50_s42,9,0.7707318355217447
790446,bertopic,n30_c50_s42,-1,0.0
791899,bertopic,n30_c50_s42,-1,0.0
791926,bertopic,n30_c50_s42,0,1.0
792286,bertopic,n30_c50_s42,32,0.9364638810821099
792589,bertopic,n30_c50_s42,5,1.0
792727,bertopic,n30_c50_s42,0,1.0
793151,bertopic,n30_c50_s42,17,0.363331781422693
793457,bertopic,n30_c50_s42,-1,0.0
793694,bertopic,n30_c50_s42,5,1.0
794269,bertopic,n30_c50_s42,13,0.987660057536636
794318,bertopic,n30_c50_s42,15,0.4382757433078268
794584,bertopic,n30_c50_s42,21,1.0
794590,bertopic,n30_c50_s42,-1,0.0
794646,bertopic,n30_c50_s42,0,1.0
794905,bertopic,n30_c50_s42,6,0.9545057606203089
794972,bertopic,n30_c50_s42,0,1.0
795345,bertopic,n30_c50_s42,-1,0.0
795664,bertopic,n30_c50_s42,5,0.7251685120484521
795837,bertopic,n30_c50_s42,-1,0.0
795956,bertopic,n30_c50_s42,5,1.0
796487,bertopic,n30_c50_s42,-1,0.0
797103,bertopic,n30_c50_s42,21,0.7136277303496203
797985,bertopic,n30_c50_s42,26,0.9390714568865596
798188,bertopic,n30_c50_s42,-1,0.0
798365,bertopic,n30_c50_s42,12,0.9210200552661074
798457,bertopic,n30_c50_s42,21,1.0
798666,bertopic,n30_c50_s42,0,0.36824908532147643
798803,bertopic,n30_c50_s42,11,0.8617047782581756
801936,bertopic,n30_c50_s42,13,1.0
802290,bertopic,n30_c50_s42,10,1.0
803132,bertopic,n30_c50_s42,1,1.0
803138,bertopic,n30_c50_s42,2,1.0
803194,bertopic,n30_c50_s42,6,0.9745058558426647
803576,bertopic,n30_c50_s42,1,0.505309894426839
804067,bertopic,n30_c50_s42,2,0.6663348971884033
804529,bertopic,n30_c50_s42,1,1.0
804591,bertopic,n30_c50_s42,20,0.813733976924717
805419,bertopic,n30_c50_s42,7,0.6331035670216715
805485,bertopic,n30_c50_s42,-1,0.0
806530,bertopic,n30_c50_s42,26,1.0
806751,bertopic,n30_c50_s42,11,0.3011120194184265
807671,bertopic,n30_c50_s42,3,1.0
809437,bertopic,n30_c50_s42,5,1.0
809730,bertopic,n30_c50_s42,-1,0.0
809864,bertopic,n30_c50_s42,6,0.9545057606203089
810393,bertopic,n30_c50_s42,1,0.6577882797959456
811330,bertopic,n30_c50_s42,-1,0.0
811461,bertopic,n30_c50_s42,3,0.6081427356922694
811718,bertopic,n30_c50_s42,-1,0.0
812041,bertopic,n30_c50_s42,0,1.0
812080,bertopic,n30_c50_s42,-1,0.0
813514,bertopic,n30_c50_s42,0,1.0
813811,bertopic,n30_c50_s42,0,1.0
814041,bertopic,n30_c50_s42,9,0.36802455311449234
814542,bertopic,n30_c50_s42,12,0.9210200552661074
815056,bertopic,n30_c50_s42,9,0.198210999893872
816239,bertopic,n30_c50_s42,-1,0.0
816490,bertopic,n30_c50_s42,-1,0.0
816512,bertopic,n30_c50_s42,1,1.0
816686,bertopic,n30_c50_s42,0,1.0
817063,bertopic,n30_c50_s42,10,0.629391152472408
817240,bertopic,n30_c50_s42,29,1.0
817356,bertopic,n30_c50_s42,1,0.9753855308371578
818744,bertopic,n30_c50_s42,8,1.0
819637,bertopic,n30_c50_s42,25,1.0
820417,bertopic,n30_c50_s42,19,0.9006770824691332
820499,bertopic,n30_c50_s42,19,1.0
820808,bertopic,n30_c50_s42,19,1.0
821259,bertopic,n30_c50_s42,13,1.0
822463,bertopic,n30_c50_s42,18,0.6855332269848602
823365,bertopic,n30_c50_s42,10,0.5952202299716434
823757,bertopic,n30_c50_s42,2,1.0
825847,bertopic,n30_c50_s42,33,1.0
826079,bertopic,n30_c50_s42,0,0.5041651173221762
826309,bertopic,n30_c50_s42,1,1.0
826448,bertopic,n30_c50_s42,26,0.9792248133642689
826583,bertopic,n30_c50_s42,-1,0.0
829336,bertopic,n30_c50_s42,7,0.6743946398752587
829401,bertopic,n30_c50_s42,2,1.0
829443,bertopic,n30_c50_s42,19,0.7238106129436018
829512,bertopic,n30_c50_s42,2,0.7405515387401128
829925,bertopic,n30_c50_s42,1,1.0
830755,bertopic,n30_c50_s42,-1,0.0
830861,bertopic,n30_c50_s42,12,0.38584628050391023
831003,bertopic,n30_c50_s42,1,1.0
831140,bertopic,n30_c50_s42,19,0.7675383539670481
831455,bertopic,n30_c50_s42,21,0.7815536156096878
832164,bertopic,n30_c50_s42,7,0.6331035670216715
832451,bertopic,n30_c50_s42,1,0.9753855308371578
832539,bertopic,n30_c50_s42,-1,0.0
833507,bertopic,n30_c50_s42,21,1.0
833652,bertopic,n30_c50_s42,-1,0.0
833753,bertopic,n30_c50_s42,28,1.0
833755,bertopic,n30_c50_s42,6,0.9844408483681951
834089,bertopic,n30_c50_s42,6,0.9283782036481576
834965,bertopic,n30_c50_s42,26,1.0
835091,bertopic,n30_c50_s42,16,0.6796071744011183
836593,bertopic,n30_c50_s42,0,1.0
836771,bertopic,n30_c50_s42,15,1.0
837069,bertopic,n30_c50_s42,-1,0.0
837722,bertopic,n30_c50_s42,9,1.0
837949,bertopic,n30_c50_s42,20,0.39031440770486225
838913,bertopic,n30_c50_s42,3,1.0
839276,bertopic,n30_c50_s42,3,0.6081427356922694
839417,bertopic,n30_c50_s42,29,1.0
839428,bertopic,n30_c50_s42,19,0.9920557770588451
839954,bertopic,n30_c50_s42,6,0.9353765360347182
840427,bertopic,n30_c50_s42,13,1.0
840576,bertopic,n30_c50_s42,7,0.6329013270280908
840991,bertopic,n30_c50_s42,12,0.42908970564869486
841015,bertopic,n30_c50_s42,19,0.6235430894287286
842319,bertopic,n30_c50_s42,18,1.0
844378,bertopic,n30_c50_s42,0,1.0
845221,bertopic,n30_c50_s42,-1,0.0
845621,bertopic,n30_c50_s42,1,1.0
845957,bertopic,n30_c50_s42,16,1.0
846074,bertopic,n30_c50_s42,-1,0.0
846205,bertopic,n30_c50_s42,-1,0.0
846430,bertopic,n30_c50_s42,31,1.0
846635,bertopic,n30_c50_s42,11,1.0
846655,bertopic,n30_c50_s42,10,0.5370247030101564
847418,bertopic,n30_c50_s42,6,1.0
848231,bertopic,n30_c50_s42,12,0.2575056949048539
848372,bertopic,n30_c50_s42,0,1.0
848879,bertopic,n30_c50_s42,24,1.0
850856,bertopic,n30_c50_s42,0,1.0
850916,bertopic,n30_c50_s42,19,1.0
851542,bertopic,n30_c50_s42,19,0.9886812399298921
852157,bertopic,n30_c50_s42,1,1.0
852174,bertopic,n30_c50_s42,0,0.7511861877346938
852434,bertopic,n30_c50_s42,18,0.4391385037649289
854666,bertopic,n30_c50_s42,-1,0.0
855462,bertopic,n30_c50_s42,-1,0.0
856248,bertopic,n30_c50_s42,28,1.0
858622,bertopic,n30_c50_s42,4,0.23737789424836375
858970,bertopic,n30_c50_s42,8,1.0
859505,bertopic,n30_c50_s42,9,0.15627189022901083
863262,bertopic,n30_c50_s42,-1,0.0
864280,bertopic,n30_c50_s42,-1,0.0
865209,bertopic,n30_c50_s42,2,0.6663348971884033
868781,bertopic,n30_c50_s42,27,1.0
869869,bertopic,n30_c50_s42,28,1.0
871970,bertopic,n30_c50_s42,-1,0.0
873775,bertopic,n30_c50_s42,10,1.0
875499,bertopic,n30_c50_s42,33,1.0
876108,bertopic,n30_c50_s42,9,0.4064713830446972
876480,bertopic,n30_c50_s42,1,1.0
876541,bertopic,n30_c50_s42,-1,0.0
877267,bertopic,n30_c50_s42,4,0.25000335542031515
878033,bertopic,n30_c50_s42,29,1.0
881117,bertopic,n30_c50_s42,-1,0.0
882051,bertopic,n30_c50_s42,12,0.6254239115205418
882911,bertopic,n30_c50_s42,0,1.0
888566,bertopic,n30_c50_s42,15,1.0
889190,bertopic,n30_c50_s42,18,0.660784093474829
889993,bertopic,n30_c50_s42,23,1.0
890018,bertopic,n30_c50_s42,5,1.0
890036,bertopic,n30_c50_s42,24,1.0
891180,bertopic,n30_c50_s42,4,0.2346455418909997
891504,bertopic,n30_c50_s42,4,0.3361351057864299
892785,bertopic,n30_c50_s42,16,0.7137352958966523
893155,bertopic,n30_c50_s42,-1,0.0
894631,bertopic,n30_c50_s42,-1,0.0
895040,bertopic,n30_c50_s42,23,0.5836342268799757
896968,bertopic,n30_c50_s42,24,0.9320430072482293
898207,bertopic,n30_c50_s42,9,0.37740461138918036
898994,bertopic,n30_c50_s42,3,0.6531493796225303
900355,bertopic,n30_c50_s42,5,0.8035289602060646
901198,bertopic,n30_c50_s42,7,0.6329013270280908
903482,bertopic,n30_c50_s42,-1,0.0
903837,bertopic,n30_c50_s42,-1,0.0
904099,bertopic,n30_c50_s42,9,0.37740461138918036
906185,bertopic,n30_c50_s42,3,0.8975138343085766
906511,bertopic,n30_c50_s42,10,0.629391152472408
907428,bertopic,n30_c50_s42,12,0.9210200552661074
907506,bertopic,n30_c50_s42,10,1.0
908241,bertopic,n30_c50_s42,1,1.0
909050,bertopic,n30_c50_s42,-1,0.0
909535,bertopic,n30_c50_s42,9,0.15627189022901083
910391,bertopic,n30_c50_s42,18,0.7030179130676444
910966,bertopic,n30_c50_s42,5,1.0
911482,bertopic,n30_c50_s42,-1,0.0
912087,bertopic,n30_c50_s42,8,0.5143017985110653
912459,bertopic,n30_c50_s42,-1,0.0
912821,bertopic,n30_c50_s42,0,1.0
913484,bertopic,n30_c50_s42,2,1.0
913524,bertopic,n30_c50_s42,2,0.6270511420348395
913700,bertopic,n30_c50_s42,16,1.0
913708,bertopic,n30_c50_s42,1,1.0
914128,bertopic,n30_c50_s42,12,0.9210200552661074
914767,bertopic,n30_c50_s42,12,0.9210200552661074
914838,bertopic,n30_c50_s42,9,0.4064713830446972
915745,bertopic,n30_c50_s42,-1,0.0
917093,bertopic,n30_c50_s42,-1,0.0
919888,bertopic,n30_c50_s42,25,1.0
920139,bertopic,n30_c50_s42,29,1.0
920360,bertopic,n30_c50_s42,1,1.0
920513,bertopic,n30_c50_s42,-1,0.0
921356,bertopic,n30_c50_s42,0,1.0
921590,bertopic,n30_c50_s42,6,1.0
922266,bertopic,n30_c50_s42,0,1.0
923043,bertopic,n30_c50_s42,-1,0.0
923715,bertopic,n30_c50_s42,10,0.5894466450828768
924953,bertopic,n30_c50_s42,13,0.6830727701048592
925391,bertopic,n30_c50_s42,29,1.0
925961,bertopic,n30_c50_s42,1,1.0
926212,bertopic,n30_c50_s42,-1,0.0
926526,bertopic,n30_c50_s42,10,0.9631332460522958
926858,bertopic,n30_c50_s42,11,1.0
926992,bertopic,n30_c50_s42,-1,0.0
927582,bertopic,n30_c50_s42,26,1.0
928473,bertopic,n30_c50_s42,4,0.3492045561321186
929989,bertopic,n30_c50_s42,-1,0.0
931446,bertopic,n30_c50_s42,4,0.2346455418909997
931451,bertopic,n30_c50_s42,23,1.0
931661,bertopic,n30_c50_s42,-1,0.0
932266,bertopic,n30_c50_s42,0,1.0
932468,bertopic,n30_c50_s42,-1,0.0
933784,bertopic,n30_c50_s42,18,0.7849098192343004
936437,bertopic,n30_c50_s42,-1,0.0
936494,bertopic,n30_c50_s42,28,0.5284503803399067
938557,bertopic,n30_c50_s42,6,0.8732138800261706
938810,bertopic,n30_c50_s42,6,0.815533408053334
939062,bertopic,n30_c50_s42,4,0.3361351057864299
939431,bertopic,n30_c50_s42,-1,0.0
939974,bertopic,n30_c50_s42,1,1.0
940148,bertopic,n30_c50_s42,7,0.6329013270280908
942698,bertopic,n30_c50_s42,18,0.8144101955378354
943473,bertopic,n30_c50_s42,-1,0.0
943536,bertopic,n30_c50_s42,2,1.0
944349,bertopic,n30_c50_s42,27,1.0
944415,bertopic,n30_c50_s42,1,1.0
946748,bertopic,n30_c50_s42,9,0.4064713830446972
947165,bertopic,n30_c50_s42,29,1.0
947678,bertopic,n30_c50_s42,0,1.0
949593,bertopic,n30_c50_s42,6,0.9858731192855813
951771,bertopic,n30_c50_s42,1,1.0
951940,bertopic,n30_c50_s42,13,0.8208505836703022
952202,bertopic,n30_c50_s42,-1,0.0
952335,bertopic,n30_c50_s42,0,1.0
955033,bertopic,n30_c50_s42,2,0.9829580361598801
955035,bertopic,n30_c50_s42,23,1.0
956899,bertopic,n30_c50_s42,8,0.7208274752551447
966254,bertopic,n30_c50_s42,30,1.0
966855,bertopic,n30_c50_s42,13,0.15984095800785167
967053,bertopic,n30_c50_s42,-1,0.0
967464,bertopic,n30_c50_s42,32,0.9146175811637844
967645,bertopic,n30_c50_s42,5,0.7487939650821628
968273,bertopic,n30_c50_s42,20,0.6144974580616861
968481,bertopic,n30_c50_s42,0,0.7926269156262562
968642,bertopic,n30_c50_s42,5,1.0
968857,bertopic,n30_c50_s42,22,0.17907433191154956
970440,bertopic,n30_c50_s42,5,1.0
970571,bertopic,n30_c50_s42,15,1.0
971340,bertopic,n30_c50_s42,13,1.0
971558,bertopic,n30_c50_s42,0,1.0
971958,bertopic,n30_c50_s42,9,1.0
972573,bertopic,n30_c50_s42,30,1.0
973210,bertopic,n30_c50_s42,0,0.36824908532147643
975342,bertopic,n30_c50_s42,0,1.0
975444,bertopic,n30_c50_s42,16,0.3174759740061865
975611,bertopic,n30_c50_s42,18,0.5592185893054612
975756,bertopic,n30_c50_s42,18,0.5918705130548453
976410,bertopic,n30_c50_s42,0,0.36824908532147643
978624,bertopic,n30_c50_s42,-1,0.0
979489,bertopic,n30_c50_s42,0,1.0
979552,bertopic,n30_c50_s42,19,1.0
979962,bertopic,n30_c50_s42,7,0.6329013270280908
980182,bertopic,n30_c50_s42,7,0.6329013270280908
980581,bertopic,n30_c50_s42,9,1.0
980991,bertopic,n30_c50_s42,4,0.6167481133974858
981047,bertopic,n30_c50_s42,4,0.2346455418909997
981270,bertopic,n30_c50_s42,8,1.0
981287,bertopic,n30_c50_s42,29,1.0
981413,bertopic,n30_c50_s42,19,1.0
981727,bertopic,n30_c50_s42,-1,0.0
982506,bertopic,n30_c50_s42,9,0.2612051597571305
983155,bertopic,n30_c50_s42,1,1.0
983284,bertopic,n30_c50_s42,14,1.0
984215,bertopic,n30_c50_s42,16,0.36006907423975865
984662,bertopic,n30_c50_s42,10,0.9695796474501495
986295,bertopic,n30_c50_s42,9,1.0
986633,bertopic,n30_c50_s42,-1,0.0
986953,bertopic,n30_c50_s42,-1,0.0
987048,bertopic,n30_c50_s42,5,1.0
987253,bertopic,n30_c50_s42,13,0.8208505836703022
987483,bertopic,n30_c50_s42,27,1.0
987539,bertopic,n30_c50_s42,0,1.0
988656,bertopic,n30_c50_s42,-1,0.0
988691,bertopic,n30_c50_s42,13,0.8208505836703022
988991,bertopic,n30_c50_s42,27,1.0
990161,bertopic,n30_c50_s42,1,1.0
990208,bertopic,n30_c50_s42,27,1.0
991167,bertopic,n30_c50_s42,1,1.0
991269,bertopic,n30_c50_s42,0,1.0
991872,bertopic,n30_c50_s42,4,0.24430841005030535
991935,bertopic,n30_c50_s42,6,0.9874743334534261
992944,bertopic,n30_c50_s42,13,1.0
993158,bertopic,n30_c50_s42,4,0.30615684153106065
993844,bertopic,n30_c50_s42,1,1.0
994375,bertopic,n30_c50_s42,14,0.590093718808835
994611,bertopic,n30_c50_s42,13,0.9436609933468288
995628,bertopic,n30_c50_s42,2,0.8065477069719174
996167,bertopic,n30_c50_s42,9,0.37740461138918036
996276,bertopic,n30_c50_s42,-1,0.0
996714,bertopic,n30_c50_s42,2,1.0
996931,bertopic,n30_c50_s42,9,0.15627189022901083
996940,bertopic,n30_c50_s42,-1,0.0
998870,bertopic,n30_c50_s42,21,1.0
998995,bertopic,n30_c50_s42,26,1.0
999286,bertopic,n30_c50_s42,4,0.7401343184481814
999384,bertopic,n30_c50_s42,3,0.6081427356922694
999559,bertopic,n30_c50_s42,13,0.28967252690817663
999623,bertopic,n30_c50_s42,10,0.5586037484136217
1000178,bertopic,n30_c50_s42,10,0.5803065854258068
1000189,bertopic,n30_c50_s42,9,0.4560970730292273
1000307,bertopic,n30_c50_s42,3,0.6081427356922694
1000340,bertopic,n30_c50_s42,4,0.5180927684109128
1000380,bertopic,n30_c50_s42,1,0.6777717758303584
1000528,bertopic,n30_c50_s42,15,0.6233644861436555
1000611,bertopic,n30_c50_s42,4,0.3492045561321186
1000749,bertopic,n30_c50_s42,-1,0.0
1001047,bertopic,n30_c50_s42,-1,0.0
1001274,bertopic,n30_c50_s42,27,1.0
1001458,bertopic,n30_c50_s42,27,1.0
1002776,bertopic,n30_c50_s42,2,0.7405515387401128
1003046,bertopic,n30_c50_s42,6,1.0
1003287,bertopic,n30_c50_s42,18,0.8251473943339708
1003291,bertopic,n30_c50_s42,11,0.32234801118826567
1003352,bertopic,n30_c50_s42,13,0.9478148105341804
1003542,bertopic,n30_c50_s42,5,0.9530098099054262
1004826,bertopic,n30_c50_s42,13,0.15984095800785167
1005957,bertopic,n30_c50_s42,12,0.42908970564869486
1006766,bertopic,n30_c50_s42,-1,0.0
1008637,bertopic,n30_c50_s42,17,0.36775429735321985
1008724,bertopic,n30_c50_s42,1,1.0
1009546,bertopic,n30_c50_s42,0,1.0
1009940,bertopic,n30_c50_s42,0,1.0
1010256,bertopic,n30_c50_s42,3,1.0
1010446,bertopic,n30_c50_s42,-1,0.0
1010509,bertopic,n30_c50_s42,-1,0.0
1010772,bertopic,n30_c50_s42,30,0.5631930804696043
1011128,bertopic,n30_c50_s42,18,1.0
1011670,bertopic,n30_c50_s42,32,1.0
1011897,bertopic,n30_c50_s42,0,1.0
1011957,bertopic,n30_c50_s42,-1,0.0
1013214,bertopic,n30_c50_s42,5,1.0
1013505,bertopic,n30_c50_s42,4,0.3492045561321186
1013715,bertopic,n30_c50_s42,10,1.0
1013753,bertopic,n30_c50_s42,4,0.2346455418909997
1014352,bertopic,n30_c50_s42,30,1.0
1014631,bertopic,n30_c50_s42,0,1.0
1015842,bertopic,n30_c50_s42,10,0.5294350024826888
1015982,bertopic,n30_c50_s42,6,0.9545057606203089
1016249,bertopic,n30_c50_s42,4,0.3492045561321186
1016372,bertopic,n30_c50_s42,2,0.32159062012732953
1017197,bertopic,n30_c50_s42,-1,0.0
1017852,bertopic,n30_c50_s42,4,0.25000335542031515
1018156,bertopic,n30_c50_s42,2,0.6663348971884033
1019074,bertopic,n30_c50_s42,3,0.6081427356922694
1019171,bertopic,n30_c50_s42,31,1.0
1019255,bertopic,n30_c50_s42,18,0.6772334794049368
1019557,bertopic,n30_c50_s42,32,1.0
1019722,bertopic,n30_c50_s42,-1,0.0
1019745,bertopic,n30_c50_s42,1,1.0
1020533,bertopic,n30_c50_s42,29,1.0
1020889,bertopic,n30_c50_s42,11,0.5686672715440684
1020917,bertopic,n30_c50_s42,7,0.6743946398752587
1020940,bertopic,n30_c50_s42,-1,0.0
1021384,bertopic,n30_c50_s42,21,1.0
1021736,bertopic,n30_c50_s42,26,1.0
1021989,bertopic,n30_c50_s42,5,1.0
1022416,bertopic,n30_c50_s42,12,0.9210200552661074
1022856,bertopic,n30_c50_s42,4,0.6582241053862562
1022941,bertopic,n30_c50_s42,4,0.2346455418909997
1023622,bertopic,n30_c50_s42,0,1.0
1023669,bertopic,n30_c50_s42,1,1.0
1023726,bertopic,n30_c50_s42,0,1.0
1023811,bertopic,n30_c50_s42,20,0.7560381939531174
1023901,bertopic,n30_c50_s42,0,1.0
1024280,bertopic,n30_c50_s42,6,0.969589876961123
1024345,bertopic,n30_c50_s42,0,1.0
1025219,bertopic,n30_c50_s42,13,1.0
1025410,bertopic,n30_c50_s42,0,0.5648985095706546
1025600,bertopic,n30_c50_s42,-1,0.0
1026708,bertopic,n30_c50_s42,0,1.0
1026799,bertopic,n30_c50_s42,0,1.0
1027124,bertopic,n30_c50_s42,-1,0.0
1028597,bertopic,n30_c50_s42,-1,0.0
1029189,bertopic,n30_c50_s42,0,1.0
1029846,bertopic,n30_c50_s42,29,1.0
1029892,bertopic,n30_c50_s42,12,0.7211672814731643
1030051,bertopic,n30_c50_s42,0,1.0
1030230,bertopic,n30_c50_s42,0,1.0
1031034,bertopic,n30_c50_s42,10,0.5803065854258068
1031347,bertopic,n30_c50_s42,10,0.629391152472408
1031601,bertopic,n30_c50_s42,0,1.0
1032243,bertopic,n30_c50_s42,19,1.0
1032430,bertopic,n30_c50_s42,12,1.0
1032439,bertopic,n30_c50_s42,-1,0.0
1032462,bertopic,n30_c50_s42,3,0.6411034069397687
1032772,bertopic,n30_c50_s42,0,1.0
1033027,bertopic,n30_c50_s42,-1,0.0
1033232,bertopic,n30_c50_s42,-1,0.0
1033395,bertopic,n30_c50_s42,6,1.0
1034845,bertopic,n30_c50_s42,33,1.0
1034900,bertopic,n30_c50_s42,-1,0.0
1034953,bertopic,n30_c50_s42,27,0.8489004945580528
1035229,bertopic,n30_c50_s42,17,0.31567713277967174
1035289,bertopic,n30_c50_s42,14,1.0
1035310,bertopic,n30_c50_s42,4,1.0
1035367,bertopic,n30_c50_s42,-1,0.0
1035380,bertopic,n30_c50_s42,7,1.0
1035388,bertopic,n30_c50_s42,-1,0.0
1035429,bertopic,n30_c50_s42,30,1.0
1035544,bertopic,n30_c50_s42,10,0.5370247030101564
1035994,bertopic,n30_c50_s42,5,1.0
1036613,bertopic,n30_c50_s42,0,1.0
1037469,bertopic,n30_c50_s42,-1,0.0
1037617,bertopic,n30_c50_s42,5,1.0
1038352,bertopic,n30_c50_s42,14,0.4872221146516519
1040208,bertopic,n30_c50_s42,0,1.0
1040297,bertopic,n30_c50_s42,-1,0.0
1040352,bertopic,n30_c50_s42,0,1.0
1042129,bertopic,n30_c50_s42,26,0.9098680600231336
1043663,bertopic,n30_c50_s42,5,1.0
1043877,bertopic,n30_c50_s42,1,1.0
1044229,bertopic,n30_c50_s42,11,0.6913228849770109
1044609,bertopic,n30_c50_s42,7,0.6743946398752587
1044777,bertopic,n30_c50_s42,27,1.0
1044904,bertopic,n30_c50_s42,0,0.9566404057971176
1044974,bertopic,n30_c50_s42,-1,0.0
1044981,bertopic,n30_c50_s42,18,0.5804716848273952
1045140,bertopic,n30_c50_s42,2,0.6663348971884033
1045154,bertopic,n30_c50_s42,27,1.0
1047012,bertopic,n30_c50_s42,31,1.0
1047052,bertopic,n30_c50_s42,8,0.8795471043414791
1048141,bertopic,n30_c50_s42,7,0.6329013270280908
1048375,bertopic,n30_c50_s42,25,0.8373535897739036
1048410,bertopic,n30_c50_s42,12,1.0
1048805,bertopic,n30_c50_s42,-1,0.0
1049420,bertopic,n30_c50_s42,26,1.0
1050845,bertopic,n30_c50_s42,13,1.0
1051104,bertopic,n30_c50_s42,10,0.5894466450828768
1053526,bertopic,n30_c50_s42,1,1.0
1053725,bertopic,n30_c50_s42,25,1.0
1053754,bertopic,n30_c50_s42,15,1.0
1055222,bertopic,n30_c50_s42,9,0.4064713830446972
1055609,bertopic,n30_c50_s42,4,0.2346455418909997
1055813,bertopic,n30_c50_s42,6,0.9843256217951293
1056195,bertopic,n30_c50_s42,13,0.7224169158854481
1056210,bertopic,n30_c50_s42,33,1.0
1056986,bertopic,n30_c50_s42,30,0.541662159836023
1057503,bertopic,n30_c50_s42,1,1.0
1057649,bertopic,n30_c50_s42,-1,0.0
1059360,bertopic,n30_c50_s42,9,0.4851713731546947
1059969,bertopic,n30_c50_s42,0,1.0
1060043,bertopic,n30_c50_s42,9,0.15627189022901083
1060532,bertopic,n30_c50_s42,20,1.0
1060803,bertopic,n30_c50_s42,-1,0.0
1061551,bertopic,n30_c50_s42,13,0.5829430491097874
1061978,bertopic,n30_c50_s42,6,0.8834449104729313
1062074,bertopic,n30_c50_s42,19,0.6844252363349144
1062739,bertopic,n30_c50_s42,-1,0.0
1062797,bertopic,n30_c50_s42,23,0.6011590249904013
1063424,bertopic,n30_c50_s42,21,1.0
1063437,bertopic,n30_c50_s42,0,0.5041651173221762
1063454,bertopic,n30_c50_s42,15,0.8315447929602618
1063476,bertopic,n30_c50_s42,11,0.29547841106989875
1064404,bertopic,n30_c50_s42,1,1.0
1065299,bertopic,n30_c50_s42,5,1.0
1065448,bertopic,n30_c50_s42,1,1.0
1066123,bertopic,n30_c50_s42,0,1.0
1066522,bertopic,n30_c50_s42,5,1.0
1067578,bertopic,n30_c50_s42,16,0.8108908546966304
1067693,bertopic,n30_c50_s42,0,1.0
1069084,bertopic,n30_c50_s42,4,0.25000335542031515
1069106,bertopic,n30_c50_s42,-1,0.0
1069254,bertopic,n30_c50_s42,1,0.9753855308371578
1069513,bertopic,n30_c50_s42,-1,0.0
1069835,bertopic,n30_c50_s42,9,0.15627189022901083
1069840,bertopic,n30_c50_s42,0,1.0
1070162,bertopic,n30_c50_s42,7,0.6743946398752587
1070665,bertopic,n30_c50_s42,12,1.0
1070969,bertopic,n30_c50_s42,10,0.5803065854258068
1071080,bertopic,n30_c50_s42,-1,0.0
1071107,bertopic,n30_c50_s42,-1,0.0
1071215,bertopic,n30_c50_s42,1,1.0
1072037,bertopic,n30_c50_s42,0,0.36824908532147643
1072289,bertopic,n30_c50_s42,15,0.6999024534698656
1072551,bertopic,n30_c50_s42,13,0.2843312600128426
1072623,bertopic,n30_c50_s42,26,1.0
1073104,bertopic,n30_c50_s42,6,0.9963245588594405
1073234,bertopic,n30_c50_s42,-1,0.0
1073292,bertopic,n30_c50_s42,23,1.0
1073802,bertopic,n30_c50_s42,1,1.0
1074110,bertopic,n30_c50_s42,18,0.41682991827269844
1074238,bertopic,n30_c50_s42,-1,0.0
1076235,bertopic,n30_c50_s42,7,0.7668904961436748
1076466,bertopic,n30_c50_s42,24,1.0
1076467,bertopic,n30_c50_s42,12,1.0
1076495,bertopic,n30_c50_s42,12,0.7211672814731643
1076705,bertopic,n30_c50_s42,19,1.0
1077122,bertopic,n30_c50_s42,-1,0.0
1077485,bertopic,n30_c50_s42,18,1.0
1078023,bertopic,n30_c50_s42,9,0.5918905488692112
1078248,bertopic,n30_c50_s42,2,1.0
1078560,bertopic,n30_c50_s42,-1,0.0
1078592,bertopic,n30_c50_s42,14,0.660681332027636
1079076,bertopic,n30_c50_s42,0,0.7668876494453416
1079790,bertopic,n30_c50_s42,0,0.7327086909246572
1080149,bertopic,n30_c50_s42,-1,0.0
1080614,bertopic,n30_c50_s42,0,1.0
1080759,bertopic,n30_c50_s42,10,0.7041284899096475
1080788,bertopic,n30_c50_s42,-1,0.0
1080884,bertopic,n30_c50_s42,0,1.0
1081001,bertopic,n30_c50_s42,6,1.0
1081342,bertopic,n30_c50_s42,1,1.0
1081892,bertopic,n30_c50_s42,7,1.0
1082238,bertopic,n30_c50_s42,6,0.969589876961123
1083077,bertopic,n30_c50_s42,6,0.964183705433718
1083556,bertopic,n30_c50_s42,0,1.0
1084556,bertopic,n30_c50_s42,1,1.0
1084685,bertopic,n30_c50_s42,26,1.0
1084698,bertopic,n30_c50_s42,-1,0.0
1084727,bertopic,n30_c50_s42,23,1.0
1084772,bertopic,n30_c50_s42,24,1.0
1085540,bertopic,n30_c50_s42,-1,0.0
1086110,bertopic,n30_c50_s42,23,1.0
1086352,bertopic,n30_c50_s42,7,0.6331035670216715
1087088,bertopic,n30_c50_s42,6,0.969589876961123
1087763,bertopic,n30_c50_s42,12,0.3894656600230355
1087979,bertopic,n30_c50_s42,13,0.3708289796333493
1088031,bertopic,n30_c50_s42,1,1.0
1088610,bertopic,n30_c50_s42,18,0.7209621648543114
1088726,bertopic,n30_c50_s42,18,0.5662641148914037
1089680,bertopic,n30_c50_s42,0,1.0
1089743,bertopic,n30_c50_s42,19,1.0
1089980,bertopic,n30_c50_s42,2,0.32159062012732953
1090059,bertopic,n30_c50_s42,24,0.9157172519969748
1090082,bertopic,n30_c50_s42,4,0.8754563073296426
1090851,bertopic,n30_c50_s42,25,0.8373535897739036
1091144,bertopic,n30_c50_s42,10,0.5803065854258068
1091597,bertopic,n30_c50_s42,18,0.5897580686072806
1091700,bertopic,n30_c50_s42,18,1.0
1092044,bertopic,n30_c50_s42,1,0.505309894426839
1092137,bertopic,n30_c50_s42,3,0.6081427356922694
1092142,bertopic,n30_c50_s42,30,0.8044515786915907
1093059,bertopic,n30_c50_s42,8,0.8234048989030487
1093801,bertopic,n30_c50_s42,9,1.0
1094257,bertopic,n30_c50_s42,-1,0.0
1094353,bertopic,n30_c50_s42,29,1.0
1095314,bertopic,n30_c50_s42,-1,0.0
1095730,bertopic,n30_c50_s42,21,0.7815536156096878
1095744,bertopic,n30_c50_s42,-1,0.0
1095794,bertopic,n30_c50_s42,28,1.0
1096069,bertopic,n30_c50_s42,10,1.0
1096200,bertopic,n30_c50_s42,-1,0.0
1096241,bertopic,n30_c50_s42,15,0.5188274807754704
1096298,bertopic,n30_c50_s42,-1,0.0
1096461,bertopic,n30_c50_s42,25,1.0
1096507,bertopic,n30_c50_s42,25,0.8373535897739036
1096572,bertopic,n30_c50_s42,7,0.6012242488270858
1096749,bertopic,n30_c50_s42,0,1.0
1097185,bertopic,n30_c50_s42,1,0.505309894426839
1097300,bertopic,n30_c50_s42,26,1.0
1097409,bertopic,n30_c50_s42,6,1.0
1097521,bertopic,n30_c50_s42,25,1.0
1097866,bertopic,n30_c50_s42,1,1.0
1098259,bertopic,n30_c50_s42,7,0.700378083260655
1098545,bertopic,n30_c50_s42,-1,0.0
1098819,bertopic,n30_c50_s42,25,1.0
1098963,bertopic,n30_c50_s42,25,1.0
1098982,bertopic,n30_c50_s42,-1,0.0
1099091,bertopic,n30_c50_s42,7,1.0
1099235,bertopic,n30_c50_s42,4,1.0
1099490,bertopic,n30_c50_s42,-1,0.0
1099494,bertopic,n30_c50_s42,12,0.27971551991559757
1099514,bertopic,n30_c50_s42,-1,0.0
1099526,bertopic,n30_c50_s42,18,0.4949851688650946
1099659,bertopic,n30_c50_s42,7,0.704380352532158
1099789,bertopic,n30_c50_s42,-1,0.0
1099991,bertopic,n30_c50_s42,-1,0.0
1100292,bertopic,n30_c50_s42,25,1.0
1100313,bertopic,n30_c50_s42,24,1.0
1100338,bertopic,n30_c50_s42,1,0.505309894426839
1100413,bertopic,n30_c50_s42,-1,0.0
1100434,bertopic,n30_c50_s42,9,0.4064713830446972
1100449,bertopic,n30_c50_s42,7,0.6657985994697911
1100552,bertopic,n30_c50_s42,12,1.0
1100594,bertopic,n30_c50_s42,29,1.0
1100861,bertopic,n30_c50_s42,-1,0.0
1100932,bertopic,n30_c50_s42,14,0.253646027616005
1100975,bertopic,n30_c50_s42,0,1.0
1100995,bertopic,n30_c50_s42,-1,0.0
1101219,bertopic,n30_c50_s42,7,0.9551594258533956
1101347,bertopic,n30_c50_s42,0,1.0
1101600,bertopic,n30_c50_s42,1,1.0
1101650,bertopic,n30_c50_s42,7,1.0
1101774,bertopic,n30_c50_s42,18,0.4844990727916691
1101833,bertopic,n30_c50_s42,1,1.0
1102145,bertopic,n30_c50_s42,1,1.0
1102171,bertopic,n30_c50_s42,12,0.9810332280772746
1102209,bertopic,n30_c50_s42,20,1.0
1102291,bertopic,n30_c50_s42,25,1.0
1102329,bertopic,n30_c50_s42,-1,0.0
1102357,bertopic,n30_c50_s42,-1,0.0
1102380,bertopic,n30_c50_s42,3,0.6081427356922694
1102591,bertopic,n30_c50_s42,6,1.0
1102629,bertopic,n30_c50_s42,1,1.0
1102677,bertopic,n30_c50_s42,7,1.0
1102830,bertopic,n30_c50_s42,6,0.9275243121588785
1102838,bertopic,n30_c50_s42,-1,0.0
1102965,bertopic,n30_c50_s42,-1,0.0
1103065,bertopic,n30_c50_s42,-1,0.0
1103081,bertopic,n30_c50_s42,7,0.6329013270280908
1103395,bertopic,n30_c50_s42,-1,0.0
1103566,bertopic,n30_c50_s42,-1,0.0
1103673,bertopic,n30_c50_s42,7,0.6109177036870133
1103695,bertopic,n30_c50_s42,-1,0.0
1103889,bertopic,n30_c50_s42,0,1.0
1103910,bertopic,n30_c50_s42,0,1.0
1104481,bertopic,n30_c50_s42,-1,0.0
1104538,bertopic,n30_c50_s42,0,1.0
1105907,bertopic,n30_c50_s42,10,1.0
1105913,bertopic,n30_c50_s42,7,0.6329013270280908
1105941,bertopic,n30_c50_s42,20,1.0
1105952,bertopic,n30_c50_s42,20,1.0
1106184,bertopic,n30_c50_s42,11,0.6913228849770109
1106279,bertopic,n30_c50_s42,-1,0.0
1106821,bertopic,n30_c50_s42,0,0.8977799534390634
1107054,bertopic,n30_c50_s42,-1,0.0
1107129,bertopic,n30_c50_s42,21,0.7136277303496203
1107310,bertopic,n30_c50_s42,12,1.0
1107428,bertopic,n30_c50_s42,-1,0.0
1107525,bertopic,n30_c50_s42,20,0.8649476323886715
1107629,bertopic,n30_c50_s42,25,1.0
1108008,bertopic,n30_c50_s42,20,1.0
1108317,bertopic,n30_c50_s42,0,0.8252363441655078
1108557,bertopic,n30_c50_s42,19,1.0
1108766,bertopic,n30_c50_s42,-1,0.0
1109432,bertopic,n30_c50_s42,11,0.41489177599823546
1109710,bertopic,n30_c50_s42,13,0.5466670237550147
1109970,bertopic,n30_c50_s42,1,1.0
1110115,bertopic,n30_c50_s42,5,1.0
1110127,bertopic,n30_c50_s42,3,0.927128753439249
1110172,bertopic,n30_c50_s42,5,1.0
1110269,bertopic,n30_c50_s42,5,1.0
1110328,bertopic,n30_c50_s42,5,0.9890777996469526
1110439,bertopic,n30_c50_s42,6,1.0
1110451,bertopic,n30_c50_s42,0,1.0
1110625,bertopic,n30_c50_s42,-1,0.0
1110676,bertopic,n30_c50_s42,3,0.6081427356922694
1110709,bertopic,n30_c50_s42,3,1.0
1110792,bertopic,n30_c50_s42,7,0.6310978420064485
1110901,bertopic,n30_c50_s42,0,1.0
1110981,bertopic,n30_c50_s42,2,1.0
1111001,bertopic,n30_c50_s42,33,1.0
1111532,bertopic,n30_c50_s42,5,1.0
1111947,bertopic,n30_c50_s42,0,0.5177722801887799
1112028,bertopic,n30_c50_s42,-1,0.0
1112046,bertopic,n30_c50_s42,2,1.0
1112330,bertopic,n30_c50_s42,5,1.0
1112600,bertopic,n30_c50_s42,16,1.0
1112879,bertopic,n30_c50_s42,6,1.0
1113001,bertopic,n30_c50_s42,1,1.0
1113004,bertopic,n30_c50_s42,2,1.0
1113072,bertopic,n30_c50_s42,3,0.6081427356922694
1113366,bertopic,n30_c50_s42,13,0.8474205748935222
1113844,bertopic,n30_c50_s42,2,0.7507194966756637
1113949,bertopic,n30_c50_s42,6,0.8324370534653994
1114316,bertopic,n30_c50_s42,2,1.0
1114352,bertopic,n30_c50_s42,2,0.7405515387401128
1114794,bertopic,n30_c50_s42,4,0.22038491078259623
1114827,bertopic,n30_c50_s42,2,0.44573210987667633
1114891,bertopic,n30_c50_s42,3,0.832458640934726
1114995,bertopic,n30_c50_s42,11,1.0
1115098,bertopic,n30_c50_s42,28,0.4592712997166366
1115154,bertopic,n30_c50_s42,11,1.0
1115204,bertopic,n30_c50_s42,-1,0.0
1115380,bertopic,n30_c50_s42,2,1.0
1115412,bertopic,n30_c50_s42,27,1.0
1115576,bertopic,n30_c50_s42,2,1.0
1115643,bertopic,n30_c50_s42,2,1.0
1115941,bertopic,n30_c50_s42,21,1.0
1116089,bertopic,n30_c50_s42,2,0.7968031923761087
1116562,bertopic,n30_c50_s42,10,0.5894466450828768
1116827,bertopic,n30_c50_s42,-1,0.0
1116858,bertopic,n30_c50_s42,5,1.0
1116913,bertopic,n30_c50_s42,13,1.0
1117195,bertopic,n30_c50_s42,23,0.7966831787476452
1117230,bertopic,n30_c50_s42,-1,0.0
1117275,bertopic,n30_c50_s42,2,1.0
1117493,bertopic,n30_c50_s42,10,0.5894466450828768
1117508,bertopic,n30_c50_s42,15,1.0
1117531,bertopic,n30_c50_s42,2,1.0
1117684,bertopic,n30_c50_s42,2,1.0
1117698,bertopic,n30_c50_s42,7,0.6329013270280908
1118052,bertopic,n30_c50_s42,2,1.0
1118073,bertopic,n30_c50_s42,2,0.824463976127383
1118141,bertopic,n30_c50_s42,23,1.0
1118205,bertopic,n30_c50_s42,4,0.5900975459761179
1118246,bertopic,n30_c50_s42,1,1.0
1118312,bertopic,n30_c50_s42,2,1.0
1118440,bertopic,n30_c50_s42,32,1.0
1118480,bertopic,n30_c50_s42,3,1.0
1118533,bertopic,n30_c50_s42,19,1.0
1118668,bertopic,n30_c50_s42,1,1.0
1118759,bertopic,n30_c50_s42,2,0.9345038608579525
1118824,bertopic,n30_c50_s42,1,1.0
1118923,bertopic,n30_c50_s42,6,1.0
1119095,bertopic,n30_c50_s42,3,0.5105894159101899
1119264,bertopic,n30_c50_s42,2,1.0
1119296,bertopic,n30_c50_s42,1,1.0
1119321,bertopic,n30_c50_s42,2,0.6663348971884033
1119376,bertopic,n30_c50_s42,4,0.3105081380033904
1119387,bertopic,n30_c50_s42,2,0.6663348971884033
1119504,bertopic,n30_c50_s42,-1,0.0
1119709,bertopic,n30_c50_s42,16,1.0
1119724,bertopic,n30_c50_s42,4,0.7917610578435799
1119732,bertopic,n30_c50_s42,2,0.6663348971884033
1119837,bertopic,n30_c50_s42,2,0.6663348971884033
1119949,bertopic,n30_c50_s42,-1,0.0
1120028,bertopic,n30_c50_s42,1,1.0
1120135,bertopic,n30_c50_s42,3,0.6081427356922694
1120334,bertopic,n30_c50_s42,26,1.0
1121077,bertopic,n30_c50_s42,7,0.8678977239100092
1121307,bertopic,n30_c50_s42,2,1.0
1121314,bertopic,n30_c50_s42,2,1.0
1121341,bertopic,n30_c50_s42,2,1.0
1121447,bertopic,n30_c50_s42,2,0.9081442961712346
1121643,bertopic,n30_c50_s42,3,0.6687944265059543
1121926,bertopic,n30_c50_s42,-1,0.0
1122060,bertopic,n30_c50_s42,22,0.3727474707959642
1122687,bertopic,n30_c50_s42,5,1.0
1122913,bertopic,n30_c50_s42,5,1.0
1123071,bertopic,n30_c50_s42,5,1.0
1123093,bertopic,n30_c50_s42,-1,0.0
1124310,bertopic,n30_c50_s42,3,0.6081427356922694
1124347,bertopic,n30_c50_s42,5,1.0
1124353,bertopic,n30_c50_s42,5,0.5140560588341647
1124387,bertopic,n30_c50_s42,5,0.9733651824554702
1124797,bertopic,n30_c50_s42,20,0.7786199701729842
1124824,bertopic,n30_c50_s42,-1,0.0
1124977,bertopic,n30_c50_s42,-1,0.0
1125019,bertopic,n30_c50_s42,0,1.0
1125021,bertopic,n30_c50_s42,11,0.6479597994231572
1125760,bertopic,n30_c50_s42,5,1.0
1126048,bertopic,n30_c50_s42,3,1.0
1126258,bertopic,n30_c50_s42,13,0.15984095800785167
1126719,bertopic,n30_c50_s42,1,1.0
1126733,bertopic,n30_c50_s42,1,1.0
1127164,bertopic,n30_c50_s42,2,0.32159062012732953
1127853,bertopic,n30_c50_s42,20,1.0
1128790,bertopic,n30_c50_s42,-1,0.0
1128885,bertopic,n30_c50_s42,5,1.0
1128919,bertopic,n30_c50_s42,1,1.0
1128965,bertopic,n30_c50_s42,0,1.0
1129054,bertopic,n30_c50_s42,2,1.0
1129221,bertopic,n30_c50_s42,1,1.0
1129241,bertopic,n30_c50_s42,6,1.0
1129745,bertopic,n30_c50_s42,3,1.0
1129847,bertopic,n30_c50_s42,1,1.0
1129929,bertopic,n30_c50_s42,-1,0.0
1130065,bertopic,n30_c50_s42,4,0.23737789424836375
1130119,bertopic,n30_c50_s42,2,0.7968031923761087
1130131,bertopic,n30_c50_s42,5,1.0
1130323,bertopic,n30_c50_s42,3,0.6081427356922694
1130384,bertopic,n30_c50_s42,1,1.0
1130842,bertopic,n30_c50_s42,17,0.36401815743978144
1130955,bertopic,n30_c50_s42,13,0.9247051633445018
1131856,bertopic,n30_c50_s42,32,1.0
1132014,bertopic,n30_c50_s42,5,1.0
1132074,bertopic,n30_c50_s42,3,1.0
1132163,bertopic,n30_c50_s42,-1,0.0
1132406,bertopic,n30_c50_s42,12,1.0
1132415,bertopic,n30_c50_s42,22,0.2806333172104378
1132790,bertopic,n30_c50_s42,-1,0.0
1133215,bertopic,n30_c50_s42,13,1.0
1133283,bertopic,n30_c50_s42,1,0.9753855308371578
1133321,bertopic,n30_c50_s42,14,0.9325813887238253
1133411,bertopic,n30_c50_s42,0,1.0
1133518,bertopic,n30_c50_s42,0,1.0
1133697,bertopic,n30_c50_s42,-1,0.0
1133760,bertopic,n30_c50_s42,0,1.0
1133776,bertopic,n30_c50_s42,11,0.5440335288145431
1133880,bertopic,n30_c50_s42,13,0.4570535107663402
1134028,bertopic,n30_c50_s42,12,0.42908970564869486
1134165,bertopic,n30_c50_s42,10,0.629391152472408
1134199,bertopic,n30_c50_s42,13,1.0
1134222,bertopic,n30_c50_s42,0,1.0
1134608,bertopic,n30_c50_s42,-1,0.0
1134753,bertopic,n30_c50_s42,20,0.39625249468026214
1134862,bertopic,n30_c50_s42,5,1.0
1135019,bertopic,n30_c50_s42,13,0.4016165622149563
1135134,bertopic,n30_c50_s42,1,1.0
1135142,bertopic,n30_c50_s42,13,1.0
1136015,bertopic,n30_c50_s42,0,1.0
1136884,bertopic,n30_c50_s42,1,1.0
1137187,bertopic,n30_c50_s42,10,0.5894466450828768
1137490,bertopic,n30_c50_s42,-1,0.0
1137796,bertopic,n30_c50_s42,1,1.0
1138035,bertopic,n30_c50_s42,29,1.0
1138182,bertopic,n30_c50_s42,-1,0.0
1138623,bertopic,n30_c50_s42,11,0.3203022519646673
1138707,bertopic,n30_c50_s42,3,0.5673917372193515
1139842,bertopic,n30_c50_s42,-1,0.0
1140181,bertopic,n30_c50_s42,0,1.0
1140801,bertopic,n30_c50_s42,9,1.0
1141046,bertopic,n30_c50_s42,13,0.9256077572219343
1141197,bertopic,n30_c50_s42,13,0.15984095800785167
1141638,bertopic,n30_c50_s42,28,1.0
1141813,bertopic,n30_c50_s42,7,0.6329013270280908
1141951,bertopic,n30_c50_s42,0,1.0
1142937,bertopic,n30_c50_s42,26,1.0
1144824,bertopic,n30_c50_s42,-1,0.0
1145165,bertopic,n30_c50_s42,21,1.0
1145638,bertopic,n30_c50_s42,15,0.9826716519468096
1146027,bertopic,n30_c50_s42,-1,0.0
1146042,bertopic,n30_c50_s42,5,1.0
1146152,bertopic,n30_c50_s42,-1,0.0
1146252,bertopic,n30_c50_s42,20,0.7538955191078496
1146352,bertopic,n30_c50_s42,6,0.9545057606203089
1147158,bertopic,n30_c50_s42,18,0.8547192829059373
1147273,bertopic,n30_c50_s42,-1,0.0
1147402,bertopic,n30_c50_s42,-1,0.0
1147699,bertopic,n30_c50_s42,1,1.0
1148447,bertopic,n30_c50_s42,10,1.0
1148547,bertopic,n30_c50_s42,5,1.0
1148606,bertopic,n30_c50_s42,0,1.0
1148875,bertopic,n30_c50_s42,4,0.6763278896283411
1149101,bertopic,n30_c50_s42,18,1.0
1149294,bertopic,n30_c50_s42,18,0.9972543625695234
1149383,bertopic,n30_c50_s42,4,0.6026222447511492
1150390,bertopic,n30_c50_s42,2,0.7807423896692618
1150687,bertopic,n30_c50_s42,10,1.0
1151009,bertopic,n30_c50_s42,0,1.0
1151445,bertopic,n30_c50_s42,1,1.0
1151675,bertopic,n30_c50_s42,4,0.9057981572624046
1151793,bertopic,n30_c50_s42,20,0.35143732033808617
1154042,bertopic,n30_c50_s42,0,1.0
1154242,bertopic,n30_c50_s42,5,1.0
1154680,bertopic,n30_c50_s42,0,0.864278930475371
1155302,bertopic,n30_c50_s42,16,1.0
1156050,bertopic,n30_c50_s42,-1,0.0
1158781,bertopic,n30_c50_s42,-1,0.0
1159641,bertopic,n30_c50_s42,26,1.0
1160696,bertopic,n30_c50_s42,24,1.0
1161665,bertopic,n30_c50_s42,-1,0.0
1161789,bertopic,n30_c50_s42,29,1.0
1161895,bertopic,n30_c50_s42,16,0.4181022599278337
1162509,bertopic,n30_c50_s42,24,1.0
1162778,bertopic,n30_c50_s42,21,0.7815536156096878
1163727,bertopic,n30_c50_s42,0,1.0
1163846,bertopic,n30_c50_s42,2,1.0
1166428,bertopic,n30_c50_s42,8,1.0
1166606,bertopic,n30_c50_s42,16,0.3329671510707153
1172193,bertopic,n30_c50_s42,8,1.0
1173734,bertopic,n30_c50_s42,16,0.8808503466991511
1176583,bertopic,n30_c50_s42,8,0.7337638636135482
1176973,bertopic,n30_c50_s42,15,0.7742378781867858
1177723,bertopic,n30_c50_s42,12,0.7211672814731643
1177972,bertopic,n30_c50_s42,-1,0.0
1178665,bertopic,n30_c50_s42,4,0.3492045561321186
1179288,bertopic,n30_c50_s42,4,0.23737789424836375
1179930,bertopic,n30_c50_s42,32,1.0
1180166,bertopic,n30_c50_s42,0,1.0
1180430,bertopic,n30_c50_s42,24,0.7205137654716806
1180915,bertopic,n30_c50_s42,-1,0.0
1182632,bertopic,n30_c50_s42,23,0.7741306637578623
1185968,bertopic,n30_c50_s42,-1,0.0
1189527,bertopic,n30_c50_s42,5,1.0
1189737,bertopic,n30_c50_s42,0,1.0
1190471,bertopic,n30_c50_s42,1,1.0
1191095,bertopic,n30_c50_s42,-1,0.0
1191971,bertopic,n30_c50_s42,5,1.0
1192253,bertopic,n30_c50_s42,26,1.0
1192680,bertopic,n30_c50_s42,-1,0.0
1193022,bertopic,n30_c50_s42,0,0.7217390602409205
1196817,bertopic,n30_c50_s42,-1,0.0
1198108,bertopic,n30_c50_s42,24,0.9120927104958851
1200295,bertopic,n30_c50_s42,-1,0.0
1200453,bertopic,n30_c50_s42,24,0.862958005334942
1200649,bertopic,n30_c50_s42,16,0.8645674134562564
1200694,bertopic,n30_c50_s42,16,0.70183659181543
1202138,bertopic,n30_c50_s42,2,1.0
1202164,bertopic,n30_c50_s42,12,1.0
1202753,bertopic,n30_c50_s42,10,0.629391152472408
1203775,bertopic,n30_c50_s42,-1,0.0
1205723,bertopic,n30_c50_s42,5,1.0
1207633,bertopic,n30_c50_s42,-1,0.0
1208066,bertopic,n30_c50_s42,-1,0.0
1209971,bertopic,n30_c50_s42,19,1.0
1213628,bertopic,n30_c50_s42,9,0.4064713830446972
1214551,bertopic,n30_c50_s42,-1,0.0
1215205,bertopic,n30_c50_s42,1,1.0
1215569,bertopic,n30_c50_s42,23,1.0
1215831,bertopic,n30_c50_s42,18,1.0
1216753,bertopic,n30_c50_s42,15,1.0
1217154,bertopic,n30_c50_s42,10,1.0
1217384,bertopic,n30_c50_s42,24,1.0
1222251,bertopic,n30_c50_s42,3,1.0
1222276,bertopic,n30_c50_s42,11,0.7068278102535097
1223277,bertopic,n30_c50_s42,3,0.6355475069810443
1223412,bertopic,n30_c50_s42,1,1.0
1225916,bertopic,n30_c50_s42,-1,0.0
1226995,bertopic,n30_c50_s42,24,1.0
1227271,bertopic,n30_c50_s42,11,0.830923516526849
1227710,bertopic,n30_c50_s42,9,0.15627189022901083
1228096,bertopic,n30_c50_s42,18,0.9972543625695234
1228776,bertopic,n30_c50_s42,5,1.0
1229008,bertopic,n30_c50_s42,-1,0.0
1229988,bertopic,n30_c50_s42,3,1.0
1231622,bertopic,n30_c50_s42,9,0.38157467866285977
1231635,bertopic,n30_c50_s42,-1,0.0
1231901,bertopic,n30_c50_s42,11,0.830923516526849
1232008,bertopic,n30_c50_s42,27,1.0
1232174,bertopic,n30_c50_s42,2,1.0
1233088,bertopic,n30_c50_s42,21,0.5832251940960714
1233385,bertopic,n30_c50_s42,16,0.5011894104151486
1233422,bertopic,n30_c50_s42,3,1.0
1235322,bertopic,n30_c50_s42,2,0.6236242389944299
1236378,bertopic,n30_c50_s42,3,1.0
1237031,bertopic,n30_c50_s42,5,1.0
1237170,bertopic,n30_c50_s42,2,0.8040952801849583
1237413,bertopic,n30_c50_s42,18,1.0
1237848,bertopic,n30_c50_s42,13,0.8208505836703022
1237922,bertopic,n30_c50_s42,12,0.9210200552661074
1238889,bertopic,n30_c50_s42,18,1.0
1238961,bertopic,n30_c50_s42,15,0.8182631694649148
1239523,bertopic,n30_c50_s42,11,0.6913228849770109
1240026,bertopic,n30_c50_s42,-1,0.0
1241291,bertopic,n30_c50_s42,9,0.15627189022901083
1242184,bertopic,n30_c50_s42,-1,0.0
1245244,bertopic,n30_c50_s42,1,1.0
1248105,bertopic,n30_c50_s42,7,0.6292442018350379
1248204,bertopic,n30_c50_s42,27,0.9578879395490713
1248300,bertopic,n30_c50_s42,23,0.4427394548895874
1250399,bertopic,n30_c50_s42,6,1.0
1251753,bertopic,n30_c50_s42,-1,0.0
1252071,bertopic,n30_c50_s42,14,0.45828659163577024
1252327,bertopic,n30_c50_s42,11,1.0
1254524,bertopic,n30_c50_s42,20,1.0
1256404,bertopic,n30_c50_s42,9,0.4064713830446972
1257472,bertopic,n30_c50_s42,5,0.40672484047523116
1260426,bertopic,n30_c50_s42,5,1.0
1261053,bertopic,n30_c50_s42,26,1.0
1261757,bertopic,n30_c50_s42,0,1.0
1262969,bertopic,n30_c50_s42,-1,0.0
1263492,bertopic,n30_c50_s42,28,0.3895379717352844
1264343,bertopic,n30_c50_s42,11,1.0
1264590,bertopic,n30_c50_s42,23,0.7559756602617633
1264716,bertopic,n30_c50_s42,9,0.198210999893872
1266683,bertopic,n30_c50_s42,24,0.6951241896704343
1267035,bertopic,n30_c50_s42,15,1.0
1267428,bertopic,n30_c50_s42,5,1.0
1267998,bertopic,n30_c50_s42,0,1.0
1270171,bertopic,n30_c50_s42,4,0.2346455418909997
1271152,bertopic,n30_c50_s42,12,0.5447659864362779
1271406,bertopic,n30_c50_s42,-1,0.0
1273521,bertopic,n30_c50_s42,28,0.6779835504636309
1274004,bertopic,n30_c50_s42,9,1.0
1275243,bertopic,n30_c50_s42,18,0.9972543625695234
1275309,bertopic,n30_c50_s42,1,0.687005548752584
1276979,bertopic,n30_c50_s42,27,1.0
1277211,bertopic,n30_c50_s42,15,1.0
1277828,bertopic,n30_c50_s42,24,1.0
1278728,bertopic,n30_c50_s42,-1,0.0
1280692,bertopic,n30_c50_s42,2,1.0
1282492,bertopic,n30_c50_s42,8,0.7208274752551447
1282669,bertopic,n30_c50_s42,-1,0.0
1283815,bertopic,n30_c50_s42,13,0.8208505836703022
1285885,bertopic,n30_c50_s42,15,1.0
1286087,bertopic,n30_c50_s42,-1,0.0
1286957,bertopic,n30_c50_s42,18,0.7849098192343004
1288369,bertopic,n30_c50_s42,2,1.0
1293162,bertopic,n30_c50_s42,18,1.0
1293332,bertopic,n30_c50_s42,29,1.0
1293933,bertopic,n30_c50_s42,9,0.4064713830446972
1295827,bertopic,n30_c50_s42,9,0.198210999893872
1295853,bertopic,n30_c50_s42,8,1.0
1295865,bertopic,n30_c50_s42,-1,0.0
1295888,bertopic,n30_c50_s42,-1,0.0
1296775,bertopic,n30_c50_s42,28,0.43244038780315924
1297875,bertopic,n30_c50_s42,0,1.0
1298653,bertopic,n30_c50_s42,24,1.0
1303438,bertopic,n30_c50_s42,1,1.0
1303474,bertopic,n30_c50_s42,18,1.0
1304857,bertopic,n30_c50_s42,0,1.0
1305880,bertopic,n30_c50_s42,-1,0.0
1306813,bertopic,n30_c50_s42,10,0.629391152472408
1307171,bertopic,n30_c50_s42,25,0.8373535897739036
1311466,bertopic,n30_c50_s42,-1,0.0
1312605,bertopic,n30_c50_s42,11,1.0
1312667,bertopic,n30_c50_s42,-1,0.0
1312787,bertopic,n30_c50_s42,19,0.619346050840801
1313336,bertopic,n30_c50_s42,-1,0.0
1314141,bertopic,n30_c50_s42,0,0.5041651173221762
1314588,bertopic,n30_c50_s42,0,0.36824908532147643
1315353,bertopic,n30_c50_s42,-1,0.0
1316358,bertopic,n30_c50_s42,6,1.0
1317422,bertopic,n30_c50_s42,1,1.0
1319309,bertopic,n30_c50_s42,8,1.0
1319652,bertopic,n30_c50_s42,18,0.4391385037649289
1322468,bertopic,n30_c50_s42,-1,0.0
1322941,bertopic,n30_c50_s42,18,0.732035453525264
1325291,bertopic,n30_c50_s42,-1,0.0
1326263,bertopic,n30_c50_s42,18,1.0
1326419,bertopic,n30_c50_s42,2,0.32159062012732953
1327705,bertopic,n30_c50_s42,20,0.6623601023349213
1328425,bertopic,n30_c50_s42,14,0.5959261875956551
1328433,bertopic,n30_c50_s42,21,0.7815536156096878
1328559,bertopic,n30_c50_s42,16,0.31706365460595987
1328590,bertopic,n30_c50_s42,21,0.7815536156096878
1328629,bertopic,n30_c50_s42,21,1.0
1328920,bertopic,n30_c50_s42,-1,0.0
1329456,bertopic,n30_c50_s42,-1,0.0
1330537,bertopic,n30_c50_s42,29,1.0
1331105,bertopic,n30_c50_s42,-1,0.0
1331247,bertopic,n30_c50_s42,19,0.8128028919286199
1331568,bertopic,n30_c50_s42,12,0.9207332541722539
1331824,bertopic,n30_c50_s42,7,1.0
1332132,bertopic,n30_c50_s42,9,0.4064713830446972
1332151,bertopic,n30_c50_s42,19,0.8139055681492854
1333447,bertopic,n30_c50_s42,4,0.921732661651866
1333466,bertopic,n30_c50_s42,-1,0.0
1333612,bertopic,n30_c50_s42,9,0.34910420128070924
1333849,bertopic,n30_c50_s42,-1,0.0
1333894,bertopic,n30_c50_s42,6,1.0
1334215,bertopic,n30_c50_s42,20,1.0
1334660,bertopic,n30_c50_s42,-1,0.0
1334867,bertopic,n30_c50_s42,-1,0.0
1334990,bertopic,n30_c50_s42,3,1.0
1335182,bertopic,n30_c50_s42,3,1.0
1335569,bertopic,n30_c50_s42,-1,0.0
1335873,bertopic,n30_c50_s42,7,0.6148910208427255
1336013,bertopic,n30_c50_s42,19,0.676506405963737
1336227,bertopic,n30_c50_s42,5,1.0
1336272,bertopic,n30_c50_s42,-1,0.0
1336457,bertopic,n30_c50_s42,14,0.872896997617442
1336508,bertopic,n30_c50_s42,5,1.0
1336545,bertopic,n30_c50_s42,-1,0.0
1336635,bertopic,n30_c50_s42,-1,0.0
1336697,bertopic,n30_c50_s42,6,0.9918600900553454
1336889,bertopic,n30_c50_s42,19,1.0
1337777,bertopic,n30_c50_s42,2,1.0
1337833,bertopic,n30_c50_s42,7,0.6433875634711633
1337953,bertopic,n30_c50_s42,3,0.6081427356922694
1338185,bertopic,n30_c50_s42,2,1.0
1338187,bertopic,n30_c50_s42,0,1.0
1338591,bertopic,n30_c50_s42,7,0.6331035670216715
1338720,bertopic,n30_c50_s42,-1,0.0
1339546,bertopic,n30_c50_s42,2,0.7405515387401128
1339717,bertopic,n30_c50_s42,25,1.0
1339936,bertopic,n30_c50_s42,-1,0.0
1340018,bertopic,n30_c50_s42,0,0.36824908532147643
1340221,bertopic,n30_c50_s42,6,1.0
1340290,bertopic,n30_c50_s42,21,1.0
1340354,bertopic,n30_c50_s42,6,0.8245831488463152
1340550,bertopic,n30_c50_s42,8,0.8498251253730283
1340579,bertopic,n30_c50_s42,-1,0.0
1340837,bertopic,n30_c50_s42,6,1.0
1340896,bertopic,n30_c50_s42,3,0.8443421445690245
1341084,bertopic,n30_c50_s42,17,1.0
1341136,bertopic,n30_c50_s42,21,1.0
1341197,bertopic,n30_c50_s42,4,1.0
1341211,bertopic,n30_c50_s42,10,0.5894466450828768
1341349,bertopic,n30_c50_s42,1,1.0
1341492,bertopic,n30_c50_s42,14,1.0
1341518,bertopic,n30_c50_s42,12,1.0
1341529,bertopic,n30_c50_s42,17,0.5829599960620859
1341600,bertopic,n30_c50_s42,17,0.41086770432586867
1341631,bertopic,n30_c50_s42,19,0.7646221985831957
1341648,bertopic,n30_c50_s42,2,1.0
1341653,bertopic,n30_c50_s42,6,1.0
1341654,bertopic,n30_c50_s42,3,1.0
1341717,bertopic,n30_c50_s42,-1,0.0
1341723,bertopic,n30_c50_s42,-1,0.0
1341731,bertopic,n30_c50_s42,12,0.42908970564869486
1341735,bertopic,n30_c50_s42,14,0.6402609269487515
1341778,bertopic,n30_c50_s42,-1,0.0
1341855,bertopic,n30_c50_s42,17,1.0
1341861,bertopic,n30_c50_s42,6,1.0
1341976,bertopic,n30_c50_s42,1,0.9753855308371578
1341980,bertopic,n30_c50_s42,17,0.7460016843657966
1341997,bertopic,n30_c50_s42,1,1.0
1342072,bertopic,n30_c50_s42,17,1.0
1342094,bertopic,n30_c50_s42,-1,0.0
1342147,bertopic,n30_c50_s42,-1,0.0
1342200,bertopic,n30_c50_s42,3,0.6747511701277612
1342209,bertopic,n30_c50_s42,-1,0.0
1342353,bertopic,n30_c50_s42,2,1.0
1342385,bertopic,n30_c50_s42,-1,0.0
1342387,bertopic,n30_c50_s42,2,0.6663348971884033
1342400,bertopic,n30_c50_s42,2,1.0
1342431,bertopic,n30_c50_s42,2,1.0
1342456,bertopic,n30_c50_s42,9,0.2736404415705495
1342504,bertopic,n30_c50_s42,17,1.0
1342820,bertopic,n30_c50_s42,29,1.0
1342923,bertopic,n30_c50_s42,17,1.0
1343205,bertopic,n30_c50_s42,24,1.0
1343217,bertopic,n30_c50_s42,-1,0.0
1343397,bertopic,n30_c50_s42,17,1.0
1343705,bertopic,n30_c50_s42,-1,0.0
1343918,bertopic,n30_c50_s42,26,1.0
1346153,bertopic,n30_c50_s42,18,0.9972543625695234
1347867,bertopic,n30_c50_s42,18,1.0
1349045,bertopic,n30_c50_s42,16,0.3111784817877695
1350240,bertopic,n30_c50_s42,10,1.0
1350512,bertopic,n30_c50_s42,4,0.2346455418909997
1350627,bertopic,n30_c50_s42,-1,0.0
1350933,bertopic,n30_c50_s42,0,1.0
1352422,bertopic,n30_c50_s42,1,1.0
1352426,bertopic,n30_c50_s42,30,1.0
1352433,bertopic,n30_c50_s42,14,0.9325813887238253
1352468,bertopic,n30_c50_s42,6,1.0
1352471,bertopic,n30_c50_s42,2,1.0
1352495,bertopic,n30_c50_s42,-1,0.0
1352496,bertopic,n30_c50_s42,17,0.7646196490296217
1352515,bertopic,n30_c50_s42,-1,0.0
1352534,bertopic,n30_c50_s42,2,0.6852509614671716
1352596,bertopic,n30_c50_s42,2,1.0
1352613,bertopic,n30_c50_s42,2,1.0
1352718,bertopic,n30_c50_s42,17,1.0
1352820,bertopic,n30_c50_s42,-1,0.0
1352903,bertopic,n30_c50_s42,17,1.0
1352958,bertopic,n30_c50_s42,14,0.9325813887238253
1352995,bertopic,n30_c50_s42,17,0.9263844767828726
1353016,bertopic,n30_c50_s42,1,1.0
1353060,bertopic,n30_c50_s42,-1,0.0
1353072,bertopic,n30_c50_s42,1,1.0
1353120,bertopic,n30_c50_s42,17,1.0
1353281,bertopic,n30_c50_s42,-1,0.0
1353290,bertopic,n30_c50_s42,-1,0.0
1353320,bertopic,n30_c50_s42,-1,0.0
1353323,bertopic,n30_c50_s42,17,1.0
1353372,bertopic,n30_c50_s42,-1,0.0
1353458,bertopic,n30_c50_s42,0,0.8392037090913005
1353520,bertopic,n30_c50_s42,17,1.0
1353567,bertopic,n30_c50_s42,14,1.0
1353575,bertopic,n30_c50_s42,11,0.830923516526849
1353735,bertopic,n30_c50_s42,17,1.0
1353748,bertopic,n30_c50_s42,6,0.969589876961123
1353809,bertopic,n30_c50_s42,-1,0.0
1353844,bertopic,n30_c50_s42,17,1.0
1353851,bertopic,n30_c50_s42,5,0.6291557290811722
1353908,bertopic,n30_c50_s42,17,1.0
1354016,bertopic,n30_c50_s42,6,0.969589876961123
1354033,bertopic,n30_c50_s42,17,1.0
1354073,bertopic,n30_c50_s42,3,1.0
1354115,bertopic,n30_c50_s42,3,0.6206466086380763
1354131,bertopic,n30_c50_s42,3,0.8657229843034443
1354200,bertopic,n30_c50_s42,17,1.0
1354225,bertopic,n30_c50_s42,5,1.0
1354386,bertopic,n30_c50_s42,-1,0.0
1354429,bertopic,n30_c50_s42,14,0.7491157352981512
1354493,bertopic,n30_c50_s42,17,1.0
1354538,bertopic,n30_c50_s42,7,1.0
1354555,bertopic,n30_c50_s42,17,1.0
1354623,bertopic,n30_c50_s42,30,1.0
1354630,bertopic,n30_c50_s42,-1,0.0
1354634,bertopic,n30_c50_s42,17,1.0
1354764,bertopic,n30_c50_s42,4,0.4499499479745945
1354790,bertopic,n30_c50_s42,17,1.0
1354799,bertopic,n30_c50_s42,17,1.0
1354892,bertopic,n30_c50_s42,3,0.46060846821731793
1354928,bertopic,n30_c50_s42,6,1.0
1355075,bertopic,n30_c50_s42,17,1.0
1355098,bertopic,n30_c50_s42,4,0.23737789424836375
1355148,bertopic,n30_c50_s42,17,1.0
1355189,bertopic,n30_c50_s42,14,1.0
1355212,bertopic,n30_c50_s42,17,1.0
1355277,bertopic,n30_c50_s42,0,1.0
1355289,bertopic,n30_c50_s42,-1,0.0
1355306,bertopic,n30_c50_s42,0,1.0
1355387,bertopic,n30_c50_s42,-1,0.0
1355464,bertopic,n30_c50_s42,14,0.19554856898203737
1355474,bertopic,n30_c50_s42,-1,0.0
1355513,bertopic,n30_c50_s42,7,0.9551594258533956
1355600,bertopic,n30_c50_s42,0,1.0
1355641,bertopic,n30_c50_s42,24,1.0
1355698,bertopic,n30_c50_s42,14,0.9325813887238253
1355959,bertopic,n30_c50_s42,-1,0.0
1356010,bertopic,n30_c50_s42,3,0.8094367986361636
1356076,bertopic,n30_c50_s42,17,1.0
1356190,bertopic,n30_c50_s42,12,1.0
1356274,bertopic,n30_c50_s42,17,1.0
1356290,bertopic,n30_c50_s42,3,0.6081427356922694
1356495,bertopic,n30_c50_s42,3,0.6081427356922694
1356519,bertopic,n30_c50_s42,17,1.0
1356599,bertopic,n30_c50_s42,17,1.0
1356604,bertopic,n30_c50_s42,-1,0.0
1356627,bertopic,n30_c50_s42,9,0.37740461138918036
1356668,bertopic,n30_c50_s42,21,0.7815536156096878
1356670,bertopic,n30_c50_s42,13,0.8208505836703022
1356825,bertopic,n30_c50_s42,6,0.8247468885080649
1356942,bertopic,n30_c50_s42,17,1.0
1356967,bertopic,n30_c50_s42,17,1.0
1356975,bertopic,n30_c50_s42,3,1.0
1357163,bertopic,n30_c50_s42,-1,0.0
1357414,bertopic,n30_c50_s42,17,0.7097334086685592
1357473,bertopic,n30_c50_s42,27,0.9297384396806249
1357554,bertopic,n30_c50_s42,17,1.0
1357652,bertopic,n30_c50_s42,6,0.9099758505338046
1357665,bertopic,n30_c50_s42,5,1.0
1357813,bertopic,n30_c50_s42,17,1.0
1357853,bertopic,n30_c50_s42,17,1.0
1357960,bertopic,n30_c50_s42,17,1.0
1358114,bertopic,n30_c50_s42,-1,0.0
1358178,bertopic,n30_c50_s42,9,0.15627189022901083
1358210,bertopic,n30_c50_s42,-1,0.0
1358250,bertopic,n30_c50_s42,-1,0.0
1358624,bertopic,n30_c50_s42,13,0.8208505836703022
1358742,bertopic,n30_c50_s42,25,0.8373535897739036
1358818,bertopic,n30_c50_s42,17,1.0
1358971,bertopic,n30_c50_s42,0,1.0
1359310,bertopic,n30_c50_s42,0,1.0
1359637,bertopic,n30_c50_s42,26,0.9098680600231336
1359667,bertopic,n30_c50_s42,25,1.0
1359688,bertopic,n30_c50_s42,17,1.0
1359697,bertopic,n30_c50_s42,17,1.0
1360008,bertopic,n30_c50_s42,4,0.2346455418909997
1360222,bertopic,n30_c50_s42,7,0.6329013270280908
1360241,bertopic,n30_c50_s42,0,1.0
1360518,bertopic,n30_c50_s42,-1,0.0
1360532,bertopic,n30_c50_s42,11,0.6913228849770109
1360803,bertopic,n30_c50_s42,17,1.0
1361392,bertopic,n30_c50_s42,17,1.0
1361989,bertopic,n30_c50_s42,6,0.8883566515956166
1362085,bertopic,n30_c50_s42,3,0.6059661071634872
1362270,bertopic,n30_c50_s42,30,0.8091379598707054
1363598,bertopic,n30_c50_s42,7,0.6743946398752587
1364107,bertopic,n30_c50_s42,26,1.0
1364501,bertopic,n30_c50_s42,6,0.9545057606203089
1365761,bertopic,n30_c50_s42,-1,0.0
1365820,bertopic,n30_c50_s42,16,0.28176908223344493
1365942,bertopic,n30_c50_s42,5,1.0
1366210,bertopic,n30_c50_s42,1,1.0
1367076,bertopic,n30_c50_s42,3,0.6081427356922694
1367334,bertopic,n30_c50_s42,10,1.0
1368672,bertopic,n30_c50_s42,25,1.0
1368830,bertopic,n30_c50_s42,-1,0.0
1369052,bertopic,n30_c50_s42,1,1.0
1369207,bertopic,n30_c50_s42,-1,0.0
1370009,bertopic,n30_c50_s42,12,1.0
1370734,bertopic,n30_c50_s42,21,0.7815536156096878
1371099,bertopic,n30_c50_s42,18,0.7028705582077691
1372834,bertopic,n30_c50_s42,-1,0.0
1373382,bertopic,n30_c50_s42,18,1.0
1373517,bertopic,n30_c50_s42,-1,0.0
1374213,bertopic,n30_c50_s42,-1,0.0
1374351,bertopic,n30_c50_s42,12,0.7211672814731643
1374888,bertopic,n30_c50_s42,6,0.9573849607511531
1375962,bertopic,n30_c50_s42,-1,0.0
1377305,bertopic,n30_c50_s42,15,0.4382757433078268
1378147,bertopic,n30_c50_s42,13,0.2593326370953422
1378625,bertopic,n30_c50_s42,29,1.0
1378806,bertopic,n30_c50_s42,1,1.0
1379129,bertopic,n30_c50_s42,-1,0.0
1379802,bertopic,n30_c50_s42,25,1.0
1380129,bertopic,n30_c50_s42,5,1.0
1381254,bertopic,n30_c50_s42,12,1.0
1381696,bertopic,n30_c50_s42,25,1.0
1381808,bertopic,n30_c50_s42,20,1.0
1383057,bertopic,n30_c50_s42,0,1.0
1383889,bertopic,n30_c50_s42,10,0.5803065854258068
1385669,bertopic,n30_c50_s42,24,1.0
1386600,bertopic,n30_c50_s42,8,1.0
1386891,bertopic,n30_c50_s42,0,0.5096191718679219
1386909,bertopic,n30_c50_s42,10,0.629391152472408
1386978,bertopic,n30_c50_s42,-1,0.0
1387913,bertopic,n30_c50_s42,-1,0.0
1388481,bertopic,n30_c50_s42,28,1.0
1388627,bertopic,n30_c50_s42,3,1.0
1389193,bertopic,n30_c50_s42,7,0.6331035670216715
1389237,bertopic,n30_c50_s42,16,0.8645674134562564
1389776,bertopic,n30_c50_s42,5,0.7273279464164238
1389785,bertopic,n30_c50_s42,0,1.0
1391001,bertopic,n30_c50_s42,6,0.9241511773645147
1391878,bertopic,n30_c50_s42,-1,0.0
1392171,bertopic,n30_c50_s42,-1,0.0
1392616,bertopic,n30_c50_s42,0,0.43329494264099006
1392742,bertopic,n30_c50_s42,4,0.3492045561321186
1393021,bertopic,n30_c50_s42,6,0.8387872304356052
1393149,bertopic,n30_c50_s42,0,1.0
1393280,bertopic,n30_c50_s42,-1,0.0
1393391,bertopic,n30_c50_s42,-1,0.0
1393488,bertopic,n30_c50_s42,12,1.0
1393512,bertopic,n30_c50_s42,0,1.0
1393553,bertopic,n30_c50_s42,-1,0.0
1393777,bertopic,n30_c50_s42,30,1.0
1394418,bertopic,n30_c50_s42,0,0.5526167910628234
1394813,bertopic,n30_c50_s42,13,0.44162570291679615
1395113,bertopic,n30_c50_s42,33,1.0
1396305,bertopic,n30_c50_s42,0,1.0
1396536,bertopic,n30_c50_s42,3,0.6105899089322935
1397992,bertopic,n30_c50_s42,0,1.0
1398139,bertopic,n30_c50_s42,10,0.629391152472408
1398174,bertopic,n30_c50_s42,10,1.0
1398252,bertopic,n30_c50_s42,10,0.6328077780033249
1398346,bertopic,n30_c50_s42,7,0.6329013270280908
1399933,bertopic,n30_c50_s42,-1,0.0
1400276,bertopic,n30_c50_s42,7,0.6577724320905854
1401281,bertopic,n30_c50_s42,12,1.0
1401776,bertopic,n30_c50_s42,16,1.0
1403499,bertopic,n30_c50_s42,20,1.0
1403543,bertopic,n30_c50_s42,8,1.0
1403618,bertopic,n30_c50_s42,0,0.8139567757496424
1403934,bertopic,n30_c50_s42,-1,0.0
1404262,bertopic,n30_c50_s42,21,0.7136277303496203
1404449,bertopic,n30_c50_s42,7,1.0
1404526,bertopic,n30_c50_s42,15,0.8532419370507236
1405038,bertopic,n30_c50_s42,0,1.0
1405327,bertopic,n30_c50_s42,-1,0.0
1406803,bertopic,n30_c50_s42,6,1.0
1407139,bertopic,n30_c50_s42,-1,0.0
1407233,bertopic,n30_c50_s42,32,0.7871631672803616
1407371,bertopic,n30_c50_s42,-1,0.0
1407589,bertopic,n30_c50_s42,13,0.8828834283901603
1408074,bertopic,n30_c50_s42,13,0.8535393772656688
1408639,bertopic,n30_c50_s42,3,0.6105899089322935
1408737,bertopic,n30_c50_s42,3,0.6105899089322935
1409160,bertopic,n30_c50_s42,-1,0.0
1409834,bertopic,n30_c50_s42,13,0.8199051864711739
1410309,bertopic,n30_c50_s42,-1,0.0
1410817,bertopic,n30_c50_s42,0,1.0
1410862,bertopic,n30_c50_s42,0,0.9481338574453191
1410997,bertopic,n30_c50_s42,0,1.0
1411119,bertopic,n30_c50_s42,0,1.0
1411519,bertopic,n30_c50_s42,12,0.9210200552661074
1411756,bertopic,n30_c50_s42,13,0.7356027475552954
1412149,bertopic,n30_c50_s42,0,1.0
1412424,bertopic,n30_c50_s42,33,1.0
1412975,bertopic,n30_c50_s42,9,0.15627189022901083
1413114,bertopic,n30_c50_s42,-1,0.0
1413469,bertopic,n30_c50_s42,-1,0.0
1413886,bertopic,n30_c50_s42,7,0.6329013270280908
1414377,bertopic,n30_c50_s42,7,0.6743946398752587
1414621,bertopic,n30_c50_s42,0,1.0
1414854,bertopic,n30_c50_s42,12,0.9210200552661074
1418587,bertopic,n30_c50_s42,6,0.891258208340961
1419130,bertopic,n30_c50_s42,8,1.0
1419281,bertopic,n30_c50_s42,7,0.6151086480998498
1419373,bertopic,n30_c50_s42,13,0.8458128555710059
1420150,bertopic,n30_c50_s42,9,0.20874520898778984
1420359,bertopic,n30_c50_s42,28,0.5062854465522941
1420676,bertopic,n30_c50_s42,-1,0.0
1421290,bertopic,n30_c50_s42,5,1.0
1421554,bertopic,n30_c50_s42,4,0.5022203565397587
1421739,bertopic,n30_c50_s42,-1,0.0
1422211,bertopic,n30_c50_s42,8,1.0
1422237,bertopic,n30_c50_s42,9,0.15627189022901083
1422305,bertopic,n30_c50_s42,1,1.0
1422445,bertopic,n30_c50_s42,12,1.0
1422449,bertopic,n30_c50_s42,19,0.6217079867507879
1422805,bertopic,n30_c50_s42,0,0.9138251829180609
1423023,bertopic,n30_c50_s42,8,1.0
1423636,bertopic,n30_c50_s42,-1,0.0
1423827,bertopic,n30_c50_s42,0,1.0
1424324,bertopic,n30_c50_s42,3,0.6081427356922694
1424560,bertopic,n30_c50_s42,19,1.0
1424726,bertopic,n30_c50_s42,16,0.8027539948855997
1425329,bertopic,n30_c50_s42,10,1.0
1425381,bertopic,n30_c50_s42,1,1.0
1425396,bertopic,n30_c50_s42,8,1.0
1425918,bertopic,n30_c50_s42,0,0.4661282928050527
1426603,bertopic,n30_c50_s42,19,0.6676092653036901
1427271,bertopic,n30_c50_s42,3,1.0
1427504,bertopic,n30_c50_s42,0,1.0
1428060,bertopic,n30_c50_s42,29,1.0
1428577,bertopic,n30_c50_s42,6,0.969589876961123
1429008,bertopic,n30_c50_s42,33,1.0
1429314,bertopic,n30_c50_s42,33,1.0
1429483,bertopic,n30_c50_s42,2,0.32159062012732953
1429660,bertopic,n30_c50_s42,-1,0.0
1430221,bertopic,n30_c50_s42,18,0.8307003480607341
1430422,bertopic,n30_c50_s42,25,0.8373535897739036
1431867,bertopic,n30_c50_s42,4,0.3492045561321186
1433003,bertopic,n30_c50_s42,10,0.5370247030101564
1433177,bertopic,n30_c50_s42,0,1.0
1433228,bertopic,n30_c50_s42,16,1.0
1433399,bertopic,n30_c50_s42,20,0.6623601023349213
1433559,bertopic,n30_c50_s42,1,1.0
1434021,bertopic,n30_c50_s42,5,0.34613365160657195
1434138,bertopic,n30_c50_s42,6,0.891258208340961
1435315,bertopic,n30_c50_s42,-1,0.0
1435944,bertopic,n30_c50_s42,2,1.0
1435954,bertopic,n30_c50_s42,16,1.0
1435966,bertopic,n30_c50_s42,11,1.0
1436002,bertopic,n30_c50_s42,2,1.0
1436096,bertopic,n30_c50_s42,12,1.0
1436232,bertopic,n30_c50_s42,6,0.9545057606203089
1436382,bertopic,n30_c50_s42,3,1.0
1436761,bertopic,n30_c50_s42,3,1.0
1436769,bertopic,n30_c50_s42,5,1.0
1437201,bertopic,n30_c50_s42,10,0.5803065854258068
1437730,bertopic,n30_c50_s42,16,1.0
1438428,bertopic,n30_c50_s42,7,1.0
1438672,bertopic,n30_c50_s42,3,1.0
1439249,bertopic,n30_c50_s42,-1,0.0
1439868,bertopic,n30_c50_s42,13,0.7047779436919335
1440498,bertopic,n30_c50_s42,6,0.9183084152867348
1442827,bertopic,n30_c50_s42,6,0.969589876961123
1443154,bertopic,n30_c50_s42,3,0.4887312986077351
1443270,bertopic,n30_c50_s42,16,1.0
1443466,bertopic,n30_c50_s42,16,1.0
1443642,bertopic,n30_c50_s42,16,1.0
1443675,bertopic,n30_c50_s42,16,0.7051457899128587
1443679,bertopic,n30_c50_s42,16,1.0
1443967,bertopic,n30_c50_s42,16,1.0
1444123,bertopic,n30_c50_s42,4,0.6026222447511492
1444388,bertopic,n30_c50_s42,15,0.4382757433078268
1444407,bertopic,n30_c50_s42,2,1.0
1444816,bertopic,n30_c50_s42,-1,0.0
1445155,bertopic,n30_c50_s42,-1,0.0
1445868,bertopic,n30_c50_s42,9,0.6507015243473177
1446344,bertopic,n30_c50_s42,3,1.0
1447236,bertopic,n30_c50_s42,9,0.3617232779589324
1447277,bertopic,n30_c50_s42,9,0.3205575922526651
1447518,bertopic,n30_c50_s42,14,0.7006517430084651
1447668,bertopic,n30_c50_s42,2,1.0
1448206,bertopic,n30_c50_s42,2,1.0
1448247,bertopic,n30_c50_s42,3,0.5481611713691315
1448250,bertopic,n30_c50_s42,-1,0.0
1448327,bertopic,n30_c50_s42,-1,0.0
1448611,bertopic,n30_c50_s42,8,1.0
1448896,bertopic,n30_c50_s42,2,0.5797272230139325
1449283,bertopic,n30_c50_s42,0,1.0
1449372,bertopic,n30_c50_s42,9,0.17888639619161567
1449655,bertopic,n30_c50_s42,2,1.0
1449677,bertopic,n30_c50_s42,0,1.0
1449683,bertopic,n30_c50_s42,0,1.0
1449805,bertopic,n30_c50_s42,9,0.37740461138918036
1449843,bertopic,n30_c50_s42,9,0.37740461138918036
1450043,bertopic,n30_c50_s42,2,1.0
1450121,bertopic,n30_c50_s42,19,0.6832457559967618
1450731,bertopic,n30_c50_s42,7,0.6329013270280908
1450759,bertopic,n30_c50_s42,4,0.25000335542031515
1451103,bertopic,n30_c50_s42,-1,0.0
1451408,bertopic,n30_c50_s42,4,0.334036113355771
1451509,bertopic,n30_c50_s42,0,0.6014241622758669
1451529,bertopic,n30_c50_s42,0,0.6956455595173909
1451625,bertopic,n30_c50_s42,13,1.0
1452133,bertopic,n30_c50_s42,9,1.0
1453222,bertopic,n30_c50_s42,-1,0.0
1453255,bertopic,n30_c50_s42,13,0.9357311105236638
1453330,bertopic,n30_c50_s42,-1,0.0
1453464,bertopic,n30_c50_s42,1,1.0
1453989,bertopic,n30_c50_s42,2,0.7405515387401128
1454189,bertopic,n30_c50_s42,25,0.9596151663207642
1454199,bertopic,n30_c50_s42,33,1.0
1454244,bertopic,n30_c50_s42,4,0.6026222447511492
1454277,bertopic,n30_c50_s42,33,1.0
1454429,bertopic,n30_c50_s42,3,0.9595713088582776
1454947,bertopic,n30_c50_s42,7,1.0
1454949,bertopic,n30_c50_s42,3,1.0
1455111,bertopic,n30_c50_s42,31,1.0
1455238,bertopic,n30_c50_s42,0,0.8897071302000444
1455283,bertopic,n30_c50_s42,6,0.969589876961123
1455354,bertopic,n30_c50_s42,16,0.785726487266296
1455402,bertopic,n30_c50_s42,2,1.0
1455720,bertopic,n30_c50_s42,-1,0.0
1455994,bertopic,n30_c50_s42,15,1.0
1456517,bertopic,n30_c50_s42,7,0.6044839198095088
1456665,bertopic,n30_c50_s42,11,0.830923516526849
1456962,bertopic,n30_c50_s42,11,0.330132498635385
1457263,bertopic,n30_c50_s42,6,1.0
1457325,bertopic,n30_c50_s42,-1,0.0
1457859,bertopic,n30_c50_s42,2,1.0
1457932,bertopic,n30_c50_s42,-1,0.0
1457983,bertopic,n30_c50_s42,1,0.75504855486737
1458072,bertopic,n30_c50_s42,2,1.0
1458241,bertopic,n30_c50_s42,-1,0.0
1458262,bertopic,n30_c50_s42,3,0.6105899089322935
1458275,bertopic,n30_c50_s42,3,0.6105899089322935
1458437,bertopic,n30_c50_s42,32,0.8574938811094409
1458616,bertopic,n30_c50_s42,2,1.0
1458672,bertopic,n30_c50_s42,19,0.7919360280877851
1458964,bertopic,n30_c50_s42,7,1.0
1459015,bertopic,n30_c50_s42,12,0.9210200552661074
1459678,bertopic,n30_c50_s42,18,0.7047509113388358
1459715,bertopic,n30_c50_s42,20,1.0
1459749,bertopic,n30_c50_s42,10,0.5803065854258068
1459777,bertopic,n30_c50_s42,10,0.5803065854258068
1459845,bertopic,n30_c50_s42,11,0.5055888315008807
1459893,bertopic,n30_c50_s42,12,1.0
1459929,bertopic,n30_c50_s42,10,0.5803065854258068
1459987,bertopic,n30_c50_s42,-1,0.0
1460048,bertopic,n30_c50_s42,-1,0.0
1460075,bertopic,n30_c50_s42,10,0.5803065854258068
1460145,bertopic,n30_c50_s42,1,1.0
1460432,bertopic,n30_c50_s42,11,0.6913228849770109
1460462,bertopic,n30_c50_s42,1,0.9447934184736156
1460518,bertopic,n30_c50_s42,7,0.633885052495086
1461227,bertopic,n30_c50_s42,-1,0.0
1461289,bertopic,n30_c50_s42,-1,0.0
1461300,bertopic,n30_c50_s42,31,1.0
1461315,bertopic,n30_c50_s42,26,1.0
1461357,bertopic,n30_c50_s42,2,0.7405515387401128
1461797,bertopic,n30_c50_s42,6,0.8219267965087577
1461825,bertopic,n30_c50_s42,0,0.7751480239144386
1461835,bertopic,n30_c50_s42,-1,0.0
1461873,bertopic,n30_c50_s42,9,1.0
1461916,bertopic,n30_c50_s42,9,0.15627189022901083
1462157,bertopic,n30_c50_s42,8,1.0
1462192,bertopic,n30_c50_s42,8,1.0
1462467,bertopic,n30_c50_s42,4,0.3492045561321186
1464287,bertopic,n30_c50_s42,5,1.0
1464707,bertopic,n30_c50_s42,6,1.0
1465268,bertopic,n30_c50_s42,8,1.0
1465580,bertopic,n30_c50_s42,-1,0.0
1465862,bertopic,n30_c50_s42,-1,0.0
1467500,bertopic,n30_c50_s42,3,1.0
1468123,bertopic,n30_c50_s42,-1,0.0
1468145,bertopic,n30_c50_s42,3,1.0
1468240,bertopic,n30_c50_s42,5,1.0
1468764,bertopic,n30_c50_s42,11,1.0
1469128,bertopic,n30_c50_s42,13,0.8340667330734534
1471831,bertopic,n30_c50_s42,1,1.0
1472174,bertopic,n30_c50_s42,6,0.9213223777121239
1472393,bertopic,n30_c50_s42,11,1.0
1472475,bertopic,n30_c50_s42,21,0.6566219351476033
1472765,bertopic,n30_c50_s42,0,0.5255309555313084
1473282,bertopic,n30_c50_s42,2,1.0
1473571,bertopic,n30_c50_s42,11,1.0
1473593,bertopic,n30_c50_s42,8,1.0
1473646,bertopic,n30_c50_s42,3,1.0
1473689,bertopic,n30_c50_s42,4,0.25000335542031515
1473885,bertopic,n30_c50_s42,13,0.5594701546482591
1474107,bertopic,n30_c50_s42,9,1.0
1474637,bertopic,n30_c50_s42,0,0.36824908532147643
1475061,bertopic,n30_c50_s42,9,0.3291182726383789
1475207,bertopic,n30_c50_s42,2,1.0
1475268,bertopic,n30_c50_s42,3,0.6228882055954269
1476126,bertopic,n30_c50_s42,9,0.5430755671633675
1476496,bertopic,n30_c50_s42,9,1.0
1476625,bertopic,n30_c50_s42,2,1.0
1476870,bertopic,n30_c50_s42,26,1.0
1477069,bertopic,n30_c50_s42,7,0.6329013270280908
1477305,bertopic,n30_c50_s42,24,0.9958125524109532
1477493,bertopic,n30_c50_s42,3,0.6222524749501971
1477562,bertopic,n30_c50_s42,11,0.32609231207432815
1479172,bertopic,n30_c50_s42,9,1.0
1479182,bertopic,n30_c50_s42,-1,0.0
1479188,bertopic,n30_c50_s42,-1,0.0
1479421,bertopic,n30_c50_s42,7,0.6331035670216715
1479744,bertopic,n30_c50_s42,21,1.0
1479969,bertopic,n30_c50_s42,0,1.0
1480263,bertopic,n30_c50_s42,21,1.0
1480343,bertopic,n30_c50_s42,9,0.15627189022901083
1480473,bertopic,n30_c50_s42,16,0.5719386434535035
1480689,bertopic,n30_c50_s42,2,1.0
1481916,bertopic,n30_c50_s42,1,1.0
1482195,bertopic,n30_c50_s42,13,0.9231554291448832
1482391,bertopic,n30_c50_s42,-1,0.0
1482463,bertopic,n30_c50_s42,-1,0.0
1482515,bertopic,n30_c50_s42,2,1.0
1482810,bertopic,n30_c50_s42,0,0.9327931668138495
1483028,bertopic,n30_c50_s42,4,0.3492045561321186
1483236,bertopic,n30_c50_s42,2,1.0
1483699,bertopic,n30_c50_s42,-1,0.0
1483702,bertopic,n30_c50_s42,-1,0.0
1483857,bertopic,n30_c50_s42,16,1.0
1484827,bertopic,n30_c50_s42,0,0.41795653408419176
1484861,bertopic,n30_c50_s42,11,1.0
1485022,bertopic,n30_c50_s42,2,1.0
1485226,bertopic,n30_c50_s42,18,0.4391385037649289
1485402,bertopic,n30_c50_s42,10,0.5370247030101564
1485515,bertopic,n30_c50_s42,2,1.0
1486206,bertopic,n30_c50_s42,11,1.0
1486828,bertopic,n30_c50_s42,1,1.0
1486861,bertopic,n30_c50_s42,13,1.0
1487166,bertopic,n30_c50_s42,-1,0.0
1487279,bertopic,n30_c50_s42,-1,0.0
1487657,bertopic,n30_c50_s42,7,0.6329013270280908
1488073,bertopic,n30_c50_s42,-1,0.0
1488503,bertopic,n30_c50_s42,11,1.0
1489314,bertopic,n30_c50_s42,15,1.0
1489479,bertopic,n30_c50_s42,4,0.5861896843384443
1489556,bertopic,n30_c50_s42,1,1.0
1489671,bertopic,n30_c50_s42,13,0.2853910196811223
1489886,bertopic,n30_c50_s42,7,0.6108611068905488
1489966,bertopic,n30_c50_s42,3,0.8343819653173349
1490025,bertopic,n30_c50_s42,-1,0.0
1490662,bertopic,n30_c50_s42,0,1.0
1490725,bertopic,n30_c50_s42,19,0.6337403062190298
1490887,bertopic,n30_c50_s42,16,0.36823802165576963
1491534,bertopic,n30_c50_s42,-1,0.0
1491726,bertopic,n30_c50_s42,20,1.0
1491889,bertopic,n30_c50_s42,1,1.0
1492240,bertopic,n30_c50_s42,8,1.0
1492365,bertopic,n30_c50_s42,24,0.9130126826372799
1492483,bertopic,n30_c50_s42,0,0.8758383839691743
1492756,bertopic,n30_c50_s42,0,1.0
1492867,bertopic,n30_c50_s42,14,0.9325813887238253
1492957,bertopic,n30_c50_s42,0,1.0
1493310,bertopic,n30_c50_s42,3,1.0
1493469,bertopic,n30_c50_s42,4,0.3492045561321186
1493972,bertopic,n30_c50_s42,0,1.0
1494075,bertopic,n30_c50_s42,21,0.6379354565968893
1494496,bertopic,n30_c50_s42,4,0.577271272159233
1494699,bertopic,n30_c50_s42,-1,0.0
1494894,bertopic,n30_c50_s42,4,0.3492045561321186
1495194,bertopic,n30_c50_s42,1,1.0
1495228,bertopic,n30_c50_s42,10,0.5803065854258068
1495233,bertopic,n30_c50_s42,2,1.0
1495239,bertopic,n30_c50_s42,19,0.5687135646018048
1495404,bertopic,n30_c50_s42,2,1.0
1495440,bertopic,n30_c50_s42,4,0.921669707139446
1495553,bertopic,n30_c50_s42,-1,0.0
1495677,bertopic,n30_c50_s42,4,0.25514084260821557
1495775,bertopic,n30_c50_s42,3,1.0
1496266,bertopic,n30_c50_s42,6,0.9388879347830597
1496293,bertopic,n30_c50_s42,1,1.0
1496432,bertopic,n30_c50_s42,1,1.0
1496436,bertopic,n30_c50_s42,4,0.5898628601838333
1496526,bertopic,n30_c50_s42,9,0.6291224255463876
1496680,bertopic,n30_c50_s42,4,0.2346455418909997
1496826,bertopic,n30_c50_s42,28,1.0
1497092,bertopic,n30_c50_s42,4,0.3492045561321186
1497392,bertopic,n30_c50_s42,10,0.629391152472408
1497441,bertopic,n30_c50_s42,8,1.0
1497562,bertopic,n30_c50_s42,4,0.3492045561321186
1497811,bertopic,n30_c50_s42,-1,0.0
1498127,bertopic,n30_c50_s42,7,0.7993706825712864
1498364,bertopic,n30_c50_s42,4,0.3361351057864299
1498493,bertopic,n30_c50_s42,6,1.0
1498498,bertopic,n30_c50_s42,18,1.0
1498576,bertopic,n30_c50_s42,28,1.0
1498626,bertopic,n30_c50_s42,7,0.9551594258533956
1498789,bertopic,n30_c50_s42,7,0.6743946398752587
1499016,bertopic,n30_c50_s42,-1,0.0
1499096,bertopic,n30_c50_s42,33,1.0
1499112,bertopic,n30_c50_s42,32,1.0
1499270,bertopic,n30_c50_s42,32,1.0
1499361,bertopic,n30_c50_s42,-1,0.0
1499586,bertopic,n30_c50_s42,10,0.629391152472408
1499672,bertopic,n30_c50_s42,0,1.0
1499709,bertopic,n30_c50_s42,5,1.0
1499813,bertopic,n30_c50_s42,-1,0.0
1499973,bertopic,n30_c50_s42,4,0.6026222447511492
1500095,bertopic,n30_c50_s42,0,0.8264986032405711
1500173,bertopic,n30_c50_s42,0,0.8617556386155876
1500499,bertopic,n30_c50_s42,33,1.0
1500634,bertopic,n30_c50_s42,1,0.9753855308371578
1500676,bertopic,n30_c50_s42,10,0.5803065854258068
1500738,bertopic,n30_c50_s42,10,1.0
1500963,bertopic,n30_c50_s42,3,0.6105899089322935
1501574,bertopic,n30_c50_s42,1,1.0
1501578,bertopic,n30_c50_s42,1,1.0
1502199,bertopic,n30_c50_s42,1,1.0
1502390,bertopic,n30_c50_s42,20,0.5859090093283662
1502766,bertopic,n30_c50_s42,7,0.6743946398752587
1502904,bertopic,n30_c50_s42,6,0.969589876961123
1502922,bertopic,n30_c50_s42,3,1.0
1503008,bertopic,n30_c50_s42,-1,0.0
1503312,bertopic,n30_c50_s42,1,1.0
1503519,bertopic,n30_c50_s42,11,0.830923516526849
1503634,bertopic,n30_c50_s42,-1,0.0
1503852,bertopic,n30_c50_s42,0,1.0
1504597,bertopic,n30_c50_s42,7,0.6743946398752587
1504665,bertopic,n30_c50_s42,0,1.0
1504919,bertopic,n30_c50_s42,7,0.6743946398752587
1505312,bertopic,n30_c50_s42,0,1.0
1505383,bertopic,n30_c50_s42,6,0.9267477243763882
1505704,bertopic,n30_c50_s42,4,0.3492045561321186
1505868,bertopic,n30_c50_s42,26,1.0
1505959,bertopic,n30_c50_s42,20,0.8078238983952223
1506500,bertopic,n30_c50_s42,13,0.4971364558263122
1507104,bertopic,n30_c50_s42,2,0.6663348971884033
1507401,bertopic,n30_c50_s42,4,0.5000831541810531
1507627,bertopic,n30_c50_s42,4,0.6026222447511492
1507831,bertopic,n30_c50_s42,4,0.32306593320259985
1507969,bertopic,n30_c50_s42,2,0.6663348971884033
1508022,bertopic,n30_c50_s42,4,0.3492045561321186
1508136,bertopic,n30_c50_s42,11,1.0
1508674,bertopic,n30_c50_s42,11,1.0
1509113,bertopic,n30_c50_s42,10,0.559591947620453
1509437,bertopic,n30_c50_s42,30,1.0
1509486,bertopic,n30_c50_s42,9,0.4064713830446972
1509498,bertopic,n30_c50_s42,0,1.0
1509817,bertopic,n30_c50_s42,10,0.9849075384429665
1509923,bertopic,n30_c50_s42,6,1.0
1510125,bertopic,n30_c50_s42,9,0.4064713830446972
1510588,bertopic,n30_c50_s42,2,0.9753997380677846
1510958,bertopic,n30_c50_s42,2,0.6663348971884033
1511533,bertopic,n30_c50_s42,4,0.3492045561321186
1511673,bertopic,n30_c50_s42,-1,0.0
1511859,bertopic,n30_c50_s42,-1,0.0
1511860,bertopic,n30_c50_s42,13,1.0
1512573,bertopic,n30_c50_s42,8,1.0
1512689,bertopic,n30_c50_s42,-1,0.0
1513723,bertopic,n30_c50_s42,6,1.0
1513871,bertopic,n30_c50_s42,3,0.6081427356922694
1514186,bertopic,n30_c50_s42,28,1.0
1514274,bertopic,n30_c50_s42,26,1.0
1514325,bertopic,n30_c50_s42,6,1.0
1514580,bertopic,n30_c50_s42,10,0.629391152472408
1514606,bertopic,n30_c50_s42,16,1.0
1515184,bertopic,n30_c50_s42,-1,0.0
1515210,bertopic,n30_c50_s42,4,0.5447382168521521
1515246,bertopic,n30_c50_s42,3,0.6105899089322935
1515274,bertopic,n30_c50_s42,2,0.6663348971884033
1515359,bertopic,n30_c50_s42,7,0.6331035670216715
1515570,bertopic,n30_c50_s42,-1,0.0
1515598,bertopic,n30_c50_s42,10,0.5803065854258068
1515749,bertopic,n30_c50_s42,9,0.15627189022901083
1515808,bertopic,n30_c50_s42,-1,0.0
1516138,bertopic,n30_c50_s42,-1,0.0
1516280,bertopic,n30_c50_s42,2,1.0
1516649,bertopic,n30_c50_s42,28,1.0
1516702,bertopic,n30_c50_s42,7,0.6743946398752587
1516736,bertopic,n30_c50_s42,18,1.0
1517627,bertopic,n30_c50_s42,9,0.3023561554444181
1517695,bertopic,n30_c50_s42,33,1.0
1517727,bertopic,n30_c50_s42,12,0.42908970564869486
1517867,bertopic,n30_c50_s42,3,0.7502923395134542
1517964,bertopic,n30_c50_s42,10,0.5803065854258068
1518533,bertopic,n30_c50_s42,14,0.9325813887238253
1519045,bertopic,n30_c50_s42,30,1.0
1519200,bertopic,n30_c50_s42,1,1.0
1519498,bertopic,n30_c50_s42,25,0.8373535897739036
1519584,bertopic,n30_c50_s42,0,0.8497833463850574
1519848,bertopic,n30_c50_s42,33,1.0
1520160,bertopic,n30_c50_s42,18,1.0
1520425,bertopic,n30_c50_s42,2,1.0
1520737,bertopic,n30_c50_s42,2,1.0
1520908,bertopic,n30_c50_s42,2,1.0
1520918,bertopic,n30_c50_s42,12,1.0
1521008,bertopic,n30_c50_s42,4,0.3492045561321186
1521252,bertopic,n30_c50_s42,2,1.0
1521557,bertopic,n30_c50_s42,24,0.8835140588637481
1521679,bertopic,n30_c50_s42,2,0.9081442961712346
1521726,bertopic,n30_c50_s42,2,1.0
1521733,bertopic,n30_c50_s42,2,0.9081442961712346
1522251,bertopic,n30_c50_s42,9,0.47590649242530714
1522969,bertopic,n30_c50_s42,0,1.0
1523554,bertopic,n30_c50_s42,0,0.9276440059857949
1524302,bertopic,n30_c50_s42,18,0.7387053583654195
1524595,bertopic,n30_c50_s42,-1,0.0
1524652,bertopic,n30_c50_s42,10,0.5917888046478477
1524974,bertopic,n30_c50_s42,-1,0.0
1525140,bertopic,n30_c50_s42,-1,0.0
1525270,bertopic,n30_c50_s42,3,0.7817523514319352
1525606,bertopic,n30_c50_s42,-1,0.0
1525636,bertopic,n30_c50_s42,0,0.7815975281797942
1526226,bertopic,n30_c50_s42,12,0.9210200552661074
1526572,bertopic,n30_c50_s42,11,1.0
1526808,bertopic,n30_c50_s42,-1,0.0
1526886,bertopic,n30_c50_s42,0,0.36824908532147643
1527006,bertopic,n30_c50_s42,1,1.0
1527106,bertopic,n30_c50_s42,0,1.0
1527270,bertopic,n30_c50_s42,24,0.7669901028427744
1527880,bertopic,n30_c50_s42,21,1.0
1528242,bertopic,n30_c50_s42,10,1.0
1529188,bertopic,n30_c50_s42,6,1.0
1529305,bertopic,n30_c50_s42,26,0.9098680600231336
1529625,bertopic,n30_c50_s42,2,1.0
1529644,bertopic,n30_c50_s42,5,1.0
1530080,bertopic,n30_c50_s42,5,1.0
1530590,bertopic,n30_c50_s42,1,1.0
1530603,bertopic,n30_c50_s42,-1,0.0
1530720,bertopic,n30_c50_s42,0,0.8409191503130538
1530764,bertopic,n30_c50_s42,5,1.0
1530838,bertopic,n30_c50_s42,12,0.2726192616182706
1531212,bertopic,n30_c50_s42,28,0.7752190822148113
1531260,bertopic,n30_c50_s42,8,1.0
1531273,bertopic,n30_c50_s42,19,0.9280526955340577
1531420,bertopic,n30_c50_s42,14,0.9325813887238253
1531571,bertopic,n30_c50_s42,0,1.0
1532111,bertopic,n30_c50_s42,-1,0.0
1532719,bertopic,n30_c50_s42,3,0.8119655885128809
1534162,bertopic,n30_c50_s42,5,1.0
1534179,bertopic,n30_c50_s42,20,0.3435661285007078
1534504,bertopic,n30_c50_s42,6,0.8472841004747222
1534796,bertopic,n30_c50_s42,9,0.15627189022901083
1535832,bertopic,n30_c50_s42,0,1.0
1536549,bertopic,n30_c50_s42,-1,0.0
1536697,bertopic,n30_c50_s42,-1,0.0
1537297,bertopic,n30_c50_s42,0,1.0
1537636,bertopic,n30_c50_s42,0,1.0
1537770,bertopic,n30_c50_s42,-1,0.0
1537887,bertopic,n30_c50_s42,32,1.0
1538407,bertopic,n30_c50_s42,6,0.8233552238714335
1538570,bertopic,n30_c50_s42,0,1.0
1538663,bertopic,n30_c50_s42,16,1.0
1538868,bertopic,n30_c50_s42,6,1.0
1539324,bertopic,n30_c50_s42,6,0.9545057606203089
1539331,bertopic,n30_c50_s42,-1,0.0
1539395,bertopic,n30_c50_s42,5,1.0
1539403,bertopic,n30_c50_s42,3,1.0
1540711,bertopic,n30_c50_s42,0,1.0
1540756,bertopic,n30_c50_s42,-1,0.0
1540774,bertopic,n30_c50_s42,1,1.0
1540776,bertopic,n30_c50_s42,1,1.0
1540884,bertopic,n30_c50_s42,0,1.0
1541021,bertopic,n30_c50_s42,-1,0.0
1541093,bertopic,n30_c50_s42,0,1.0
1541238,bertopic,n30_c50_s42,3,0.7774488286316751
1541869,bertopic,n30_c50_s42,9,0.198210999893872
1542070,bertopic,n30_c50_s42,-1,0.0
1542322,bertopic,n30_c50_s42,33,1.0
1542483,bertopic,n30_c50_s42,-1,0.0
1542514,bertopic,n30_c50_s42,4,0.628143581281728
1542601,bertopic,n30_c50_s42,14,1.0
1542888,bertopic,n30_c50_s42,10,0.9641228213092177
1542963,bertopic,n30_c50_s42,13,1.0
1542983,bertopic,n30_c50_s42,21,0.5724494068043919
1543175,bertopic,n30_c50_s42,5,1.0
1543371,bertopic,n30_c50_s42,13,0.9118316890973819
1543670,bertopic,n30_c50_s42,11,0.6913228849770109
1543874,bertopic,n30_c50_s42,0,0.507988868054129
1544114,bertopic,n30_c50_s42,0,0.6917688548967814
1544170,bertopic,n30_c50_s42,-1,0.0
1544450,bertopic,n30_c50_s42,-1,0.0
1544451,bertopic,n30_c50_s42,1,1.0
1544501,bertopic,n30_c50_s42,-1,0.0
1544521,bertopic,n30_c50_s42,4,0.5345039896159428
1545235,bertopic,n30_c50_s42,-1,0.0
1545283,bertopic,n30_c50_s42,26,0.9098680600231336
1546012,bertopic,n30_c50_s42,0,1.0
1546283,bertopic,n30_c50_s42,0,1.0
1546486,bertopic,n30_c50_s42,0,1.0
1546803,bertopic,n30_c50_s42,6,1.0
1547028,bertopic,n30_c50_s42,1,1.0
1547799,bertopic,n30_c50_s42,4,0.6167481133974858
1547850,bertopic,n30_c50_s42,13,1.0
1547868,bertopic,n30_c50_s42,10,0.5027597517902913
1548025,bertopic,n30_c50_s42,8,1.0
1548624,bertopic,n30_c50_s42,-1,0.0
1549095,bertopic,n30_c50_s42,5,1.0
1549163,bertopic,n30_c50_s42,26,1.0
1549742,bertopic,n30_c50_s42,13,1.0
1549766,bertopic,n30_c50_s42,7,0.9551594258533956
1549906,bertopic,n30_c50_s42,29,1.0
1550076,bertopic,n30_c50_s42,1,1.0
1550274,bertopic,n30_c50_s42,30,1.0
1551201,bertopic,n30_c50_s42,33,1.0
1552027,bertopic,n30_c50_s42,2,0.5797272230139325
1552042,bertopic,n30_c50_s42,13,0.15984095800785167
1552436,bertopic,n30_c50_s42,14,1.0
1552526,bertopic,n30_c50_s42,5,1.0
1553823,bertopic,n30_c50_s42,3,1.0
1554221,bertopic,n30_c50_s42,-1,0.0
1554319,bertopic,n30_c50_s42,1,1.0
1554328,bertopic,n30_c50_s42,3,0.6105899089322935
1554564,bertopic,n30_c50_s42,-1,0.0
1554656,bertopic,n30_c50_s42,33,1.0
1554691,bertopic,n30_c50_s42,33,1.0
1555133,bertopic,n30_c50_s42,1,1.0
1555803,bertopic,n30_c50_s42,33,1.0
1555945,bertopic,n30_c50_s42,12,0.9210200552661074
1555952,bertopic,n30_c50_s42,1,1.0
1555957,bertopic,n30_c50_s42,3,0.6105899089322935
1556983,bertopic,n30_c50_s42,0,1.0
1557452,bertopic,n30_c50_s42,12,0.9210200552661074
1557814,bertopic,n30_c50_s42,0,1.0
1558294,bertopic,n30_c50_s42,5,0.9876607105052494
1558297,bertopic,n30_c50_s42,0,1.0
1558386,bertopic,n30_c50_s42,12,0.6837667916215742
1558528,bertopic,n30_c50_s42,0,0.7010704835362613
1558705,bertopic,n30_c50_s42,16,0.24704911823397196
1558919,bertopic,n30_c50_s42,3,0.9147954570003288
1559241,bertopic,n30_c50_s42,33,1.0
1559325,bertopic,n30_c50_s42,0,1.0
1559378,bertopic,n30_c50_s42,-1,0.0
1559538,bertopic,n30_c50_s42,2,0.32159062012732953
1559623,bertopic,n30_c50_s42,24,1.0
1559836,bertopic,n30_c50_s42,20,0.5426182401193892
1560054,bertopic,n30_c50_s42,13,0.6428254813976179
1560368,bertopic,n30_c50_s42,31,1.0
1561560,bertopic,n30_c50_s42,1,1.0
1561578,bertopic,n30_c50_s42,1,1.0
1562046,bertopic,n30_c50_s42,13,0.8208505836703022
1562100,bertopic,n30_c50_s42,-1,0.0
1562779,bertopic,n30_c50_s42,3,0.6105899089322935
1563006,bertopic,n30_c50_s42,9,0.5907876341181899
1563857,bertopic,n30_c50_s42,16,0.3207616725356684
1564679,bertopic,n30_c50_s42,9,0.43373187938723157
1564741,bertopic,n30_c50_s42,18,0.7849098192343004
1565071,bertopic,n30_c50_s42,3,1.0
1565468,bertopic,n30_c50_s42,14,0.40596781453509057
1567458,bertopic,n30_c50_s42,32,1.0
1567486,bertopic,n30_c50_s42,27,0.91603333294263
1568134,bertopic,n30_c50_s42,14,0.7006517430084651
1568789,bertopic,n30_c50_s42,4,0.6167481133974858
1568922,bertopic,n30_c50_s42,8,1.0
1568979,bertopic,n30_c50_s42,4,0.6167481133974858
1568982,bertopic,n30_c50_s42,0,0.9770013764144158
1568998,bertopic,n30_c50_s42,4,0.2346455418909997
1569529,bertopic,n30_c50_s42,15,1.0
1570798,bertopic,n30_c50_s42,3,0.8933286657962108
1570810,bertopic,n30_c50_s42,1,1.0
1571139,bertopic,n30_c50_s42,-1,0.0
1571143,bertopic,n30_c50_s42,4,0.2346455418909997
1571368,bertopic,n30_c50_s42,11,0.830923516526849
1571604,bertopic,n30_c50_s42,-1,0.0
1571733,bertopic,n30_c50_s42,7,0.6329013270280908
1571748,bertopic,n30_c50_s42,2,0.6194512279033366
1572189,bertopic,n30_c50_s42,11,0.32156998588253677
1572248,bertopic,n30_c50_s42,24,1.0
1572346,bertopic,n30_c50_s42,-1,0.0
1572459,bertopic,n30_c50_s42,11,0.44400784642529284
1572646,bertopic,n30_c50_s42,10,0.5803065854258068
1572813,bertopic,n30_c50_s42,-1,0.0
1573020,bertopic,n30_c50_s42,7,0.6331035670216715
1573782,bertopic,n30_c50_s42,0,1.0
1573787,bertopic,n30_c50_s42,27,1.0
1574359,bertopic,n30_c50_s42,10,0.5803065854258068
1574564,bertopic,n30_c50_s42,1,1.0
1575547,bertopic,n30_c50_s42,9,1.0
1576207,bertopic,n30_c50_s42,9,0.7182112105695606
1580503,bertopic,n30_c50_s42,29,1.0
1581015,bertopic,n30_c50_s42,0,0.8906984326251951
1581556,bertopic,n30_c50_s42,10,0.629391152472408
1581904,bertopic,n30_c50_s42,27,1.0
1582089,bertopic,n30_c50_s42,10,1.0
1582804,bertopic,n30_c50_s42,-1,0.0
1583328,bertopic,n30_c50_s42,4,0.3492045561321186
1583384,bertopic,n30_c50_s42,1,1.0
1583464,bertopic,n30_c50_s42,3,0.590765770671488
1583692,bertopic,n30_c50_s42,9,0.198210999893872
1584072,bertopic,n30_c50_s42,4,1.0
1584290,bertopic,n30_c50_s42,10,0.629391152472408
1584463,bertopic,n30_c50_s42,10,0.629391152472408
1584561,bertopic,n30_c50_s42,5,1.0
1584690,bertopic,n30_c50_s42,13,0.3030327117469918
1584702,bertopic,n30_c50_s42,0,0.5041651173221762
1584723,bertopic,n30_c50_s42,9,0.198210999893872
1585232,bertopic,n30_c50_s42,10,1.0
1585252,bertopic,n30_c50_s42,1,1.0
1585805,bertopic,n30_c50_s42,27,1.0
1586519,bertopic,n30_c50_s42,18,1.0
1587467,bertopic,n30_c50_s42,2,0.7613198321229385
1588089,bertopic,n30_c50_s42,5,1.0
1588714,bertopic,n30_c50_s42,4,0.25000335542031515
1589034,bertopic,n30_c50_s42,4,0.25000335542031515
1590072,bertopic,n30_c50_s42,19,0.6796697272766467
1590296,bertopic,n30_c50_s42,30,0.9977273940844301
1590539,bertopic,n30_c50_s42,3,0.6105899089322935
1590598,bertopic,n30_c50_s42,18,1.0
1590801,bertopic,n30_c50_s42,-1,0.0
1590969,bertopic,n30_c50_s42,19,1.0
1591081,bertopic,n30_c50_s42,19,1.0
1591317,bertopic,n30_c50_s42,9,0.198210999893872
1592648,bertopic,n30_c50_s42,30,1.0
1592996,bertopic,n30_c50_s42,-1,0.0
1593360,bertopic,n30_c50_s42,-1,0.0
1593802,bertopic,n30_c50_s42,13,0.9478148105341804
1593842,bertopic,n30_c50_s42,13,0.44874972313621164
1593942,bertopic,n30_c50_s42,3,0.7568578698946841
1594238,bertopic,n30_c50_s42,13,0.9056855019913609
1594886,bertopic,n30_c50_s42,18,0.7183055073887752
1595108,bertopic,n30_c50_s42,12,1.0
1595174,bertopic,n30_c50_s42,13,0.15984095800785167
1595833,bertopic,n30_c50_s42,0,1.0
1596054,bertopic,n30_c50_s42,33,1.0
1596086,bertopic,n30_c50_s42,33,1.0
1596783,bertopic,n30_c50_s42,-1,0.0
1597618,bertopic,n30_c50_s42,-1,0.0
1597802,bertopic,n30_c50_s42,0,0.7219225299250764
1598813,bertopic,n30_c50_s42,4,0.3492045561321186
1599011,bertopic,n30_c50_s42,12,0.42908970564869486
1601162,bertopic,n30_c50_s42,13,0.3083274852232643
1601255,bertopic,n30_c50_s42,-1,0.0
1601952,bertopic,n30_c50_s42,0,1.0
1602097,bertopic,n30_c50_s42,0,0.6951766930949964
1602124,bertopic,n30_c50_s42,0,0.6998948078898829
1602322,bertopic,n30_c50_s42,0,1.0
1603249,bertopic,n30_c50_s42,23,1.0
1603303,bertopic,n30_c50_s42,0,1.0
1603708,bertopic,n30_c50_s42,18,0.9735140027929778
1603749,bertopic,n30_c50_s42,-1,0.0
1604979,bertopic,n30_c50_s42,2,0.7932884204263523
1605083,bertopic,n30_c50_s42,-1,0.0
1605481,bertopic,n30_c50_s42,13,0.6145478269811938
1605630,bertopic,n30_c50_s42,23,1.0
1606053,bertopic,n30_c50_s42,13,0.9302655033257253
1606367,bertopic,n30_c50_s42,18,1.0
1606471,bertopic,n30_c50_s42,18,1.0
1607996,bertopic,n30_c50_s42,27,1.0
1608050,bertopic,n30_c50_s42,27,0.7730668236134741
1608305,bertopic,n30_c50_s42,5,1.0
1608343,bertopic,n30_c50_s42,5,1.0
1608523,bertopic,n30_c50_s42,-1,0.0
1608611,bertopic,n30_c50_s42,5,1.0
1608877,bertopic,n30_c50_s42,1,1.0
1608878,bertopic,n30_c50_s42,14,1.0
1609173,bertopic,n30_c50_s42,5,1.0
1610786,bertopic,n30_c50_s42,4,0.3492045561321186
1611689,bertopic,n30_c50_s42,10,0.5803065854258068
1612202,bertopic,n30_c50_s42,8,1.0
1612234,bertopic,n30_c50_s42,4,0.2346455418909997
1612259,bertopic,n30_c50_s42,4,0.2346455418909997
1612810,bertopic,n30_c50_s42,-1,0.0
1612909,bertopic,n30_c50_s42,29,1.0
1614015,bertopic,n30_c50_s42,15,1.0
1614893,bertopic,n30_c50_s42,32,1.0
1615227,bertopic,n30_c50_s42,32,1.0
1615573,bertopic,n30_c50_s42,32,1.0
1615715,bertopic,n30_c50_s42,29,1.0
1615722,bertopic,n30_c50_s42,10,0.5610654878383777
1615725,bertopic,n30_c50_s42,26,0.96737483760411
1616337,bertopic,n30_c50_s42,2,0.32159062012732953
1616763,bertopic,n30_c50_s42,2,0.32159062012732953
1618925,bertopic,n30_c50_s42,32,1.0
1619965,bertopic,n30_c50_s42,-1,0.0
1620427,bertopic,n30_c50_s42,32,1.0
1620477,bertopic,n30_c50_s42,18,1.0
1620517,bertopic,n30_c50_s42,32,1.0
1620531,bertopic,n30_c50_s42,32,0.9432860318920627
1620652,bertopic,n30_c50_s42,9,0.15627189022901083
1620730,bertopic,n30_c50_s42,18,1.0
1620782,bertopic,n30_c50_s42,3,0.6105899089322935
1621203,bertopic,n30_c50_s42,18,0.9972543625695234
1621700,bertopic,n30_c50_s42,2,1.0
1621877,bertopic,n30_c50_s42,7,0.6106913284984854
1622181,bertopic,n30_c50_s42,26,1.0
1622524,bertopic,n30_c50_s42,6,0.8348070449343348
1622573,bertopic,n30_c50_s42,18,0.6976496217049184
1622698,bertopic,n30_c50_s42,0,1.0
1622930,bertopic,n30_c50_s42,-1,0.0
1624003,bertopic,n30_c50_s42,0,1.0
1624371,bertopic,n30_c50_s42,20,0.6623601023349213
1625072,bertopic,n30_c50_s42,24,1.0
1625326,bertopic,n30_c50_s42,0,1.0
1626063,bertopic,n30_c50_s42,10,0.5803065854258068
1626112,bertopic,n30_c50_s42,2,1.0
1626193,bertopic,n30_c50_s42,3,1.0
1626305,bertopic,n30_c50_s42,11,0.4068758007072083
1626331,bertopic,n30_c50_s42,1,1.0
1626414,bertopic,n30_c50_s42,11,0.6913228849770109
1626427,bertopic,n30_c50_s42,4,0.2346455418909997
1626513,bertopic,n30_c50_s42,11,0.5441859782953903
1627048,bertopic,n30_c50_s42,11,0.6913228849770109
1627976,bertopic,n30_c50_s42,0,0.36824908532147643
1628020,bertopic,n30_c50_s42,14,0.7006517430084651
1628061,bertopic,n30_c50_s42,13,0.8836908010208713
1628085,bertopic,n30_c50_s42,13,0.691855193851343
1628354,bertopic,n30_c50_s42,4,0.2346455418909997
1628417,bertopic,n30_c50_s42,-1,0.0
1628529,bertopic,n30_c50_s42,4,0.2346455418909997
1628847,bertopic,n30_c50_s42,0,1.0
1628863,bertopic,n30_c50_s42,0,1.0
1628928,bertopic,n30_c50_s42,0,1.0
1628955,bertopic,n30_c50_s42,0,1.0
1629053,bertopic,n30_c50_s42,30,1.0
1629082,bertopic,n30_c50_s42,32,1.0
1629201,bertopic,n30_c50_s42,0,1.0
1629324,bertopic,n30_c50_s42,0,1.0
1629357,bertopic,n30_c50_s42,-1,0.0
1629527,bertopic,n30_c50_s42,9,0.09987242451732228
1629581,bertopic,n30_c50_s42,0,1.0
1629804,bertopic,n30_c50_s42,11,0.4423448643487929
1630109,bertopic,n30_c50_s42,10,1.0
1630227,bertopic,n30_c50_s42,0,1.0
1630233,bertopic,n30_c50_s42,0,1.0
1630240,bertopic,n30_c50_s42,0,1.0
1630342,bertopic,n30_c50_s42,11,0.4879011718356172
1630541,bertopic,n30_c50_s42,10,0.5803065854258068
1630643,bertopic,n30_c50_s42,-1,0.0
1631344,bertopic,n30_c50_s42,33,1.0
1631698,bertopic,n30_c50_s42,9,0.4064713830446972
1631752,bertopic,n30_c50_s42,24,1.0
1632025,bertopic,n30_c50_s42,0,1.0
1633050,bertopic,n30_c50_s42,32,1.0
1633094,bertopic,n30_c50_s42,0,1.0
1633144,bertopic,n30_c50_s42,32,1.0
1633190,bertopic,n30_c50_s42,32,1.0
1633362,bertopic,n30_c50_s42,4,0.6167481133974858
1633392,bertopic,n30_c50_s42,1,1.0
1633401,bertopic,n30_c50_s42,4,0.6167481133974858
1633413,bertopic,n30_c50_s42,32,1.0
1633448,bertopic,n30_c50_s42,0,0.8637867978336136
1634199,bertopic,n30_c50_s42,14,1.0
1634480,bertopic,n30_c50_s42,11,0.4904745636331857
1634535,bertopic,n30_c50_s42,0,1.0
1634924,bertopic,n30_c50_s42,11,0.6913228849770109
1635457,bertopic,n30_c50_s42,12,1.0
1635558,bertopic,n30_c50_s42,12,0.7211672814731643
1635802,bertopic,n30_c50_s42,11,0.6913228849770109
1635844,bertopic,n30_c50_s42,26,1.0
1635991,bertopic,n30_c50_s42,0,1.0
1636083,bertopic,n30_c50_s42,0,1.0
1636243,bertopic,n30_c50_s42,0,1.0
1636404,bertopic,n30_c50_s42,0,1.0
1636431,bertopic,n30_c50_s42,0,1.0
1636592,bertopic,n30_c50_s42,0,1.0
1636718,bertopic,n30_c50_s42,0,1.0
1636835,bertopic,n30_c50_s42,-1,0.0
1637154,bertopic,n30_c50_s42,-1,0.0
1637297,bertopic,n30_c50_s42,-1,0.0
1637388,bertopic,n30_c50_s42,-1,0.0
1637480,bertopic,n30_c50_s42,12,0.42908970564869486
1637484,bertopic,n30_c50_s42,12,0.42908970564869486
1637670,bertopic,n30_c50_s42,14,0.9938609908328251
1637750,bertopic,n30_c50_s42,0,1.0
1637917,bertopic,n30_c50_s42,0,1.0
1637962,bertopic,n30_c50_s42,10,0.629391152472408
1638213,bertopic,n30_c50_s42,-1,0.0
1638474,bertopic,n30_c50_s42,0,0.45868015336448714
1638879,bertopic,n30_c50_s42,-1,0.0
1640012,bertopic,n30_c50_s42,-1,0.0
1641201,bertopic,n30_c50_s42,0,1.0
1641467,bertopic,n30_c50_s42,-1,0.0
1642038,bertopic,n30_c50_s42,13,0.5200125801474393
1642741,bertopic,n30_c50_s42,-1,0.0
1642850,bertopic,n30_c50_s42,-1,0.0
1643225,bertopic,n30_c50_s42,27,0.7671943599772412
1643304,bertopic,n30_c50_s42,0,1.0
1643410,bertopic,n30_c50_s42,27,1.0
1643593,bertopic,n30_c50_s42,29,1.0
1643672,bertopic,n30_c50_s42,29,1.0
1643689,bertopic,n30_c50_s42,29,1.0
1643801,bertopic,n30_c50_s42,10,1.0
1643812,bertopic,n30_c50_s42,10,0.49258616222249346
1644104,bertopic,n30_c50_s42,27,1.0
1644107,bertopic,n30_c50_s42,-1,0.0
1644185,bertopic,n30_c50_s42,0,0.5382488383526756
1644238,bertopic,n30_c50_s42,27,1.0
1644289,bertopic,n30_c50_s42,9,0.4064713830446972
1644777,bertopic,n30_c50_s42,4,0.3492045561321186
1645053,bertopic,n30_c50_s42,10,0.629391152472408
1645255,bertopic,n30_c50_s42,28,0.2874084114224221
1645318,bertopic,n30_c50_s42,28,0.2659128181353614
1645518,bertopic,n30_c50_s42,9,0.15900945696142607
1645809,bertopic,n30_c50_s42,30,1.0
1645828,bertopic,n30_c50_s42,0,1.0
1645964,bertopic,n30_c50_s42,28,0.27006699749886476
1646059,bertopic,n30_c50_s42,1,1.0
1646133,bertopic,n30_c50_s42,8,1.0
1647389,bertopic,n30_c50_s42,13,0.3693785944373527
1647652,bertopic,n30_c50_s42,8,1.0
1647853,bertopic,n30_c50_s42,3,0.6105899089322935
1648054,bertopic,n30_c50_s42,1,1.0
1648219,bertopic,n30_c50_s42,8,1.0
1648790,bertopic,n30_c50_s42,7,0.6122832431975691
1649210,bertopic,n30_c50_s42,1,1.0
1649646,bertopic,n30_c50_s42,18,1.0
1649970,bertopic,n30_c50_s42,4,0.33373005430917846
1650049,bertopic,n30_c50_s42,4,0.2480033034578803
1650196,bertopic,n30_c50_s42,0,1.0
1650249,bertopic,n30_c50_s42,1,1.0
1650886,bertopic,n30_c50_s42,7,0.6331035670216715
1651326,bertopic,n30_c50_s42,27,1.0
1651339,bertopic,n30_c50_s42,27,1.0
1651505,bertopic,n30_c50_s42,27,0.6990795032177833
1651781,bertopic,n30_c50_s42,27,1.0
1651888,bertopic,n30_c50_s42,27,1.0
1651889,bertopic,n30_c50_s42,27,1.0
1651902,bertopic,n30_c50_s42,27,1.0
1651924,bertopic,n30_c50_s42,27,1.0
1652591,bertopic,n30_c50_s42,0,0.6960403260284418
1653181,bertopic,n30_c50_s42,-1,0.0
1654123,bertopic,n30_c50_s42,4,0.2346455418909997
1654397,bertopic,n30_c50_s42,18,1.0
1654474,bertopic,n30_c50_s42,9,0.198210999893872
1655065,bertopic,n30_c50_s42,4,1.0
1655750,bertopic,n30_c50_s42,0,1.0
1656280,bertopic,n30_c50_s42,0,1.0
1656434,bertopic,n30_c50_s42,-1,0.0
1657720,bertopic,n30_c50_s42,3,0.6937571467372423
1658202,bertopic,n30_c50_s42,9,0.198210999893872
1658204,bertopic,n30_c50_s42,-1,0.0
1660561,bertopic,n30_c50_s42,12,1.0
1660628,bertopic,n30_c50_s42,-1,0.0
1661755,bertopic,n30_c50_s42,1,1.0
1662908,bertopic,n30_c50_s42,20,1.0
1663598,bertopic,n30_c50_s42,0,1.0
1664651,bertopic,n30_c50_s42,-1,0.0
1664667,bertopic,n30_c50_s42,5,0.7755089335694174
1664914,bertopic,n30_c50_s42,16,1.0
1665044,bertopic,n30_c50_s42,5,1.0
1665218,bertopic,n30_c50_s42,13,1.0
1666448,bertopic,n30_c50_s42,1,1.0
1666522,bertopic,n30_c50_s42,-1,0.0
1666592,bertopic,n30_c50_s42,4,0.5485546198100681
1666754,bertopic,n30_c50_s42,-1,0.0
1667161,bertopic,n30_c50_s42,26,1.0
1669889,bertopic,n30_c50_s42,-1,0.0
1671510,bertopic,n30_c50_s42,5,1.0
1673964,bertopic,n30_c50_s42,3,0.8535641038460765
1674689,bertopic,n30_c50_s42,-1,0.0
1676225,bertopic,n30_c50_s42,3,1.0
1676319,bertopic,n30_c50_s42,3,0.832458640934726
1676925,bertopic,n30_c50_s42,10,1.0
1677219,bertopic,n30_c50_s42,5,1.0
1678071,bertopic,n30_c50_s42,12,0.875786771946696
1679362,bertopic,n30_c50_s42,0,0.9040369541364914
1681379,bertopic,n30_c50_s42,15,0.4382757433078268
1682395,bertopic,n30_c50_s42,15,1.0
1683078,bertopic,n30_c50_s42,3,1.0
1683091,bertopic,n30_c50_s42,23,1.0
1683109,bertopic,n30_c50_s42,6,1.0
1683130,bertopic,n30_c50_s42,6,0.8164219214295206
1683707,bertopic,n30_c50_s42,-1,0.0
1684733,bertopic,n30_c50_s42,6,0.9480606832080224
1684815,bertopic,n30_c50_s42,-1,0.0
1685072,bertopic,n30_c50_s42,2,0.7405515387401128
1685266,bertopic,n30_c50_s42,10,0.5803065854258068
1686021,bertopic,n30_c50_s42,-1,0.0
1686112,bertopic,n30_c50_s42,-1,0.0
1686355,bertopic,n30_c50_s42,20,1.0
1686518,bertopic,n30_c50_s42,3,0.6081427356922694
1687000,bertopic,n30_c50_s42,15,0.43844090205432507
1687424,bertopic,n30_c50_s42,-1,0.0
1688112,bertopic,n30_c50_s42,21,0.7136277303496203
1689823,bertopic,n30_c50_s42,0,1.0
1690809,bertopic,n30_c50_s42,10,1.0
1691665,bertopic,n30_c50_s42,15,1.0
1691862,bertopic,n30_c50_s42,15,1.0
1692560,bertopic,n30_c50_s42,-1,0.0
1693028,bertopic,n30_c50_s42,6,1.0
1693980,bertopic,n30_c50_s42,22,1.0
1695724,bertopic,n30_c50_s42,15,0.43844090205432507
1697471,bertopic,n30_c50_s42,15,0.5932044842141871
1697669,bertopic,n30_c50_s42,13,1.0
1697963,bertopic,n30_c50_s42,22,1.0
1698281,bertopic,n30_c50_s42,13,1.0
1698411,bertopic,n30_c50_s42,25,1.0
1698475,bertopic,n30_c50_s42,6,1.0
1698981,bertopic,n30_c50_s42,7,1.0
1699396,bertopic,n30_c50_s42,5,1.0
1699699,bertopic,n30_c50_s42,2,1.0
1699718,bertopic,n30_c50_s42,4,0.3361351057864299
1700125,bertopic,n30_c50_s42,23,1.0
1700225,bertopic,n30_c50_s42,22,1.0
1700548,bertopic,n30_c50_s42,13,0.8208505836703022
1700627,bertopic,n30_c50_s42,15,0.7463875652020237
1700716,bertopic,n30_c50_s42,1,1.0
1701825,bertopic,n30_c50_s42,-1,0.0
1702604,bertopic,n30_c50_s42,15,0.921141717204377
1702894,bertopic,n30_c50_s42,15,1.0
1703304,bertopic,n30_c50_s42,22,1.0
1704668,bertopic,n30_c50_s42,23,0.7773444767908508
1704740,bertopic,n30_c50_s42,22,0.6187880912755128
1705265,bertopic,n30_c50_s42,-1,0.0
1705327,bertopic,n30_c50_s42,-1,0.0
1706168,bertopic,n30_c50_s42,22,0.4581927398495657
1706486,bertopic,n30_c50_s42,15,0.4382757433078268
1706496,bertopic,n30_c50_s42,6,1.0
1706540,bertopic,n30_c50_s42,11,1.0
1706737,bertopic,n30_c50_s42,22,0.6662854962334178
1707062,bertopic,n30_c50_s42,15,0.9649206815842767
1708593,bertopic,n30_c50_s42,11,1.0
1709044,bertopic,n30_c50_s42,6,0.8251572566300328
1709656,bertopic,n30_c50_s42,22,0.4581927398495657
1709805,bertopic,n30_c50_s42,6,1.0
1709939,bertopic,n30_c50_s42,25,1.0
1710264,bertopic,n30_c50_s42,6,1.0
1710764,bertopic,n30_c50_s42,22,1.0
1710933,bertopic,n30_c50_s42,23,0.6535877620940309
1711239,bertopic,n30_c50_s42,22,1.0
1711692,bertopic,n30_c50_s42,-1,0.0
1712207,bertopic,n30_c50_s42,22,0.34790289563624094
1712797,bertopic,n30_c50_s42,1,0.505309894426839
1713263,bertopic,n30_c50_s42,25,0.8373535897739036
1714928,bertopic,n30_c50_s42,15,0.7011026329997038
1715015,bertopic,n30_c50_s42,15,0.6366054400213306
1715532,bertopic,n30_c50_s42,2,1.0
1715850,bertopic,n30_c50_s42,22,0.9844099824199372
1715958,bertopic,n30_c50_s42,15,0.97345284867183
1716332,bertopic,n30_c50_s42,6,1.0
1717227,bertopic,n30_c50_s42,-1,0.0
1717561,bertopic,n30_c50_s42,15,1.0
1718260,bertopic,n30_c50_s42,5,1.0
1718954,bertopic,n30_c50_s42,22,1.0
1719182,bertopic,n30_c50_s42,-1,0.0
1719361,bertopic,n30_c50_s42,3,0.6105899089322935
1719455,bertopic,n30_c50_s42,6,0.849011469307223
1719954,bertopic,n30_c50_s42,22,1.0
1720340,bertopic,n30_c50_s42,22,1.0
1720393,bertopic,n30_c50_s42,22,0.4581927398495657
1722098,bertopic,n30_c50_s42,-1,0.0
1722301,bertopic,n30_c50_s42,23,0.463237228125539
1723071,bertopic,n30_c50_s42,6,0.8943903960671434
1723124,bertopic,n30_c50_s42,5,0.6070931563308267
1723294,bertopic,n30_c50_s42,20,0.5715579400685054
1724660,bertopic,n30_c50_s42,15,0.43844090205432507
1725087,bertopic,n30_c50_s42,22,1.0
1725177,bertopic,n30_c50_s42,15,0.43844090205432507
1726786,bertopic,n30_c50_s42,15,0.8526723240445786
1727314,bertopic,n30_c50_s42,23,1.0
1727348,bertopic,n30_c50_s42,22,0.473811642690672
1727748,bertopic,n30_c50_s42,11,0.3741971386618565
1728274,bertopic,n30_c50_s42,-1,0.0
1728370,bertopic,n30_c50_s42,-1,0.0
1728791,bertopic,n30_c50_s42,-1,0.0
1729194,bertopic,n30_c50_s42,-1,0.0
1731850,bertopic,n30_c50_s42,-1,0.0
1732329,bertopic,n30_c50_s42,5,1.0
1732611,bertopic,n30_c50_s42,25,1.0
1733429,bertopic,n30_c50_s42,0,1.0
1733690,bertopic,n30_c50_s42,22,0.9002697303332378
1734395,bertopic,n30_c50_s42,-1,0.0
1734997,bertopic,n30_c50_s42,22,0.4581927398495657
1737105,bertopic,n30_c50_s42,14,0.42344136580231817
1737159,bertopic,n30_c50_s42,22,1.0
1737367,bertopic,n30_c50_s42,6,1.0
1738246,bertopic,n30_c50_s42,15,1.0
1739309,bertopic,n30_c50_s42,22,1.0
1740679,bertopic,n30_c50_s42,12,0.42908970564869486
1740693,bertopic,n30_c50_s42,14,0.41451491261910806
1741399,bertopic,n30_c50_s42,22,0.4581927398495657
1743180,bertopic,n30_c50_s42,-1,0.0
1743215,bertopic,n30_c50_s42,25,1.0
1743803,bertopic,n30_c50_s42,6,1.0
1745237,bertopic,n30_c50_s42,15,0.4972076156292519
1745303,bertopic,n30_c50_s42,15,0.4382757433078268
1745896,bertopic,n30_c50_s42,0,1.0
1745972,bertopic,n30_c50_s42,9,1.0
1746476,bertopic,n30_c50_s42,22,1.0
1746753,bertopic,n30_c50_s42,-1,0.0
1747022,bertopic,n30_c50_s42,0,1.0
1747741,bertopic,n30_c50_s42,-1,0.0
1748179,bertopic,n30_c50_s42,4,0.25000335542031515
1748483,bertopic,n30_c50_s42,23,0.4332529587994766
1748926,bertopic,n30_c50_s42,-1,0.0
1749111,bertopic,n30_c50_s42,11,1.0
1749433,bertopic,n30_c50_s42,-1,0.0
1749525,bertopic,n30_c50_s42,6,1.0
1749569,bertopic,n30_c50_s42,11,0.830923516526849
1749755,bertopic,n30_c50_s42,6,0.9075272615117645
1749859,bertopic,n30_c50_s42,6,0.8965773998853344
1749863,bertopic,n30_c50_s42,6,1.0
1750089,bertopic,n30_c50_s42,22,0.4581927398495657
1750589,bertopic,n30_c50_s42,21,0.5647906181849914
1750711,bertopic,n30_c50_s42,-1,0.0
1750919,bertopic,n30_c50_s42,3,1.0
1750939,bertopic,n30_c50_s42,23,1.0
1751352,bertopic,n30_c50_s42,22,0.4581927398495657
1752783,bertopic,n30_c50_s42,2,1.0
1753410,bertopic,n30_c50_s42,-1,0.0
1754216,bertopic,n30_c50_s42,11,1.0
1756841,bertopic,n30_c50_s42,1,1.0
1757662,bertopic,n30_c50_s42,2,0.6663348971884033
1757765,bertopic,n30_c50_s42,22,0.5483540046923163
1757933,bertopic,n30_c50_s42,23,1.0
1759498,bertopic,n30_c50_s42,22,0.9872409870333101
1759830,bertopic,n30_c50_s42,22,1.0
1759873,bertopic,n30_c50_s42,22,1.0
1760552,bertopic,n30_c50_s42,23,1.0
1761953,bertopic,n30_c50_s42,15,1.0
1762654,bertopic,n30_c50_s42,22,1.0
1762824,bertopic,n30_c50_s42,-1,0.0
1762994,bertopic,n30_c50_s42,33,1.0
1763439,bertopic,n30_c50_s42,22,1.0
1764269,bertopic,n30_c50_s42,5,1.0
1765393,bertopic,n30_c50_s42,22,1.0
1765897,bertopic,n30_c50_s42,21,0.7399072909139246
1765978,bertopic,n30_c50_s42,22,1.0
1766021,bertopic,n30_c50_s42,21,1.0
1766529,bertopic,n30_c50_s42,6,1.0
1766769,bertopic,n30_c50_s42,22,0.4581927398495657
1766969,bertopic,n30_c50_s42,5,1.0
1767208,bertopic,n30_c50_s42,23,0.839408502942251
1767405,bertopic,n30_c50_s42,1,1.0
1767580,bertopic,n30_c50_s42,6,1.0
1768327,bertopic,n30_c50_s42,6,0.9937681001292247
1768788,bertopic,n30_c50_s42,22,0.4581927398495657
1769257,bertopic,n30_c50_s42,23,1.0
1769738,bertopic,n30_c50_s42,2,0.9081442961712346
1770600,bertopic,n30_c50_s42,22,1.0
1770622,bertopic,n30_c50_s42,1,1.0
1771324,bertopic,n30_c50_s42,6,0.9581818766806911
1771782,bertopic,n30_c50_s42,22,1.0
1772764,bertopic,n30_c50_s42,22,1.0
1772835,bertopic,n30_c50_s42,15,0.8395613014944742
1772931,bertopic,n30_c50_s42,23,1.0
1773425,bertopic,n30_c50_s42,22,0.4581927398495657
1774287,bertopic,n30_c50_s42,22,0.4581927398495657
1774660,bertopic,n30_c50_s42,22,1.0
1774761,bertopic,n30_c50_s42,23,1.0
1774912,bertopic,n30_c50_s42,-1,0.0
1775048,bertopic,n30_c50_s42,22,0.4581927398495657
1775531,bertopic,n30_c50_s42,23,1.0
1777220,bertopic,n30_c50_s42,12,1.0
1777819,bertopic,n30_c50_s42,6,1.0
1778040,bertopic,n30_c50_s42,23,0.9589933366691359
1778220,bertopic,n30_c50_s42,0,0.5674162187078615
1778534,bertopic,n30_c50_s42,22,1.0
1779124,bertopic,n30_c50_s42,22,0.4581927398495657
1780784,bertopic,n30_c50_s42,23,1.0
1780870,bertopic,n30_c50_s42,22,1.0
1781369,bertopic,n30_c50_s42,22,0.4581927398495657
1781371,bertopic,n30_c50_s42,11,1.0
1781465,bertopic,n30_c50_s42,-1,0.0
1781567,bertopic,n30_c50_s42,10,0.5894466450828768
1781757,bertopic,n30_c50_s42,29,1.0
1782449,bertopic,n30_c50_s42,5,0.7869323484947495
1782773,bertopic,n30_c50_s42,5,1.0
1782894,bertopic,n30_c50_s42,22,0.4581927398495657
1783088,bertopic,n30_c50_s42,6,1.0
1783472,bertopic,n30_c50_s42,-1,0.0
1784023,bertopic,n30_c50_s42,22,0.4581927398495657
1784510,bertopic,n30_c50_s42,-1,0.0
1786605,bertopic,n30_c50_s42,0,1.0
1786860,bertopic,n30_c50_s42,1,1.0
1787190,bertopic,n30_c50_s42,22,1.0
1787369,bertopic,n30_c50_s42,22,0.4581927398495657
1787402,bertopic,n30_c50_s42,22,0.4581927398495657
1788046,bertopic,n30_c50_s42,22,0.4581927398495657
1788210,bertopic,n30_c50_s42,22,1.0
1788249,bertopic,n30_c50_s42,6,1.0
1788658,bertopic,n30_c50_s42,22,1.0
1788669,bertopic,n30_c50_s42,23,0.8710916666240043
1788823,bertopic,n30_c50_s42,23,0.7054156794068143
1789010,bertopic,n30_c50_s42,6,1.0
1789341,bertopic,n30_c50_s42,22,1.0
1790219,bertopic,n30_c50_s42,5,1.0
1790464,bertopic,n30_c50_s42,-1,0.0
1790795,bertopic,n30_c50_s42,6,1.0
1792141,bertopic,n30_c50_s42,7,1.0
1792754,bertopic,n30_c50_s42,6,1.0
1793048,bertopic,n30_c50_s42,22,1.0
1793349,bertopic,n30_c50_s42,7,1.0
1793500,bertopic,n30_c50_s42,-1,0.0
1793650,bertopic,n30_c50_s42,22,1.0
1794330,bertopic,n30_c50_s42,-1,0.0
1794525,bertopic,n30_c50_s42,5,1.0
1794830,bertopic,n30_c50_s42,6,0.8556837480138142
1794940,bertopic,n30_c50_s42,1,0.8494174079526124
1795442,bertopic,n30_c50_s42,23,1.0
1795528,bertopic,n30_c50_s42,23,1.0
1795592,bertopic,n30_c50_s42,3,1.0
1795901,bertopic,n30_c50_s42,2,0.9081442961712346
1796159,bertopic,n30_c50_s42,22,0.4581927398495657
1796275,bertopic,n30_c50_s42,5,1.0
1797065,bertopic,n30_c50_s42,4,0.25000335542031515
1797180,bertopic,n30_c50_s42,5,1.0
1797356,bertopic,n30_c50_s42,5,1.0
1798409,bertopic,n30_c50_s42,-1,0.0
1798748,bertopic,n30_c50_s42,12,0.9210200552661074
1799072,bertopic,n30_c50_s42,3,1.0
1799196,bertopic,n30_c50_s42,24,1.0
1799623,bertopic,n30_c50_s42,5,1.0
1800294,bertopic,n30_c50_s42,6,0.8388025148562294
1800390,bertopic,n30_c50_s42,22,0.4581927398495657
1801977,bertopic,n30_c50_s42,-1,0.0
1802483,bertopic,n30_c50_s42,5,1.0
1803579,bertopic,n30_c50_s42,22,1.0
1803645,bertopic,n30_c50_s42,6,0.9616247480170449
1804034,bertopic,n30_c50_s42,15,1.0
1804666,bertopic,n30_c50_s42,1,1.0
1804998,bertopic,n30_c50_s42,-1,0.0
1805507,bertopic,n30_c50_s42,-1,0.0
1806946,bertopic,n30_c50_s42,-1,0.0
1807432,bertopic,n30_c50_s42,-1,0.0
1807741,bertopic,n30_c50_s42,-1,0.0
1808525,bertopic,n30_c50_s42,-1,0.0
1808878,bertopic,n30_c50_s42,6,1.0
1809279,bertopic,n30_c50_s42,-1,0.0
1809745,bertopic,n30_c50_s42,22,1.0
1810050,bertopic,n30_c50_s42,6,1.0
1811161,bertopic,n30_c50_s42,-1,0.0
1811551,bertopic,n30_c50_s42,-1,0.0
1812418,bertopic,n30_c50_s42,6,1.0
1812560,bertopic,n30_c50_s42,6,1.0
1812849,bertopic,n30_c50_s42,13,0.6343191752890821
1812942,bertopic,n30_c50_s42,10,0.5610654878383777
1814127,bertopic,n30_c50_s42,-1,0.0
1814492,bertopic,n30_c50_s42,22,1.0
1814823,bertopic,n30_c50_s42,-1,0.0
1814857,bertopic,n30_c50_s42,-1,0.0
1815057,bertopic,n30_c50_s42,-1,0.0
1815347,bertopic,n30_c50_s42,0,1.0
1816307,bertopic,n30_c50_s42,-1,0.0
1816824,bertopic,n30_c50_s42,6,1.0
1817789,bertopic,n30_c50_s42,-1,0.0
1817911,bertopic,n30_c50_s42,-1,0.0
1819002,bertopic,n30_c50_s42,-1,0.0
1819063,bertopic,n30_c50_s42,7,1.0
1819183,bertopic,n30_c50_s42,-1,0.0
1819282,bertopic,n30_c50_s42,-1,0.0
1819310,bertopic,n30_c50_s42,-1,0.0
1819353,bertopic,n30_c50_s42,6,1.0
1819427,bertopic,n30_c50_s42,-1,0.0
1819806,bertopic,n30_c50_s42,-1,0.0
1819857,bertopic,n30_c50_s42,-1,0.0
1821007,bertopic,n30_c50_s42,-1,0.0
1821156,bertopic,n30_c50_s42,-1,0.0
1821596,bertopic,n30_c50_s42,13,0.15984095800785167
1824215,bertopic,n30_c50_s42,-1,0.0
1824347,bertopic,n30_c50_s42,-1,0.0
1824634,bertopic,n30_c50_s42,-1,0.0
1825156,bertopic,n30_c50_s42,-1,0.0
1826482,bertopic,n30_c50_s42,-1,0.0
1828952,bertopic,n30_c50_s42,6,0.9502916176456221
1828997,bertopic,n30_c50_s42,22,1.0
1829044,bertopic,n30_c50_s42,23,1.0
1829612,bertopic,n30_c50_s42,-1,0.0
1830227,bertopic,n30_c50_s42,-1,0.0
1832511,bertopic,n30_c50_s42,5,1.0
1833174,bertopic,n30_c50_s42,15,1.0
1833629,bertopic,n30_c50_s42,2,0.32159062012732953
1833849,bertopic,n30_c50_s42,5,1.0
1834610,bertopic,n30_c50_s42,4,0.6167481133974858
1835823,bertopic,n30_c50_s42,-1,0.0
1836084,bertopic,n30_c50_s42,5,1.0
1837582,bertopic,n30_c50_s42,-1,0.0
1838801,bertopic,n30_c50_s42,-1,0.0
1839338,bertopic,n30_c50_s42,-1,0.0
1840067,bertopic,n30_c50_s42,-1,0.0
1840353,bertopic,n30_c50_s42,1,1.0
1841915,bertopic,n30_c50_s42,22,0.934428313670421
1844676,bertopic,n30_c50_s42,22,1.0
1846581,bertopic,n30_c50_s42,23,1.0
1848894,bertopic,n30_c50_s42,4,0.2346455418909997
1849673,bertopic,n30_c50_s42,22,0.3716971619259359
1850279,bertopic,n30_c50_s42,3,1.0
1850586,bertopic,n30_c50_s42,-1,0.0
1850605,bertopic,n30_c50_s42,12,0.9814529129196875
1850613,bertopic,n30_c50_s42,12,0.42908970564869486
1850656,bertopic,n30_c50_s42,8,1.0
1850658,bertopic,n30_c50_s42,3,0.541331195829606
1850698,bertopic,n30_c50_s42,-1,0.0
1850775,bertopic,n30_c50_s42,1,0.9753855308371578
1850805,bertopic,n30_c50_s42,22,1.0
1852817,bertopic,n30_c50_s42,22,0.4581927398495657
1853776,bertopic,n30_c50_s42,0,1.0
1854231,bertopic,n30_c50_s42,1,1.0
1854565,bertopic,n30_c50_s42,31,1.0
1855730,bertopic,n30_c50_s42,12,0.42908970564869486
1857855,bertopic,n30_c50_s42,6,0.9099758505338046
1859703,bertopic,n30_c50_s42,23,0.7874122073114553
1859873,bertopic,n30_c50_s42,1,0.9753855308371578
1859986,bertopic,n30_c50_s42,22,1.0
1861945,bertopic,n30_c50_s42,23,1.0
1864354,bertopic,n30_c50_s42,9,0.37740461138918036
1864798,bertopic,n30_c50_s42,1,1.0
1877554,bertopic,n30_c50_s42,20,1.0
1877561,bertopic,n30_c50_s42,15,1.0
1878318,bertopic,n30_c50_s42,-1,0.0
1882764,bertopic,n30_c50_s42,15,1.0
1887908,bertopic,n30_c50_s42,0,1.0
1898150,bertopic,n30_c50_s42,23,1.0
1903287,bertopic,n30_c50_s42,22,0.4581927398495657
1903507,bertopic,n30_c50_s42,-1,0.0
1909651,bertopic,n30_c50_s42,25,1.0
1910159,bertopic,n30_c50_s42,4,1.0
1910233,bertopic,n30_c50_s42,15,0.4382757433078268
1910817,bertopic,n30_c50_s42,3,0.5485582467805343
1911320,bertopic,n30_c50_s42,15,0.4382757433078268
1911491,bertopic,n30_c50_s42,1,1.0
1911514,bertopic,n30_c50_s42,15,0.4382757433078268
1912688,bertopic,n30_c50_s42,-1,0.0
1912825,bertopic,n30_c50_s42,0,1.0
1913064,bertopic,n30_c50_s42,-1,0.0
1913151,bertopic,n30_c50_s42,0,1.0
1913394,bertopic,n30_c50_s42,25,0.9610346095447377
1913513,bertopic,n30_c50_s42,0,1.0
1913582,bertopic,n30_c50_s42,0,1.0
1914067,bertopic,n30_c50_s42,29,1.0
1914123,bertopic,n30_c50_s42,10,1.0
1914502,bertopic,n30_c50_s42,-1,0.0
1914556,bertopic,n30_c50_s42,-1,0.0
1914857,bertopic,n30_c50_s42,20,1.0
1914916,bertopic,n30_c50_s42,10,1.0
1914999,bertopic,n30_c50_s42,15,1.0
1915075,bertopic,n30_c50_s42,20,1.0
1915304,bertopic,n30_c50_s42,29,1.0
1915804,bertopic,n30_c50_s42,0,1.0
1916053,bertopic,n30_c50_s42,12,0.9210200552661074
1916441,bertopic,n30_c50_s42,15,0.43844090205432507
1917032,bertopic,n30_c50_s42,15,0.43844090205432507
1917329,bertopic,n30_c50_s42,20,0.6623601023349213
1917366,bertopic,n30_c50_s42,1,1.0
1917376,bertopic,n30_c50_s42,5,1.0
1917392,bertopic,n30_c50_s42,5,1.0
1917662,bertopic,n30_c50_s42,5,1.0
1917921,bertopic,n30_c50_s42,21,0.7136277303496203
1918072,bertopic,n30_c50_s42,-1,0.0
1918118,bertopic,n30_c50_s42,15,0.43844090205432507
1918149,bertopic,n30_c50_s42,1,1.0
1919027,bertopic,n30_c50_s42,20,1.0
1919141,bertopic,n30_c50_s42,10,0.5370247030101564
1919384,bertopic,n30_c50_s42,20,0.6623601023349213
1919642,bertopic,n30_c50_s42,11,0.6639185674215975
1919898,bertopic,n30_c50_s42,2,1.0
1920049,bertopic,n30_c50_s42,8,0.7208274752551447
1920139,bertopic,n30_c50_s42,5,0.7323513676371007
1920344,bertopic,n30_c50_s42,5,1.0
1920462,bertopic,n30_c50_s42,5,1.0
1920552,bertopic,n30_c50_s42,0,1.0
1920614,bertopic,n30_c50_s42,2,1.0
1920979,bertopic,n30_c50_s42,2,1.0
1921087,bertopic,n30_c50_s42,2,0.32159062012732953
1921245,bertopic,n30_c50_s42,2,0.7405515387401128
1921288,bertopic,n30_c50_s42,2,1.0
1921294,bertopic,n30_c50_s42,2,1.0
1921486,bertopic,n30_c50_s42,2,0.7541908523286759
1921595,bertopic,n30_c50_s42,2,1.0
1921610,bertopic,n30_c50_s42,20,0.4313563858057984
1921687,bertopic,n30_c50_s42,2,1.0
1921781,bertopic,n30_c50_s42,2,1.0
1921794,bertopic,n30_c50_s42,2,0.7405515387401128
1921824,bertopic,n30_c50_s42,22,0.7074567428956724
1921913,bertopic,n30_c50_s42,14,0.7858297223828177
1922057,bertopic,n30_c50_s42,2,1.0
1922173,bertopic,n30_c50_s42,1,1.0
1922205,bertopic,n30_c50_s42,2,0.7405515387401128
1922459,bertopic,n30_c50_s42,21,1.0
1922629,bertopic,n30_c50_s42,2,0.8412357052096986
1922795,bertopic,n30_c50_s42,11,1.0
1922828,bertopic,n30_c50_s42,13,0.9614642214287158
1922977,bertopic,n30_c50_s42,11,1.0
1923009,bertopic,n30_c50_s42,11,1.0
1923146,bertopic,n30_c50_s42,2,1.0
1923374,bertopic,n30_c50_s42,11,1.0
1923479,bertopic,n30_c50_s42,2,1.0
1923644,bertopic,n30_c50_s42,2,0.8606993166448799
1923697,bertopic,n30_c50_s42,2,1.0
1924497,bertopic,n30_c50_s42,5,0.6259075828658959
1924855,bertopic,n30_c50_s42,11,1.0
1924864,bertopic,n30_c50_s42,2,1.0
1925034,bertopic,n30_c50_s42,11,0.3285791437209006
1925150,bertopic,n30_c50_s42,2,1.0
1925327,bertopic,n30_c50_s42,2,1.0
1925452,bertopic,n30_c50_s42,11,0.3285791437209006
1925613,bertopic,n30_c50_s42,10,0.5423096916645328
1927157,bertopic,n30_c50_s42,11,1.0
1927201,bertopic,n30_c50_s42,2,0.9655454460572196
1927890,bertopic,n30_c50_s42,7,0.6126626875270335
1928474,bertopic,n30_c50_s42,2,0.6663348971884033
1928645,bertopic,n30_c50_s42,20,1.0
1928724,bertopic,n30_c50_s42,2,0.6663348971884033
1929485,bertopic,n30_c50_s42,0,1.0
1929633,bertopic,n30_c50_s42,2,0.6663348971884033
1929760,bertopic,n30_c50_s42,2,1.0
1929763,bertopic,n30_c50_s42,2,1.0
1929767,bertopic,n30_c50_s42,2,1.0
1929768,bertopic,n30_c50_s42,2,0.9081442961712346
1930608,bertopic,n30_c50_s42,1,1.0
1931300,bertopic,n30_c50_s42,0,1.0
1931498,bertopic,n30_c50_s42,5,0.616427276492454
1931996,bertopic,n30_c50_s42,5,1.0
1936683,bertopic,n30_c50_s42,31,1.0
1945070,bertopic,n30_c50_s42,-1,0.0
1945313,bertopic,n30_c50_s42,2,0.5797272230139325
1945319,bertopic,n30_c50_s42,26,1.0
1945374,bertopic,n30_c50_s42,6,0.9182281532729779
1945392,bertopic,n30_c50_s42,7,0.6238909627941227
1945405,bertopic,n30_c50_s42,14,0.7006517430084651
1945418,bertopic,n30_c50_s42,8,1.0
1945429,bertopic,n30_c50_s42,1,1.0
1945490,bertopic,n30_c50_s42,1,0.9087716432169606
1945530,bertopic,n30_c50_s42,3,1.0
1945546,bertopic,n30_c50_s42,10,0.5885487035103869
1945567,bertopic,n30_c50_s42,17,0.31567713277967174
1945611,bertopic,n30_c50_s42,2,0.5797272230139325
1945733,bertopic,n30_c50_s42,-1,0.0
1946223,bertopic,n30_c50_s42,14,0.32014500320989836
1947980,bertopic,n30_c50_s42,1,1.0
1948740,bertopic,n30_c50_s42,4,0.2316033616819622
1948741,bertopic,n30_c50_s42,-1,0.0
1949482,bertopic,n30_c50_s42,8,0.8498251253730283
1949955,bertopic,n30_c50_s42,-1,0.0
1950075,bertopic,n30_c50_s42,21,0.7815536156096878
1950644,bertopic,n30_c50_s42,6,0.9545057606203089
1951609,bertopic,n30_c50_s42,8,1.0
1951771,bertopic,n30_c50_s42,3,0.6081427356922694
1952739,bertopic,n30_c50_s42,-1,0.0
1953711,bertopic,n30_c50_s42,15,1.0
1955309,bertopic,n30_c50_s42,33,1.0
1957301,bertopic,n30_c50_s42,-1,0.0
1960077,bertopic,n30_c50_s42,-1,0.0
1964448,bertopic,n30_c50_s42,4,0.7642431840179098
1965386,bertopic,n30_c50_s42,6,0.8908539575520641
1967155,bertopic,n30_c50_s42,8,1.0
1967951,bertopic,n30_c50_s42,3,1.0
1970492,bertopic,n30_c50_s42,9,0.4064713830446972
1970500,bertopic,n30_c50_s42,9,0.4064713830446972
1970785,bertopic,n30_c50_s42,4,0.3492045561321186
1971369,bertopic,n30_c50_s42,15,0.4382757433078268
1975413,bertopic,n30_c50_s42,-1,0.0
1976203,bertopic,n30_c50_s42,-1,0.0
1977473,bertopic,n30_c50_s42,1,1.0
1977542,bertopic,n30_c50_s42,1,1.0
1978978,bertopic,n30_c50_s42,3,0.832458640934726
1980594,bertopic,n30_c50_s42,12,0.8802812354503711
1983301,bertopic,n30_c50_s42,26,1.0
1985714,bertopic,n30_c50_s42,-1,0.0
1985731,bertopic,n30_c50_s42,-1,0.0
1986698,bertopic,n30_c50_s42,-1,0.0
1987308,bertopic,n30_c50_s42,6,0.9576369154117433
1987373,bertopic,n30_c50_s42,0,1.0
1987812,bertopic,n30_c50_s42,6,0.9545057606203089
1987816,bertopic,n30_c50_s42,0,1.0
1988414,bertopic,n30_c50_s42,0,1.0
1988762,bertopic,n30_c50_s42,0,1.0
1988873,bertopic,n30_c50_s42,8,0.8498251253730283
1988877,bertopic,n30_c50_s42,8,0.8498251253730283
1989809,bertopic,n30_c50_s42,0,1.0
1989941,bertopic,n30_c50_s42,6,0.8870960680083521
1990045,bertopic,n30_c50_s42,-1,0.0
1991285,bertopic,n30_c50_s42,0,1.0
1991332,bertopic,n30_c50_s42,6,1.0
1991560,bertopic,n30_c50_s42,7,1.0
1991578,bertopic,n30_c50_s42,-1,0.0
1991582,bertopic,n30_c50_s42,26,0.8854504848892513
1991685,bertopic,n30_c50_s42,-1,0.0
1991804,bertopic,n30_c50_s42,6,1.0
1992116,bertopic,n30_c50_s42,0,1.0
1992590,bertopic,n30_c50_s42,-1,0.0
1993112,bertopic,n30_c50_s42,-1,0.0
1993759,bertopic,n30_c50_s42,20,0.4874866659439427
1993811,bertopic,n30_c50_s42,16,0.6846157107417905
1994088,bertopic,n30_c50_s42,8,0.8498251253730283
1994200,bertopic,n30_c50_s42,-1,0.0
1994540,bertopic,n30_c50_s42,6,1.0
1994982,bertopic,n30_c50_s42,1,1.0
1995093,bertopic,n30_c50_s42,-1,0.0
1996158,bertopic,n30_c50_s42,22,1.0
1996364,bertopic,n30_c50_s42,2,0.5797272230139325
1997760,bertopic,n30_c50_s42,20,0.5070057345101404
1997762,bertopic,n30_c50_s42,20,0.703255103485735
1997763,bertopic,n30_c50_s42,11,0.2953262295752079
1998455,bertopic,n30_c50_s42,3,1.0
1998813,bertopic,n30_c50_s42,13,1.0
1998814,bertopic,n30_c50_s42,13,1.0
1998925,bertopic,n30_c50_s42,0,1.0
1998992,bertopic,n30_c50_s42,0,0.659268889946776
1999136,bertopic,n30_c50_s42,0,1.0
1999406,bertopic,n30_c50_s42,17,0.7284970008953456
1999413,bertopic,n30_c50_s42,-1,0.0
1999416,bertopic,n30_c50_s42,-1,0.0
1999419,bertopic,n30_c50_s42,2,1.0
1999799,bertopic,n30_c50_s42,8,0.8498251253730283
1999800,bertopic,n30_c50_s42,8,0.8498251253730283
1999902,bertopic,n30_c50_s42,12,1.0
1999907,bertopic,n30_c50_s42,10,0.6008883116209899
2000287,bertopic,n30_c50_s42,0,1.0
2000408,bertopic,n30_c50_s42,15,0.5067549286305876
2001063,bertopic,n30_c50_s42,8,1.0
2001078,bertopic,n30_c50_s42,8,1.0
2001263,bertopic,n30_c50_s42,20,1.0
2002133,bertopic,n30_c50_s42,15,1.0
2002376,bertopic,n30_c50_s42,0,0.9452184472996475
2002387,bertopic,n30_c50_s42,6,0.9890710562828167
2003038,bertopic,n30_c50_s42,20,1.0
2003363,bertopic,n30_c50_s42,0,0.7552167963964457
2003965,bertopic,n30_c50_s42,-1,0.0
2005390,bertopic,n30_c50_s42,3,0.5999471083760439
2007388,bertopic,n30_c50_s42,-1,0.0
2007389,bertopic,n30_c50_s42,6,1.0
2007445,bertopic,n30_c50_s42,12,0.9210200552661074
2007592,bertopic,n30_c50_s42,3,1.0
2007707,bertopic,n30_c50_s42,0,1.0
2008279,bertopic,n30_c50_s42,6,1.0
2009227,bertopic,n30_c50_s42,26,1.0
2009404,bertopic,n30_c50_s42,3,1.0
2009473,bertopic,n30_c50_s42,-1,0.0
2009559,bertopic,n30_c50_s42,-1,0.0
2011091,bertopic,n30_c50_s42,16,0.9043780432917525
2011679,bertopic,n30_c50_s42,3,1.0
2013225,bertopic,n30_c50_s42,-1,0.0
2013501,bertopic,n30_c50_s42,3,1.0
2013569,bertopic,n30_c50_s42,-1,0.0
2014497,bertopic,n30_c50_s42,-1,0.0
2014759,bertopic,n30_c50_s42,15,1.0
2015012,bertopic,n30_c50_s42,6,1.0
2015030,bertopic,n30_c50_s42,1,1.0
2015337,bertopic,n30_c50_s42,8,0.8498251253730283
2015402,bertopic,n30_c50_s42,3,1.0
2015579,bertopic,n30_c50_s42,1,1.0
2015581,bertopic,n30_c50_s42,-1,0.0
2015910,bertopic,n30_c50_s42,5,1.0
2016180,bertopic,n30_c50_s42,-1,0.0
2017225,bertopic,n30_c50_s42,26,1.0
2017594,bertopic,n30_c50_s42,3,1.0
2017937,bertopic,n30_c50_s42,20,0.622625558105909
2017938,bertopic,n30_c50_s42,5,1.0
2017939,bertopic,n30_c50_s42,5,1.0
2019441,bertopic,n30_c50_s42,12,1.0
2019516,bertopic,n30_c50_s42,1,1.0
2021619,bertopic,n30_c50_s42,11,0.7075451851429617
2021983,bertopic,n30_c50_s42,0,1.0
2022527,bertopic,n30_c50_s42,-1,0.0
2023244,bertopic,n30_c50_s42,2,1.0
2023474,bertopic,n30_c50_s42,11,1.0
2024007,bertopic,n30_c50_s42,11,0.8371391941577775
2024008,bertopic,n30_c50_s42,11,0.6950560511116384
2024011,bertopic,n30_c50_s42,11,1.0
2024174,bertopic,n30_c50_s42,7,0.6329013270280908
2024289,bertopic,n30_c50_s42,8,0.8498251253730283
2024401,bertopic,n30_c50_s42,10,0.5370247030101564
2024482,bertopic,n30_c50_s42,18,0.7849098192343004
2024509,bertopic,n30_c50_s42,2,1.0
2024682,bertopic,n30_c50_s42,22,0.5133171402565787
2025132,bertopic,n30_c50_s42,8,0.7208274752551447
2025463,bertopic,n30_c50_s42,2,1.0
2026211,bertopic,n30_c50_s42,-1,0.0
2028370,bertopic,n30_c50_s42,-1,0.0
2028405,bertopic,n30_c50_s42,8,0.7208274752551447
2028568,bertopic,n30_c50_s42,-1,0.0
2028611,bertopic,n30_c50_s42,8,1.0
2028764,bertopic,n30_c50_s42,9,0.198210999893872
2029014,bertopic,n30_c50_s42,8,0.8498251253730283
2029290,bertopic,n30_c50_s42,2,0.9810034756301174
2029717,bertopic,n30_c50_s42,16,1.0
2029718,bertopic,n30_c50_s42,16,1.0
2030076,bertopic,n30_c50_s42,32,1.0
2030240,bertopic,n30_c50_s42,8,1.0
2030242,bertopic,n30_c50_s42,8,1.0
2030261,bertopic,n30_c50_s42,8,0.7323121217530771
2031168,bertopic,n30_c50_s42,3,1.0
2031195,bertopic,n30_c50_s42,7,1.0
2031196,bertopic,n30_c50_s42,-1,0.0
2031472,bertopic,n30_c50_s42,8,0.8498251253730283
2031482,bertopic,n30_c50_s42,2,1.0
2031483,bertopic,n30_c50_s42,16,1.0
2031486,bertopic,n30_c50_s42,11,1.0
2032150,bertopic,n30_c50_s42,2,1.0
2032154,bertopic,n30_c50_s42,5,1.0
2032266,bertopic,n30_c50_s42,2,1.0
2033352,bertopic,n30_c50_s42,13,0.8208505836703022
2033927,bertopic,n30_c50_s42,1,1.0
2034218,bertopic,n30_c50_s42,8,0.8498251253730283
2034219,bertopic,n30_c50_s42,8,0.8498251253730283
2034220,bertopic,n30_c50_s42,8,0.8498251253730283
2034376,bertopic,n30_c50_s42,4,0.5153117238914033
2034377,bertopic,n30_c50_s42,4,0.3492045561321186
2034608,bertopic,n30_c50_s42,7,0.6329013270280908
2035212,bertopic,n30_c50_s42,3,0.9897161671454736
2035473,bertopic,n30_c50_s42,7,0.6329013270280908
2036373,bertopic,n30_c50_s42,0,1.0
2036375,bertopic,n30_c50_s42,4,0.2812046643147899
2036922,bertopic,n30_c50_s42,2,1.0
2036923,bertopic,n30_c50_s42,2,0.5455686754410091
2036924,bertopic,n30_c50_s42,11,1.0
2037033,bertopic,n30_c50_s42,1,1.0
2037304,bertopic,n30_c50_s42,9,0.198210999893872
2038117,bertopic,n30_c50_s42,10,0.5803065854258068
2038130,bertopic,n30_c50_s42,10,0.5803065854258068
2038366,bertopic,n30_c50_s42,8,0.7208274752551447
2038672,bertopic,n30_c50_s42,2,1.0
2039029,bertopic,n30_c50_s42,8,0.8498251253730283
2039030,bertopic,n30_c50_s42,8,0.8498251253730283
2039035,bertopic,n30_c50_s42,8,0.8498251253730283
2039173,bertopic,n30_c50_s42,10,0.5803065854258068
2039175,bertopic,n30_c50_s42,10,0.5803065854258068
2039530,bertopic,n30_c50_s42,2,1.0
2039950,bertopic,n30_c50_s42,2,1.0
2039969,bertopic,n30_c50_s42,11,0.3285791437209006
2040358,bertopic,n30_c50_s42,8,1.0
2040360,bertopic,n30_c50_s42,8,1.0
2040363,bertopic,n30_c50_s42,8,0.9737707668794587
2040365,bertopic,n30_c50_s42,1,0.6234983613238075
2040367,bertopic,n30_c50_s42,8,1.0
2040368,bertopic,n30_c50_s42,8,1.0
2040369,bertopic,n30_c50_s42,8,1.0
2040569,bertopic,n30_c50_s42,20,1.0
2040735,bertopic,n30_c50_s42,20,1.0
2041509,bertopic,n30_c50_s42,2,0.7405515387401128
2041628,bertopic,n30_c50_s42,26,1.0
2042151,bertopic,n30_c50_s42,2,1.0
2042152,bertopic,n30_c50_s42,11,0.30628538014292644
2042154,bertopic,n30_c50_s42,2,0.7405515387401128
2042157,bertopic,n30_c50_s42,2,0.7405515387401128
2042158,bertopic,n30_c50_s42,2,1.0
2042316,bertopic,n30_c50_s42,14,1.0
2042976,bertopic,n30_c50_s42,6,1.0
2043450,bertopic,n30_c50_s42,7,0.6743946398752587
2043453,bertopic,n30_c50_s42,-1,0.0
2043934,bertopic,n30_c50_s42,25,1.0
2044003,bertopic,n30_c50_s42,16,0.7157348154069754
2044156,bertopic,n30_c50_s42,-1,0.0
2044184,bertopic,n30_c50_s42,19,1.0
2044257,bertopic,n30_c50_s42,8,0.8498251253730283
2044423,bertopic,n30_c50_s42,3,1.0
2044436,bertopic,n30_c50_s42,4,0.3492045561321186
2045872,bertopic,n30_c50_s42,21,1.0
2046239,bertopic,n30_c50_s42,6,0.8812408504394789
2047211,bertopic,n30_c50_s42,11,1.0
2047219,bertopic,n30_c50_s42,11,1.0
2047320,bertopic,n30_c50_s42,1,1.0
2047539,bertopic,n30_c50_s42,-1,0.0
2048315,bertopic,n30_c50_s42,23,0.4279666484193526
2049150,bertopic,n30_c50_s42,8,0.8498251253730283
2050124,bertopic,n30_c50_s42,21,1.0
2050252,bertopic,n30_c50_s42,26,1.0
2050630,bertopic,n30_c50_s42,20,1.0
2051044,bertopic,n30_c50_s42,8,0.7208274752551447
2051060,bertopic,n30_c50_s42,3,0.9152181580141284
2051915,bertopic,n30_c50_s42,2,1.0
2052862,bertopic,n30_c50_s42,13,1.0
2053100,bertopic,n30_c50_s42,12,1.0
2053572,bertopic,n30_c50_s42,16,1.0
2053691,bertopic,n30_c50_s42,8,0.8498251253730283
2053719,bertopic,n30_c50_s42,18,0.4391385037649289
2054476,bertopic,n30_c50_s42,2,1.0
2054776,bertopic,n30_c50_s42,7,0.6329013270280908
2055852,bertopic,n30_c50_s42,12,1.0
2056125,bertopic,n30_c50_s42,10,0.629391152472408
2056550,bertopic,n30_c50_s42,11,0.830923516526849
2056757,bertopic,n30_c50_s42,7,0.9319950661694006
2057845,bertopic,n30_c50_s42,3,0.6226103366316458
2058363,bertopic,n30_c50_s42,14,0.9325813887238253
2058406,bertopic,n30_c50_s42,32,0.9319798708616281
2058433,bertopic,n30_c50_s42,3,1.0
2058922,bertopic,n30_c50_s42,26,0.9413182546093763
2059350,bertopic,n30_c50_s42,21,0.8535898768995305
2059784,bertopic,n30_c50_s42,7,1.0
2060050,bertopic,n30_c50_s42,8,1.0
2060367,bertopic,n30_c50_s42,23,1.0
2060632,bertopic,n30_c50_s42,0,1.0
2061242,bertopic,n30_c50_s42,2,1.0
2062317,bertopic,n30_c50_s42,4,0.2316033616819622
2062938,bertopic,n30_c50_s42,6,1.0
2063072,bertopic,n30_c50_s42,8,0.8498251253730283
2063227,bertopic,n30_c50_s42,4,0.4957233435318732
2063228,bertopic,n30_c50_s42,4,0.2394300276242235
2063522,bertopic,n30_c50_s42,3,0.5667596330689104
2063675,bertopic,n30_c50_s42,1,1.0
2063954,bertopic,n30_c50_s42,2,1.0
2064159,bertopic,n30_c50_s42,32,1.0
2064339,bertopic,n30_c50_s42,6,1.0
2064505,bertopic,n30_c50_s42,3,1.0
2065168,bertopic,n30_c50_s42,4,0.3361351057864299
2065425,bertopic,n30_c50_s42,3,1.0
2065523,bertopic,n30_c50_s42,8,1.0
2065880,bertopic,n30_c50_s42,3,1.0
2066166,bertopic,n30_c50_s42,6,1.0
2066291,bertopic,n30_c50_s42,-1,0.0
2066373,bertopic,n30_c50_s42,6,1.0
2066451,bertopic,n30_c50_s42,6,1.0
2067016,bertopic,n30_c50_s42,6,1.0
2067515,bertopic,n30_c50_s42,3,1.0
2067699,bertopic,n30_c50_s42,-1,0.0
2067894,bertopic,n30_c50_s42,8,0.8498251253730283
2068031,bertopic,n30_c50_s42,4,0.594522733737993
2068606,bertopic,n30_c50_s42,2,0.6663348971884033
2068811,bertopic,n30_c50_s42,32,1.0
2068903,bertopic,n30_c50_s42,8,0.7208274752551447
2069482,bertopic,n30_c50_s42,2,0.6663348971884033
2069818,bertopic,n30_c50_s42,12,1.0
2069830,bertopic,n30_c50_s42,8,0.7208274752551447
2070092,bertopic,n30_c50_s42,0,0.5041651173221762
2070126,bertopic,n30_c50_s42,6,0.8401251394715272
2070198,bertopic,n30_c50_s42,7,0.6329013270280908
2070252,bertopic,n30_c50_s42,0,0.36824908532147643
2070261,bertopic,n30_c50_s42,6,0.8367861847877801
2070336,bertopic,n30_c50_s42,8,1.0
2070644,bertopic,n30_c50_s42,29,1.0
2070739,bertopic,n30_c50_s42,1,1.0
2070740,bertopic,n30_c50_s42,2,1.0
2070741,bertopic,n30_c50_s42,1,1.0
2070892,bertopic,n30_c50_s42,19,0.6336816667570065
2070928,bertopic,n30_c50_s42,5,1.0
2072426,bertopic,n30_c50_s42,8,0.8498251253730283
2072531,bertopic,n30_c50_s42,10,0.5610654878383777
2072532,bertopic,n30_c50_s42,10,0.5458558980447622
2074928,bertopic,n30_c50_s42,29,1.0
2074981,bertopic,n30_c50_s42,2,0.6663348971884033
2074983,bertopic,n30_c50_s42,2,0.6663348971884033
2076397,bertopic,n30_c50_s42,6,1.0
2076827,bertopic,n30_c50_s42,10,0.5803065854258068
2076872,bertopic,n30_c50_s42,4,0.6116739660848328
2078495,bertopic,n30_c50_s42,2,1.0
2078807,bertopic,n30_c50_s42,3,0.6081427356922694
2079697,bertopic,n30_c50_s42,8,1.0
2080208,bertopic,n30_c50_s42,1,1.0
2080520,bertopic,n30_c50_s42,-1,0.0
2080524,bertopic,n30_c50_s42,8,0.7208274752551447
2080559,bertopic,n30_c50_s42,-1,0.0
2080964,bertopic,n30_c50_s42,8,0.8498251253730283
2081038,bertopic,n30_c50_s42,7,0.6329013270280908
2081158,bertopic,n30_c50_s42,3,0.5983616845776517
2081268,bertopic,n30_c50_s42,3,0.6582466322429412
2081505,bertopic,n30_c50_s42,2,1.0
2081635,bertopic,n30_c50_s42,8,0.7208274752551447
2082839,bertopic,n30_c50_s42,8,1.0
2082840,bertopic,n30_c50_s42,8,1.0
2083475,bertopic,n30_c50_s42,2,0.9081442961712346
2083552,bertopic,n30_c50_s42,2,1.0
2083754,bertopic,n30_c50_s42,8,0.7208274752551447
2083779,bertopic,n30_c50_s42,2,1.0
2083848,bertopic,n30_c50_s42,2,0.535642431220812
2084534,bertopic,n30_c50_s42,8,1.0
2084870,bertopic,n30_c50_s42,8,0.7208274752551447
2084875,bertopic,n30_c50_s42,8,1.0
2085254,bertopic,n30_c50_s42,6,1.0
2085345,bertopic,n30_c50_s42,12,0.3345189038020488
2085382,bertopic,n30_c50_s42,8,0.7208274752551447
2085383,bertopic,n30_c50_s42,8,0.7208274752551447
2085405,bertopic,n30_c50_s42,0,1.0
2085623,bertopic,n30_c50_s42,8,0.7208274752551447
2085747,bertopic,n30_c50_s42,-1,0.0
2086233,bertopic,n30_c50_s42,6,1.0
2086322,bertopic,n30_c50_s42,21,1.0
2086458,bertopic,n30_c50_s42,8,1.0
2086745,bertopic,n30_c50_s42,8,1.0
2087273,bertopic,n30_c50_s42,5,1.0
2087489,bertopic,n30_c50_s42,2,0.4932510501486034
2087557,bertopic,n30_c50_s42,8,1.0
2087571,bertopic,n30_c50_s42,0,1.0
2087572,bertopic,n30_c50_s42,0,1.0
2087621,bertopic,n30_c50_s42,6,1.0
2087788,bertopic,n30_c50_s42,-1,0.0
2087950,bertopic,n30_c50_s42,5,1.0
2088184,bertopic,n30_c50_s42,5,1.0
2088185,bertopic,n30_c50_s42,5,1.0
2088188,bertopic,n30_c50_s42,5,1.0
2088189,bertopic,n30_c50_s42,12,0.9210200552661074
2088286,bertopic,n30_c50_s42,1,1.0
2088386,bertopic,n30_c50_s42,8,1.0
2088411,bertopic,n30_c50_s42,8,1.0
2088466,bertopic,n30_c50_s42,26,0.9098680600231336
2088611,bertopic,n30_c50_s42,18,1.0
2088722,bertopic,n30_c50_s42,8,1.0
2089535,bertopic,n30_c50_s42,7,0.7147319898766126
2090286,bertopic,n30_c50_s42,0,1.0
2093107,bertopic,n30_c50_s42,0,1.0
2093714,bertopic,n30_c50_s42,-1,0.0
2093845,bertopic,n30_c50_s42,13,1.0
2094139,bertopic,n30_c50_s42,8,0.7208274752551447
2094453,bertopic,n30_c50_s42,8,1.0
2094577,bertopic,n30_c50_s42,8,1.0
2094582,bertopic,n30_c50_s42,5,1.0
2095270,bertopic,n30_c50_s42,3,1.0
2095462,bertopic,n30_c50_s42,21,0.7136277303496203
2096702,bertopic,n30_c50_s42,19,0.5802615861950005
2096779,bertopic,n30_c50_s42,4,0.2346455418909997
2097577,bertopic,n30_c50_s42,11,0.6913228849770109
2097674,bertopic,n30_c50_s42,1,1.0
2097712,bertopic,n30_c50_s42,-1,0.0
2098828,bertopic,n30_c50_s42,27,1.0
2099736,bertopic,n30_c50_s42,10,0.528288989997272
2100693,bertopic,n30_c50_s42,3,1.0
2101432,bertopic,n30_c50_s42,3,1.0
2102016,bertopic,n30_c50_s42,8,1.0
2102637,bertopic,n30_c50_s42,19,0.8474714415815199
2103764,bertopic,n30_c50_s42,9,0.4064713830446972
2103914,bertopic,n30_c50_s42,8,1.0
2104181,bertopic,n30_c50_s42,-1,0.0
2105529,bertopic,n30_c50_s42,7,0.9388266752470437
2106385,bertopic,n30_c50_s42,8,0.8498251253730283
2106386,bertopic,n30_c50_s42,8,0.7702527208073797
2106496,bertopic,n30_c50_s42,6,1.0
2106680,bertopic,n30_c50_s42,9,0.4064713830446972
2106820,bertopic,n30_c50_s42,1,1.0
2107672,bertopic,n30_c50_s42,9,0.2527400643816844
2107801,bertopic,n30_c50_s42,-1,0.0
2108028,bertopic,n30_c50_s42,8,0.7016108425360106
2108304,bertopic,n30_c50_s42,8,1.0
2109054,bertopic,n30_c50_s42,24,1.0
2109302,bertopic,n30_c50_s42,30,1.0
2110285,bertopic,n30_c50_s42,7,0.6329013270280908
2111097,bertopic,n30_c50_s42,11,0.6913228849770109
2111098,bertopic,n30_c50_s42,20,0.5682405105635494
2112280,bertopic,n30_c50_s42,9,0.198210999893872
2114346,bertopic,n30_c50_s42,14,0.4289188568735042
2117367,bertopic,n30_c50_s42,8,1.0
2117965,bertopic,n30_c50_s42,4,0.6167481133974858
2119976,bertopic,n30_c50_s42,6,0.8202850796039255
2120551,bertopic,n30_c50_s42,11,0.2678804934574008
2120569,bertopic,n30_c50_s42,7,1.0
2120993,bertopic,n30_c50_s42,19,0.9085663903684413
2121720,bertopic,n30_c50_s42,3,0.832458640934726
2121738,bertopic,n30_c50_s42,3,1.0
2122258,bertopic,n30_c50_s42,8,1.0
2122262,bertopic,n30_c50_s42,8,0.9637566201870168
2122631,bertopic,n30_c50_s42,4,1.0
2123001,bertopic,n30_c50_s42,-1,0.0
2123541,bertopic,n30_c50_s42,4,0.4867607154249388
2124983,bertopic,n30_c50_s42,7,0.6104939703462359
2125414,bertopic,n30_c50_s42,4,0.3492045561321186
2125946,bertopic,n30_c50_s42,8,0.6341741089280937
2126187,bertopic,n30_c50_s42,30,0.7724169654716112
2128711,bertopic,n30_c50_s42,8,0.7208274752551447
2129151,bertopic,n30_c50_s42,8,1.0
2129451,bertopic,n30_c50_s42,5,1.0
2129452,bertopic,n30_c50_s42,5,1.0
2129768,bertopic,n30_c50_s42,1,1.0
2130756,bertopic,n30_c50_s42,3,0.6081427356922694
2131032,bertopic,n30_c50_s42,8,1.0
2131071,bertopic,n30_c50_s42,3,0.6081427356922694
2131333,bertopic,n30_c50_s42,27,1.0
2131728,bertopic,n30_c50_s42,3,0.7609616135843255
2134018,bertopic,n30_c50_s42,-1,0.0
2134131,bertopic,n30_c50_s42,3,0.521061024139166
2134846,bertopic,n30_c50_s42,-1,0.0
2137522,bertopic,n30_c50_s42,-1,0.0
2139002,bertopic,n30_c50_s42,-1,0.0
2139271,bertopic,n30_c50_s42,11,1.0
2139819,bertopic,n30_c50_s42,8,1.0
2139832,bertopic,n30_c50_s42,32,1.0
2140049,bertopic,n30_c50_s42,6,0.8030760461211495
2140167,bertopic,n30_c50_s42,10,0.5610654878383777
2140169,bertopic,n30_c50_s42,6,1.0
2141099,bertopic,n30_c50_s42,-1,0.0
2141765,bertopic,n30_c50_s42,5,0.9609666725502395
2142186,bertopic,n30_c50_s42,4,0.2346455418909997
2142632,bertopic,n30_c50_s42,3,0.8056595294088319
2142633,bertopic,n30_c50_s42,8,1.0
2143076,bertopic,n30_c50_s42,3,1.0
2143209,bertopic,n30_c50_s42,-1,0.0
2144273,bertopic,n30_c50_s42,9,0.37740461138918036
2144775,bertopic,n30_c50_s42,8,1.0
2144781,bertopic,n30_c50_s42,8,1.0
2144906,bertopic,n30_c50_s42,0,1.0
2145081,bertopic,n30_c50_s42,-1,0.0
2145129,bertopic,n30_c50_s42,-1,0.0
2147478,bertopic,n30_c50_s42,8,1.0
2147479,bertopic,n30_c50_s42,8,1.0
2147481,bertopic,n30_c50_s42,8,0.9092539432128132
2147483,bertopic,n30_c50_s42,-1,0.0
2147788,bertopic,n30_c50_s42,11,0.48814133155869915
2147793,bertopic,n30_c50_s42,4,0.2346455418909997
2149520,bertopic,n30_c50_s42,8,1.0
2149543,bertopic,n30_c50_s42,11,0.6913228849770109
2149836,bertopic,n30_c50_s42,-1,0.0
2150869,bertopic,n30_c50_s42,32,1.0
2151907,bertopic,n30_c50_s42,11,0.6513080716752895
2154569,bertopic,n30_c50_s42,-1,0.0
2154732,bertopic,n30_c50_s42,-1,0.0
2154885,bertopic,n30_c50_s42,6,1.0
2156785,bertopic,n30_c50_s42,0,1.0
2159159,bertopic,n30_c50_s42,8,1.0
2159180,bertopic,n30_c50_s42,2,0.5797272230139325
2159712,bertopic,n30_c50_s42,10,0.5803065854258068
2160028,bertopic,n30_c50_s42,-1,0.0
2161919,bertopic,n30_c50_s42,2,0.5797272230139325
2162503,bertopic,n30_c50_s42,11,0.6913228849770109
2162627,bertopic,n30_c50_s42,12,0.42908970564869486
2162681,bertopic,n30_c50_s42,3,0.71612146386758
2162877,bertopic,n30_c50_s42,2,0.5797272230139325
2162951,bertopic,n30_c50_s42,2,0.5797272230139325
2162976,bertopic,n30_c50_s42,-1,0.0
2162990,bertopic,n30_c50_s42,0,0.36824908532147643
2163143,bertopic,n30_c50_s42,-1,0.0
2163236,bertopic,n30_c50_s42,-1,0.0
2163395,bertopic,n30_c50_s42,12,0.42908970564869486
2163553,bertopic,n30_c50_s42,1,0.9219758089231098
2163644,bertopic,n30_c50_s42,1,1.0
2163683,bertopic,n30_c50_s42,26,0.9098680600231336
2163686,bertopic,n30_c50_s42,2,0.5797272230139325
2163786,bertopic,n30_c50_s42,9,0.198210999893872
2163794,bertopic,n30_c50_s42,15,0.7546556410147353
2163834,bertopic,n30_c50_s42,23,1.0
2163839,bertopic,n30_c50_s42,10,1.0
2164487,bertopic,n30_c50_s42,2,0.5797272230139325
2165196,bertopic,n30_c50_s42,2,0.5797272230139325
2165527,bertopic,n30_c50_s42,9,0.198210999893872
2165918,bertopic,n30_c50_s42,2,0.49223187656010325
2166015,bertopic,n30_c50_s42,15,1.0
2166447,bertopic,n30_c50_s42,2,0.5797272230139325
2167891,bertopic,n30_c50_s42,2,0.5797272230139325
2168655,bertopic,n30_c50_s42,9,0.198210999893872
2168938,bertopic,n30_c50_s42,-1,0.0
2168954,bertopic,n30_c50_s42,2,0.5797272230139325
2168975,bertopic,n30_c50_s42,2,0.6271337802138732
2168979,bertopic,n30_c50_s42,2,0.7480015158957737
2169334,bertopic,n30_c50_s42,1,1.0
2169579,bertopic,n30_c50_s42,-1,0.0
2169600,bertopic,n30_c50_s42,-1,0.0
2169622,bertopic,n30_c50_s42,-1,0.0
2169647,bertopic,n30_c50_s42,10,0.629391152472408
2169648,bertopic,n30_c50_s42,6,1.0
2169704,bertopic,n30_c50_s42,7,0.9551594258533956
2169734,bertopic,n30_c50_s42,1,0.7252818438326917
2169845,bertopic,n30_c50_s42,-1,0.0
2169877,bertopic,n30_c50_s42,-1,0.0
2170122,bertopic,n30_c50_s42,6,0.9013892564577518
2170128,bertopic,n30_c50_s42,2,0.6215338179962224
2170246,bertopic,n30_c50_s42,3,1.0
2170291,bertopic,n30_c50_s42,9,0.198210999893872
2170306,bertopic,n30_c50_s42,-1,0.0
2170354,bertopic,n30_c50_s42,0,1.0
2170365,bertopic,n30_c50_s42,2,0.5797272230139325
2170366,bertopic,n30_c50_s42,2,0.5797272230139325
2171003,bertopic,n30_c50_s42,6,1.0
2171330,bertopic,n30_c50_s42,9,0.198210999893872
2171357,bertopic,n30_c50_s42,15,1.0
2270064,bertopic,n30_c50_s42,0,1.0
2270568,bertopic,n30_c50_s42,0,1.0
2272889,bertopic,n30_c50_s42,11,0.830923516526849
2272891,bertopic,n30_c50_s42,0,1.0
2272915,bertopic,n30_c50_s42,7,1.0
2272942,bertopic,n30_c50_s42,14,0.47715916405617637
2273245,bertopic,n30_c50_s42,0,1.0
2273570,bertopic,n30_c50_s42,20,0.4783157004074033
2277189,bertopic,n30_c50_s42,1,1.0
2277467,bertopic,n30_c50_s42,27,0.9831238979684999
2278541,bertopic,n30_c50_s42,27,1.0
2280645,bertopic,n30_c50_s42,5,0.39025330973597094
2280776,bertopic,n30_c50_s42,-1,0.0
2280856,bertopic,n30_c50_s42,1,0.5641017404477587
2281139,bertopic,n30_c50_s42,0,1.0
2281140,bertopic,n30_c50_s42,9,0.37740461138918036
2281329,bertopic,n30_c50_s42,0,1.0
2281379,bertopic,n30_c50_s42,2,0.5797272230139325
2281391,bertopic,n30_c50_s42,0,1.0
2281433,bertopic,n30_c50_s42,0,1.0
2281596,bertopic,n30_c50_s42,0,1.0
2282243,bertopic,n30_c50_s42,26,1.0
2282417,bertopic,n30_c50_s42,3,0.6105899089322935
2283293,bertopic,n30_c50_s42,0,1.0
2284109,bertopic,n30_c50_s42,1,1.0
2287359,bertopic,n30_c50_s42,32,0.5432870676087495
2288483,bertopic,n30_c50_s42,12,0.42908970564869486
2289482,bertopic,n30_c50_s42,-1,0.0
2293266,bertopic,n30_c50_s42,0,0.921658840395709
2293601,bertopic,n30_c50_s42,12,0.42908970564869486
2293654,bertopic,n30_c50_s42,-1,0.0
2293728,bertopic,n30_c50_s42,17,0.31567713277967174
2293859,bertopic,n30_c50_s42,12,0.42908970564869486
2295287,bertopic,n30_c50_s42,10,0.629391152472408
2295356,bertopic,n30_c50_s42,31,1.0
2295524,bertopic,n30_c50_s42,31,1.0
2298894,bertopic,n30_c50_s42,7,0.6331035670216715
2299116,bertopic,n30_c50_s42,10,1.0
2299401,bertopic,n30_c50_s42,7,0.6331035670216715
2301712,bertopic,n30_c50_s42,31,1.0
2306157,bertopic,n30_c50_s42,0,1.0
2306633,bertopic,n30_c50_s42,0,1.0
2306647,bertopic,n30_c50_s42,31,1.0
2306688,bertopic,n30_c50_s42,8,1.0
2307453,bertopic,n30_c50_s42,-1,0.0
2307952,bertopic,n30_c50_s42,12,0.9210200552661074
2308112,bertopic,n30_c50_s42,-1,0.0
2308238,bertopic,n30_c50_s42,5,0.8286683179237861
2308500,bertopic,n30_c50_s42,10,1.0
2308765,bertopic,n30_c50_s42,-1,0.0
2308783,bertopic,n30_c50_s42,31,1.0
2308894,bertopic,n30_c50_s42,10,1.0
2309588,bertopic,n30_c50_s42,10,1.0
2310365,bertopic,n30_c50_s42,1,1.0
2310520,bertopic,n30_c50_s42,-1,0.0
2310833,bertopic,n30_c50_s42,1,1.0
2311213,bertopic,n30_c50_s42,23,1.0
2311647,bertopic,n30_c50_s42,-1,0.0
2311966,bertopic,n30_c50_s42,22,1.0
2312404,bertopic,n30_c50_s42,9,0.4064713830446972
2312451,bertopic,n30_c50_s42,10,1.0
2312509,bertopic,n30_c50_s42,31,1.0
2312748,bertopic,n30_c50_s42,7,0.6864249743009107
2312793,bertopic,n30_c50_s42,7,0.6242095024613123
2312825,bertopic,n30_c50_s42,7,0.6997455709825127
2312891,bertopic,n30_c50_s42,-1,0.0
2313111,bertopic,n30_c50_s42,-1,0.0
2313217,bertopic,n30_c50_s42,10,0.602304319923624
2316602,bertopic,n30_c50_s42,11,0.603917157200814
2316736,bertopic,n30_c50_s42,-1,0.0
2316738,bertopic,n30_c50_s42,0,1.0
2316833,bertopic,n30_c50_s42,6,0.969589876961123
2317157,bertopic,n30_c50_s42,0,1.0
2317230,bertopic,n30_c50_s42,7,0.6329013270280908
2317233,bertopic,n30_c50_s42,4,0.23737789424836375
2317316,bertopic,n30_c50_s42,1,1.0
2317425,bertopic,n30_c50_s42,0,1.0
2317764,bertopic,n30_c50_s42,0,1.0
2318600,bertopic,n30_c50_s42,0,1.0
2318956,bertopic,n30_c50_s42,1,1.0
2322155,bertopic,n30_c50_s42,16,0.340144107094115
2325883,bertopic,n30_c50_s42,4,0.2346455418909997
2326309,bertopic,n30_c50_s42,17,1.0
2328929,bertopic,n30_c50_s42,6,0.9369138571526895
2328989,bertopic,n30_c50_s42,9,0.4064713830446972
2335380,bertopic,n30_c50_s42,3,0.5625802497847067
2335404,bertopic,n30_c50_s42,17,0.43099059066935624
2335527,bertopic,n30_c50_s42,6,1.0
2335539,bertopic,n30_c50_s42,7,1.0
2335905,bertopic,n30_c50_s42,0,0.9140736605692116
2335966,bertopic,n30_c50_s42,9,0.198210999893872
2338108,bertopic,n30_c50_s42,22,0.4581927398495657
2340111,bertopic,n30_c50_s42,1,1.0
2340129,bertopic,n30_c50_s42,-1,0.0
2340150,bertopic,n30_c50_s42,12,0.7211672814731643
2340172,bertopic,n30_c50_s42,8,1.0
2340199,bertopic,n30_c50_s42,1,1.0
2340203,bertopic,n30_c50_s42,24,1.0
2340237,bertopic,n30_c50_s42,11,0.5841098702056721
2340317,bertopic,n30_c50_s42,17,0.39067844526471013
2340428,bertopic,n30_c50_s42,29,1.0
2340431,bertopic,n30_c50_s42,7,0.6326531074509595
2342367,bertopic,n30_c50_s42,-1,0.0
2342503,bertopic,n30_c50_s42,31,1.0
2342771,bertopic,n30_c50_s42,31,1.0
2343374,bertopic,n30_c50_s42,5,1.0
2343508,bertopic,n30_c50_s42,31,1.0
2343565,bertopic,n30_c50_s42,-1,0.0
2344938,bertopic,n30_c50_s42,3,1.0
2345361,bertopic,n30_c50_s42,-1,0.0
2345603,bertopic,n30_c50_s42,27,1.0
2345623,bertopic,n30_c50_s42,4,0.3492045561321186
2346721,bertopic,n30_c50_s42,-1,0.0
2347222,bertopic,n30_c50_s42,3,1.0
2348972,bertopic,n30_c50_s42,8,1.0
2349098,bertopic,n30_c50_s42,-1,0.0
2349311,bertopic,n30_c50_s42,2,0.5797272230139325
2349589,bertopic,n30_c50_s42,-1,0.0
2351410,bertopic,n30_c50_s42,8,0.6654480481470171
2354025,bertopic,n30_c50_s42,-1,0.0
2355996,bertopic,n30_c50_s42,14,0.9325813887238253
2356459,bertopic,n30_c50_s42,2,0.4896918645005984
2356771,bertopic,n30_c50_s42,0,0.63796370275667
2357998,bertopic,n30_c50_s42,-1,0.0
2358210,bertopic,n30_c50_s42,4,0.3492045561321186
2360205,bertopic,n30_c50_s42,11,0.5548720199915033
2362843,bertopic,n30_c50_s42,5,1.0
2363066,bertopic,n30_c50_s42,4,0.2346455418909997
2363378,bertopic,n30_c50_s42,29,1.0
2364849,bertopic,n30_c50_s42,7,0.6329013270280908
2365043,bertopic,n30_c50_s42,9,0.4064713830446972
2365286,bertopic,n30_c50_s42,31,1.0
2365313,bertopic,n30_c50_s42,7,1.0
2369290,bertopic,n30_c50_s42,0,1.0
2369928,bertopic,n30_c50_s42,3,1.0
2371027,bertopic,n30_c50_s42,24,1.0
2371097,bertopic,n30_c50_s42,19,0.5676048111825406
2371625,bertopic,n30_c50_s42,31,1.0
2371829,bertopic,n30_c50_s42,-1,0.0
2372048,bertopic,n30_c50_s42,18,0.7183055073887752
2372255,bertopic,n30_c50_s42,0,1.0
2372313,bertopic,n30_c50_s42,31,1.0
2372477,bertopic,n30_c50_s42,0,1.0
2372574,bertopic,n30_c50_s42,6,1.0
2372696,bertopic,n30_c50_s42,31,1.0
2373826,bertopic,n30_c50_s42,0,0.7122578950916997
2373879,bertopic,n30_c50_s42,0,1.0
2374166,bertopic,n30_c50_s42,0,1.0
2374258,bertopic,n30_c50_s42,9,0.18048805864415218
2374290,bertopic,n30_c50_s42,14,0.9325813887238253
2374506,bertopic,n30_c50_s42,9,0.4064713830446972
2374933,bertopic,n30_c50_s42,1,1.0
2375041,bertopic,n30_c50_s42,-1,0.0
2375087,bertopic,n30_c50_s42,0,1.0
2375109,bertopic,n30_c50_s42,-1,0.0
2375163,bertopic,n30_c50_s42,18,0.7173443848582812
2375414,bertopic,n30_c50_s42,0,0.8248354960369862
2375692,bertopic,n30_c50_s42,19,0.5802615861950005
2375819,bertopic,n30_c50_s42,19,0.5759386688075512
2375864,bertopic,n30_c50_s42,24,1.0
2376159,bertopic,n30_c50_s42,27,1.0
2376309,bertopic,n30_c50_s42,33,1.0
2378135,bertopic,n30_c50_s42,3,0.8499525070248424
2378797,bertopic,n30_c50_s42,6,1.0
2380582,bertopic,n30_c50_s42,31,1.0
2380656,bertopic,n30_c50_s42,17,0.43931373676825247
2383045,bertopic,n30_c50_s42,-1,0.0
2383287,bertopic,n30_c50_s42,4,0.23737789424836375
2383384,bertopic,n30_c50_s42,1,1.0
2383536,bertopic,n30_c50_s42,1,1.0
2383635,bertopic,n30_c50_s42,11,0.5709037660254618
2384098,bertopic,n30_c50_s42,0,1.0
2384103,bertopic,n30_c50_s42,24,1.0
2384169,bertopic,n30_c50_s42,31,1.0
2384239,bertopic,n30_c50_s42,27,0.7301148431511565
2384377,bertopic,n30_c50_s42,32,1.0
2384500,bertopic,n30_c50_s42,-1,0.0
2386837,bertopic,n30_c50_s42,0,1.0
2387301,bertopic,n30_c50_s42,1,1.0
2387742,bertopic,n30_c50_s42,-1,0.0
2389165,bertopic,n30_c50_s42,-1,0.0
2390815,bertopic,n30_c50_s42,1,1.0
2397146,bertopic,n30_c50_s42,17,1.0
2397438,bertopic,n30_c50_s42,5,1.0
2397463,bertopic,n30_c50_s42,1,1.0
2397577,bertopic,n30_c50_s42,1,1.0
2397594,bertopic,n30_c50_s42,1,1.0
2397610,bertopic,n30_c50_s42,6,0.8586769828136143
2398450,bertopic,n30_c50_s42,-1,0.0
2398470,bertopic,n30_c50_s42,24,0.6471649038413971
2398749,bertopic,n30_c50_s42,0,1.0
2399345,bertopic,n30_c50_s42,11,0.6913228849770109
2399493,bertopic,n30_c50_s42,4,0.2346455418909997
2400728,bertopic,n30_c50_s42,31,1.0
2400805,bertopic,n30_c50_s42,1,1.0
2402176,bertopic,n30_c50_s42,16,0.33971134020393706
2402204,bertopic,n30_c50_s42,4,0.2346455418909997
2404045,bertopic,n30_c50_s42,5,1.0
2404129,bertopic,n30_c50_s42,31,1.0
2404400,bertopic,n30_c50_s42,2,0.5830134966050999
2407195,bertopic,n30_c50_s42,5,1.0
2407216,bertopic,n30_c50_s42,11,0.5456942913693331
2407241,bertopic,n30_c50_s42,17,1.0
2407581,bertopic,n30_c50_s42,16,0.5593946957631726
2407670,bertopic,n30_c50_s42,31,1.0
2407690,bertopic,n30_c50_s42,26,0.9098680600231336
2407707,bertopic,n30_c50_s42,21,1.0
2407769,bertopic,n30_c50_s42,5,1.0
2407927,bertopic,n30_c50_s42,5,1.0
2408000,bertopic,n30_c50_s42,21,1.0
2408019,bertopic,n30_c50_s42,5,1.0
2408135,bertopic,n30_c50_s42,10,0.5803065854258068
2408480,bertopic,n30_c50_s42,16,0.3909411622631334
2409088,bertopic,n30_c50_s42,1,1.0
2410619,bertopic,n30_c50_s42,5,1.0
2412161,bertopic,n30_c50_s42,-1,0.0
2412165,bertopic,n30_c50_s42,25,1.0
2412178,bertopic,n30_c50_s42,0,0.5041651173221762
2412182,bertopic,n30_c50_s42,13,1.0
2412206,bertopic,n30_c50_s42,10,1.0
2412209,bertopic,n30_c50_s42,1,1.0
2426755,bertopic,n30_c50_s42,11,0.751921203768876
2427222,bertopic,n30_c50_s42,0,1.0
2427273,bertopic,n30_c50_s42,-1,0.0
2427301,bertopic,n30_c50_s42,11,0.830923516526849
2427303,bertopic,n30_c50_s42,11,0.6839590110513176
2428938,bertopic,n30_c50_s42,18,1.0
2429147,bertopic,n30_c50_s42,7,0.9551594258533956
2429728,bertopic,n30_c50_s42,23,0.47656041243639813
2430090,bertopic,n30_c50_s42,14,0.3764320410324065
2433620,bertopic,n30_c50_s42,16,0.8654866591819441
2434204,bertopic,n30_c50_s42,27,1.0
2434220,bertopic,n30_c50_s42,27,0.6366419370377135
2434367,bertopic,n30_c50_s42,27,1.0
2434517,bertopic,n30_c50_s42,0,1.0
2434602,bertopic,n30_c50_s42,27,0.6400224868000701
2434747,bertopic,n30_c50_s42,5,1.0
2435071,bertopic,n30_c50_s42,-1,0.0
2436427,bertopic,n30_c50_s42,4,1.0
2436795,bertopic,n30_c50_s42,33,1.0
2437000,bertopic,n30_c50_s42,-1,0.0
2437040,bertopic,n30_c50_s42,4,0.3167682337473739
2437205,bertopic,n30_c50_s42,0,1.0
2437333,bertopic,n30_c50_s42,7,0.7009589007923457
2437917,bertopic,n30_c50_s42,7,0.6743946398752587
2439532,bertopic,n30_c50_s42,-1,0.0
2439825,bertopic,n30_c50_s42,11,0.6913228849770109
2440514,bertopic,n30_c50_s42,3,0.47610073932999525
2440714,bertopic,n30_c50_s42,12,0.42908970564869486
2440726,bertopic,n30_c50_s42,4,0.7359432189728585
2440864,bertopic,n30_c50_s42,12,1.0
2441508,bertopic,n30_c50_s42,17,0.4993458259888567
2442039,bertopic,n30_c50_s42,0,1.0
2442324,bertopic,n30_c50_s42,1,0.7247305151794126
2443126,bertopic,n30_c50_s42,2,0.5797272230139325
2443197,bertopic,n30_c50_s42,19,0.8895835456805781
2444063,bertopic,n30_c50_s42,0,1.0
2444414,bertopic,n30_c50_s42,3,0.6105899089322935
2444562,bertopic,n30_c50_s42,3,0.6105899089322935
2445643,bertopic,n30_c50_s42,12,1.0
2445779,bertopic,n30_c50_s42,1,1.0
2446163,bertopic,n30_c50_s42,-1,0.0
2446207,bertopic,n30_c50_s42,12,1.0
2446707,bertopic,n30_c50_s42,12,0.42908970564869486
2446937,bertopic,n30_c50_s42,5,0.36759032687030985
2448440,bertopic,n30_c50_s42,6,0.9616754217137244
2448787,bertopic,n30_c50_s42,32,1.0
2448837,bertopic,n30_c50_s42,-1,0.0
2449149,bertopic,n30_c50_s42,1,1.0
2449317,bertopic,n30_c50_s42,8,1.0
2450742,bertopic,n30_c50_s42,0,1.0
2450918,bertopic,n30_c50_s42,33,1.0
2450942,bertopic,n30_c50_s42,17,0.31567713277967174
2451069,bertopic,n30_c50_s42,3,0.6105899089322935
2451238,bertopic,n30_c50_s42,1,1.0
2451707,bertopic,n30_c50_s42,11,0.5607509425485404
2453409,bertopic,n30_c50_s42,1,1.0
2453412,bertopic,n30_c50_s42,6,1.0
2453436,bertopic,n30_c50_s42,0,0.9189722077209169
2453440,bertopic,n30_c50_s42,0,1.0
2453472,bertopic,n30_c50_s42,4,0.2346455418909997
2453563,bertopic,n30_c50_s42,8,1.0
2453999,bertopic,n30_c50_s42,-1,0.0
2454383,bertopic,n30_c50_s42,4,0.23737789424836375
2454783,bertopic,n30_c50_s42,-1,0.0
2454893,bertopic,n30_c50_s42,21,0.7815536156096878
2455095,bertopic,n30_c50_s42,3,0.9074906958063284
2455805,bertopic,n30_c50_s42,0,1.0
2456162,bertopic,n30_c50_s42,16,0.7102863192382621
2456211,bertopic,n30_c50_s42,0,1.0
2456407,bertopic,n30_c50_s42,5,1.0
2456475,bertopic,n30_c50_s42,5,1.0
2456572,bertopic,n30_c50_s42,1,1.0
2456667,bertopic,n30_c50_s42,-1,0.0
2456678,bertopic,n30_c50_s42,2,0.6093528437507383
2456891,bertopic,n30_c50_s42,5,0.5067814868893009
2456907,bertopic,n30_c50_s42,-1,0.0
2456917,bertopic,n30_c50_s42,31,1.0
2457481,bertopic,n30_c50_s42,17,1.0
2457499,bertopic,n30_c50_s42,12,0.9471170743739514
2457671,bertopic,n30_c50_s42,3,1.0
2458041,bertopic,n30_c50_s42,-1,0.0
2458813,bertopic,n30_c50_s42,4,0.23737789424836375
2458874,bertopic,n30_c50_s42,13,0.3624663599995601
2458940,bertopic,n30_c50_s42,3,0.6105899089322935
2460062,bertopic,n30_c50_s42,12,0.9210200552661074
2461404,bertopic,n30_c50_s42,9,0.4064713830446972
2461532,bertopic,n30_c50_s42,9,0.198210999893872
2461657,bertopic,n30_c50_s42,5,1.0
2461933,bertopic,n30_c50_s42,22,1.0
2462082,bertopic,n30_c50_s42,22,0.7324672427794624
2462241,bertopic,n30_c50_s42,22,1.0
2462311,bertopic,n30_c50_s42,22,1.0
2462399,bertopic,n30_c50_s42,23,1.0
2462443,bertopic,n30_c50_s42,22,1.0
2462816,bertopic,n30_c50_s42,22,1.0
2463759,bertopic,n30_c50_s42,-1,0.0
2465364,bertopic,n30_c50_s42,5,1.0
2469797,bertopic,n30_c50_s42,5,1.0
2469839,bertopic,n30_c50_s42,3,1.0
2470452,bertopic,n30_c50_s42,-1,0.0
2470763,bertopic,n30_c50_s42,31,1.0
2471051,bertopic,n30_c50_s42,1,1.0
2471126,bertopic,n30_c50_s42,9,0.198210999893872
2471197,bertopic,n30_c50_s42,9,0.4064713830446972
2471245,bertopic,n30_c50_s42,5,1.0
2471320,bertopic,n30_c50_s42,5,1.0
2471611,bertopic,n30_c50_s42,9,0.198210999893872
2471675,bertopic,n30_c50_s42,0,0.9962031414390004
2472050,bertopic,n30_c50_s42,3,0.5931405923974186
2472160,bertopic,n30_c50_s42,9,0.38790198028832656
2472262,bertopic,n30_c50_s42,12,0.42908970564869486
2472373,bertopic,n30_c50_s42,0,1.0
2473223,bertopic,n30_c50_s42,3,0.6105899089322935
2476182,bertopic,n30_c50_s42,5,1.0
2476457,bertopic,n30_c50_s42,-1,0.0
2476681,bertopic,n30_c50_s42,19,0.8920017484720602
2477933,bertopic,n30_c50_s42,5,1.0
2477984,bertopic,n30_c50_s42,2,0.5343432414372623
2478332,bertopic,n30_c50_s42,5,1.0
2478365,bertopic,n30_c50_s42,5,1.0
2481534,bertopic,n30_c50_s42,6,1.0
2482132,bertopic,n30_c50_s42,7,0.6329013270280908
2482143,bertopic,n30_c50_s42,2,1.0
2483268,bertopic,n30_c50_s42,31,1.0
2487361,bertopic,n30_c50_s42,-1,0.0
2487593,bertopic,n30_c50_s42,20,1.0
2487639,bertopic,n30_c50_s42,0,1.0
2488153,bertopic,n30_c50_s42,33,1.0
2488235,bertopic,n30_c50_s42,3,0.49718401841242804
2489311,bertopic,n30_c50_s42,6,0.969589876961123
2490050,bertopic,n30_c50_s42,33,1.0
2490256,bertopic,n30_c50_s42,22,0.4581927398495657
2490374,bertopic,n30_c50_s42,23,1.0
2490394,bertopic,n30_c50_s42,23,1.0
2490615,bertopic,n30_c50_s42,22,1.0
2490964,bertopic,n30_c50_s42,1,1.0
2491368,bertopic,n30_c50_s42,7,0.6331035670216715
2491624,bertopic,n30_c50_s42,7,0.6329013270280908
2492654,bertopic,n30_c50_s42,12,1.0
2492682,bertopic,n30_c50_s42,3,0.6279291219108467
2492984,bertopic,n30_c50_s42,9,0.198210999893872
2495670,bertopic,n30_c50_s42,9,0.4064713830446972
2495753,bertopic,n30_c50_s42,14,0.43715674687975115
2496437,bertopic,n30_c50_s42,33,1.0
2496686,bertopic,n30_c50_s42,31,1.0
2497267,bertopic,n30_c50_s42,1,1.0
2497282,bertopic,n30_c50_s42,6,1.0
2497327,bertopic,n30_c50_s42,-1,0.0
2497334,bertopic,n30_c50_s42,17,1.0
2497852,bertopic,n30_c50_s42,17,0.5748331383167204
2497908,bertopic,n30_c50_s42,10,1.0
2497961,bertopic,n30_c50_s42,-1,0.0
2497986,bertopic,n30_c50_s42,1,1.0
2497993,bertopic,n30_c50_s42,29,0.9728500219430745
2498009,bertopic,n30_c50_s42,12,0.7211672814731643
2498079,bertopic,n30_c50_s42,30,1.0
2498188,bertopic,n30_c50_s42,30,1.0
2498734,bertopic,n30_c50_s42,9,0.198210999893872
2498922,bertopic,n30_c50_s42,31,1.0
2499091,bertopic,n30_c50_s42,33,1.0
2499942,bertopic,n30_c50_s42,-1,0.0
2500285,bertopic,n30_c50_s42,0,1.0
2500497,bertopic,n30_c50_s42,4,1.0
2500530,bertopic,n30_c50_s42,20,0.6159768297681488
2500706,bertopic,n30_c50_s42,3,0.4958321008787039
2500726,bertopic,n30_c50_s42,3,1.0
2502273,bertopic,n30_c50_s42,1,1.0
2502519,bertopic,n30_c50_s42,30,1.0
2503070,bertopic,n30_c50_s42,33,1.0
2503265,bertopic,n30_c50_s42,33,1.0
2503505,bertopic,n30_c50_s42,3,0.832458640934726
2504193,bertopic,n30_c50_s42,3,0.9954336832545959
2505790,bertopic,n30_c50_s42,14,0.7006517430084651
2506070,bertopic,n30_c50_s42,4,0.9777630718705426
2506145,bertopic,n30_c50_s42,-1,0.0
2506307,bertopic,n30_c50_s42,4,0.9966970483822096
2507251,bertopic,n30_c50_s42,10,0.5370247030101564
2507567,bertopic,n30_c50_s42,-1,0.0
2509901,bertopic,n30_c50_s42,8,1.0
2510621,bertopic,n30_c50_s42,8,1.0
2510995,bertopic,n30_c50_s42,18,1.0
2511010,bertopic,n30_c50_s42,14,0.7006517430084651
2511029,bertopic,n30_c50_s42,1,1.0
2511062,bertopic,n30_c50_s42,27,1.0
2511287,bertopic,n30_c50_s42,10,0.5303183523127948
2511445,bertopic,n30_c50_s42,18,1.0
2511759,bertopic,n30_c50_s42,-1,0.0
2511812,bertopic,n30_c50_s42,4,0.969227668019518
2511822,bertopic,n30_c50_s42,-1,0.0
2511853,bertopic,n30_c50_s42,14,0.547272394440415
2511970,bertopic,n30_c50_s42,30,0.9751162187319515
2513420,bertopic,n30_c50_s42,3,0.6081427356922694
2514037,bertopic,n30_c50_s42,10,0.5610654878383777
2514945,bertopic,n30_c50_s42,3,0.6105899089322935
2515340,bertopic,n30_c50_s42,-1,0.0
2515632,bertopic,n30_c50_s42,-1,0.0
2516641,bertopic,n30_c50_s42,0,1.0
2518257,bertopic,n30_c50_s42,3,0.6105899089322935
2519411,bertopic,n30_c50_s42,0,0.6579111114222833
2520643,bertopic,n30_c50_s42,24,1.0
2520666,bertopic,n30_c50_s42,18,1.0
2521483,bertopic,n30_c50_s42,28,1.0
2523209,bertopic,n30_c50_s42,24,1.0
2523892,bertopic,n30_c50_s42,15,1.0
2524988,bertopic,n30_c50_s42,-1,0.0
2524994,bertopic,n30_c50_s42,3,0.6105899089322935
2524995,bertopic,n30_c50_s42,-1,0.0
2525759,bertopic,n30_c50_s42,14,0.6835508199716729
2525933,bertopic,n30_c50_s42,9,0.37740461138918036
2525935,bertopic,n30_c50_s42,3,0.5215119637144812
2526045,bertopic,n30_c50_s42,-1,0.0
2526358,bertopic,n30_c50_s42,10,0.5610654878383777
2526523,bertopic,n30_c50_s42,-1,0.0
2527057,bertopic,n30_c50_s42,-1,0.0
2528000,bertopic,n30_c50_s42,-1,0.0
2528385,bertopic,n30_c50_s42,20,1.0
2532561,bertopic,n30_c50_s42,7,0.6329013270280908
2532644,bertopic,n30_c50_s42,-1,0.0
2532656,bertopic,n30_c50_s42,0,1.0
2532713,bertopic,n30_c50_s42,3,0.5795919081439305
2534432,bertopic,n30_c50_s42,22,0.3586549923936308
2534829,bertopic,n30_c50_s42,4,0.2346455418909997
2536085,bertopic,n30_c50_s42,6,0.9232253332465329
2536112,bertopic,n30_c50_s42,-1,0.0
2536497,bertopic,n30_c50_s42,8,1.0
2538025,bertopic,n30_c50_s42,4,0.25000335542031515
2540031,bertopic,n30_c50_s42,3,0.6081427356922694
2540061,bertopic,n30_c50_s42,4,0.25000335542031515
2541974,bertopic,n30_c50_s42,3,0.6105899089322935
2546975,bertopic,n30_c50_s42,1,1.0
2547045,bertopic,n30_c50_s42,18,1.0
2547054,bertopic,n30_c50_s42,1,1.0
2547079,bertopic,n30_c50_s42,30,1.0
2547081,bertopic,n30_c50_s42,16,0.2715731491394473
2547132,bertopic,n30_c50_s42,4,1.0
2547160,bertopic,n30_c50_s42,3,0.6383369488986631
2547346,bertopic,n30_c50_s42,-1,0.0
2547383,bertopic,n30_c50_s42,3,1.0
2548547,bertopic,n30_c50_s42,3,0.9796896064035242
2549327,bertopic,n30_c50_s42,11,1.0
2549502,bertopic,n30_c50_s42,10,0.5370247030101564
2550955,bertopic,n30_c50_s42,-1,0.0
2555405,bertopic,n30_c50_s42,14,1.0
2556252,bertopic,n30_c50_s42,3,0.6077207988226089
2557196,bertopic,n30_c50_s42,3,0.6081427356922694
2557271,bertopic,n30_c50_s42,-1,0.0
2557319,bertopic,n30_c50_s42,3,0.6081427356922694
2557345,bertopic,n30_c50_s42,16,0.24464258930650234
2557367,bertopic,n30_c50_s42,14,0.9325813887238253
2557605,bertopic,n30_c50_s42,-1,0.0
2558138,bertopic,n30_c50_s42,0,1.0
2559335,bertopic,n30_c50_s42,16,0.24927048896481263
2559394,bertopic,n30_c50_s42,-1,0.0
2559427,bertopic,n30_c50_s42,16,1.0
2559445,bertopic,n30_c50_s42,-1,0.0
2560526,bertopic,n30_c50_s42,15,1.0
2560688,bertopic,n30_c50_s42,22,1.0
2560843,bertopic,n30_c50_s42,24,1.0
2561244,bertopic,n30_c50_s42,15,1.0
2561717,bertopic,n30_c50_s42,24,1.0
2562374,bertopic,n30_c50_s42,-1,0.0
2562415,bertopic,n30_c50_s42,19,1.0
2562482,bertopic,n30_c50_s42,3,0.6105899089322935
2562975,bertopic,n30_c50_s42,22,0.482878997920619
2563153,bertopic,n30_c50_s42,22,0.49799729452546726
2563258,bertopic,n30_c50_s42,-1,0.0
2563393,bertopic,n30_c50_s42,19,0.9345178556415006
2564722,bertopic,n30_c50_s42,19,0.6599475577724528
2566397,bertopic,n30_c50_s42,2,0.8815431191310241
2566487,bertopic,n30_c50_s42,15,1.0
2566617,bertopic,n30_c50_s42,14,1.0
2568034,bertopic,n30_c50_s42,15,1.0
2568753,bertopic,n30_c50_s42,15,1.0
2568792,bertopic,n30_c50_s42,14,1.0
2569841,bertopic,n30_c50_s42,9,0.198210999893872
2569845,bertopic,n30_c50_s42,16,0.9810634933120286
2569888,bertopic,n30_c50_s42,17,0.31567713277967174
2569929,bertopic,n30_c50_s42,17,0.31567713277967174
2570383,bertopic,n30_c50_s42,19,0.743188583188225
2571180,bertopic,n30_c50_s42,19,1.0
2571596,bertopic,n30_c50_s42,-1,0.0
2571959,bertopic,n30_c50_s42,-1,0.0
2572038,bertopic,n30_c50_s42,19,1.0
2577011,bertopic,n30_c50_s42,-1,0.0
2577975,bertopic,n30_c50_s42,19,0.6627188307990075
2580156,bertopic,n30_c50_s42,21,0.6666245977756465
2584460,bertopic,n30_c50_s42,3,1.0
2585256,bertopic,n30_c50_s42,17,0.31567713277967174
2585345,bertopic,n30_c50_s42,33,1.0
2585370,bertopic,n30_c50_s42,25,0.8373535897739036
2585638,bertopic,n30_c50_s42,4,1.0
2589596,bertopic,n30_c50_s42,-1,0.0
2589611,bertopic,n30_c50_s42,4,1.0
2589710,bertopic,n30_c50_s42,4,1.0
2589808,bertopic,n30_c50_s42,12,0.42908970564869486
2589857,bertopic,n30_c50_s42,4,1.0
2590419,bertopic,n30_c50_s42,22,1.0
2591450,bertopic,n30_c50_s42,-1,0.0
2591462,bertopic,n30_c50_s42,4,0.23737789424836375
2591536,bertopic,n30_c50_s42,16,1.0
2593165,bertopic,n30_c50_s42,5,0.8286683179237861
2594634,bertopic,n30_c50_s42,4,1.0
2597251,bertopic,n30_c50_s42,-1,0.0
2597262,bertopic,n30_c50_s42,17,1.0
2597271,bertopic,n30_c50_s42,4,1.0
2597367,bertopic,n30_c50_s42,24,1.0
2597439,bertopic,n30_c50_s42,0,1.0
2598365,bertopic,n30_c50_s42,4,1.0
2598406,bertopic,n30_c50_s42,4,0.8146596687110941
2600113,bertopic,n30_c50_s42,5,0.8286683179237861
2600586,bertopic,n30_c50_s42,4,1.0
2601172,bertopic,n30_c50_s42,12,0.42908970564869486
2601422,bertopic,n30_c50_s42,0,1.0
2603625,bertopic,n30_c50_s42,0,0.36824908532147643
2603806,bertopic,n30_c50_s42,1,1.0
2604483,bertopic,n30_c50_s42,3,0.7079479125647347
2604962,bertopic,n30_c50_s42,-1,0.0
2607422,bertopic,n30_c50_s42,-1,0.0
2608083,bertopic,n30_c50_s42,-1,0.0
2608302,bertopic,n30_c50_s42,4,1.0
2608658,bertopic,n30_c50_s42,5,0.8286683179237861
2610131,bertopic,n30_c50_s42,1,0.9717356832024946
2610158,bertopic,n30_c50_s42,1,1.0
2611816,bertopic,n30_c50_s42,17,0.7402447641799212
2612658,bertopic,n30_c50_s42,6,0.9267477243763882
2613031,bertopic,n30_c50_s42,10,0.48527837062462204
2613241,bertopic,n30_c50_s42,4,0.3492045561321186
2613242,bertopic,n30_c50_s42,4,1.0
2615935,bertopic,n30_c50_s42,3,0.6081427356922694
2616124,bertopic,n30_c50_s42,14,1.0
2616141,bertopic,n30_c50_s42,16,0.7754144411506917
2616428,bertopic,n30_c50_s42,25,0.8373535897739036
2616491,bertopic,n30_c50_s42,4,0.8135932830278525
2616561,bertopic,n30_c50_s42,1,1.0
2616582,bertopic,n30_c50_s42,5,0.7272643875723391
2616608,bertopic,n30_c50_s42,-1,0.0
2616643,bertopic,n30_c50_s42,4,0.3492045561321186
2616745,bertopic,n30_c50_s42,12,0.42908970564869486
2617387,bertopic,n30_c50_s42,0,1.0
2617662,bertopic,n30_c50_s42,0,1.0
2618113,bertopic,n30_c50_s42,12,0.42908970564869486
2619892,bertopic,n30_c50_s42,12,0.42908970564869486
2623860,bertopic,n30_c50_s42,-1,0.0
2623864,bertopic,n30_c50_s42,17,1.0
2624058,bertopic,n30_c50_s42,0,1.0
2624922,bertopic,n30_c50_s42,4,1.0
2624940,bertopic,n30_c50_s42,4,0.9349629375467468
2624999,bertopic,n30_c50_s42,14,1.0
2625001,bertopic,n30_c50_s42,1,1.0
2625024,bertopic,n30_c50_s42,5,0.7211524392524914
2625083,bertopic,n30_c50_s42,4,0.3492045561321186
2625148,bertopic,n30_c50_s42,1,0.907756057929096
2625184,bertopic,n30_c50_s42,-1,0.0
2625996,bertopic,n30_c50_s42,0,0.36824908532147643
2626013,bertopic,n30_c50_s42,20,0.6623601023349213
2626562,bertopic,n30_c50_s42,12,0.42908970564869486
2628178,bertopic,n30_c50_s42,0,1.0
2628491,bertopic,n30_c50_s42,1,1.0
2630605,bertopic,n30_c50_s42,30,1.0
2630699,bertopic,n30_c50_s42,8,1.0
2631118,bertopic,n30_c50_s42,5,1.0
2631313,bertopic,n30_c50_s42,0,1.0
2632728,bertopic,n30_c50_s42,7,0.6331035670216715
2633781,bertopic,n30_c50_s42,23,0.5995417687393961
2634148,bertopic,n30_c50_s42,4,0.3492045561321186
2634462,bertopic,n30_c50_s42,30,1.0
2634583,bertopic,n30_c50_s42,0,1.0
2634599,bertopic,n30_c50_s42,10,0.5803065854258068
2634890,bertopic,n30_c50_s42,30,0.9591172366461863
2635271,bertopic,n30_c50_s42,26,1.0
2635319,bertopic,n30_c50_s42,26,1.0
2638979,bertopic,n30_c50_s42,30,1.0
2638981,bertopic,n30_c50_s42,17,1.0
2638998,bertopic,n30_c50_s42,7,0.6331035670216715
2640069,bertopic,n30_c50_s42,5,0.6828456718036021
2640096,bertopic,n30_c50_s42,30,1.0
2640233,bertopic,n30_c50_s42,-1,0.0
2640243,bertopic,n30_c50_s42,3,0.6105899089322935
2641130,bertopic,n30_c50_s42,4,0.3492045561321186
2641148,bertopic,n30_c50_s42,4,1.0
2643143,bertopic,n30_c50_s42,7,1.0
2643491,bertopic,n30_c50_s42,0,0.340344273052557
2644906,bertopic,n30_c50_s42,22,1.0
2644951,bertopic,n30_c50_s42,6,1.0
2645149,bertopic,n30_c50_s42,23,1.0
2645355,bertopic,n30_c50_s42,30,1.0
2645374,bertopic,n30_c50_s42,22,0.4581927398495657
2645390,bertopic,n30_c50_s42,22,0.6566701741249265
2645862,bertopic,n30_c50_s42,1,1.0
2646547,bertopic,n30_c50_s42,8,1.0
2647339,bertopic,n30_c50_s42,3,0.7244964966493914
2648435,bertopic,n30_c50_s42,23,0.7432056619579118
2650143,bertopic,n30_c50_s42,8,0.5799294327085871
2650427,bertopic,n30_c50_s42,31,1.0
2653529,bertopic,n30_c50_s42,23,0.6819007416524971
2655116,bertopic,n30_c50_s42,17,1.0
2655146,bertopic,n30_c50_s42,0,1.0
2655757,bertopic,n30_c50_s42,-1,0.0
2656186,bertopic,n30_c50_s42,23,0.9508578713484075
2658677,bertopic,n30_c50_s42,0,1.0
2662017,bertopic,n30_c50_s42,0,0.7794849095078461
2662954,bertopic,n30_c50_s42,31,1.0
2663084,bertopic,n30_c50_s42,25,0.8373535897739036
2669279,bertopic,n30_c50_s42,17,0.7549260484232693
2669355,bertopic,n30_c50_s42,17,0.31567713277967174
2669468,bertopic,n30_c50_s42,4,0.40205928025119286
2669701,bertopic,n30_c50_s42,0,1.0
2670031,bertopic,n30_c50_s42,26,1.0
2671995,bertopic,n30_c50_s42,0,1.0
2672350,bertopic,n30_c50_s42,-1,0.0
2674392,bertopic,n30_c50_s42,9,0.198210999893872
2675013,bertopic,n30_c50_s42,0,1.0
2675183,bertopic,n30_c50_s42,4,0.425266599260977
2675771,bertopic,n30_c50_s42,6,0.9361598897001451
2676416,bertopic,n30_c50_s42,0,0.9857892108507688
2676612,bertopic,n30_c50_s42,0,1.0
2677132,bertopic,n30_c50_s42,30,1.0
2680179,bertopic,n30_c50_s42,9,0.37740461138918036
2680561,bertopic,n30_c50_s42,0,1.0
2683268,bertopic,n30_c50_s42,-1,0.0
2687760,bertopic,n30_c50_s42,-1,0.0
2687766,bertopic,n30_c50_s42,3,1.0
2687926,bertopic,n30_c50_s42,0,1.0
2689613,bertopic,n30_c50_s42,1,1.0
2689671,bertopic,n30_c50_s42,0,1.0
2689695,bertopic,n30_c50_s42,30,1.0
2689768,bertopic,n30_c50_s42,9,0.1521239529313966
2689814,bertopic,n30_c50_s42,23,0.7304607708694381
2689857,bertopic,n30_c50_s42,-1,0.0
2689916,bertopic,n30_c50_s42,0,1.0
2689917,bertopic,n30_c50_s42,1,1.0
2690024,bertopic,n30_c50_s42,26,1.0
2690194,bertopic,n30_c50_s42,-1,0.0
2690231,bertopic,n30_c50_s42,-1,0.0
2690249,bertopic,n30_c50_s42,0,1.0
2690261,bertopic,n30_c50_s42,24,0.8302855239592486
2690277,bertopic,n30_c50_s42,25,0.8373535897739036
2690325,bertopic,n30_c50_s42,-1,0.0
2690334,bertopic,n30_c50_s42,3,0.48159757474405235
2693080,bertopic,n30_c50_s42,24,0.7078065160843561
2693275,bertopic,n30_c50_s42,25,0.8373535897739036
2694617,bertopic,n30_c50_s42,-1,0.0
2695528,bertopic,n30_c50_s42,0,1.0
2698761,bertopic,n30_c50_s42,0,1.0
2698785,bertopic,n30_c50_s42,25,0.8373535897739036
2698807,bertopic,n30_c50_s42,-1,0.0
2698815,bertopic,n30_c50_s42,-1,0.0
2698842,bertopic,n30_c50_s42,17,1.0
2698984,bertopic,n30_c50_s42,1,1.0
2699021,bertopic,n30_c50_s42,-1,0.0
2699836,bertopic,n30_c50_s42,25,0.8373535897739036
2699874,bertopic,n30_c50_s42,21,0.8598701507719932
2699915,bertopic,n30_c50_s42,17,0.31567713277967174
2699934,bertopic,n30_c50_s42,1,1.0
2699981,bertopic,n30_c50_s42,8,1.0
2700077,bertopic,n30_c50_s42,-1,0.0
2700084,bertopic,n30_c50_s42,-1,0.0
2700223,bertopic,n30_c50_s42,-1,0.0
2700232,bertopic,n30_c50_s42,0,1.0
2700272,bertopic,n30_c50_s42,0,1.0
2700279,bertopic,n30_c50_s42,24,0.6707138879772031
2700547,bertopic,n30_c50_s42,-1,0.0
2700619,bertopic,n30_c50_s42,0,1.0
2700941,bertopic,n30_c50_s42,25,0.8373535897739036
2701030,bertopic,n30_c50_s42,25,0.8373535897739036
2702464,bertopic,n30_c50_s42,9,0.2806239733443533
2702608,bertopic,n30_c50_s42,1,1.0
2702666,bertopic,n30_c50_s42,1,1.0
2702728,bertopic,n30_c50_s42,1,1.0
2702831,bertopic,n30_c50_s42,1,1.0
2703100,bertopic,n30_c50_s42,19,1.0
2703167,bertopic,n30_c50_s42,1,1.0
2705197,bertopic,n30_c50_s42,2,0.5797272230139325
2705340,bertopic,n30_c50_s42,0,0.36824908532147643
2705854,bertopic,n30_c50_s42,4,0.3492045561321186
2706102,bertopic,n30_c50_s42,12,1.0
2707779,bertopic,n30_c50_s42,20,0.6623601023349213
2708802,bertopic,n30_c50_s42,2,0.5797272230139325
2709830,bertopic,n30_c50_s42,2,0.5797272230139325
2710287,bertopic,n30_c50_s42,1,1.0
2710980,bertopic,n30_c50_s42,25,0.8373535897739036
2713702,bertopic,n30_c50_s42,1,1.0
2713751,bertopic,n30_c50_s42,17,1.0
2713786,bertopic,n30_c50_s42,9,0.3293441737601968
2714741,bertopic,n30_c50_s42,7,0.6331035670216715
2714751,bertopic,n30_c50_s42,2,0.5797272230139325
2714851,bertopic,n30_c50_s42,1,1.0
2715113,bertopic,n30_c50_s42,-1,0.0
2715544,bertopic,n30_c50_s42,1,1.0
2715594,bertopic,n30_c50_s42,4,0.3492045561321186
2715697,bertopic,n30_c50_s42,2,0.5797272230139325
2715870,bertopic,n30_c50_s42,2,0.5797272230139325
2716305,bertopic,n30_c50_s42,20,0.6623601023349213
2716339,bertopic,n30_c50_s42,2,0.5797272230139325
2717304,bertopic,n30_c50_s42,7,0.6329013270280908
2717851,bertopic,n30_c50_s42,33,1.0
2717955,bertopic,n30_c50_s42,-1,0.0
2719984,bertopic,n30_c50_s42,3,0.6105899089322935
2722280,bertopic,n30_c50_s42,8,1.0
2723598,bertopic,n30_c50_s42,2,0.5797272230139325
2723664,bertopic,n30_c50_s42,-1,0.0
2724071,bertopic,n30_c50_s42,1,1.0
2724468,bertopic,n30_c50_s42,3,1.0
2732227,bertopic,n30_c50_s42,31,1.0
2735098,bertopic,n30_c50_s42,-1,0.0
2735919,bertopic,n30_c50_s42,5,1.0
2735971,bertopic,n30_c50_s42,17,0.31567713277967174
2736091,bertopic,n30_c50_s42,17,0.6880352501192264
2736175,bertopic,n30_c50_s42,1,1.0
2737855,bertopic,n30_c50_s42,31,1.0
2741418,bertopic,n30_c50_s42,-1,0.0
2742487,bertopic,n30_c50_s42,2,0.5797272230139325
2742517,bertopic,n30_c50_s42,4,0.35894013311157236
2744196,bertopic,n30_c50_s42,24,0.7899924221925969
2747430,bertopic,n30_c50_s42,2,0.5797272230139325
2747800,bertopic,n30_c50_s42,15,1.0
2748634,bertopic,n30_c50_s42,5,0.6467161622846611
2749995,bertopic,n30_c50_s42,7,0.6331035670216715
2755458,bertopic,n30_c50_s42,2,0.5797272230139325
2756434,bertopic,n30_c50_s42,2,0.5797272230139325
2756499,bertopic,n30_c50_s42,1,1.0
2757091,bertopic,n30_c50_s42,5,0.9302755599473103
2757384,bertopic,n30_c50_s42,1,1.0
2772606,bertopic,n30_c50_s42,15,0.6727924914199281
2773959,bertopic,n30_c50_s42,1,1.0
2774572,bertopic,n30_c50_s42,4,0.3492045561321186
2774746,bertopic,n30_c50_s42,2,0.5797272230139325
2775638,bertopic,n30_c50_s42,0,0.8624901168090019
2781172,bertopic,n30_c50_s42,-1,0.0
2781301,bertopic,n30_c50_s42,12,0.42908970564869486
2785307,bertopic,n30_c50_s42,2,0.5797272230139325
2788190,bertopic,n30_c50_s42,1,1.0
2788229,bertopic,n30_c50_s42,1,1.0
2788276,bertopic,n30_c50_s42,1,1.0
2788348,bertopic,n30_c50_s42,-1,0.0
2788352,bertopic,n30_c50_s42,2,0.5797272230139325
2788503,bertopic,n30_c50_s42,5,0.8901395190428824
2788627,bertopic,n30_c50_s42,1,1.0
2788752,bertopic,n30_c50_s42,1,1.0
2788805,bertopic,n30_c50_s42,1,1.0
2788848,bertopic,n30_c50_s42,2,0.5797272230139325
