article_id,model,run_id,topic_id,membership_strength
300,bertopic,n15_c50_s42,7,0.9684891295919472
551,bertopic,n15_c50_s42,-1,0.0
574,bertopic,n15_c50_s42,26,1.0
593,bertopic,n15_c50_s42,7,1.0
1739,bertopic,n15_c50_s42,34,1.0
1755,bertopic,n15_c50_s42,-1,0.0
2835,bertopic,n15_c50_s42,24,0.5291900138019086
3594,bertopic,n15_c50_s42,1,1.0
3635,bertopic,n15_c50_s42,0,1.0
3656,bertopic,n15_c50_s42,-1,0.0
3708,bertopic,n15_c50_s42,25,1.0
3798,bertopic,n15_c50_s42,7,0.8237442072476651
4089,bertopic,n15_c50_s42,-1,0.0
4710,bertopic,n15_c50_s42,8,1.0
4830,bertopic,n15_c50_s42,-1,0.0
5276,bertopic,n15_c50_s42,1,0.660333730749015
5586,bertopic,n15_c50_s42,-1,0.0
5683,bertopic,n15_c50_s42,9,0.11808523919200525
5693,bertopic,n15_c50_s42,5,1.0
6435,bertopic,n15_c50_s42,8,0.8041399594383052
6544,bertopic,n15_c50_s42,19,0.7336784840284254
7082,bertopic,n15_c50_s42,3,1.0
7244,bertopic,n15_c50_s42,2,1.0
7574,bertopic,n15_c50_s42,7,0.8237442072476651
7681,bertopic,n15_c50_s42,7,1.0
7854,bertopic,n15_c50_s42,10,0.7848378233780198
7868,bertopic,n15_c50_s42,17,0.6103818510320095
7879,bertopic,n15_c50_s42,3,0.9000270470619591
7921,bertopic,n15_c50_s42,6,0.6478845062389335
7959,bertopic,n15_c50_s42,3,1.0
8530,bertopic,n15_c50_s42,5,0.30676412469516373
8844,bertopic,n15_c50_s42,8,0.5391614953368662
9037,bertopic,n15_c50_s42,1,1.0
9349,bertopic,n15_c50_s42,4,1.0
10235,bertopic,n15_c50_s42,-1,0.0
10296,bertopic,n15_c50_s42,3,0.46607560395115943
10939,bertopic,n15_c50_s42,6,0.6478845062389335
11348,bertopic,n15_c50_s42,1,0.6080049878248824
12099,bertopic,n15_c50_s42,36,1.0
12364,bertopic,n15_c50_s42,15,0.8350198462148515
12399,bertopic,n15_c50_s42,1,0.6080049878248824
12685,bertopic,n15_c50_s42,4,0.862308294178738
12801,bertopic,n15_c50_s42,-1,0.0
12810,bertopic,n15_c50_s42,32,1.0
12858,bertopic,n15_c50_s42,2,1.0
13084,bertopic,n15_c50_s42,36,1.0
13205,bertopic,n15_c50_s42,30,1.0
13274,bertopic,n15_c50_s42,8,0.4446146660560332
13403,bertopic,n15_c50_s42,3,0.4281570169973973
13594,bertopic,n15_c50_s42,-1,0.0
13768,bertopic,n15_c50_s42,1,0.2811251637275487
13851,bertopic,n15_c50_s42,1,0.17040249816337727
14117,bertopic,n15_c50_s42,19,0.7529598567062219
14506,bertopic,n15_c50_s42,1,0.9773086482976748
14528,bertopic,n15_c50_s42,4,0.8068014682681283
14529,bertopic,n15_c50_s42,1,1.0
14599,bertopic,n15_c50_s42,0,1.0
14858,bertopic,n15_c50_s42,0,1.0
15016,bertopic,n15_c50_s42,12,1.0
15506,bertopic,n15_c50_s42,1,1.0
15759,bertopic,n15_c50_s42,6,0.9224721158574777
15792,bertopic,n15_c50_s42,7,1.0
15993,bertopic,n15_c50_s42,3,0.4410796840342761
16083,bertopic,n15_c50_s42,-1,0.0
16274,bertopic,n15_c50_s42,-1,0.0
16458,bertopic,n15_c50_s42,8,0.8098006021686482
16762,bertopic,n15_c50_s42,3,1.0
16814,bertopic,n15_c50_s42,-1,0.0
17264,bertopic,n15_c50_s42,11,0.23540325512296892
17329,bertopic,n15_c50_s42,5,0.8994566316916167
17922,bertopic,n15_c50_s42,3,1.0
18543,bertopic,n15_c50_s42,28,1.0
19690,bertopic,n15_c50_s42,3,0.9026226569319602
20012,bertopic,n15_c50_s42,3,1.0
20127,bertopic,n15_c50_s42,3,1.0
20668,bertopic,n15_c50_s42,24,1.0
20712,bertopic,n15_c50_s42,10,0.3918470446818332
20941,bertopic,n15_c50_s42,0,1.0
21460,bertopic,n15_c50_s42,-1,0.0
21530,bertopic,n15_c50_s42,-1,0.0
21659,bertopic,n15_c50_s42,0,1.0
21782,bertopic,n15_c50_s42,1,1.0
21917,bertopic,n15_c50_s42,5,0.555513491131908
22065,bertopic,n15_c50_s42,3,0.39456700386500376
22132,bertopic,n15_c50_s42,-1,0.0
22159,bertopic,n15_c50_s42,1,1.0
22390,bertopic,n15_c50_s42,36,1.0
22705,bertopic,n15_c50_s42,7,1.0
23217,bertopic,n15_c50_s42,1,1.0
23962,bertopic,n15_c50_s42,-1,0.0
24198,bertopic,n15_c50_s42,8,0.49167487816846595
24286,bertopic,n15_c50_s42,2,1.0
24876,bertopic,n15_c50_s42,3,0.6023750086310499
24965,bertopic,n15_c50_s42,10,0.4383515018840619
25431,bertopic,n15_c50_s42,15,0.8350198462148515
25458,bertopic,n15_c50_s42,-1,0.0
25974,bertopic,n15_c50_s42,-1,0.0
26212,bertopic,n15_c50_s42,12,1.0
26434,bertopic,n15_c50_s42,-1,0.0
27038,bertopic,n15_c50_s42,14,1.0
27122,bertopic,n15_c50_s42,-1,0.0
27189,bertopic,n15_c50_s42,-1,0.0
27469,bertopic,n15_c50_s42,34,0.4183081859751541
27920,bertopic,n15_c50_s42,35,1.0
28510,bertopic,n15_c50_s42,4,1.0
28661,bertopic,n15_c50_s42,22,0.7263696664676225
28781,bertopic,n15_c50_s42,1,0.2811251637275487
28784,bertopic,n15_c50_s42,3,1.0
28936,bertopic,n15_c50_s42,3,1.0
29129,bertopic,n15_c50_s42,19,0.5762449014189536
30097,bertopic,n15_c50_s42,11,0.2711503337275753
30107,bertopic,n15_c50_s42,1,0.9283372406670505
30257,bertopic,n15_c50_s42,1,1.0
30703,bertopic,n15_c50_s42,4,0.7599938518198809
30778,bertopic,n15_c50_s42,-1,0.0
30997,bertopic,n15_c50_s42,27,1.0
31478,bertopic,n15_c50_s42,1,0.9362462786125632
31594,bertopic,n15_c50_s42,-1,0.0
31664,bertopic,n15_c50_s42,-1,0.0
31875,bertopic,n15_c50_s42,6,0.5897832770011847
31919,bertopic,n15_c50_s42,4,1.0
32030,bertopic,n15_c50_s42,3,1.0
32072,bertopic,n15_c50_s42,0,0.7352387269141456
32140,bertopic,n15_c50_s42,8,1.0
33141,bertopic,n15_c50_s42,6,0.6478845062389335
33193,bertopic,n15_c50_s42,3,1.0
33255,bertopic,n15_c50_s42,15,0.5112220925377025
33651,bertopic,n15_c50_s42,3,1.0
33732,bertopic,n15_c50_s42,7,1.0
33907,bertopic,n15_c50_s42,-1,0.0
34443,bertopic,n15_c50_s42,2,1.0
35047,bertopic,n15_c50_s42,23,0.9814641826475491
35309,bertopic,n15_c50_s42,2,0.3660888077406
35903,bertopic,n15_c50_s42,37,1.0
35925,bertopic,n15_c50_s42,3,0.5166275078198969
36149,bertopic,n15_c50_s42,-1,0.0
36372,bertopic,n15_c50_s42,-1,0.0
36523,bertopic,n15_c50_s42,3,1.0
36957,bertopic,n15_c50_s42,1,1.0
37122,bertopic,n15_c50_s42,2,1.0
37241,bertopic,n15_c50_s42,30,0.44890844501907523
37289,bertopic,n15_c50_s42,10,0.3918470446818332
38068,bertopic,n15_c50_s42,20,1.0
38130,bertopic,n15_c50_s42,3,0.790314414223026
38397,bertopic,n15_c50_s42,3,0.7108258146560567
38774,bertopic,n15_c50_s42,8,0.680455195146111
38952,bertopic,n15_c50_s42,-1,0.0
39053,bertopic,n15_c50_s42,5,1.0
39204,bertopic,n15_c50_s42,3,0.6101583640579142
39234,bertopic,n15_c50_s42,4,0.83718142733223
40130,bertopic,n15_c50_s42,27,1.0
40296,bertopic,n15_c50_s42,1,1.0
40454,bertopic,n15_c50_s42,3,1.0
40807,bertopic,n15_c50_s42,29,0.3366001470440159
41150,bertopic,n15_c50_s42,-1,0.0
41235,bertopic,n15_c50_s42,1,0.3085039641916795
41649,bertopic,n15_c50_s42,8,0.8098006021686482
41765,bertopic,n15_c50_s42,3,1.0
41883,bertopic,n15_c50_s42,11,1.0
42206,bertopic,n15_c50_s42,6,0.6478845062389335
42360,bertopic,n15_c50_s42,6,0.6478845062389335
42454,bertopic,n15_c50_s42,-1,0.0
43243,bertopic,n15_c50_s42,36,1.0
43481,bertopic,n15_c50_s42,9,0.11859894581331003
43606,bertopic,n15_c50_s42,7,0.8237442072476651
43636,bertopic,n15_c50_s42,15,0.7394414544337335
44273,bertopic,n15_c50_s42,4,0.7660642657136968
44421,bertopic,n15_c50_s42,-1,0.0
44459,bertopic,n15_c50_s42,0,1.0
44507,bertopic,n15_c50_s42,-1,0.0
44761,bertopic,n15_c50_s42,10,1.0
44828,bertopic,n15_c50_s42,3,1.0
44886,bertopic,n15_c50_s42,12,1.0
44926,bertopic,n15_c50_s42,-1,0.0
45170,bertopic,n15_c50_s42,7,0.7419438065027137
45318,bertopic,n15_c50_s42,15,0.535458590205778
45333,bertopic,n15_c50_s42,10,0.3918470446818332
45594,bertopic,n15_c50_s42,7,0.953217415723588
45601,bertopic,n15_c50_s42,18,1.0
45666,bertopic,n15_c50_s42,7,1.0
45929,bertopic,n15_c50_s42,0,1.0
46773,bertopic,n15_c50_s42,3,0.4358076003737294
46798,bertopic,n15_c50_s42,1,1.0
47374,bertopic,n15_c50_s42,31,1.0
47878,bertopic,n15_c50_s42,27,0.550876839477791
48013,bertopic,n15_c50_s42,-1,0.0
48054,bertopic,n15_c50_s42,6,0.6478845062389335
48189,bertopic,n15_c50_s42,3,1.0
48429,bertopic,n15_c50_s42,4,0.9235205397404076
48523,bertopic,n15_c50_s42,0,1.0
48645,bertopic,n15_c50_s42,3,0.5482781846932547
48719,bertopic,n15_c50_s42,3,1.0
48986,bertopic,n15_c50_s42,6,1.0
49147,bertopic,n15_c50_s42,-1,0.0
49182,bertopic,n15_c50_s42,9,1.0
49242,bertopic,n15_c50_s42,9,1.0
49457,bertopic,n15_c50_s42,-1,0.0
49694,bertopic,n15_c50_s42,3,1.0
50156,bertopic,n15_c50_s42,22,1.0
50396,bertopic,n15_c50_s42,34,1.0
50448,bertopic,n15_c50_s42,2,1.0
50669,bertopic,n15_c50_s42,32,1.0
51001,bertopic,n15_c50_s42,15,0.4688303771215175
51195,bertopic,n15_c50_s42,26,0.931117938977895
51957,bertopic,n15_c50_s42,7,1.0
52032,bertopic,n15_c50_s42,3,0.6761023023929746
52281,bertopic,n15_c50_s42,3,1.0
52788,bertopic,n15_c50_s42,7,1.0
52904,bertopic,n15_c50_s42,34,1.0
53033,bertopic,n15_c50_s42,-1,0.0
53036,bertopic,n15_c50_s42,-1,0.0
53127,bertopic,n15_c50_s42,3,1.0
53281,bertopic,n15_c50_s42,10,1.0
53378,bertopic,n15_c50_s42,23,0.8381698389821955
53444,bertopic,n15_c50_s42,5,0.9706582149911568
53522,bertopic,n15_c50_s42,6,0.52116937225586
53977,bertopic,n15_c50_s42,7,1.0
54284,bertopic,n15_c50_s42,0,1.0
54295,bertopic,n15_c50_s42,34,1.0
55518,bertopic,n15_c50_s42,3,1.0
55684,bertopic,n15_c50_s42,-1,0.0
55997,bertopic,n15_c50_s42,15,0.8929413422816055
56047,bertopic,n15_c50_s42,3,1.0
56383,bertopic,n15_c50_s42,7,0.9080910207734187
56427,bertopic,n15_c50_s42,6,0.3792651910604721
56476,bertopic,n15_c50_s42,1,0.5799234187538598
56477,bertopic,n15_c50_s42,27,1.0
56571,bertopic,n15_c50_s42,1,1.0
56582,bertopic,n15_c50_s42,27,1.0
56617,bertopic,n15_c50_s42,-1,0.0
56838,bertopic,n15_c50_s42,16,0.8321393799941623
57121,bertopic,n15_c50_s42,25,0.9240398461590553
57340,bertopic,n15_c50_s42,3,0.5482781846932547
57357,bertopic,n15_c50_s42,-1,0.0
57436,bertopic,n15_c50_s42,6,0.3963921275293349
57487,bertopic,n15_c50_s42,6,0.6478845062389335
59278,bertopic,n15_c50_s42,0,1.0
59330,bertopic,n15_c50_s42,1,1.0
60166,bertopic,n15_c50_s42,3,0.5212373449602079
60190,bertopic,n15_c50_s42,30,0.6853385341988651
60525,bertopic,n15_c50_s42,2,1.0
60772,bertopic,n15_c50_s42,3,0.6153742128091917
60790,bertopic,n15_c50_s42,11,0.5810617223940825
60943,bertopic,n15_c50_s42,-1,0.0
60989,bertopic,n15_c50_s42,28,1.0
61037,bertopic,n15_c50_s42,1,1.0
61392,bertopic,n15_c50_s42,37,1.0
61399,bertopic,n15_c50_s42,23,1.0
61433,bertopic,n15_c50_s42,5,0.555513491131908
61614,bertopic,n15_c50_s42,20,0.7055475386240061
61618,bertopic,n15_c50_s42,17,0.820746060990023
61634,bertopic,n15_c50_s42,1,1.0
61874,bertopic,n15_c50_s42,3,1.0
62010,bertopic,n15_c50_s42,-1,0.0
62225,bertopic,n15_c50_s42,4,1.0
62396,bertopic,n15_c50_s42,2,1.0
62514,bertopic,n15_c50_s42,2,1.0
62536,bertopic,n15_c50_s42,2,0.8138489586351653
62561,bertopic,n15_c50_s42,-1,0.0
62909,bertopic,n15_c50_s42,2,1.0
63202,bertopic,n15_c50_s42,2,1.0
63485,bertopic,n15_c50_s42,1,1.0
63812,bertopic,n15_c50_s42,1,0.36364877867349565
64049,bertopic,n15_c50_s42,19,0.657655282190716
64159,bertopic,n15_c50_s42,2,1.0
64288,bertopic,n15_c50_s42,15,1.0
64460,bertopic,n15_c50_s42,0,1.0
64660,bertopic,n15_c50_s42,-1,0.0
65325,bertopic,n15_c50_s42,8,1.0
66799,bertopic,n15_c50_s42,7,0.6855188361878803
67010,bertopic,n15_c50_s42,-1,0.0
67102,bertopic,n15_c50_s42,-1,0.0
67221,bertopic,n15_c50_s42,2,1.0
67486,bertopic,n15_c50_s42,4,0.9161144504902469
67860,bertopic,n15_c50_s42,-1,0.0
68053,bertopic,n15_c50_s42,36,1.0
68520,bertopic,n15_c50_s42,1,1.0
68807,bertopic,n15_c50_s42,4,1.0
69068,bertopic,n15_c50_s42,6,0.6478845062389335
69258,bertopic,n15_c50_s42,20,1.0
70036,bertopic,n15_c50_s42,3,0.6867481075185776
70485,bertopic,n15_c50_s42,2,1.0
70557,bertopic,n15_c50_s42,23,0.9814641826475491
70943,bertopic,n15_c50_s42,22,0.7263696664676225
71054,bertopic,n15_c50_s42,16,1.0
71331,bertopic,n15_c50_s42,12,0.8289451557901646
71519,bertopic,n15_c50_s42,7,0.6868606804761107
71879,bertopic,n15_c50_s42,-1,0.0
71942,bertopic,n15_c50_s42,9,0.09422033020627348
72159,bertopic,n15_c50_s42,-1,0.0
72242,bertopic,n15_c50_s42,6,0.6478845062389335
72412,bertopic,n15_c50_s42,3,0.8785107873073874
72552,bertopic,n15_c50_s42,15,0.6259554819752671
72770,bertopic,n15_c50_s42,31,0.679351785273596
73421,bertopic,n15_c50_s42,-1,0.0
73478,bertopic,n15_c50_s42,20,0.592713724459886
73841,bertopic,n15_c50_s42,18,1.0
73919,bertopic,n15_c50_s42,-1,0.0
74002,bertopic,n15_c50_s42,36,1.0
74128,bertopic,n15_c50_s42,12,0.6349559089151843
74554,bertopic,n15_c50_s42,10,0.9739055208430764
75484,bertopic,n15_c50_s42,-1,0.0
76050,bertopic,n15_c50_s42,20,1.0
76152,bertopic,n15_c50_s42,30,1.0
76171,bertopic,n15_c50_s42,8,0.9195007006801595
76296,bertopic,n15_c50_s42,3,1.0
76323,bertopic,n15_c50_s42,-1,0.0
76379,bertopic,n15_c50_s42,27,1.0
77023,bertopic,n15_c50_s42,7,0.9804574144857615
78009,bertopic,n15_c50_s42,2,1.0
78179,bertopic,n15_c50_s42,1,1.0
78211,bertopic,n15_c50_s42,-1,0.0
78357,bertopic,n15_c50_s42,5,0.555513491131908
78501,bertopic,n15_c50_s42,-1,0.0
78524,bertopic,n15_c50_s42,23,0.9814641826475491
78603,bertopic,n15_c50_s42,1,1.0
79028,bertopic,n15_c50_s42,3,1.0
79129,bertopic,n15_c50_s42,21,0.9658759132938917
79661,bertopic,n15_c50_s42,0,1.0
80282,bertopic,n15_c50_s42,1,1.0
80316,bertopic,n15_c50_s42,1,0.7483445918313503
80570,bertopic,n15_c50_s42,23,1.0
80631,bertopic,n15_c50_s42,1,1.0
80746,bertopic,n15_c50_s42,4,1.0
81605,bertopic,n15_c50_s42,6,0.6478845062389335
81713,bertopic,n15_c50_s42,6,0.6478845062389335
81755,bertopic,n15_c50_s42,-1,0.0
81778,bertopic,n15_c50_s42,10,0.4383515018840619
82147,bertopic,n15_c50_s42,0,0.784011507153867
82319,bertopic,n15_c50_s42,5,0.555513491131908
82733,bertopic,n15_c50_s42,-1,0.0
82814,bertopic,n15_c50_s42,35,1.0
83020,bertopic,n15_c50_s42,-1,0.0
83321,bertopic,n15_c50_s42,0,1.0
83391,bertopic,n15_c50_s42,-1,0.0
83576,bertopic,n15_c50_s42,15,1.0
84049,bertopic,n15_c50_s42,0,1.0
84779,bertopic,n15_c50_s42,0,1.0
84812,bertopic,n15_c50_s42,1,1.0
85969,bertopic,n15_c50_s42,11,0.8711067922409653
86321,bertopic,n15_c50_s42,6,0.8074757341168695
86508,bertopic,n15_c50_s42,5,1.0
87000,bertopic,n15_c50_s42,3,0.790314414223026
87049,bertopic,n15_c50_s42,24,1.0
87587,bertopic,n15_c50_s42,7,1.0
87874,bertopic,n15_c50_s42,7,0.5905657056921532
88070,bertopic,n15_c50_s42,2,1.0
88079,bertopic,n15_c50_s42,-1,0.0
88571,bertopic,n15_c50_s42,28,1.0
88657,bertopic,n15_c50_s42,1,1.0
89301,bertopic,n15_c50_s42,26,0.9093480970291333
89410,bertopic,n15_c50_s42,-1,0.0
89624,bertopic,n15_c50_s42,-1,0.0
89801,bertopic,n15_c50_s42,8,0.8098006021686482
89830,bertopic,n15_c50_s42,0,1.0
89847,bertopic,n15_c50_s42,15,1.0
89873,bertopic,n15_c50_s42,5,0.641756381853087
89919,bertopic,n15_c50_s42,-1,0.0
89926,bertopic,n15_c50_s42,11,0.9222231639341342
89957,bertopic,n15_c50_s42,6,0.6478845062389335
90406,bertopic,n15_c50_s42,18,0.9086503709945579
90724,bertopic,n15_c50_s42,-1,0.0
91137,bertopic,n15_c50_s42,29,1.0
91212,bertopic,n15_c50_s42,38,1.0
91317,bertopic,n15_c50_s42,0,1.0
91669,bertopic,n15_c50_s42,12,1.0
91911,bertopic,n15_c50_s42,18,1.0
92331,bertopic,n15_c50_s42,-1,0.0
92399,bertopic,n15_c50_s42,2,1.0
92447,bertopic,n15_c50_s42,1,1.0
92485,bertopic,n15_c50_s42,3,0.3717351273642504
92507,bertopic,n15_c50_s42,0,0.6735973546403773
92521,bertopic,n15_c50_s42,4,1.0
92660,bertopic,n15_c50_s42,7,0.8237442072476651
92766,bertopic,n15_c50_s42,1,1.0
92962,bertopic,n15_c50_s42,6,1.0
94288,bertopic,n15_c50_s42,4,0.9235205397404076
94315,bertopic,n15_c50_s42,3,1.0
95209,bertopic,n15_c50_s42,3,1.0
95243,bertopic,n15_c50_s42,3,0.790314414223026
95502,bertopic,n15_c50_s42,2,0.7303963553979936
95503,bertopic,n15_c50_s42,1,0.36364877867349565
95505,bertopic,n15_c50_s42,24,1.0
95887,bertopic,n15_c50_s42,3,1.0
96093,bertopic,n15_c50_s42,-1,0.0
96587,bertopic,n15_c50_s42,6,0.6478845062389335
97339,bertopic,n15_c50_s42,-1,0.0
97796,bertopic,n15_c50_s42,2,1.0
97953,bertopic,n15_c50_s42,3,1.0
98192,bertopic,n15_c50_s42,-1,0.0
98320,bertopic,n15_c50_s42,1,1.0
98372,bertopic,n15_c50_s42,-1,0.0
98422,bertopic,n15_c50_s42,28,0.6182226087523822
98649,bertopic,n15_c50_s42,3,1.0
98692,bertopic,n15_c50_s42,6,0.34133539421460585
98812,bertopic,n15_c50_s42,4,0.9150769487616259
98882,bertopic,n15_c50_s42,36,0.46140114503712465
99053,bertopic,n15_c50_s42,30,1.0
99311,bertopic,n15_c50_s42,-1,0.0
99362,bertopic,n15_c50_s42,9,1.0
99429,bertopic,n15_c50_s42,6,0.6478845062389335
99690,bertopic,n15_c50_s42,8,0.9564976962836944
99888,bertopic,n15_c50_s42,0,1.0
100550,bertopic,n15_c50_s42,4,1.0
100730,bertopic,n15_c50_s42,27,1.0
100962,bertopic,n15_c50_s42,22,0.7263696664676225
101231,bertopic,n15_c50_s42,5,0.9706582149911568
101764,bertopic,n15_c50_s42,19,0.657655282190716
101775,bertopic,n15_c50_s42,-1,0.0
101854,bertopic,n15_c50_s42,3,1.0
101901,bertopic,n15_c50_s42,0,0.9896509997446999
102431,bertopic,n15_c50_s42,4,0.7636442228859669
102601,bertopic,n15_c50_s42,6,0.34133539421460585
102738,bertopic,n15_c50_s42,3,1.0
102885,bertopic,n15_c50_s42,38,1.0
102902,bertopic,n15_c50_s42,0,1.0
103750,bertopic,n15_c50_s42,2,1.0
104233,bertopic,n15_c50_s42,4,1.0
104546,bertopic,n15_c50_s42,6,0.6478845062389335
104601,bertopic,n15_c50_s42,1,1.0
104855,bertopic,n15_c50_s42,-1,0.0
105357,bertopic,n15_c50_s42,6,0.6478845062389335
105490,bertopic,n15_c50_s42,8,1.0
106202,bertopic,n15_c50_s42,3,0.4343704900356549
106439,bertopic,n15_c50_s42,1,1.0
106717,bertopic,n15_c50_s42,-1,0.0
107060,bertopic,n15_c50_s42,32,1.0
107314,bertopic,n15_c50_s42,-1,0.0
107334,bertopic,n15_c50_s42,-1,0.0
107625,bertopic,n15_c50_s42,1,1.0
108455,bertopic,n15_c50_s42,-1,0.0
108461,bertopic,n15_c50_s42,0,1.0
109175,bertopic,n15_c50_s42,37,1.0
109347,bertopic,n15_c50_s42,4,1.0
109367,bertopic,n15_c50_s42,5,1.0
109381,bertopic,n15_c50_s42,6,0.5212193237289737
109470,bertopic,n15_c50_s42,0,1.0
109503,bertopic,n15_c50_s42,7,1.0
110123,bertopic,n15_c50_s42,8,0.6972223028751355
110274,bertopic,n15_c50_s42,-1,0.0
110368,bertopic,n15_c50_s42,3,1.0
110828,bertopic,n15_c50_s42,4,0.8037929372185932
110861,bertopic,n15_c50_s42,30,0.4893520194792958
110923,bertopic,n15_c50_s42,4,0.7485175477961338
110945,bertopic,n15_c50_s42,2,1.0
111432,bertopic,n15_c50_s42,-1,0.0
111618,bertopic,n15_c50_s42,1,0.36364877867349565
112184,bertopic,n15_c50_s42,6,0.7035039483519309
112673,bertopic,n15_c50_s42,-1,0.0
113785,bertopic,n15_c50_s42,8,0.35834601268278177
113818,bertopic,n15_c50_s42,6,0.6478845062389335
113906,bertopic,n15_c50_s42,6,0.35910070999734633
114291,bertopic,n15_c50_s42,6,0.6478845062389335
114519,bertopic,n15_c50_s42,-1,0.0
115008,bertopic,n15_c50_s42,8,1.0
115166,bertopic,n15_c50_s42,1,1.0
115239,bertopic,n15_c50_s42,-1,0.0
115378,bertopic,n15_c50_s42,6,1.0
115416,bertopic,n15_c50_s42,35,1.0
115482,bertopic,n15_c50_s42,2,1.0
115506,bertopic,n15_c50_s42,32,1.0
115561,bertopic,n15_c50_s42,6,0.6478845062389335
115935,bertopic,n15_c50_s42,26,1.0
116580,bertopic,n15_c50_s42,37,1.0
117070,bertopic,n15_c50_s42,35,1.0
117354,bertopic,n15_c50_s42,2,1.0
117646,bertopic,n15_c50_s42,6,0.23235358674806617
117905,bertopic,n15_c50_s42,12,1.0
118371,bertopic,n15_c50_s42,19,0.7529598567062219
119090,bertopic,n15_c50_s42,8,1.0
119115,bertopic,n15_c50_s42,4,0.9027868966528212
119777,bertopic,n15_c50_s42,11,0.8711067922409653
120054,bertopic,n15_c50_s42,-1,0.0
120126,bertopic,n15_c50_s42,14,1.0
120781,bertopic,n15_c50_s42,7,1.0
121300,bertopic,n15_c50_s42,4,1.0
122087,bertopic,n15_c50_s42,15,0.4768076188059627
122128,bertopic,n15_c50_s42,3,1.0
123233,bertopic,n15_c50_s42,-1,0.0
123354,bertopic,n15_c50_s42,15,0.58764423833128
123513,bertopic,n15_c50_s42,30,1.0
123677,bertopic,n15_c50_s42,0,1.0
124291,bertopic,n15_c50_s42,1,1.0
124504,bertopic,n15_c50_s42,3,1.0
124924,bertopic,n15_c50_s42,27,1.0
124998,bertopic,n15_c50_s42,8,0.5906600362139913
125146,bertopic,n15_c50_s42,0,0.8577374012022709
125299,bertopic,n15_c50_s42,-1,0.0
125714,bertopic,n15_c50_s42,3,1.0
125811,bertopic,n15_c50_s42,27,1.0
125862,bertopic,n15_c50_s42,3,1.0
126305,bertopic,n15_c50_s42,8,0.8098006021686482
126787,bertopic,n15_c50_s42,6,0.20047406585170188
127076,bertopic,n15_c50_s42,-1,0.0
127077,bertopic,n15_c50_s42,33,1.0
127252,bertopic,n15_c50_s42,18,1.0
127382,bertopic,n15_c50_s42,3,0.4697114436104026
127780,bertopic,n15_c50_s42,12,1.0
127807,bertopic,n15_c50_s42,12,1.0
128077,bertopic,n15_c50_s42,12,1.0
128329,bertopic,n15_c50_s42,11,0.8711067922409653
128668,bertopic,n15_c50_s42,38,1.0
129453,bertopic,n15_c50_s42,5,0.9706582149911568
129521,bertopic,n15_c50_s42,-1,0.0
129697,bertopic,n15_c50_s42,2,1.0
130075,bertopic,n15_c50_s42,8,1.0
130193,bertopic,n15_c50_s42,-1,0.0
130229,bertopic,n15_c50_s42,29,0.32092090010032676
130247,bertopic,n15_c50_s42,10,1.0
130332,bertopic,n15_c50_s42,26,1.0
130373,bertopic,n15_c50_s42,35,1.0
130542,bertopic,n15_c50_s42,6,0.761076649228489
131018,bertopic,n15_c50_s42,3,0.4506399228018195
131134,bertopic,n15_c50_s42,1,0.6362376145188532
131630,bertopic,n15_c50_s42,8,0.9437893446846809
131655,bertopic,n15_c50_s42,-1,0.0
131953,bertopic,n15_c50_s42,-1,0.0
132216,bertopic,n15_c50_s42,26,1.0
132343,bertopic,n15_c50_s42,-1,0.0
132371,bertopic,n15_c50_s42,1,0.36364877867349565
132580,bertopic,n15_c50_s42,6,0.6478845062389335
132689,bertopic,n15_c50_s42,-1,0.0
133011,bertopic,n15_c50_s42,1,1.0
133390,bertopic,n15_c50_s42,3,1.0
133467,bertopic,n15_c50_s42,11,1.0
133776,bertopic,n15_c50_s42,-1,0.0
134147,bertopic,n15_c50_s42,0,1.0
134265,bertopic,n15_c50_s42,-1,0.0
134759,bertopic,n15_c50_s42,7,0.7792391453505602
134864,bertopic,n15_c50_s42,3,0.790314414223026
135098,bertopic,n15_c50_s42,32,1.0
137255,bertopic,n15_c50_s42,31,1.0
137501,bertopic,n15_c50_s42,0,1.0
137526,bertopic,n15_c50_s42,15,1.0
137788,bertopic,n15_c50_s42,3,1.0
138059,bertopic,n15_c50_s42,-1,0.0
138257,bertopic,n15_c50_s42,3,1.0
138447,bertopic,n15_c50_s42,31,1.0
138458,bertopic,n15_c50_s42,6,0.6478845062389335
139177,bertopic,n15_c50_s42,17,0.9416782762759982
139181,bertopic,n15_c50_s42,5,0.569011098497972
139355,bertopic,n15_c50_s42,23,1.0
140134,bertopic,n15_c50_s42,15,1.0
140242,bertopic,n15_c50_s42,34,1.0
140319,bertopic,n15_c50_s42,4,0.9138295561110245
140433,bertopic,n15_c50_s42,6,0.5592056896169596
140479,bertopic,n15_c50_s42,1,1.0
140865,bertopic,n15_c50_s42,19,0.9860592355673816
141179,bertopic,n15_c50_s42,8,0.8098006021686482
141257,bertopic,n15_c50_s42,6,0.6478845062389335
141399,bertopic,n15_c50_s42,7,1.0
141429,bertopic,n15_c50_s42,3,0.8192068335217846
141861,bertopic,n15_c50_s42,8,0.9358386305697108
141920,bertopic,n15_c50_s42,-1,0.0
142165,bertopic,n15_c50_s42,-1,0.0
142216,bertopic,n15_c50_s42,2,1.0
142280,bertopic,n15_c50_s42,-1,0.0
142354,bertopic,n15_c50_s42,6,0.6478845062389335
142857,bertopic,n15_c50_s42,2,1.0
142874,bertopic,n15_c50_s42,18,1.0
143292,bertopic,n15_c50_s42,15,0.7080727288934381
143578,bertopic,n15_c50_s42,10,0.4403880413459997
143689,bertopic,n15_c50_s42,12,1.0
143832,bertopic,n15_c50_s42,1,1.0
144024,bertopic,n15_c50_s42,-1,0.0
144692,bertopic,n15_c50_s42,1,1.0
144696,bertopic,n15_c50_s42,3,0.5710760754025123
144709,bertopic,n15_c50_s42,1,0.7483445918313503
144921,bertopic,n15_c50_s42,6,0.34133539421460585
145458,bertopic,n15_c50_s42,24,0.5291900138019086
145466,bertopic,n15_c50_s42,8,0.8266118247406956
145515,bertopic,n15_c50_s42,3,1.0
146165,bertopic,n15_c50_s42,0,0.6510404358118183
146804,bertopic,n15_c50_s42,-1,0.0
147134,bertopic,n15_c50_s42,-1,0.0
147174,bertopic,n15_c50_s42,4,1.0
147259,bertopic,n15_c50_s42,2,1.0
147557,bertopic,n15_c50_s42,36,1.0
147902,bertopic,n15_c50_s42,-1,0.0
148461,bertopic,n15_c50_s42,3,1.0
148586,bertopic,n15_c50_s42,11,0.288141272950175
149077,bertopic,n15_c50_s42,20,1.0
149365,bertopic,n15_c50_s42,3,0.8178001265301588
149398,bertopic,n15_c50_s42,2,1.0
150163,bertopic,n15_c50_s42,7,1.0
150607,bertopic,n15_c50_s42,3,0.5482781846932547
150859,bertopic,n15_c50_s42,4,1.0
150907,bertopic,n15_c50_s42,1,0.36364877867349565
151426,bertopic,n15_c50_s42,5,0.569011098497972
151602,bertopic,n15_c50_s42,-1,0.0
151703,bertopic,n15_c50_s42,3,0.9161013883809619
152273,bertopic,n15_c50_s42,6,1.0
152390,bertopic,n15_c50_s42,22,0.7263696664676225
152618,bertopic,n15_c50_s42,34,1.0
152738,bertopic,n15_c50_s42,0,1.0
152759,bertopic,n15_c50_s42,37,1.0
152861,bertopic,n15_c50_s42,4,1.0
153163,bertopic,n15_c50_s42,7,1.0
153367,bertopic,n15_c50_s42,-1,0.0
153749,bertopic,n15_c50_s42,19,0.9773528922916087
153782,bertopic,n15_c50_s42,-1,0.0
153794,bertopic,n15_c50_s42,8,0.3075131110030706
154435,bertopic,n15_c50_s42,3,0.790314414223026
154829,bertopic,n15_c50_s42,3,0.9436915537659611
155138,bertopic,n15_c50_s42,-1,0.0
155572,bertopic,n15_c50_s42,-1,0.0
155577,bertopic,n15_c50_s42,19,1.0
155990,bertopic,n15_c50_s42,3,1.0
156160,bertopic,n15_c50_s42,1,0.36364877867349565
156667,bertopic,n15_c50_s42,-1,0.0
157217,bertopic,n15_c50_s42,27,1.0
157293,bertopic,n15_c50_s42,8,0.8098006021686482
158049,bertopic,n15_c50_s42,3,1.0
158118,bertopic,n15_c50_s42,-1,0.0
158288,bertopic,n15_c50_s42,27,1.0
158417,bertopic,n15_c50_s42,1,0.36364877867349565
159915,bertopic,n15_c50_s42,8,1.0
160084,bertopic,n15_c50_s42,-1,0.0
160307,bertopic,n15_c50_s42,30,1.0
160391,bertopic,n15_c50_s42,10,0.5256451823022618
160458,bertopic,n15_c50_s42,1,1.0
160910,bertopic,n15_c50_s42,1,1.0
161335,bertopic,n15_c50_s42,2,1.0
162325,bertopic,n15_c50_s42,20,0.7055475386240061
162406,bertopic,n15_c50_s42,34,1.0
162493,bertopic,n15_c50_s42,6,0.49421542357777953
162892,bertopic,n15_c50_s42,9,0.2894860881765392
163252,bertopic,n15_c50_s42,-1,0.0
163289,bertopic,n15_c50_s42,24,0.5291900138019086
163539,bertopic,n15_c50_s42,15,0.58764423833128
163860,bertopic,n15_c50_s42,1,0.870554360441709
164027,bertopic,n15_c50_s42,15,0.6993026534940636
164048,bertopic,n15_c50_s42,1,0.36364877867349565
164182,bertopic,n15_c50_s42,7,0.953217415723588
165132,bertopic,n15_c50_s42,6,0.6478845062389335
165165,bertopic,n15_c50_s42,11,1.0
165310,bertopic,n15_c50_s42,2,1.0
165624,bertopic,n15_c50_s42,3,0.8600893683670725
165839,bertopic,n15_c50_s42,1,1.0
165905,bertopic,n15_c50_s42,19,0.7336784840284254
166141,bertopic,n15_c50_s42,6,0.6535184639697755
166267,bertopic,n15_c50_s42,12,1.0
166775,bertopic,n15_c50_s42,3,0.7553135241592531
167316,bertopic,n15_c50_s42,5,0.9706582149911568
167433,bertopic,n15_c50_s42,6,0.568352226879864
167700,bertopic,n15_c50_s42,3,1.0
168453,bertopic,n15_c50_s42,-1,0.0
168675,bertopic,n15_c50_s42,5,0.3800687975370145
168754,bertopic,n15_c50_s42,6,0.5512123553779034
169040,bertopic,n15_c50_s42,-1,0.0
169672,bertopic,n15_c50_s42,1,0.2811251637275487
169919,bertopic,n15_c50_s42,19,1.0
170023,bertopic,n15_c50_s42,8,1.0
170430,bertopic,n15_c50_s42,4,1.0
170588,bertopic,n15_c50_s42,3,1.0
170812,bertopic,n15_c50_s42,18,1.0
171269,bertopic,n15_c50_s42,28,1.0
171494,bertopic,n15_c50_s42,7,1.0
171532,bertopic,n15_c50_s42,-1,0.0
171818,bertopic,n15_c50_s42,36,1.0
172291,bertopic,n15_c50_s42,5,0.569011098497972
172331,bertopic,n15_c50_s42,-1,0.0
172404,bertopic,n15_c50_s42,6,1.0
172528,bertopic,n15_c50_s42,4,1.0
172930,bertopic,n15_c50_s42,2,0.8335530572234224
173021,bertopic,n15_c50_s42,24,0.5291900138019086
173150,bertopic,n15_c50_s42,27,1.0
173485,bertopic,n15_c50_s42,12,1.0
174372,bertopic,n15_c50_s42,32,1.0
174898,bertopic,n15_c50_s42,5,0.569011098497972
175083,bertopic,n15_c50_s42,1,1.0
175137,bertopic,n15_c50_s42,17,0.7692182409294633
175451,bertopic,n15_c50_s42,21,0.5894263132206524
176208,bertopic,n15_c50_s42,2,0.733484671554008
176213,bertopic,n15_c50_s42,6,0.5154193003639873
176495,bertopic,n15_c50_s42,2,1.0
176558,bertopic,n15_c50_s42,2,1.0
176645,bertopic,n15_c50_s42,1,1.0
177277,bertopic,n15_c50_s42,-1,0.0
177542,bertopic,n15_c50_s42,1,0.7483445918313503
177670,bertopic,n15_c50_s42,3,0.39456700386500376
177858,bertopic,n15_c50_s42,24,0.9224058814732738
178414,bertopic,n15_c50_s42,23,1.0
178516,bertopic,n15_c50_s42,-1,0.0
178592,bertopic,n15_c50_s42,-1,0.0
179281,bertopic,n15_c50_s42,-1,0.0
179475,bertopic,n15_c50_s42,24,1.0
179482,bertopic,n15_c50_s42,3,1.0
179615,bertopic,n15_c50_s42,23,1.0
179786,bertopic,n15_c50_s42,14,0.4164390506151344
179849,bertopic,n15_c50_s42,-1,0.0
179980,bertopic,n15_c50_s42,10,1.0
180088,bertopic,n15_c50_s42,2,0.9626929597875836
180264,bertopic,n15_c50_s42,18,1.0
180517,bertopic,n15_c50_s42,6,0.6478845062389335
180989,bertopic,n15_c50_s42,38,1.0
181421,bertopic,n15_c50_s42,22,0.7263696664676225
181562,bertopic,n15_c50_s42,1,1.0
182387,bertopic,n15_c50_s42,1,0.36364877867349565
183087,bertopic,n15_c50_s42,2,1.0
183185,bertopic,n15_c50_s42,8,1.0
183539,bertopic,n15_c50_s42,14,0.2774758270236942
184365,bertopic,n15_c50_s42,0,1.0
185076,bertopic,n15_c50_s42,26,1.0
185482,bertopic,n15_c50_s42,20,1.0
185781,bertopic,n15_c50_s42,8,1.0
185801,bertopic,n15_c50_s42,25,1.0
185802,bertopic,n15_c50_s42,34,1.0
186200,bertopic,n15_c50_s42,-1,0.0
186413,bertopic,n15_c50_s42,-1,0.0
186552,bertopic,n15_c50_s42,12,1.0
186860,bertopic,n15_c50_s42,2,1.0
186920,bertopic,n15_c50_s42,3,0.6101583640579142
187624,bertopic,n15_c50_s42,12,1.0
187862,bertopic,n15_c50_s42,2,1.0
189272,bertopic,n15_c50_s42,11,0.8711067922409653
189826,bertopic,n15_c50_s42,6,0.6478845062389335
190212,bertopic,n15_c50_s42,9,1.0
190440,bertopic,n15_c50_s42,2,0.9671777116560487
207249,bertopic,n15_c50_s42,3,0.6101583640579142
209101,bertopic,n15_c50_s42,-1,0.0
209823,bertopic,n15_c50_s42,-1,0.0
210477,bertopic,n15_c50_s42,32,1.0
212525,bertopic,n15_c50_s42,9,0.3690086220333308
213476,bertopic,n15_c50_s42,1,1.0
213637,bertopic,n15_c50_s42,33,1.0
213962,bertopic,n15_c50_s42,31,0.69200341418284
214506,bertopic,n15_c50_s42,22,1.0
215622,bertopic,n15_c50_s42,-1,0.0
216046,bertopic,n15_c50_s42,20,1.0
216745,bertopic,n15_c50_s42,-1,0.0
217405,bertopic,n15_c50_s42,15,0.9126448875982117
218059,bertopic,n15_c50_s42,3,1.0
219205,bertopic,n15_c50_s42,3,1.0
220070,bertopic,n15_c50_s42,16,0.9080803482937074
220219,bertopic,n15_c50_s42,4,0.9763837133297479
221300,bertopic,n15_c50_s42,23,0.9375386536629527
221543,bertopic,n15_c50_s42,23,0.9708751961767792
225193,bertopic,n15_c50_s42,-1,0.0
225537,bertopic,n15_c50_s42,7,0.6867640698926626
227916,bertopic,n15_c50_s42,31,1.0
228098,bertopic,n15_c50_s42,14,1.0
229464,bertopic,n15_c50_s42,32,1.0
229766,bertopic,n15_c50_s42,31,1.0
229873,bertopic,n15_c50_s42,22,1.0
230044,bertopic,n15_c50_s42,2,1.0
230646,bertopic,n15_c50_s42,31,0.6188910336222284
230697,bertopic,n15_c50_s42,18,0.9297513061420466
233108,bertopic,n15_c50_s42,31,1.0
234038,bertopic,n15_c50_s42,1,1.0
234150,bertopic,n15_c50_s42,32,1.0
235588,bertopic,n15_c50_s42,0,1.0
236783,bertopic,n15_c50_s42,19,1.0
237316,bertopic,n15_c50_s42,19,1.0
238020,bertopic,n15_c50_s42,-1,0.0
239910,bertopic,n15_c50_s42,20,0.487896988662688
241459,bertopic,n15_c50_s42,3,1.0
243015,bertopic,n15_c50_s42,-1,0.0
243273,bertopic,n15_c50_s42,12,1.0
243516,bertopic,n15_c50_s42,-1,0.0
244200,bertopic,n15_c50_s42,-1,0.0
244286,bertopic,n15_c50_s42,5,0.9113380032005824
245122,bertopic,n15_c50_s42,3,0.3599887918082555
245414,bertopic,n15_c50_s42,-1,0.0
247430,bertopic,n15_c50_s42,12,1.0
247452,bertopic,n15_c50_s42,-1,0.0
250503,bertopic,n15_c50_s42,12,0.6402650468934095
250800,bertopic,n15_c50_s42,-1,0.0
251285,bertopic,n15_c50_s42,1,0.2811251637275487
252444,bertopic,n15_c50_s42,-1,0.0
252534,bertopic,n15_c50_s42,4,1.0
252606,bertopic,n15_c50_s42,0,1.0
253527,bertopic,n15_c50_s42,31,1.0
253602,bertopic,n15_c50_s42,31,1.0
254843,bertopic,n15_c50_s42,30,1.0
255266,bertopic,n15_c50_s42,31,0.5296447245381181
256590,bertopic,n15_c50_s42,9,0.09422033020627348
257094,bertopic,n15_c50_s42,-1,0.0
257363,bertopic,n15_c50_s42,23,0.9708751961767792
258851,bertopic,n15_c50_s42,1,1.0
259508,bertopic,n15_c50_s42,-1,0.0
259930,bertopic,n15_c50_s42,-1,0.0
260872,bertopic,n15_c50_s42,-1,0.0
261067,bertopic,n15_c50_s42,-1,0.0
261162,bertopic,n15_c50_s42,4,1.0
263520,bertopic,n15_c50_s42,4,1.0
264399,bertopic,n15_c50_s42,4,0.8243538708966893
265775,bertopic,n15_c50_s42,25,1.0
265994,bertopic,n15_c50_s42,10,0.3918470446818332
266635,bertopic,n15_c50_s42,-1,0.0
267879,bertopic,n15_c50_s42,33,1.0
267886,bertopic,n15_c50_s42,-1,0.0
268006,bertopic,n15_c50_s42,26,1.0
268436,bertopic,n15_c50_s42,19,1.0
268538,bertopic,n15_c50_s42,-1,0.0
268614,bertopic,n15_c50_s42,-1,0.0
268716,bertopic,n15_c50_s42,1,1.0
268915,bertopic,n15_c50_s42,4,0.9763837133297479
269115,bertopic,n15_c50_s42,16,0.8321393799941623
269723,bertopic,n15_c50_s42,15,0.8350198462148515
269982,bertopic,n15_c50_s42,-1,0.0
270478,bertopic,n15_c50_s42,13,0.9513662213377853
270535,bertopic,n15_c50_s42,19,0.5690255473783475
270654,bertopic,n15_c50_s42,2,1.0
270679,bertopic,n15_c50_s42,28,1.0
271016,bertopic,n15_c50_s42,-1,0.0
271079,bertopic,n15_c50_s42,3,0.4376596099971584
271364,bertopic,n15_c50_s42,17,0.5275080340627369
271402,bertopic,n15_c50_s42,-1,0.0
271430,bertopic,n15_c50_s42,13,0.978894853331635
271554,bertopic,n15_c50_s42,-1,0.0
271922,bertopic,n15_c50_s42,23,1.0
271963,bertopic,n15_c50_s42,2,1.0
272040,bertopic,n15_c50_s42,3,0.3214820908490083
272157,bertopic,n15_c50_s42,4,1.0
272186,bertopic,n15_c50_s42,14,1.0
272194,bertopic,n15_c50_s42,4,1.0
272278,bertopic,n15_c50_s42,9,0.2894860881765392
272405,bertopic,n15_c50_s42,9,1.0
272438,bertopic,n15_c50_s42,29,1.0
272459,bertopic,n15_c50_s42,-1,0.0
272469,bertopic,n15_c50_s42,-1,0.0
272515,bertopic,n15_c50_s42,13,0.22916268736176218
272564,bertopic,n15_c50_s42,-1,0.0
272655,bertopic,n15_c50_s42,-1,0.0
272699,bertopic,n15_c50_s42,11,0.8711067922409653
272704,bertopic,n15_c50_s42,12,0.5340615766348344
272878,bertopic,n15_c50_s42,1,0.6080049878248824
272913,bertopic,n15_c50_s42,-1,0.0
272980,bertopic,n15_c50_s42,16,0.8321393799941623
273050,bertopic,n15_c50_s42,-1,0.0
273357,bertopic,n15_c50_s42,3,0.90130728344609
273409,bertopic,n15_c50_s42,-1,0.0
273533,bertopic,n15_c50_s42,1,0.7483445918313503
273554,bertopic,n15_c50_s42,-1,0.0
273650,bertopic,n15_c50_s42,1,1.0
273681,bertopic,n15_c50_s42,22,0.7526433026996395
273939,bertopic,n15_c50_s42,3,1.0
274379,bertopic,n15_c50_s42,14,0.9146021796164046
274594,bertopic,n15_c50_s42,10,1.0
274895,bertopic,n15_c50_s42,12,1.0
274977,bertopic,n15_c50_s42,29,0.3037098925037077
275252,bertopic,n15_c50_s42,3,0.3226157718295394
275282,bertopic,n15_c50_s42,2,1.0
275570,bertopic,n15_c50_s42,18,1.0
275737,bertopic,n15_c50_s42,29,1.0
275952,bertopic,n15_c50_s42,25,0.9391255854274025
276099,bertopic,n15_c50_s42,24,0.5258521604471909
276592,bertopic,n15_c50_s42,8,0.5468325010985589
276980,bertopic,n15_c50_s42,-1,0.0
277723,bertopic,n15_c50_s42,2,1.0
277836,bertopic,n15_c50_s42,-1,0.0
277972,bertopic,n15_c50_s42,-1,0.0
278112,bertopic,n15_c50_s42,3,0.6101583640579142
278170,bertopic,n15_c50_s42,-1,0.0
278500,bertopic,n15_c50_s42,0,1.0
278699,bertopic,n15_c50_s42,-1,0.0
278876,bertopic,n15_c50_s42,16,1.0
278930,bertopic,n15_c50_s42,31,1.0
278968,bertopic,n15_c50_s42,-1,0.0
279066,bertopic,n15_c50_s42,10,0.6241030453513231
279107,bertopic,n15_c50_s42,5,0.555513491131908
279342,bertopic,n15_c50_s42,-1,0.0
279487,bertopic,n15_c50_s42,29,1.0
279624,bertopic,n15_c50_s42,29,1.0
279773,bertopic,n15_c50_s42,31,0.6946187771532865
279801,bertopic,n15_c50_s42,-1,0.0
279842,bertopic,n15_c50_s42,5,0.3800687975370145
280414,bertopic,n15_c50_s42,-1,0.0
280476,bertopic,n15_c50_s42,9,0.17000861073874035
280938,bertopic,n15_c50_s42,29,1.0
281139,bertopic,n15_c50_s42,35,0.8271036315275828
281215,bertopic,n15_c50_s42,4,0.9089100801522243
281244,bertopic,n15_c50_s42,5,0.9706582149911568
281296,bertopic,n15_c50_s42,9,0.3690086220333308
281469,bertopic,n15_c50_s42,32,0.9065522781938203
281526,bertopic,n15_c50_s42,1,1.0
282008,bertopic,n15_c50_s42,-1,0.0
282105,bertopic,n15_c50_s42,2,0.8651751964967814
282502,bertopic,n15_c50_s42,30,1.0
282508,bertopic,n15_c50_s42,25,1.0
282696,bertopic,n15_c50_s42,4,1.0
282727,bertopic,n15_c50_s42,0,1.0
282743,bertopic,n15_c50_s42,21,0.5272711651274695
283226,bertopic,n15_c50_s42,-1,0.0
283308,bertopic,n15_c50_s42,0,0.1344555810401498
283323,bertopic,n15_c50_s42,12,1.0
283337,bertopic,n15_c50_s42,-1,0.0
283403,bertopic,n15_c50_s42,20,0.7055475386240061
283427,bertopic,n15_c50_s42,5,0.555513491131908
283649,bertopic,n15_c50_s42,10,0.4383515018840619
283716,bertopic,n15_c50_s42,18,1.0
284006,bertopic,n15_c50_s42,26,0.6163066989499236
284035,bertopic,n15_c50_s42,-1,0.0
284262,bertopic,n15_c50_s42,-1,0.0
284378,bertopic,n15_c50_s42,1,1.0
284391,bertopic,n15_c50_s42,30,1.0
284496,bertopic,n15_c50_s42,10,0.4383515018840619
284573,bertopic,n15_c50_s42,26,1.0
284716,bertopic,n15_c50_s42,8,1.0
285007,bertopic,n15_c50_s42,9,1.0
285032,bertopic,n15_c50_s42,0,0.6093051438552628
285141,bertopic,n15_c50_s42,2,1.0
285322,bertopic,n15_c50_s42,28,0.6182226087523822
285389,bertopic,n15_c50_s42,23,1.0
285400,bertopic,n15_c50_s42,2,1.0
285480,bertopic,n15_c50_s42,-1,0.0
285595,bertopic,n15_c50_s42,9,0.3690086220333308
285731,bertopic,n15_c50_s42,0,0.6565377315185027
285945,bertopic,n15_c50_s42,-1,0.0
285958,bertopic,n15_c50_s42,4,1.0
286008,bertopic,n15_c50_s42,1,1.0
286093,bertopic,n15_c50_s42,8,0.681098830058049
286250,bertopic,n15_c50_s42,10,0.4383515018840619
286485,bertopic,n15_c50_s42,-1,0.0
286607,bertopic,n15_c50_s42,22,0.7263696664676225
286784,bertopic,n15_c50_s42,1,1.0
287079,bertopic,n15_c50_s42,11,1.0
287116,bertopic,n15_c50_s42,38,1.0
287307,bertopic,n15_c50_s42,3,0.6153742128091917
287325,bertopic,n15_c50_s42,-1,0.0
287328,bertopic,n15_c50_s42,32,1.0
287500,bertopic,n15_c50_s42,9,1.0
287635,bertopic,n15_c50_s42,2,1.0
287701,bertopic,n15_c50_s42,9,0.27748652805722257
287807,bertopic,n15_c50_s42,17,0.7620992923869208
287881,bertopic,n15_c50_s42,15,1.0
287927,bertopic,n15_c50_s42,1,0.17040249816337727
287999,bertopic,n15_c50_s42,-1,0.0
288070,bertopic,n15_c50_s42,-1,0.0
288524,bertopic,n15_c50_s42,1,0.990923244440671
288652,bertopic,n15_c50_s42,1,1.0
288688,bertopic,n15_c50_s42,30,1.0
288709,bertopic,n15_c50_s42,11,0.8711067922409653
288752,bertopic,n15_c50_s42,1,1.0
288928,bertopic,n15_c50_s42,37,1.0
288948,bertopic,n15_c50_s42,29,1.0
289081,bertopic,n15_c50_s42,0,1.0
289279,bertopic,n15_c50_s42,14,1.0
289310,bertopic,n15_c50_s42,1,1.0
289482,bertopic,n15_c50_s42,1,0.4751791736526006
289554,bertopic,n15_c50_s42,18,1.0
289750,bertopic,n15_c50_s42,25,0.8342549246269002
289753,bertopic,n15_c50_s42,17,1.0
289819,bertopic,n15_c50_s42,24,0.5291900138019086
289928,bertopic,n15_c50_s42,13,0.9345311408007281
289949,bertopic,n15_c50_s42,6,0.5154193003639873
290103,bertopic,n15_c50_s42,-1,0.0
290240,bertopic,n15_c50_s42,-1,0.0
290286,bertopic,n15_c50_s42,1,1.0
290433,bertopic,n15_c50_s42,1,1.0
290447,bertopic,n15_c50_s42,14,0.7420544871712976
290670,bertopic,n15_c50_s42,5,0.9706582149911568
290728,bertopic,n15_c50_s42,14,0.9661378315458418
290740,bertopic,n15_c50_s42,3,0.790314414223026
290799,bertopic,n15_c50_s42,12,1.0
290847,bertopic,n15_c50_s42,1,1.0
290951,bertopic,n15_c50_s42,1,1.0
290971,bertopic,n15_c50_s42,15,1.0
291003,bertopic,n15_c50_s42,2,0.8262955049425678
291311,bertopic,n15_c50_s42,18,0.978470505203992
291465,bertopic,n15_c50_s42,1,1.0
291469,bertopic,n15_c50_s42,-1,0.0
291644,bertopic,n15_c50_s42,1,0.7987592355443274
291740,bertopic,n15_c50_s42,1,1.0
291787,bertopic,n15_c50_s42,2,0.7274326457614272
291865,bertopic,n15_c50_s42,10,1.0
291971,bertopic,n15_c50_s42,10,0.3918470446818332
292278,bertopic,n15_c50_s42,-1,0.0
292381,bertopic,n15_c50_s42,14,0.8439357610340656
292625,bertopic,n15_c50_s42,-1,0.0
292777,bertopic,n15_c50_s42,-1,0.0
292944,bertopic,n15_c50_s42,24,1.0
293006,bertopic,n15_c50_s42,26,1.0
293055,bertopic,n15_c50_s42,-1,0.0
293144,bertopic,n15_c50_s42,18,1.0
293149,bertopic,n15_c50_s42,26,1.0
293442,bertopic,n15_c50_s42,26,1.0
293482,bertopic,n15_c50_s42,29,1.0
293571,bertopic,n15_c50_s42,24,0.9885888771083123
293607,bertopic,n15_c50_s42,11,0.9149785871327187
293754,bertopic,n15_c50_s42,12,1.0
293904,bertopic,n15_c50_s42,14,1.0
293916,bertopic,n15_c50_s42,8,0.9564976962836944
293943,bertopic,n15_c50_s42,1,1.0
293980,bertopic,n15_c50_s42,1,1.0
294024,bertopic,n15_c50_s42,12,1.0
294181,bertopic,n15_c50_s42,1,1.0
294214,bertopic,n15_c50_s42,1,1.0
294306,bertopic,n15_c50_s42,-1,0.0
294412,bertopic,n15_c50_s42,31,1.0
294513,bertopic,n15_c50_s42,27,1.0
294516,bertopic,n15_c50_s42,37,1.0
294540,bertopic,n15_c50_s42,28,1.0
294595,bertopic,n15_c50_s42,3,0.4568145169518988
294697,bertopic,n15_c50_s42,5,0.862348132244329
294717,bertopic,n15_c50_s42,-1,0.0
294871,bertopic,n15_c50_s42,1,0.9438503619184905
294959,bertopic,n15_c50_s42,3,1.0
295238,bertopic,n15_c50_s42,0,1.0
295253,bertopic,n15_c50_s42,1,0.35390135004004447
295275,bertopic,n15_c50_s42,5,1.0
295347,bertopic,n15_c50_s42,26,1.0
295405,bertopic,n15_c50_s42,1,1.0
295441,bertopic,n15_c50_s42,-1,0.0
295462,bertopic,n15_c50_s42,-1,0.0
295506,bertopic,n15_c50_s42,2,0.9809922116559674
295555,bertopic,n15_c50_s42,14,1.0
296047,bertopic,n15_c50_s42,26,1.0
296462,bertopic,n15_c50_s42,24,1.0
296558,bertopic,n15_c50_s42,9,0.5158586234719196
296601,bertopic,n15_c50_s42,13,0.2264747974253285
296717,bertopic,n15_c50_s42,13,0.19645011676155427
296721,bertopic,n15_c50_s42,14,0.6331457607138853
297015,bertopic,n15_c50_s42,18,0.9297513061420466
297137,bertopic,n15_c50_s42,13,0.22916268736176218
297138,bertopic,n15_c50_s42,3,0.6153742128091917
297149,bertopic,n15_c50_s42,15,0.6005144531798116
297435,bertopic,n15_c50_s42,10,0.3918470446818332
297577,bertopic,n15_c50_s42,20,1.0
297705,bertopic,n15_c50_s42,0,0.8860462402743274
297813,bertopic,n15_c50_s42,1,0.5945342123103342
297824,bertopic,n15_c50_s42,-1,0.0
297878,bertopic,n15_c50_s42,-1,0.0
297905,bertopic,n15_c50_s42,9,0.3690086220333308
298230,bertopic,n15_c50_s42,12,1.0
298271,bertopic,n15_c50_s42,0,0.3277305395150376
298300,bertopic,n15_c50_s42,1,1.0
298532,bertopic,n15_c50_s42,1,1.0
298582,bertopic,n15_c50_s42,1,1.0
298583,bertopic,n15_c50_s42,4,1.0
298652,bertopic,n15_c50_s42,26,1.0
298717,bertopic,n15_c50_s42,-1,0.0
298775,bertopic,n15_c50_s42,1,1.0
298935,bertopic,n15_c50_s42,14,0.9661378315458418
299073,bertopic,n15_c50_s42,-1,0.0
299082,bertopic,n15_c50_s42,19,0.722327280075017
299154,bertopic,n15_c50_s42,-1,0.0
299159,bertopic,n15_c50_s42,12,0.5340615766348344
299373,bertopic,n15_c50_s42,9,1.0
299586,bertopic,n15_c50_s42,-1,0.0
299631,bertopic,n15_c50_s42,1,1.0
299915,bertopic,n15_c50_s42,10,0.6004881148204801
299994,bertopic,n15_c50_s42,23,1.0
300016,bertopic,n15_c50_s42,0,1.0
300047,bertopic,n15_c50_s42,-1,0.0
300086,bertopic,n15_c50_s42,5,0.3800687975370145
300101,bertopic,n15_c50_s42,1,1.0
300397,bertopic,n15_c50_s42,15,1.0
300514,bertopic,n15_c50_s42,26,1.0
300559,bertopic,n15_c50_s42,-1,0.0
300570,bertopic,n15_c50_s42,5,1.0
300624,bertopic,n15_c50_s42,12,1.0
301071,bertopic,n15_c50_s42,13,0.19645011676155427
301249,bertopic,n15_c50_s42,14,0.3711619231068411
301330,bertopic,n15_c50_s42,9,1.0
301671,bertopic,n15_c50_s42,4,0.847896772860664
301907,bertopic,n15_c50_s42,13,0.19645011676155427
302217,bertopic,n15_c50_s42,1,1.0
302281,bertopic,n15_c50_s42,3,1.0
302405,bertopic,n15_c50_s42,10,0.3918470446818332
302408,bertopic,n15_c50_s42,-1,0.0
302599,bertopic,n15_c50_s42,20,0.5864996701392435
302663,bertopic,n15_c50_s42,5,0.6794492627502531
302705,bertopic,n15_c50_s42,1,1.0
302791,bertopic,n15_c50_s42,19,1.0
302848,bertopic,n15_c50_s42,3,1.0
303160,bertopic,n15_c50_s42,16,0.8321393799941623
303179,bertopic,n15_c50_s42,2,1.0
303299,bertopic,n15_c50_s42,1,1.0
303375,bertopic,n15_c50_s42,29,1.0
303382,bertopic,n15_c50_s42,2,1.0
303394,bertopic,n15_c50_s42,10,0.4489619603863575
303521,bertopic,n15_c50_s42,3,0.5938507882081318
303529,bertopic,n15_c50_s42,0,0.1344555810401498
303560,bertopic,n15_c50_s42,2,1.0
303629,bertopic,n15_c50_s42,6,0.5154193003639873
303704,bertopic,n15_c50_s42,29,1.0
303767,bertopic,n15_c50_s42,-1,0.0
303901,bertopic,n15_c50_s42,13,0.22916268736176218
303912,bertopic,n15_c50_s42,12,0.9173890074597074
304183,bertopic,n15_c50_s42,1,1.0
304215,bertopic,n15_c50_s42,2,1.0
304595,bertopic,n15_c50_s42,1,0.36364877867349565
304662,bertopic,n15_c50_s42,-1,0.0
305079,bertopic,n15_c50_s42,1,0.36364877867349565
305231,bertopic,n15_c50_s42,9,1.0
305320,bertopic,n15_c50_s42,1,0.36364877867349565
305337,bertopic,n15_c50_s42,1,1.0
305647,bertopic,n15_c50_s42,0,0.3277305395150376
305707,bertopic,n15_c50_s42,1,1.0
306128,bertopic,n15_c50_s42,-1,0.0
306196,bertopic,n15_c50_s42,11,0.11047900230844042
306237,bertopic,n15_c50_s42,23,1.0
306352,bertopic,n15_c50_s42,-1,0.0
306457,bertopic,n15_c50_s42,6,0.46381087066863075
306580,bertopic,n15_c50_s42,2,1.0
306934,bertopic,n15_c50_s42,9,0.2894860881765392
307195,bertopic,n15_c50_s42,35,1.0
307481,bertopic,n15_c50_s42,1,0.8384200562003867
307846,bertopic,n15_c50_s42,1,0.36364877867349565
307852,bertopic,n15_c50_s42,1,0.36364877867349565
308189,bertopic,n15_c50_s42,9,0.3690086220333308
308198,bertopic,n15_c50_s42,2,1.0
308290,bertopic,n15_c50_s42,-1,0.0
308415,bertopic,n15_c50_s42,4,0.8771313790904718
308424,bertopic,n15_c50_s42,0,1.0
308545,bertopic,n15_c50_s42,18,1.0
308877,bertopic,n15_c50_s42,1,1.0
308967,bertopic,n15_c50_s42,11,0.6734447353194765
308992,bertopic,n15_c50_s42,29,1.0
309067,bertopic,n15_c50_s42,18,0.9297513061420466
309411,bertopic,n15_c50_s42,-1,0.0
309482,bertopic,n15_c50_s42,3,0.5482781846932547
309687,bertopic,n15_c50_s42,1,0.7268133885205391
309756,bertopic,n15_c50_s42,37,1.0
310163,bertopic,n15_c50_s42,3,0.5482781846932547
310334,bertopic,n15_c50_s42,3,0.6153742128091917
310375,bertopic,n15_c50_s42,-1,0.0
310529,bertopic,n15_c50_s42,5,1.0
310598,bertopic,n15_c50_s42,14,1.0
310642,bertopic,n15_c50_s42,-1,0.0
310732,bertopic,n15_c50_s42,14,1.0
310742,bertopic,n15_c50_s42,30,1.0
310752,bertopic,n15_c50_s42,-1,0.0
310869,bertopic,n15_c50_s42,0,1.0
310995,bertopic,n15_c50_s42,7,1.0
311481,bertopic,n15_c50_s42,0,1.0
311548,bertopic,n15_c50_s42,8,0.8845667165994557
311781,bertopic,n15_c50_s42,-1,0.0
311805,bertopic,n15_c50_s42,-1,0.0
312254,bertopic,n15_c50_s42,7,1.0
312348,bertopic,n15_c50_s42,1,1.0
312498,bertopic,n15_c50_s42,1,1.0
312612,bertopic,n15_c50_s42,29,1.0
312634,bertopic,n15_c50_s42,1,0.7483445918313503
312658,bertopic,n15_c50_s42,37,1.0
312769,bertopic,n15_c50_s42,1,1.0
312837,bertopic,n15_c50_s42,1,1.0
312987,bertopic,n15_c50_s42,28,0.6182226087523822
313259,bertopic,n15_c50_s42,-1,0.0
313318,bertopic,n15_c50_s42,5,0.569011098497972
313507,bertopic,n15_c50_s42,11,1.0
313981,bertopic,n15_c50_s42,18,1.0
314101,bertopic,n15_c50_s42,-1,0.0
314390,bertopic,n15_c50_s42,0,1.0
314446,bertopic,n15_c50_s42,15,0.45022916266532464
314671,bertopic,n15_c50_s42,-1,0.0
314706,bertopic,n15_c50_s42,4,0.9934629457422522
315542,bertopic,n15_c50_s42,19,0.838669366283619
315673,bertopic,n15_c50_s42,28,0.6182226087523822
315877,bertopic,n15_c50_s42,-1,0.0
316052,bertopic,n15_c50_s42,-1,0.0
316171,bertopic,n15_c50_s42,20,0.904019983257321
316231,bertopic,n15_c50_s42,19,0.5689657232043968
316234,bertopic,n15_c50_s42,-1,0.0
316449,bertopic,n15_c50_s42,4,1.0
316451,bertopic,n15_c50_s42,-1,0.0
316457,bertopic,n15_c50_s42,32,1.0
316465,bertopic,n15_c50_s42,-1,0.0
316477,bertopic,n15_c50_s42,13,0.22916268736176218
316531,bertopic,n15_c50_s42,19,1.0
316772,bertopic,n15_c50_s42,-1,0.0
316929,bertopic,n15_c50_s42,0,1.0
316952,bertopic,n15_c50_s42,3,1.0
316989,bertopic,n15_c50_s42,20,0.8907669608044686
317007,bertopic,n15_c50_s42,14,1.0
317029,bertopic,n15_c50_s42,13,0.19645011676155427
318527,bertopic,n15_c50_s42,-1,0.0
318923,bertopic,n15_c50_s42,10,1.0
319099,bertopic,n15_c50_s42,11,1.0
319625,bertopic,n15_c50_s42,2,1.0
319687,bertopic,n15_c50_s42,0,1.0
319944,bertopic,n15_c50_s42,5,0.6632040308634344
320180,bertopic,n15_c50_s42,0,0.6283157072339276
320374,bertopic,n15_c50_s42,0,1.0
320404,bertopic,n15_c50_s42,30,1.0
320542,bertopic,n15_c50_s42,-1,0.0
320592,bertopic,n15_c50_s42,30,0.7308881907299004
321221,bertopic,n15_c50_s42,7,1.0
321544,bertopic,n15_c50_s42,7,0.9900128534479782
321565,bertopic,n15_c50_s42,-1,0.0
321694,bertopic,n15_c50_s42,-1,0.0
321707,bertopic,n15_c50_s42,24,1.0
321762,bertopic,n15_c50_s42,4,1.0
321777,bertopic,n15_c50_s42,5,0.3800687975370145
321831,bertopic,n15_c50_s42,4,1.0
322070,bertopic,n15_c50_s42,7,1.0
322214,bertopic,n15_c50_s42,29,1.0
322428,bertopic,n15_c50_s42,7,0.7328654136205899
322442,bertopic,n15_c50_s42,18,0.9240259418710788
322618,bertopic,n15_c50_s42,22,0.7263696664676225
322884,bertopic,n15_c50_s42,16,0.8321393799941623
323085,bertopic,n15_c50_s42,6,0.5154193003639873
323182,bertopic,n15_c50_s42,9,0.3690086220333308
323509,bertopic,n15_c50_s42,-1,0.0
324094,bertopic,n15_c50_s42,2,1.0
324551,bertopic,n15_c50_s42,7,1.0
325167,bertopic,n15_c50_s42,4,1.0
325597,bertopic,n15_c50_s42,19,0.7185658193710612
326466,bertopic,n15_c50_s42,14,1.0
326500,bertopic,n15_c50_s42,16,1.0
326560,bertopic,n15_c50_s42,9,1.0
326616,bertopic,n15_c50_s42,-1,0.0
326789,bertopic,n15_c50_s42,19,1.0
326794,bertopic,n15_c50_s42,2,1.0
326797,bertopic,n15_c50_s42,29,1.0
326822,bertopic,n15_c50_s42,19,0.80268365439304
326969,bertopic,n15_c50_s42,3,1.0
326987,bertopic,n15_c50_s42,30,1.0
327071,bertopic,n15_c50_s42,-1,0.0
327155,bertopic,n15_c50_s42,14,0.900527877852436
327629,bertopic,n15_c50_s42,-1,0.0
328646,bertopic,n15_c50_s42,5,0.555513491131908
328851,bertopic,n15_c50_s42,3,0.6153742128091917
328868,bertopic,n15_c50_s42,29,0.7079377438539995
329041,bertopic,n15_c50_s42,-1,0.0
329043,bertopic,n15_c50_s42,-1,0.0
329447,bertopic,n15_c50_s42,11,0.8711067922409653
329479,bertopic,n15_c50_s42,2,0.7365473200867206
329613,bertopic,n15_c50_s42,11,0.8711067922409653
329624,bertopic,n15_c50_s42,20,1.0
329829,bertopic,n15_c50_s42,10,1.0
330378,bertopic,n15_c50_s42,16,0.8321393799941623
330757,bertopic,n15_c50_s42,15,0.8350198462148515
331768,bertopic,n15_c50_s42,24,1.0
331820,bertopic,n15_c50_s42,3,1.0
331878,bertopic,n15_c50_s42,-1,0.0
331937,bertopic,n15_c50_s42,-1,0.0
331985,bertopic,n15_c50_s42,1,1.0
332045,bertopic,n15_c50_s42,22,1.0
332413,bertopic,n15_c50_s42,-1,0.0
332451,bertopic,n15_c50_s42,0,1.0
332482,bertopic,n15_c50_s42,2,1.0
332513,bertopic,n15_c50_s42,2,1.0
332617,bertopic,n15_c50_s42,-1,0.0
332966,bertopic,n15_c50_s42,6,0.5154193003639873
332986,bertopic,n15_c50_s42,-1,0.0
333021,bertopic,n15_c50_s42,20,0.8808471016640406
333260,bertopic,n15_c50_s42,2,0.733484671554008
333571,bertopic,n15_c50_s42,19,0.657655282190716
333687,bertopic,n15_c50_s42,1,1.0
334172,bertopic,n15_c50_s42,-1,0.0
334243,bertopic,n15_c50_s42,-1,0.0
334550,bertopic,n15_c50_s42,37,1.0
334772,bertopic,n15_c50_s42,2,1.0
335061,bertopic,n15_c50_s42,-1,0.0
335114,bertopic,n15_c50_s42,29,1.0
335173,bertopic,n15_c50_s42,16,0.8321393799941623
335239,bertopic,n15_c50_s42,27,1.0
335401,bertopic,n15_c50_s42,-1,0.0
335766,bertopic,n15_c50_s42,0,1.0
335884,bertopic,n15_c50_s42,19,0.7730832463060138
336033,bertopic,n15_c50_s42,-1,0.0
336178,bertopic,n15_c50_s42,4,1.0
336531,bertopic,n15_c50_s42,12,1.0
336535,bertopic,n15_c50_s42,0,0.6884175929250534
336591,bertopic,n15_c50_s42,13,0.22916268736176218
336692,bertopic,n15_c50_s42,-1,0.0
336733,bertopic,n15_c50_s42,28,1.0
336896,bertopic,n15_c50_s42,29,1.0
337401,bertopic,n15_c50_s42,4,0.9888962919198199
337596,bertopic,n15_c50_s42,-1,0.0
337610,bertopic,n15_c50_s42,12,1.0
337631,bertopic,n15_c50_s42,12,1.0
337681,bertopic,n15_c50_s42,7,0.6867640698926626
337828,bertopic,n15_c50_s42,-1,0.0
338070,bertopic,n15_c50_s42,2,1.0
338209,bertopic,n15_c50_s42,-1,0.0
338319,bertopic,n15_c50_s42,3,1.0
338777,bertopic,n15_c50_s42,3,1.0
338781,bertopic,n15_c50_s42,29,1.0
339209,bertopic,n15_c50_s42,35,1.0
339230,bertopic,n15_c50_s42,9,0.4696007258535561
339345,bertopic,n15_c50_s42,19,1.0
339780,bertopic,n15_c50_s42,5,0.3800687975370145
340103,bertopic,n15_c50_s42,11,0.11047900230844042
340376,bertopic,n15_c50_s42,3,0.42968695929822487
340571,bertopic,n15_c50_s42,19,0.6046698251981342
341178,bertopic,n15_c50_s42,9,0.3690086220333308
341476,bertopic,n15_c50_s42,20,1.0
341738,bertopic,n15_c50_s42,37,1.0
342345,bertopic,n15_c50_s42,0,1.0
342417,bertopic,n15_c50_s42,19,0.6827980582702647
342509,bertopic,n15_c50_s42,30,1.0
342627,bertopic,n15_c50_s42,13,0.22916268736176218
342826,bertopic,n15_c50_s42,1,1.0
342831,bertopic,n15_c50_s42,-1,0.0
343034,bertopic,n15_c50_s42,5,1.0
343735,bertopic,n15_c50_s42,12,0.8268756325942184
343816,bertopic,n15_c50_s42,18,0.9635010841911168
343921,bertopic,n15_c50_s42,28,1.0
344002,bertopic,n15_c50_s42,4,1.0
344068,bertopic,n15_c50_s42,3,0.790314414223026
344195,bertopic,n15_c50_s42,4,1.0
344196,bertopic,n15_c50_s42,4,0.9450912613182968
344864,bertopic,n15_c50_s42,-1,0.0
345405,bertopic,n15_c50_s42,-1,0.0
345444,bertopic,n15_c50_s42,3,0.39456700386500376
345565,bertopic,n15_c50_s42,14,1.0
345699,bertopic,n15_c50_s42,-1,0.0
345783,bertopic,n15_c50_s42,10,0.6680632790798344
345794,bertopic,n15_c50_s42,22,1.0
345883,bertopic,n15_c50_s42,-1,0.0
345946,bertopic,n15_c50_s42,-1,0.0
346371,bertopic,n15_c50_s42,4,0.9235205397404076
346497,bertopic,n15_c50_s42,-1,0.0
346840,bertopic,n15_c50_s42,4,1.0
346847,bertopic,n15_c50_s42,-1,0.0
346872,bertopic,n15_c50_s42,4,1.0
346929,bertopic,n15_c50_s42,-1,0.0
347086,bertopic,n15_c50_s42,-1,0.0
347156,bertopic,n15_c50_s42,38,1.0
347335,bertopic,n15_c50_s42,-1,0.0
347407,bertopic,n15_c50_s42,14,1.0
347424,bertopic,n15_c50_s42,0,1.0
347437,bertopic,n15_c50_s42,5,0.569011098497972
347523,bertopic,n15_c50_s42,12,1.0
347559,bertopic,n15_c50_s42,5,0.555513491131908
347605,bertopic,n15_c50_s42,-1,0.0
347990,bertopic,n15_c50_s42,0,1.0
347991,bertopic,n15_c50_s42,6,0.46381087066863075
348236,bertopic,n15_c50_s42,7,1.0
348757,bertopic,n15_c50_s42,7,1.0
349002,bertopic,n15_c50_s42,0,1.0
349026,bertopic,n15_c50_s42,-1,0.0
349135,bertopic,n15_c50_s42,2,1.0
349140,bertopic,n15_c50_s42,9,0.3653416674702585
349185,bertopic,n15_c50_s42,10,0.5778603581329467
349223,bertopic,n15_c50_s42,4,1.0
349359,bertopic,n15_c50_s42,-1,0.0
349388,bertopic,n15_c50_s42,-1,0.0
349460,bertopic,n15_c50_s42,10,1.0
349636,bertopic,n15_c50_s42,-1,0.0
349639,bertopic,n15_c50_s42,12,1.0
349700,bertopic,n15_c50_s42,4,0.8538092406146277
349833,bertopic,n15_c50_s42,4,0.9235205397404076
349844,bertopic,n15_c50_s42,-1,0.0
349959,bertopic,n15_c50_s42,14,0.9640991754127
350083,bertopic,n15_c50_s42,19,1.0
350165,bertopic,n15_c50_s42,1,0.8995203607238599
350181,bertopic,n15_c50_s42,-1,0.0
350222,bertopic,n15_c50_s42,-1,0.0
350316,bertopic,n15_c50_s42,4,1.0
350352,bertopic,n15_c50_s42,6,0.5154193003639873
350557,bertopic,n15_c50_s42,4,0.9763837133297479
350743,bertopic,n15_c50_s42,19,1.0
350829,bertopic,n15_c50_s42,5,0.555513491131908
351208,bertopic,n15_c50_s42,22,0.7263696664676225
351226,bertopic,n15_c50_s42,33,1.0
351568,bertopic,n15_c50_s42,30,1.0
352192,bertopic,n15_c50_s42,14,0.8247088633438635
352193,bertopic,n15_c50_s42,13,0.2264747974253285
352236,bertopic,n15_c50_s42,4,0.9219310816383792
352407,bertopic,n15_c50_s42,25,1.0
352440,bertopic,n15_c50_s42,5,1.0
352743,bertopic,n15_c50_s42,6,0.5154193003639873
352773,bertopic,n15_c50_s42,37,1.0
352880,bertopic,n15_c50_s42,9,0.3690086220333308
353145,bertopic,n15_c50_s42,26,0.7871316547372501
353146,bertopic,n15_c50_s42,4,0.8830986107005682
353420,bertopic,n15_c50_s42,10,1.0
353637,bertopic,n15_c50_s42,-1,0.0
353654,bertopic,n15_c50_s42,16,0.8321393799941623
353673,bertopic,n15_c50_s42,4,1.0
353749,bertopic,n15_c50_s42,4,0.9370015028165269
353850,bertopic,n15_c50_s42,10,1.0
354103,bertopic,n15_c50_s42,28,1.0
354136,bertopic,n15_c50_s42,4,1.0
354258,bertopic,n15_c50_s42,-1,0.0
354378,bertopic,n15_c50_s42,4,0.9677176087262548
354406,bertopic,n15_c50_s42,28,1.0
354527,bertopic,n15_c50_s42,-1,0.0
354544,bertopic,n15_c50_s42,0,1.0
354997,bertopic,n15_c50_s42,31,1.0
355001,bertopic,n15_c50_s42,23,0.8328245243069864
355024,bertopic,n15_c50_s42,32,1.0
355166,bertopic,n15_c50_s42,12,1.0
355343,bertopic,n15_c50_s42,4,0.8045740074304488
355357,bertopic,n15_c50_s42,9,0.3690086220333308
355382,bertopic,n15_c50_s42,21,0.2397145676359773
355616,bertopic,n15_c50_s42,4,1.0
355630,bertopic,n15_c50_s42,4,1.0
355774,bertopic,n15_c50_s42,16,0.8321393799941623
355792,bertopic,n15_c50_s42,2,1.0
355796,bertopic,n15_c50_s42,0,0.3558423382999617
356281,bertopic,n15_c50_s42,18,0.9218824083088477
356855,bertopic,n15_c50_s42,22,1.0
356857,bertopic,n15_c50_s42,17,1.0
358357,bertopic,n15_c50_s42,-1,0.0
358395,bertopic,n15_c50_s42,4,0.8774630513994462
358889,bertopic,n15_c50_s42,18,1.0
358925,bertopic,n15_c50_s42,31,1.0
358977,bertopic,n15_c50_s42,-1,0.0
359100,bertopic,n15_c50_s42,6,0.5154193003639873
359205,bertopic,n15_c50_s42,14,1.0
359210,bertopic,n15_c50_s42,2,0.7365473200867206
359607,bertopic,n15_c50_s42,10,1.0
359623,bertopic,n15_c50_s42,38,1.0
359729,bertopic,n15_c50_s42,17,0.9565824249406254
359944,bertopic,n15_c50_s42,5,0.569011098497972
360267,bertopic,n15_c50_s42,4,0.8139052229586864
360683,bertopic,n15_c50_s42,6,0.5154193003639873
360913,bertopic,n15_c50_s42,30,0.9386416186260262
361045,bertopic,n15_c50_s42,15,1.0
361123,bertopic,n15_c50_s42,-1,0.0
361392,bertopic,n15_c50_s42,3,1.0
361594,bertopic,n15_c50_s42,-1,0.0
361804,bertopic,n15_c50_s42,-1,0.0
361821,bertopic,n15_c50_s42,0,1.0
361869,bertopic,n15_c50_s42,4,0.7591241527702963
361975,bertopic,n15_c50_s42,14,0.8249886180211145
362027,bertopic,n15_c50_s42,27,0.550876839477791
362116,bertopic,n15_c50_s42,12,1.0
362266,bertopic,n15_c50_s42,3,0.39456700386500376
362434,bertopic,n15_c50_s42,0,0.2999611002241562
362435,bertopic,n15_c50_s42,-1,0.0
362600,bertopic,n15_c50_s42,18,0.9635010841911168
362613,bertopic,n15_c50_s42,-1,0.0
362730,bertopic,n15_c50_s42,4,1.0
362890,bertopic,n15_c50_s42,-1,0.0
362994,bertopic,n15_c50_s42,38,1.0
363081,bertopic,n15_c50_s42,2,1.0
363240,bertopic,n15_c50_s42,7,0.8237442072476651
363272,bertopic,n15_c50_s42,7,0.8051934393969369
363322,bertopic,n15_c50_s42,0,0.574921005536134
363461,bertopic,n15_c50_s42,38,1.0
363508,bertopic,n15_c50_s42,18,0.9635010841911168
363524,bertopic,n15_c50_s42,-1,0.0
363606,bertopic,n15_c50_s42,30,0.4339598703354447
363617,bertopic,n15_c50_s42,28,1.0
363767,bertopic,n15_c50_s42,5,0.569011098497972
363817,bertopic,n15_c50_s42,4,0.764219323447857
363954,bertopic,n15_c50_s42,34,1.0
363959,bertopic,n15_c50_s42,-1,0.0
363969,bertopic,n15_c50_s42,34,1.0
364193,bertopic,n15_c50_s42,25,1.0
364226,bertopic,n15_c50_s42,-1,0.0
364252,bertopic,n15_c50_s42,-1,0.0
364285,bertopic,n15_c50_s42,0,0.7338903268784227
364293,bertopic,n15_c50_s42,5,0.3800687975370145
364313,bertopic,n15_c50_s42,25,1.0
364340,bertopic,n15_c50_s42,18,0.9635010841911168
364349,bertopic,n15_c50_s42,-1,0.0
364369,bertopic,n15_c50_s42,-1,0.0
364415,bertopic,n15_c50_s42,19,0.6063771248669002
364554,bertopic,n15_c50_s42,4,1.0
364562,bertopic,n15_c50_s42,-1,0.0
364587,bertopic,n15_c50_s42,4,0.9751782307068791
364612,bertopic,n15_c50_s42,-1,0.0
364613,bertopic,n15_c50_s42,0,0.9256053401648642
364845,bertopic,n15_c50_s42,35,1.0
364986,bertopic,n15_c50_s42,4,0.9020679100890896
365176,bertopic,n15_c50_s42,8,0.6516252797107104
365354,bertopic,n15_c50_s42,4,1.0
365449,bertopic,n15_c50_s42,-1,0.0
365468,bertopic,n15_c50_s42,24,1.0
365730,bertopic,n15_c50_s42,29,1.0
365767,bertopic,n15_c50_s42,20,1.0
365801,bertopic,n15_c50_s42,15,0.8350198462148515
365804,bertopic,n15_c50_s42,0,1.0
365926,bertopic,n15_c50_s42,8,0.3158289872236171
366285,bertopic,n15_c50_s42,15,1.0
366460,bertopic,n15_c50_s42,3,0.5333293712532391
366529,bertopic,n15_c50_s42,12,1.0
366938,bertopic,n15_c50_s42,19,0.7336784840284254
366960,bertopic,n15_c50_s42,2,1.0
367212,bertopic,n15_c50_s42,28,1.0
367554,bertopic,n15_c50_s42,16,1.0
367848,bertopic,n15_c50_s42,15,0.8350198462148515
367851,bertopic,n15_c50_s42,0,1.0
367852,bertopic,n15_c50_s42,0,1.0
368018,bertopic,n15_c50_s42,4,1.0
368020,bertopic,n15_c50_s42,-1,0.0
368530,bertopic,n15_c50_s42,0,1.0
368560,bertopic,n15_c50_s42,8,0.8098006021686482
368648,bertopic,n15_c50_s42,0,0.2524173631357046
368729,bertopic,n15_c50_s42,22,1.0
368776,bertopic,n15_c50_s42,4,0.9304619395012493
368900,bertopic,n15_c50_s42,-1,0.0
369104,bertopic,n15_c50_s42,34,1.0
369148,bertopic,n15_c50_s42,0,1.0
369697,bertopic,n15_c50_s42,-1,0.0
370001,bertopic,n15_c50_s42,15,1.0
370438,bertopic,n15_c50_s42,-1,0.0
370542,bertopic,n15_c50_s42,9,0.629850044982913
370556,bertopic,n15_c50_s42,9,1.0
370979,bertopic,n15_c50_s42,5,0.3800687975370145
370995,bertopic,n15_c50_s42,22,1.0
371086,bertopic,n15_c50_s42,0,1.0
371300,bertopic,n15_c50_s42,4,0.8393021500729244
371747,bertopic,n15_c50_s42,19,1.0
371976,bertopic,n15_c50_s42,4,0.897484348621805
371981,bertopic,n15_c50_s42,38,1.0
372026,bertopic,n15_c50_s42,4,1.0
372075,bertopic,n15_c50_s42,-1,0.0
372130,bertopic,n15_c50_s42,5,0.555513491131908
372378,bertopic,n15_c50_s42,2,0.8787740429138093
372396,bertopic,n15_c50_s42,-1,0.0
372397,bertopic,n15_c50_s42,-1,0.0
372435,bertopic,n15_c50_s42,-1,0.0
372668,bertopic,n15_c50_s42,-1,0.0
372672,bertopic,n15_c50_s42,0,1.0
372699,bertopic,n15_c50_s42,34,1.0
372804,bertopic,n15_c50_s42,14,1.0
372987,bertopic,n15_c50_s42,14,1.0
373063,bertopic,n15_c50_s42,2,1.0
373168,bertopic,n15_c50_s42,28,0.6182226087523822
373318,bertopic,n15_c50_s42,10,0.42832034885502274
373359,bertopic,n15_c50_s42,18,0.9808288186146145
373373,bertopic,n15_c50_s42,11,1.0
373419,bertopic,n15_c50_s42,5,1.0
373440,bertopic,n15_c50_s42,1,1.0
373453,bertopic,n15_c50_s42,3,0.6153742128091917
373536,bertopic,n15_c50_s42,1,1.0
373541,bertopic,n15_c50_s42,9,1.0
373567,bertopic,n15_c50_s42,13,0.22916268736176218
373686,bertopic,n15_c50_s42,-1,0.0
373970,bertopic,n15_c50_s42,4,1.0
374413,bertopic,n15_c50_s42,5,1.0
374489,bertopic,n15_c50_s42,2,1.0
374496,bertopic,n15_c50_s42,2,1.0
374611,bertopic,n15_c50_s42,12,1.0
374634,bertopic,n15_c50_s42,4,1.0
374666,bertopic,n15_c50_s42,3,1.0
374801,bertopic,n15_c50_s42,2,0.8914576755482968
375062,bertopic,n15_c50_s42,11,0.22231250738226785
375111,bertopic,n15_c50_s42,33,1.0
375119,bertopic,n15_c50_s42,12,1.0
375210,bertopic,n15_c50_s42,4,0.9974169812917673
375223,bertopic,n15_c50_s42,1,0.7850248861901686
375243,bertopic,n15_c50_s42,13,0.19645011676155427
375381,bertopic,n15_c50_s42,4,1.0
375590,bertopic,n15_c50_s42,-1,0.0
375608,bertopic,n15_c50_s42,4,1.0
375682,bertopic,n15_c50_s42,4,0.7544528494628613
375820,bertopic,n15_c50_s42,31,0.9747782833345495
375824,bertopic,n15_c50_s42,19,0.5969073821358355
376330,bertopic,n15_c50_s42,20,0.3853605326411431
376554,bertopic,n15_c50_s42,-1,0.0
376828,bertopic,n15_c50_s42,14,1.0
376939,bertopic,n15_c50_s42,18,1.0
377253,bertopic,n15_c50_s42,2,1.0
377373,bertopic,n15_c50_s42,0,1.0
377897,bertopic,n15_c50_s42,16,1.0
377918,bertopic,n15_c50_s42,27,1.0
377955,bertopic,n15_c50_s42,11,0.8711067922409653
378167,bertopic,n15_c50_s42,2,1.0
378248,bertopic,n15_c50_s42,7,0.8237442072476651
378413,bertopic,n15_c50_s42,28,0.6182226087523822
378472,bertopic,n15_c50_s42,9,0.09422033020627348
378868,bertopic,n15_c50_s42,0,1.0
379171,bertopic,n15_c50_s42,4,1.0
379369,bertopic,n15_c50_s42,18,0.8962330267820582
379568,bertopic,n15_c50_s42,-1,0.0
379757,bertopic,n15_c50_s42,18,0.9297513061420466
379842,bertopic,n15_c50_s42,3,0.9285791078384303
379954,bertopic,n15_c50_s42,7,0.9684891295919472
380168,bertopic,n15_c50_s42,1,0.6080049878248824
380169,bertopic,n15_c50_s42,18,0.9729837685237918
380170,bertopic,n15_c50_s42,4,1.0
380179,bertopic,n15_c50_s42,8,0.9564976962836944
380361,bertopic,n15_c50_s42,8,0.8098006021686482
380406,bertopic,n15_c50_s42,32,1.0
380732,bertopic,n15_c50_s42,4,1.0
381397,bertopic,n15_c50_s42,2,0.7365473200867206
381731,bertopic,n15_c50_s42,35,1.0
382628,bertopic,n15_c50_s42,-1,0.0
382913,bertopic,n15_c50_s42,-1,0.0
383177,bertopic,n15_c50_s42,-1,0.0
383402,bertopic,n15_c50_s42,35,1.0
383442,bertopic,n15_c50_s42,-1,0.0
383664,bertopic,n15_c50_s42,14,1.0
384102,bertopic,n15_c50_s42,1,0.9029578968077432
384199,bertopic,n15_c50_s42,4,1.0
384438,bertopic,n15_c50_s42,20,0.6757653617069026
384749,bertopic,n15_c50_s42,1,0.8982993257683004
384797,bertopic,n15_c50_s42,22,1.0
384900,bertopic,n15_c50_s42,1,0.9754298673982783
385053,bertopic,n15_c50_s42,9,0.8242549085735805
385102,bertopic,n15_c50_s42,6,0.5154193003639873
385220,bertopic,n15_c50_s42,-1,0.0
385277,bertopic,n15_c50_s42,14,0.9661378315458418
385397,bertopic,n15_c50_s42,5,0.6632347853424009
385591,bertopic,n15_c50_s42,18,0.9197493765563038
385771,bertopic,n15_c50_s42,-1,0.0
385791,bertopic,n15_c50_s42,1,0.993009786060806
385819,bertopic,n15_c50_s42,4,0.9199586512643333
385918,bertopic,n15_c50_s42,11,1.0
386722,bertopic,n15_c50_s42,13,0.2264747974253285
387235,bertopic,n15_c50_s42,0,1.0
389475,bertopic,n15_c50_s42,11,0.8711067922409653
390533,bertopic,n15_c50_s42,19,1.0
390564,bertopic,n15_c50_s42,15,1.0
392330,bertopic,n15_c50_s42,38,1.0
393831,bertopic,n15_c50_s42,25,1.0
394655,bertopic,n15_c50_s42,0,1.0
395842,bertopic,n15_c50_s42,-1,0.0
397292,bertopic,n15_c50_s42,4,1.0
397671,bertopic,n15_c50_s42,13,0.9745718163750664
398523,bertopic,n15_c50_s42,-1,0.0
399236,bertopic,n15_c50_s42,-1,0.0
399758,bertopic,n15_c50_s42,6,0.46381087066863075
399794,bertopic,n15_c50_s42,2,1.0
399796,bertopic,n15_c50_s42,12,0.5340615766348344
399896,bertopic,n15_c50_s42,9,1.0
399942,bertopic,n15_c50_s42,20,1.0
399951,bertopic,n15_c50_s42,13,0.19645011676155427
400011,bertopic,n15_c50_s42,5,1.0
400030,bertopic,n15_c50_s42,16,0.8321393799941623
400052,bertopic,n15_c50_s42,7,0.7101514668058142
400095,bertopic,n15_c50_s42,14,1.0
400125,bertopic,n15_c50_s42,-1,0.0
400335,bertopic,n15_c50_s42,38,1.0
400337,bertopic,n15_c50_s42,37,1.0
400390,bertopic,n15_c50_s42,-1,0.0
400458,bertopic,n15_c50_s42,-1,0.0
400841,bertopic,n15_c50_s42,-1,0.0
400868,bertopic,n15_c50_s42,2,0.7274326457614272
400956,bertopic,n15_c50_s42,28,1.0
400994,bertopic,n15_c50_s42,6,0.46381087066863075
401406,bertopic,n15_c50_s42,0,1.0
401542,bertopic,n15_c50_s42,9,1.0
401596,bertopic,n15_c50_s42,9,0.3690086220333308
402065,bertopic,n15_c50_s42,-1,0.0
402458,bertopic,n15_c50_s42,23,0.8127027840618655
402907,bertopic,n15_c50_s42,18,0.9635010841911168
403133,bertopic,n15_c50_s42,-1,0.0
403359,bertopic,n15_c50_s42,2,0.733484671554008
403437,bertopic,n15_c50_s42,8,1.0
403993,bertopic,n15_c50_s42,13,0.19645011676155427
404356,bertopic,n15_c50_s42,35,1.0
404748,bertopic,n15_c50_s42,32,1.0
405026,bertopic,n15_c50_s42,-1,0.0
405270,bertopic,n15_c50_s42,29,1.0
405488,bertopic,n15_c50_s42,35,1.0
405909,bertopic,n15_c50_s42,5,0.569011098497972
406072,bertopic,n15_c50_s42,10,0.577555343510693
406162,bertopic,n15_c50_s42,11,0.8711067922409653
406192,bertopic,n15_c50_s42,5,0.8152207666368478
406273,bertopic,n15_c50_s42,35,1.0
406310,bertopic,n15_c50_s42,10,0.4383515018840619
406331,bertopic,n15_c50_s42,7,1.0
406364,bertopic,n15_c50_s42,36,1.0
406509,bertopic,n15_c50_s42,2,1.0
406638,bertopic,n15_c50_s42,18,1.0
406642,bertopic,n15_c50_s42,10,0.9780666516973872
406712,bertopic,n15_c50_s42,5,0.9177301091018626
406733,bertopic,n15_c50_s42,10,0.3918470446818332
406856,bertopic,n15_c50_s42,3,0.7932423628935084
406872,bertopic,n15_c50_s42,14,0.8028989736135832
407706,bertopic,n15_c50_s42,13,0.19645011676155427
408607,bertopic,n15_c50_s42,2,1.0
409005,bertopic,n15_c50_s42,3,0.46232373765500373
409869,bertopic,n15_c50_s42,31,0.734608417246219
410378,bertopic,n15_c50_s42,1,0.6080049878248824
410422,bertopic,n15_c50_s42,12,1.0
410469,bertopic,n15_c50_s42,-1,0.0
410583,bertopic,n15_c50_s42,29,1.0
410601,bertopic,n15_c50_s42,5,0.3800687975370145
410602,bertopic,n15_c50_s42,3,0.9219381330558528
410639,bertopic,n15_c50_s42,-1,0.0
410714,bertopic,n15_c50_s42,13,0.22916268736176218
410730,bertopic,n15_c50_s42,7,0.9520706844076405
410770,bertopic,n15_c50_s42,5,0.7174228940924144
410793,bertopic,n15_c50_s42,29,1.0
410812,bertopic,n15_c50_s42,-1,0.0
410824,bertopic,n15_c50_s42,12,1.0
410850,bertopic,n15_c50_s42,7,1.0
410941,bertopic,n15_c50_s42,4,0.9235205397404076
410967,bertopic,n15_c50_s42,0,1.0
411099,bertopic,n15_c50_s42,29,0.326743109768415
411227,bertopic,n15_c50_s42,-1,0.0
411242,bertopic,n15_c50_s42,6,0.5154193003639873
411446,bertopic,n15_c50_s42,0,1.0
411475,bertopic,n15_c50_s42,3,1.0
411549,bertopic,n15_c50_s42,28,1.0
411566,bertopic,n15_c50_s42,13,0.22916268736176218
411571,bertopic,n15_c50_s42,16,1.0
411583,bertopic,n15_c50_s42,2,0.733484671554008
411584,bertopic,n15_c50_s42,-1,0.0
411605,bertopic,n15_c50_s42,20,1.0
411714,bertopic,n15_c50_s42,-1,0.0
412054,bertopic,n15_c50_s42,24,0.5291900138019086
412209,bertopic,n15_c50_s42,-1,0.0
412276,bertopic,n15_c50_s42,17,0.7620992923869208
412349,bertopic,n15_c50_s42,14,0.9661378315458418
413027,bertopic,n15_c50_s42,11,0.826136526362657
413813,bertopic,n15_c50_s42,-1,0.0
413883,bertopic,n15_c50_s42,27,0.550876839477791
414006,bertopic,n15_c50_s42,2,1.0
414031,bertopic,n15_c50_s42,0,1.0
414299,bertopic,n15_c50_s42,33,1.0
414612,bertopic,n15_c50_s42,20,0.944232842556499
414743,bertopic,n15_c50_s42,-1,0.0
415423,bertopic,n15_c50_s42,1,1.0
415781,bertopic,n15_c50_s42,1,1.0
415795,bertopic,n15_c50_s42,5,1.0
415888,bertopic,n15_c50_s42,7,0.6867640698926626
415973,bertopic,n15_c50_s42,3,1.0
416061,bertopic,n15_c50_s42,-1,0.0
416180,bertopic,n15_c50_s42,12,1.0
416309,bertopic,n15_c50_s42,33,1.0
416588,bertopic,n15_c50_s42,14,1.0
416664,bertopic,n15_c50_s42,-1,0.0
416737,bertopic,n15_c50_s42,-1,0.0
416743,bertopic,n15_c50_s42,30,0.4630297541962191
416754,bertopic,n15_c50_s42,-1,0.0
416785,bertopic,n15_c50_s42,3,0.790314414223026
416805,bertopic,n15_c50_s42,13,0.22916268736176218
416814,bertopic,n15_c50_s42,-1,0.0
416834,bertopic,n15_c50_s42,0,1.0
416863,bertopic,n15_c50_s42,2,1.0
417199,bertopic,n15_c50_s42,1,0.35224631537231604
417221,bertopic,n15_c50_s42,10,0.3918470446818332
417252,bertopic,n15_c50_s42,1,1.0
417296,bertopic,n15_c50_s42,-1,0.0
417325,bertopic,n15_c50_s42,16,0.8862646338415355
417779,bertopic,n15_c50_s42,14,1.0
417863,bertopic,n15_c50_s42,13,1.0
418042,bertopic,n15_c50_s42,9,1.0
418249,bertopic,n15_c50_s42,2,0.7365473200867206
418389,bertopic,n15_c50_s42,19,1.0
418544,bertopic,n15_c50_s42,-1,0.0
418940,bertopic,n15_c50_s42,20,0.5461676286509719
419092,bertopic,n15_c50_s42,13,1.0
419200,bertopic,n15_c50_s42,17,1.0
419293,bertopic,n15_c50_s42,6,0.5154193003639873
419579,bertopic,n15_c50_s42,3,0.6153742128091917
419946,bertopic,n15_c50_s42,4,0.9619350803873153
420359,bertopic,n15_c50_s42,-1,0.0
421213,bertopic,n15_c50_s42,15,0.8350198462148515
421370,bertopic,n15_c50_s42,5,0.3800687975370145
421384,bertopic,n15_c50_s42,-1,0.0
421399,bertopic,n15_c50_s42,16,1.0
421523,bertopic,n15_c50_s42,2,1.0
421641,bertopic,n15_c50_s42,18,1.0
421682,bertopic,n15_c50_s42,0,0.3277305395150376
421828,bertopic,n15_c50_s42,24,0.5291900138019086
421981,bertopic,n15_c50_s42,9,1.0
422047,bertopic,n15_c50_s42,14,0.9313137380504344
422084,bertopic,n15_c50_s42,30,1.0
422272,bertopic,n15_c50_s42,38,1.0
422645,bertopic,n15_c50_s42,12,1.0
424106,bertopic,n15_c50_s42,13,0.22916268736176218
424374,bertopic,n15_c50_s42,29,1.0
424711,bertopic,n15_c50_s42,-1,0.0
425154,bertopic,n15_c50_s42,0,1.0
425202,bertopic,n15_c50_s42,1,0.2811251637275487
425300,bertopic,n15_c50_s42,6,0.46381087066863075
425664,bertopic,n15_c50_s42,24,0.8000459123406007
425830,bertopic,n15_c50_s42,-1,0.0
426180,bertopic,n15_c50_s42,-1,0.0
426210,bertopic,n15_c50_s42,0,1.0
426230,bertopic,n15_c50_s42,-1,0.0
426323,bertopic,n15_c50_s42,3,0.6101583640579142
426452,bertopic,n15_c50_s42,-1,0.0
426476,bertopic,n15_c50_s42,-1,0.0
426614,bertopic,n15_c50_s42,12,1.0
426646,bertopic,n15_c50_s42,-1,0.0
426700,bertopic,n15_c50_s42,7,0.9684891295919472
427023,bertopic,n15_c50_s42,5,1.0
427185,bertopic,n15_c50_s42,3,1.0
427552,bertopic,n15_c50_s42,24,1.0
427604,bertopic,n15_c50_s42,7,0.9684891295919472
427932,bertopic,n15_c50_s42,-1,0.0
427942,bertopic,n15_c50_s42,12,1.0
428456,bertopic,n15_c50_s42,5,1.0
428710,bertopic,n15_c50_s42,28,1.0
429070,bertopic,n15_c50_s42,16,0.8321393799941623
429410,bertopic,n15_c50_s42,11,0.8711067922409653
429420,bertopic,n15_c50_s42,7,1.0
429948,bertopic,n15_c50_s42,22,1.0
429993,bertopic,n15_c50_s42,-1,0.0
430143,bertopic,n15_c50_s42,1,1.0
430348,bertopic,n15_c50_s42,-1,0.0
430368,bertopic,n15_c50_s42,13,0.22916268736176218
430380,bertopic,n15_c50_s42,5,0.3800687975370145
430542,bertopic,n15_c50_s42,3,1.0
430739,bertopic,n15_c50_s42,10,0.6598885065622385
430874,bertopic,n15_c50_s42,22,1.0
431240,bertopic,n15_c50_s42,20,0.9846597915087959
431280,bertopic,n15_c50_s42,7,0.6867640698926626
431405,bertopic,n15_c50_s42,0,1.0
431716,bertopic,n15_c50_s42,15,0.44770679268037633
431737,bertopic,n15_c50_s42,2,0.9063025441066175
431838,bertopic,n15_c50_s42,2,1.0
431928,bertopic,n15_c50_s42,3,0.41627020748516363
431987,bertopic,n15_c50_s42,-1,0.0
432036,bertopic,n15_c50_s42,5,0.8761641292508354
432064,bertopic,n15_c50_s42,16,1.0
432081,bertopic,n15_c50_s42,5,1.0
432128,bertopic,n15_c50_s42,-1,0.0
432142,bertopic,n15_c50_s42,2,1.0
432188,bertopic,n15_c50_s42,20,0.7055475386240061
432201,bertopic,n15_c50_s42,3,0.6153742128091917
432273,bertopic,n15_c50_s42,1,1.0
432282,bertopic,n15_c50_s42,11,0.23766460502649275
432293,bertopic,n15_c50_s42,-1,0.0
432308,bertopic,n15_c50_s42,34,1.0
432405,bertopic,n15_c50_s42,9,1.0
432500,bertopic,n15_c50_s42,-1,0.0
432573,bertopic,n15_c50_s42,-1,0.0
432874,bertopic,n15_c50_s42,19,0.6714910424112697
432956,bertopic,n15_c50_s42,37,1.0
433026,bertopic,n15_c50_s42,6,0.5154193003639873
433050,bertopic,n15_c50_s42,-1,0.0
433217,bertopic,n15_c50_s42,13,0.22916268736176218
433539,bertopic,n15_c50_s42,1,1.0
433811,bertopic,n15_c50_s42,22,0.7263696664676225
433844,bertopic,n15_c50_s42,28,0.6182226087523822
433901,bertopic,n15_c50_s42,5,0.555513491131908
434863,bertopic,n15_c50_s42,23,0.9814641826475491
435016,bertopic,n15_c50_s42,2,0.926797430425397
435344,bertopic,n15_c50_s42,14,0.8237198330206761
435632,bertopic,n15_c50_s42,37,1.0
435705,bertopic,n15_c50_s42,-1,0.0
435972,bertopic,n15_c50_s42,18,0.9124478533089123
435994,bertopic,n15_c50_s42,-1,0.0
436015,bertopic,n15_c50_s42,34,1.0
436192,bertopic,n15_c50_s42,38,1.0
436354,bertopic,n15_c50_s42,3,1.0
436430,bertopic,n15_c50_s42,37,1.0
436472,bertopic,n15_c50_s42,35,1.0
436500,bertopic,n15_c50_s42,-1,0.0
436545,bertopic,n15_c50_s42,30,0.6034872540655681
436747,bertopic,n15_c50_s42,13,0.22916268736176218
436820,bertopic,n15_c50_s42,-1,0.0
436919,bertopic,n15_c50_s42,11,0.8711067922409653
436961,bertopic,n15_c50_s42,-1,0.0
436965,bertopic,n15_c50_s42,3,1.0
437039,bertopic,n15_c50_s42,-1,0.0
437146,bertopic,n15_c50_s42,-1,0.0
437291,bertopic,n15_c50_s42,5,0.3800687975370145
437371,bertopic,n15_c50_s42,2,1.0
437429,bertopic,n15_c50_s42,16,0.8321393799941623
437446,bertopic,n15_c50_s42,2,0.9626929597875836
437461,bertopic,n15_c50_s42,-1,0.0
437471,bertopic,n15_c50_s42,8,0.6292509842279509
437519,bertopic,n15_c50_s42,20,1.0
437537,bertopic,n15_c50_s42,3,0.8520637105212351
437582,bertopic,n15_c50_s42,20,0.7055475386240061
438876,bertopic,n15_c50_s42,1,1.0
438905,bertopic,n15_c50_s42,14,1.0
438920,bertopic,n15_c50_s42,38,1.0
439044,bertopic,n15_c50_s42,14,0.5553695001985263
439481,bertopic,n15_c50_s42,37,1.0
439601,bertopic,n15_c50_s42,-1,0.0
439609,bertopic,n15_c50_s42,20,1.0
439833,bertopic,n15_c50_s42,4,0.7473889787872654
439902,bertopic,n15_c50_s42,3,0.9288690771855737
440280,bertopic,n15_c50_s42,-1,0.0
440299,bertopic,n15_c50_s42,-1,0.0
440355,bertopic,n15_c50_s42,-1,0.0
440418,bertopic,n15_c50_s42,1,1.0
440443,bertopic,n15_c50_s42,14,0.9661378315458418
440529,bertopic,n15_c50_s42,29,0.5706886178005973
440690,bertopic,n15_c50_s42,3,1.0
440719,bertopic,n15_c50_s42,2,1.0
440801,bertopic,n15_c50_s42,35,1.0
440806,bertopic,n15_c50_s42,20,0.824997579130322
440908,bertopic,n15_c50_s42,4,0.8109629928726275
440919,bertopic,n15_c50_s42,10,0.48175993628676245
440924,bertopic,n15_c50_s42,-1,0.0
440955,bertopic,n15_c50_s42,4,1.0
441037,bertopic,n15_c50_s42,19,1.0
441127,bertopic,n15_c50_s42,0,0.8268749849356781
441312,bertopic,n15_c50_s42,16,1.0
441314,bertopic,n15_c50_s42,15,0.8350198462148515
441480,bertopic,n15_c50_s42,30,1.0
441491,bertopic,n15_c50_s42,28,1.0
441563,bertopic,n15_c50_s42,14,1.0
441624,bertopic,n15_c50_s42,30,0.9341948247020792
441717,bertopic,n15_c50_s42,24,1.0
441964,bertopic,n15_c50_s42,12,1.0
442031,bertopic,n15_c50_s42,1,1.0
442054,bertopic,n15_c50_s42,11,0.8711067922409653
442293,bertopic,n15_c50_s42,-1,0.0
442316,bertopic,n15_c50_s42,-1,0.0
442463,bertopic,n15_c50_s42,19,1.0
442476,bertopic,n15_c50_s42,3,1.0
442486,bertopic,n15_c50_s42,2,1.0
442635,bertopic,n15_c50_s42,7,0.8237442072476651
442647,bertopic,n15_c50_s42,25,1.0
442817,bertopic,n15_c50_s42,18,0.9297513061420466
442842,bertopic,n15_c50_s42,5,0.8761641292508354
442873,bertopic,n15_c50_s42,0,0.7528176837722469
442900,bertopic,n15_c50_s42,4,0.9235205397404076
443029,bertopic,n15_c50_s42,13,0.5688594186118636
443179,bertopic,n15_c50_s42,12,0.5340615766348344
443180,bertopic,n15_c50_s42,18,0.9545922774026059
443196,bertopic,n15_c50_s42,-1,0.0
443393,bertopic,n15_c50_s42,1,1.0
443401,bertopic,n15_c50_s42,18,0.9297513061420466
443405,bertopic,n15_c50_s42,17,0.7620992923869208
443462,bertopic,n15_c50_s42,8,0.8098006021686482
443555,bertopic,n15_c50_s42,2,1.0
443618,bertopic,n15_c50_s42,35,1.0
443777,bertopic,n15_c50_s42,31,0.631672404310727
443843,bertopic,n15_c50_s42,10,0.6718286351611553
443870,bertopic,n15_c50_s42,2,1.0
443871,bertopic,n15_c50_s42,2,1.0
444055,bertopic,n15_c50_s42,10,1.0
444057,bertopic,n15_c50_s42,18,1.0
444104,bertopic,n15_c50_s42,9,0.09422033020627348
444181,bertopic,n15_c50_s42,-1,0.0
444344,bertopic,n15_c50_s42,-1,0.0
444371,bertopic,n15_c50_s42,10,0.3918470446818332
444439,bertopic,n15_c50_s42,7,1.0
444561,bertopic,n15_c50_s42,12,1.0
444803,bertopic,n15_c50_s42,-1,0.0
444832,bertopic,n15_c50_s42,14,1.0
445494,bertopic,n15_c50_s42,4,1.0
445857,bertopic,n15_c50_s42,8,0.9564976962836944
445867,bertopic,n15_c50_s42,16,1.0
445956,bertopic,n15_c50_s42,11,0.9601259569451002
446064,bertopic,n15_c50_s42,3,0.7634971882520266
446319,bertopic,n15_c50_s42,-1,0.0
446324,bertopic,n15_c50_s42,-1,0.0
446379,bertopic,n15_c50_s42,2,1.0
446490,bertopic,n15_c50_s42,20,1.0
446522,bertopic,n15_c50_s42,13,0.22916268736176218
446581,bertopic,n15_c50_s42,-1,0.0
446623,bertopic,n15_c50_s42,-1,0.0
446710,bertopic,n15_c50_s42,-1,0.0
446777,bertopic,n15_c50_s42,2,1.0
446902,bertopic,n15_c50_s42,25,0.9240398461590553
446927,bertopic,n15_c50_s42,37,1.0
446956,bertopic,n15_c50_s42,33,1.0
446957,bertopic,n15_c50_s42,-1,0.0
446958,bertopic,n15_c50_s42,27,1.0
447010,bertopic,n15_c50_s42,32,1.0
447073,bertopic,n15_c50_s42,13,0.19645011676155427
447095,bertopic,n15_c50_s42,18,1.0
447123,bertopic,n15_c50_s42,14,1.0
447125,bertopic,n15_c50_s42,19,0.8418579132903643
447429,bertopic,n15_c50_s42,2,1.0
449355,bertopic,n15_c50_s42,9,1.0
449680,bertopic,n15_c50_s42,13,1.0
450038,bertopic,n15_c50_s42,2,1.0
450056,bertopic,n15_c50_s42,-1,0.0
450066,bertopic,n15_c50_s42,-1,0.0
450128,bertopic,n15_c50_s42,13,0.19645011676155427
450227,bertopic,n15_c50_s42,28,0.9555121852220503
450231,bertopic,n15_c50_s42,-1,0.0
450272,bertopic,n15_c50_s42,4,1.0
450292,bertopic,n15_c50_s42,10,0.3918470446818332
450360,bertopic,n15_c50_s42,1,0.8267877313251885
450364,bertopic,n15_c50_s42,19,1.0
450446,bertopic,n15_c50_s42,0,0.8469374060985656
450553,bertopic,n15_c50_s42,-1,0.0
450596,bertopic,n15_c50_s42,33,1.0
450715,bertopic,n15_c50_s42,4,1.0
450766,bertopic,n15_c50_s42,7,1.0
450804,bertopic,n15_c50_s42,37,1.0
450805,bertopic,n15_c50_s42,-1,0.0
451002,bertopic,n15_c50_s42,-1,0.0
451025,bertopic,n15_c50_s42,7,0.598397243076225
451077,bertopic,n15_c50_s42,4,1.0
451223,bertopic,n15_c50_s42,24,1.0
453369,bertopic,n15_c50_s42,-1,0.0
453386,bertopic,n15_c50_s42,25,1.0
453392,bertopic,n15_c50_s42,5,1.0
453457,bertopic,n15_c50_s42,-1,0.0
453459,bertopic,n15_c50_s42,13,0.19645011676155427
453483,bertopic,n15_c50_s42,20,0.7055475386240061
453595,bertopic,n15_c50_s42,-1,0.0
453643,bertopic,n15_c50_s42,0,1.0
453678,bertopic,n15_c50_s42,7,1.0
453699,bertopic,n15_c50_s42,16,1.0
453721,bertopic,n15_c50_s42,5,0.3800687975370145
453738,bertopic,n15_c50_s42,-1,0.0
453778,bertopic,n15_c50_s42,-1,0.0
453786,bertopic,n15_c50_s42,13,0.22916268736176218
453843,bertopic,n15_c50_s42,3,0.7569666787331613
453858,bertopic,n15_c50_s42,-1,0.0
454168,bertopic,n15_c50_s42,5,0.5556435917858994
454675,bertopic,n15_c50_s42,33,1.0
455316,bertopic,n15_c50_s42,6,0.5154193003639873
455374,bertopic,n15_c50_s42,5,0.9706582149911568
455404,bertopic,n15_c50_s42,1,0.36364877867349565
455502,bertopic,n15_c50_s42,19,0.5981313190388159
455676,bertopic,n15_c50_s42,3,1.0
455693,bertopic,n15_c50_s42,20,1.0
456011,bertopic,n15_c50_s42,12,1.0
456920,bertopic,n15_c50_s42,-1,0.0
457247,bertopic,n15_c50_s42,10,0.39980430719057003
457271,bertopic,n15_c50_s42,20,1.0
457301,bertopic,n15_c50_s42,28,1.0
457323,bertopic,n15_c50_s42,2,1.0
457352,bertopic,n15_c50_s42,19,0.9152181186331777
457417,bertopic,n15_c50_s42,3,0.39456700386500376
457430,bertopic,n15_c50_s42,29,1.0
457438,bertopic,n15_c50_s42,1,1.0
457513,bertopic,n15_c50_s42,11,0.2222323580394833
457530,bertopic,n15_c50_s42,-1,0.0
457574,bertopic,n15_c50_s42,15,1.0
457646,bertopic,n15_c50_s42,5,0.555513491131908
457650,bertopic,n15_c50_s42,33,1.0
457678,bertopic,n15_c50_s42,12,1.0
457682,bertopic,n15_c50_s42,3,1.0
457758,bertopic,n15_c50_s42,-1,0.0
458664,bertopic,n15_c50_s42,24,1.0
459503,bertopic,n15_c50_s42,1,1.0
459535,bertopic,n15_c50_s42,17,1.0
459544,bertopic,n15_c50_s42,8,1.0
459576,bertopic,n15_c50_s42,15,1.0
459584,bertopic,n15_c50_s42,13,0.2264747974253285
459605,bertopic,n15_c50_s42,4,1.0
459618,bertopic,n15_c50_s42,14,0.6378230881176411
459658,bertopic,n15_c50_s42,4,0.789925672528633
459684,bertopic,n15_c50_s42,25,0.9240398461590553
459724,bertopic,n15_c50_s42,13,0.7132177190413965
459733,bertopic,n15_c50_s42,20,1.0
459735,bertopic,n15_c50_s42,-1,0.0
459768,bertopic,n15_c50_s42,3,0.6153742128091917
459774,bertopic,n15_c50_s42,14,0.9661378315458418
459887,bertopic,n15_c50_s42,3,1.0
459888,bertopic,n15_c50_s42,37,1.0
459900,bertopic,n15_c50_s42,3,0.4896686891711021
459918,bertopic,n15_c50_s42,8,0.9569255266948968
459969,bertopic,n15_c50_s42,-1,0.0
460287,bertopic,n15_c50_s42,0,1.0
461040,bertopic,n15_c50_s42,22,1.0
461287,bertopic,n15_c50_s42,11,0.8711067922409653
461333,bertopic,n15_c50_s42,2,1.0
461337,bertopic,n15_c50_s42,-1,0.0
461387,bertopic,n15_c50_s42,1,1.0
461399,bertopic,n15_c50_s42,-1,0.0
461405,bertopic,n15_c50_s42,14,1.0
461467,bertopic,n15_c50_s42,-1,0.0
461530,bertopic,n15_c50_s42,3,0.9302292538477489
461544,bertopic,n15_c50_s42,-1,0.0
461612,bertopic,n15_c50_s42,12,1.0
461658,bertopic,n15_c50_s42,-1,0.0
461704,bertopic,n15_c50_s42,10,0.9616966788590777
461751,bertopic,n15_c50_s42,3,0.5310237704987497
461759,bertopic,n15_c50_s42,22,1.0
462095,bertopic,n15_c50_s42,11,0.11047900230844042
463196,bertopic,n15_c50_s42,0,1.0
463323,bertopic,n15_c50_s42,2,0.7274326457614272
463443,bertopic,n15_c50_s42,32,0.9613523750104285
463533,bertopic,n15_c50_s42,28,1.0
463575,bertopic,n15_c50_s42,33,1.0
463653,bertopic,n15_c50_s42,15,1.0
463679,bertopic,n15_c50_s42,-1,0.0
463689,bertopic,n15_c50_s42,-1,0.0
463804,bertopic,n15_c50_s42,18,0.9297513061420466
463935,bertopic,n15_c50_s42,-1,0.0
464032,bertopic,n15_c50_s42,24,1.0
464041,bertopic,n15_c50_s42,13,0.27092269480322695
464042,bertopic,n15_c50_s42,-1,0.0
464082,bertopic,n15_c50_s42,25,1.0
464092,bertopic,n15_c50_s42,3,1.0
464100,bertopic,n15_c50_s42,1,0.9019057582183734
464111,bertopic,n15_c50_s42,-1,0.0
464208,bertopic,n15_c50_s42,9,1.0
464536,bertopic,n15_c50_s42,6,0.5154193003639873
465432,bertopic,n15_c50_s42,22,1.0
465781,bertopic,n15_c50_s42,1,0.2811251637275487
465844,bertopic,n15_c50_s42,-1,0.0
465866,bertopic,n15_c50_s42,13,0.2264747974253285
465913,bertopic,n15_c50_s42,18,0.9729837685237918
465926,bertopic,n15_c50_s42,-1,0.0
465945,bertopic,n15_c50_s42,1,0.42549504229490426
466029,bertopic,n15_c50_s42,3,1.0
466125,bertopic,n15_c50_s42,2,1.0
466164,bertopic,n15_c50_s42,-1,0.0
466207,bertopic,n15_c50_s42,3,0.790314414223026
466216,bertopic,n15_c50_s42,2,1.0
466336,bertopic,n15_c50_s42,24,1.0
466399,bertopic,n15_c50_s42,2,0.7365473200867206
466437,bertopic,n15_c50_s42,2,1.0
466467,bertopic,n15_c50_s42,19,0.6467792789779938
466476,bertopic,n15_c50_s42,3,0.413735639961003
466492,bertopic,n15_c50_s42,3,1.0
466520,bertopic,n15_c50_s42,6,0.5154193003639873
467327,bertopic,n15_c50_s42,-1,0.0
467945,bertopic,n15_c50_s42,13,0.19645011676155427
468316,bertopic,n15_c50_s42,24,1.0
468557,bertopic,n15_c50_s42,20,1.0
468562,bertopic,n15_c50_s42,30,1.0
468595,bertopic,n15_c50_s42,-1,0.0
468651,bertopic,n15_c50_s42,15,0.6805198551366202
468652,bertopic,n15_c50_s42,0,0.7827753842432635
469100,bertopic,n15_c50_s42,2,1.0
469225,bertopic,n15_c50_s42,4,1.0
469920,bertopic,n15_c50_s42,-1,0.0
471063,bertopic,n15_c50_s42,-1,0.0
471085,bertopic,n15_c50_s42,5,0.569011098497972
471416,bertopic,n15_c50_s42,3,1.0
471430,bertopic,n15_c50_s42,8,0.752394242804397
471445,bertopic,n15_c50_s42,-1,0.0
471638,bertopic,n15_c50_s42,25,1.0
471661,bertopic,n15_c50_s42,-1,0.0
471675,bertopic,n15_c50_s42,5,0.2960203005222236
471703,bertopic,n15_c50_s42,-1,0.0
471759,bertopic,n15_c50_s42,0,1.0
471912,bertopic,n15_c50_s42,18,1.0
471933,bertopic,n15_c50_s42,18,0.9297513061420466
471939,bertopic,n15_c50_s42,-1,0.0
471973,bertopic,n15_c50_s42,3,1.0
473216,bertopic,n15_c50_s42,18,0.9297513061420466
473286,bertopic,n15_c50_s42,27,1.0
473793,bertopic,n15_c50_s42,-1,0.0
474289,bertopic,n15_c50_s42,-1,0.0
474337,bertopic,n15_c50_s42,7,0.9684891295919472
474487,bertopic,n15_c50_s42,37,1.0
474538,bertopic,n15_c50_s42,4,0.9859569386317795
474898,bertopic,n15_c50_s42,29,0.860170415248584
475795,bertopic,n15_c50_s42,2,0.7365473200867206
476332,bertopic,n15_c50_s42,24,0.9436912328539484
476927,bertopic,n15_c50_s42,11,1.0
476963,bertopic,n15_c50_s42,-1,0.0
476968,bertopic,n15_c50_s42,22,1.0
476978,bertopic,n15_c50_s42,32,1.0
477077,bertopic,n15_c50_s42,-1,0.0
477088,bertopic,n15_c50_s42,5,1.0
477101,bertopic,n15_c50_s42,30,1.0
477106,bertopic,n15_c50_s42,13,0.8621752540001917
477235,bertopic,n15_c50_s42,-1,0.0
477305,bertopic,n15_c50_s42,19,1.0
477370,bertopic,n15_c50_s42,29,0.9851335568743298
477437,bertopic,n15_c50_s42,-1,0.0
477459,bertopic,n15_c50_s42,20,0.7055475386240061
477539,bertopic,n15_c50_s42,22,0.7263696664676225
477635,bertopic,n15_c50_s42,33,1.0
477658,bertopic,n15_c50_s42,27,1.0
477660,bertopic,n15_c50_s42,-1,0.0
477682,bertopic,n15_c50_s42,24,1.0
478016,bertopic,n15_c50_s42,14,0.6727594384601899
478817,bertopic,n15_c50_s42,5,0.7509756399670128
478943,bertopic,n15_c50_s42,-1,0.0
479036,bertopic,n15_c50_s42,3,0.6153742128091917
479099,bertopic,n15_c50_s42,-1,0.0
479410,bertopic,n15_c50_s42,5,1.0
479415,bertopic,n15_c50_s42,4,0.9235205397404076
479431,bertopic,n15_c50_s42,6,0.5154193003639873
479438,bertopic,n15_c50_s42,13,0.19645011676155427
479522,bertopic,n15_c50_s42,17,0.8806218830836324
479581,bertopic,n15_c50_s42,9,0.2477381832496758
479583,bertopic,n15_c50_s42,1,1.0
479614,bertopic,n15_c50_s42,8,0.6432973097531498
479619,bertopic,n15_c50_s42,-1,0.0
479651,bertopic,n15_c50_s42,-1,0.0
479838,bertopic,n15_c50_s42,2,0.7365473200867206
479873,bertopic,n15_c50_s42,6,0.5154193003639873
479921,bertopic,n15_c50_s42,12,1.0
479926,bertopic,n15_c50_s42,22,0.7263696664676225
479980,bertopic,n15_c50_s42,16,0.8321393799941623
479986,bertopic,n15_c50_s42,18,0.9469369744137629
480028,bertopic,n15_c50_s42,-1,0.0
480768,bertopic,n15_c50_s42,-1,0.0
480783,bertopic,n15_c50_s42,2,1.0
481646,bertopic,n15_c50_s42,0,1.0
481749,bertopic,n15_c50_s42,2,1.0
481767,bertopic,n15_c50_s42,9,1.0
481820,bertopic,n15_c50_s42,-1,0.0
482152,bertopic,n15_c50_s42,4,0.8148116818000981
482238,bertopic,n15_c50_s42,4,0.8939887446858819
482241,bertopic,n15_c50_s42,2,0.733484671554008
482319,bertopic,n15_c50_s42,-1,0.0
482353,bertopic,n15_c50_s42,6,0.46381087066863075
482421,bertopic,n15_c50_s42,18,0.9729837685237918
482627,bertopic,n15_c50_s42,4,1.0
483784,bertopic,n15_c50_s42,15,1.0
483838,bertopic,n15_c50_s42,15,0.8381807863218103
483988,bertopic,n15_c50_s42,7,0.6658569330042375
484073,bertopic,n15_c50_s42,-1,0.0
484079,bertopic,n15_c50_s42,-1,0.0
484115,bertopic,n15_c50_s42,14,0.9640991754127
484157,bertopic,n15_c50_s42,2,0.3660888077406
484220,bertopic,n15_c50_s42,-1,0.0
484288,bertopic,n15_c50_s42,5,1.0
484435,bertopic,n15_c50_s42,10,0.4383515018840619
484439,bertopic,n15_c50_s42,20,1.0
484456,bertopic,n15_c50_s42,29,1.0
484608,bertopic,n15_c50_s42,3,0.6153742128091917
484629,bertopic,n15_c50_s42,2,1.0
484751,bertopic,n15_c50_s42,31,0.9265862051077763
484858,bertopic,n15_c50_s42,-1,0.0
485518,bertopic,n15_c50_s42,5,0.4921681360603989
486011,bertopic,n15_c50_s42,14,1.0
486798,bertopic,n15_c50_s42,29,0.5170974482053333
486860,bertopic,n15_c50_s42,4,0.885708381900895
486861,bertopic,n15_c50_s42,12,1.0
486877,bertopic,n15_c50_s42,0,1.0
486978,bertopic,n15_c50_s42,32,1.0
487012,bertopic,n15_c50_s42,28,0.6182226087523822
487016,bertopic,n15_c50_s42,5,0.768454308534607
487085,bertopic,n15_c50_s42,-1,0.0
487216,bertopic,n15_c50_s42,9,0.3690086220333308
487977,bertopic,n15_c50_s42,20,0.9869706957679077
488172,bertopic,n15_c50_s42,1,1.0
488824,bertopic,n15_c50_s42,22,1.0
488825,bertopic,n15_c50_s42,27,0.550876839477791
488844,bertopic,n15_c50_s42,-1,0.0
488874,bertopic,n15_c50_s42,12,1.0
488913,bertopic,n15_c50_s42,2,1.0
489064,bertopic,n15_c50_s42,2,1.0
489107,bertopic,n15_c50_s42,26,0.9893676672261098
489114,bertopic,n15_c50_s42,-1,0.0
489163,bertopic,n15_c50_s42,12,1.0
489221,bertopic,n15_c50_s42,5,0.3800687975370145
489234,bertopic,n15_c50_s42,-1,0.0
489263,bertopic,n15_c50_s42,4,0.970986205255048
489337,bertopic,n15_c50_s42,-1,0.0
489439,bertopic,n15_c50_s42,-1,0.0
489482,bertopic,n15_c50_s42,28,0.6182226087523822
489530,bertopic,n15_c50_s42,-1,0.0
489559,bertopic,n15_c50_s42,13,0.2154326945904928
489653,bertopic,n15_c50_s42,34,0.9364554179947572
489735,bertopic,n15_c50_s42,-1,0.0
489819,bertopic,n15_c50_s42,-1,0.0
491067,bertopic,n15_c50_s42,-1,0.0
491375,bertopic,n15_c50_s42,-1,0.0
491428,bertopic,n15_c50_s42,1,1.0
491542,bertopic,n15_c50_s42,14,1.0
491548,bertopic,n15_c50_s42,-1,0.0
491598,bertopic,n15_c50_s42,2,0.7365473200867206
491620,bertopic,n15_c50_s42,17,0.6671682123475476
491822,bertopic,n15_c50_s42,11,0.9929375178167904
492212,bertopic,n15_c50_s42,0,1.0
493979,bertopic,n15_c50_s42,1,1.0
494027,bertopic,n15_c50_s42,3,0.36974901735408827
494031,bertopic,n15_c50_s42,-1,0.0
494115,bertopic,n15_c50_s42,3,1.0
494161,bertopic,n15_c50_s42,8,0.8098006021686482
494229,bertopic,n15_c50_s42,17,1.0
494282,bertopic,n15_c50_s42,8,0.37462237527272607
494525,bertopic,n15_c50_s42,1,0.837143455791795
494626,bertopic,n15_c50_s42,6,0.5154193003639873
494723,bertopic,n15_c50_s42,16,1.0
496131,bertopic,n15_c50_s42,3,0.6153742128091917
496220,bertopic,n15_c50_s42,-1,0.0
496252,bertopic,n15_c50_s42,5,1.0
496366,bertopic,n15_c50_s42,-1,0.0
496445,bertopic,n15_c50_s42,9,1.0
496447,bertopic,n15_c50_s42,-1,0.0
496606,bertopic,n15_c50_s42,5,0.7337640742648736
496752,bertopic,n15_c50_s42,-1,0.0
496800,bertopic,n15_c50_s42,9,0.3690086220333308
496813,bertopic,n15_c50_s42,-1,0.0
496913,bertopic,n15_c50_s42,16,0.883811376263636
496952,bertopic,n15_c50_s42,15,1.0
496962,bertopic,n15_c50_s42,9,0.10997482688195515
497038,bertopic,n15_c50_s42,9,0.8297555799083293
497100,bertopic,n15_c50_s42,33,1.0
497255,bertopic,n15_c50_s42,13,0.2264747974253285
497274,bertopic,n15_c50_s42,8,0.8098006021686482
497296,bertopic,n15_c50_s42,-1,0.0
497304,bertopic,n15_c50_s42,10,0.3918470446818332
497322,bertopic,n15_c50_s42,14,1.0
497392,bertopic,n15_c50_s42,-1,0.0
497413,bertopic,n15_c50_s42,13,0.2264747974253285
497497,bertopic,n15_c50_s42,34,1.0
497505,bertopic,n15_c50_s42,3,1.0
497555,bertopic,n15_c50_s42,-1,0.0
497666,bertopic,n15_c50_s42,24,0.7829664518573615
497718,bertopic,n15_c50_s42,-1,0.0
497727,bertopic,n15_c50_s42,13,0.19645011676155427
497750,bertopic,n15_c50_s42,-1,0.0
497856,bertopic,n15_c50_s42,10,0.4383515018840619
497874,bertopic,n15_c50_s42,-1,0.0
497890,bertopic,n15_c50_s42,18,1.0
497893,bertopic,n15_c50_s42,29,1.0
498063,bertopic,n15_c50_s42,35,1.0
498085,bertopic,n15_c50_s42,-1,0.0
498088,bertopic,n15_c50_s42,12,1.0
498101,bertopic,n15_c50_s42,9,0.3690086220333308
498246,bertopic,n15_c50_s42,-1,0.0
498337,bertopic,n15_c50_s42,19,1.0
498671,bertopic,n15_c50_s42,13,0.9218043378998418
498912,bertopic,n15_c50_s42,-1,0.0
498918,bertopic,n15_c50_s42,1,1.0
498964,bertopic,n15_c50_s42,20,1.0
498969,bertopic,n15_c50_s42,2,1.0
499000,bertopic,n15_c50_s42,37,1.0
499097,bertopic,n15_c50_s42,24,1.0
499113,bertopic,n15_c50_s42,25,0.9240398461590553
499154,bertopic,n15_c50_s42,1,0.8328151318953967
499189,bertopic,n15_c50_s42,-1,0.0
499248,bertopic,n15_c50_s42,-1,0.0
499278,bertopic,n15_c50_s42,2,0.9626929597875836
499333,bertopic,n15_c50_s42,-1,0.0
499356,bertopic,n15_c50_s42,-1,0.0
499390,bertopic,n15_c50_s42,22,0.9221477571641812
499418,bertopic,n15_c50_s42,5,0.3800687975370145
499439,bertopic,n15_c50_s42,-1,0.0
499463,bertopic,n15_c50_s42,-1,0.0
500081,bertopic,n15_c50_s42,-1,0.0
500196,bertopic,n15_c50_s42,0,1.0
500279,bertopic,n15_c50_s42,9,0.3690086220333308
500333,bertopic,n15_c50_s42,-1,0.0
500345,bertopic,n15_c50_s42,-1,0.0
500537,bertopic,n15_c50_s42,33,1.0
502006,bertopic,n15_c50_s42,32,1.0
503632,bertopic,n15_c50_s42,9,0.2894860881765392
503778,bertopic,n15_c50_s42,9,0.3690086220333308
505906,bertopic,n15_c50_s42,-1,0.0
506635,bertopic,n15_c50_s42,2,1.0
506955,bertopic,n15_c50_s42,19,0.5653520431489133
507122,bertopic,n15_c50_s42,7,1.0
508115,bertopic,n15_c50_s42,27,0.550876839477791
508869,bertopic,n15_c50_s42,-1,0.0
508937,bertopic,n15_c50_s42,1,1.0
509506,bertopic,n15_c50_s42,26,1.0
511170,bertopic,n15_c50_s42,-1,0.0
511179,bertopic,n15_c50_s42,20,0.5153451672933672
511252,bertopic,n15_c50_s42,-1,0.0
511331,bertopic,n15_c50_s42,10,0.6191552132551055
511345,bertopic,n15_c50_s42,10,1.0
511399,bertopic,n15_c50_s42,29,1.0
511565,bertopic,n15_c50_s42,17,0.700629531342478
511588,bertopic,n15_c50_s42,-1,0.0
511730,bertopic,n15_c50_s42,-1,0.0
511777,bertopic,n15_c50_s42,-1,0.0
511797,bertopic,n15_c50_s42,3,0.5482781846932547
511823,bertopic,n15_c50_s42,2,1.0
511827,bertopic,n15_c50_s42,-1,0.0
511961,bertopic,n15_c50_s42,27,0.550876839477791
511962,bertopic,n15_c50_s42,23,1.0
512005,bertopic,n15_c50_s42,23,1.0
512013,bertopic,n15_c50_s42,23,0.8460453724212428
512039,bertopic,n15_c50_s42,2,1.0
512057,bertopic,n15_c50_s42,23,0.7699390206525116
512300,bertopic,n15_c50_s42,5,0.5425850260964123
512473,bertopic,n15_c50_s42,0,1.0
512660,bertopic,n15_c50_s42,-1,0.0
512733,bertopic,n15_c50_s42,27,1.0
512832,bertopic,n15_c50_s42,2,0.3660888077406
512852,bertopic,n15_c50_s42,-1,0.0
512924,bertopic,n15_c50_s42,38,1.0
513063,bertopic,n15_c50_s42,12,1.0
513118,bertopic,n15_c50_s42,-1,0.0
513363,bertopic,n15_c50_s42,8,0.7436774078413886
513460,bertopic,n15_c50_s42,-1,0.0
513500,bertopic,n15_c50_s42,4,0.9235205397404076
513642,bertopic,n15_c50_s42,19,0.7336784840284254
513775,bertopic,n15_c50_s42,2,1.0
513805,bertopic,n15_c50_s42,-1,0.0
513841,bertopic,n15_c50_s42,15,1.0
514057,bertopic,n15_c50_s42,3,1.0
514133,bertopic,n15_c50_s42,27,1.0
514176,bertopic,n15_c50_s42,13,0.2668708964786442
514182,bertopic,n15_c50_s42,27,1.0
514664,bertopic,n15_c50_s42,27,1.0
514787,bertopic,n15_c50_s42,23,0.9459742352871159
514805,bertopic,n15_c50_s42,10,0.3918470446818332
514832,bertopic,n15_c50_s42,5,0.9706582149911568
514860,bertopic,n15_c50_s42,19,1.0
514938,bertopic,n15_c50_s42,3,1.0
514960,bertopic,n15_c50_s42,-1,0.0
514974,bertopic,n15_c50_s42,3,0.6445140881561525
515042,bertopic,n15_c50_s42,26,0.6326956508840672
515080,bertopic,n15_c50_s42,3,0.6693847819166966
515136,bertopic,n15_c50_s42,19,0.7336784840284254
515159,bertopic,n15_c50_s42,9,1.0
515219,bertopic,n15_c50_s42,25,1.0
515272,bertopic,n15_c50_s42,-1,0.0
515699,bertopic,n15_c50_s42,-1,0.0
515842,bertopic,n15_c50_s42,8,0.8098006021686482
515927,bertopic,n15_c50_s42,-1,0.0
515958,bertopic,n15_c50_s42,15,1.0
516092,bertopic,n15_c50_s42,25,1.0
516109,bertopic,n15_c50_s42,0,1.0
516293,bertopic,n15_c50_s42,29,1.0
516330,bertopic,n15_c50_s42,32,1.0
516367,bertopic,n15_c50_s42,25,1.0
516403,bertopic,n15_c50_s42,17,0.5646606632067287
516408,bertopic,n15_c50_s42,12,1.0
516409,bertopic,n15_c50_s42,2,0.3660888077406
516421,bertopic,n15_c50_s42,17,1.0
516440,bertopic,n15_c50_s42,15,0.8350198462148515
516488,bertopic,n15_c50_s42,-1,0.0
517090,bertopic,n15_c50_s42,-1,0.0
517138,bertopic,n15_c50_s42,19,0.657655282190716
517204,bertopic,n15_c50_s42,-1,0.0
517420,bertopic,n15_c50_s42,0,1.0
517505,bertopic,n15_c50_s42,9,1.0
517550,bertopic,n15_c50_s42,4,1.0
517674,bertopic,n15_c50_s42,-1,0.0
517758,bertopic,n15_c50_s42,32,1.0
517821,bertopic,n15_c50_s42,0,1.0
517822,bertopic,n15_c50_s42,-1,0.0
517838,bertopic,n15_c50_s42,2,1.0
517852,bertopic,n15_c50_s42,-1,0.0
517981,bertopic,n15_c50_s42,2,1.0
518213,bertopic,n15_c50_s42,-1,0.0
518246,bertopic,n15_c50_s42,2,1.0
518263,bertopic,n15_c50_s42,2,1.0
518483,bertopic,n15_c50_s42,5,0.3592191652549273
518526,bertopic,n15_c50_s42,2,1.0
518600,bertopic,n15_c50_s42,16,1.0
518770,bertopic,n15_c50_s42,3,0.39456700386500376
518930,bertopic,n15_c50_s42,2,0.3660888077406
519054,bertopic,n15_c50_s42,-1,0.0
519122,bertopic,n15_c50_s42,1,0.17040249816337727
519227,bertopic,n15_c50_s42,12,1.0
519285,bertopic,n15_c50_s42,5,0.7521693341633804
519442,bertopic,n15_c50_s42,15,1.0
519454,bertopic,n15_c50_s42,5,0.7596573753941905
519497,bertopic,n15_c50_s42,27,1.0
519678,bertopic,n15_c50_s42,34,1.0
519737,bertopic,n15_c50_s42,0,1.0
519768,bertopic,n15_c50_s42,22,0.7263696664676225
520270,bertopic,n15_c50_s42,31,0.7987995948608343
520379,bertopic,n15_c50_s42,4,0.7531615919855339
520436,bertopic,n15_c50_s42,-1,0.0
520508,bertopic,n15_c50_s42,-1,0.0
520596,bertopic,n15_c50_s42,2,1.0
520696,bertopic,n15_c50_s42,37,1.0
520721,bertopic,n15_c50_s42,-1,0.0
521362,bertopic,n15_c50_s42,-1,0.0
521484,bertopic,n15_c50_s42,31,1.0
521891,bertopic,n15_c50_s42,-1,0.0
521904,bertopic,n15_c50_s42,19,0.6032959905003685
522426,bertopic,n15_c50_s42,0,1.0
522438,bertopic,n15_c50_s42,0,1.0
522469,bertopic,n15_c50_s42,25,0.8999918339443369
522791,bertopic,n15_c50_s42,22,0.8865392153020699
523019,bertopic,n15_c50_s42,16,1.0
523222,bertopic,n15_c50_s42,0,1.0
523316,bertopic,n15_c50_s42,-1,0.0
523377,bertopic,n15_c50_s42,16,1.0
523538,bertopic,n15_c50_s42,0,1.0
523850,bertopic,n15_c50_s42,0,1.0
523908,bertopic,n15_c50_s42,31,1.0
524036,bertopic,n15_c50_s42,11,1.0
524145,bertopic,n15_c50_s42,-1,0.0
524190,bertopic,n15_c50_s42,-1,0.0
524511,bertopic,n15_c50_s42,29,1.0
524536,bertopic,n15_c50_s42,2,1.0
524630,bertopic,n15_c50_s42,-1,0.0
524757,bertopic,n15_c50_s42,0,1.0
524928,bertopic,n15_c50_s42,10,0.4527851263946732
524986,bertopic,n15_c50_s42,10,1.0
525124,bertopic,n15_c50_s42,15,1.0
525133,bertopic,n15_c50_s42,32,1.0
525139,bertopic,n15_c50_s42,12,1.0
525194,bertopic,n15_c50_s42,-1,0.0
525300,bertopic,n15_c50_s42,-1,0.0
525367,bertopic,n15_c50_s42,20,0.7055475386240061
525409,bertopic,n15_c50_s42,8,0.43933834482373624
525412,bertopic,n15_c50_s42,15,1.0
525456,bertopic,n15_c50_s42,8,0.8098006021686482
525516,bertopic,n15_c50_s42,-1,0.0
525732,bertopic,n15_c50_s42,4,1.0
525922,bertopic,n15_c50_s42,9,1.0
525979,bertopic,n15_c50_s42,29,0.4687987589618352
526042,bertopic,n15_c50_s42,30,0.6610188068149141
526238,bertopic,n15_c50_s42,32,0.9829802777755311
526366,bertopic,n15_c50_s42,32,1.0
526532,bertopic,n15_c50_s42,11,1.0
526678,bertopic,n15_c50_s42,10,0.9763238701920721
526726,bertopic,n15_c50_s42,15,1.0
526886,bertopic,n15_c50_s42,0,1.0
526947,bertopic,n15_c50_s42,24,0.5291900138019086
526953,bertopic,n15_c50_s42,15,1.0
526970,bertopic,n15_c50_s42,16,0.8341579319368876
527032,bertopic,n15_c50_s42,-1,0.0
527100,bertopic,n15_c50_s42,23,1.0
527102,bertopic,n15_c50_s42,23,1.0
527245,bertopic,n15_c50_s42,-1,0.0
527272,bertopic,n15_c50_s42,17,1.0
527358,bertopic,n15_c50_s42,27,1.0
527538,bertopic,n15_c50_s42,-1,0.0
527542,bertopic,n15_c50_s42,25,1.0
527555,bertopic,n15_c50_s42,-1,0.0
527579,bertopic,n15_c50_s42,24,1.0
527763,bertopic,n15_c50_s42,-1,0.0
527928,bertopic,n15_c50_s42,27,1.0
528014,bertopic,n15_c50_s42,-1,0.0
528219,bertopic,n15_c50_s42,12,1.0
528257,bertopic,n15_c50_s42,2,1.0
528287,bertopic,n15_c50_s42,16,1.0
528469,bertopic,n15_c50_s42,-1,0.0
528560,bertopic,n15_c50_s42,17,0.831545189596447
528562,bertopic,n15_c50_s42,11,0.8587014261600419
528614,bertopic,n15_c50_s42,-1,0.0
528663,bertopic,n15_c50_s42,19,0.7336784840284254
528701,bertopic,n15_c50_s42,17,0.7620992923869208
528715,bertopic,n15_c50_s42,17,0.7620992923869208
528747,bertopic,n15_c50_s42,0,1.0
528750,bertopic,n15_c50_s42,15,0.7302919280029263
528769,bertopic,n15_c50_s42,0,1.0
528783,bertopic,n15_c50_s42,0,1.0
528784,bertopic,n15_c50_s42,0,1.0
528785,bertopic,n15_c50_s42,0,1.0
528799,bertopic,n15_c50_s42,0,0.8484320894330157
528806,bertopic,n15_c50_s42,0,1.0
528994,bertopic,n15_c50_s42,2,1.0
529019,bertopic,n15_c50_s42,32,1.0
529024,bertopic,n15_c50_s42,12,1.0
529054,bertopic,n15_c50_s42,0,1.0
529298,bertopic,n15_c50_s42,-1,0.0
529411,bertopic,n15_c50_s42,19,0.6541120061166951
529430,bertopic,n15_c50_s42,9,0.09422033020627348
529729,bertopic,n15_c50_s42,7,0.8326952374318803
530150,bertopic,n15_c50_s42,20,0.8411179791349257
530361,bertopic,n15_c50_s42,-1,0.0
530398,bertopic,n15_c50_s42,9,1.0
530405,bertopic,n15_c50_s42,0,1.0
530436,bertopic,n15_c50_s42,17,0.5943824875309351
530451,bertopic,n15_c50_s42,-1,0.0
530462,bertopic,n15_c50_s42,3,1.0
530489,bertopic,n15_c50_s42,-1,0.0
530549,bertopic,n15_c50_s42,30,1.0
530658,bertopic,n15_c50_s42,4,1.0
530817,bertopic,n15_c50_s42,-1,0.0
530840,bertopic,n15_c50_s42,-1,0.0
530871,bertopic,n15_c50_s42,20,0.7055475386240061
530990,bertopic,n15_c50_s42,11,0.8314429767216716
531039,bertopic,n15_c50_s42,15,0.600563719409731
531051,bertopic,n15_c50_s42,31,1.0
531151,bertopic,n15_c50_s42,-1,0.0
531339,bertopic,n15_c50_s42,29,1.0
531459,bertopic,n15_c50_s42,32,1.0
531474,bertopic,n15_c50_s42,23,0.8200073773530322
531490,bertopic,n15_c50_s42,2,1.0
531522,bertopic,n15_c50_s42,-1,0.0
531531,bertopic,n15_c50_s42,2,1.0
531537,bertopic,n15_c50_s42,2,1.0
531554,bertopic,n15_c50_s42,15,1.0
531594,bertopic,n15_c50_s42,30,1.0
531597,bertopic,n15_c50_s42,-1,0.0
531615,bertopic,n15_c50_s42,30,1.0
531744,bertopic,n15_c50_s42,6,0.3679183711308884
531745,bertopic,n15_c50_s42,30,1.0
531801,bertopic,n15_c50_s42,2,1.0
531894,bertopic,n15_c50_s42,30,1.0
531964,bertopic,n15_c50_s42,30,1.0
531978,bertopic,n15_c50_s42,17,0.7620992923869208
531987,bertopic,n15_c50_s42,-1,0.0
532013,bertopic,n15_c50_s42,0,1.0
532151,bertopic,n15_c50_s42,10,1.0
532231,bertopic,n15_c50_s42,0,1.0
532235,bertopic,n15_c50_s42,8,0.8098006021686482
532242,bertopic,n15_c50_s42,3,1.0
532245,bertopic,n15_c50_s42,-1,0.0
532266,bertopic,n15_c50_s42,8,0.8098006021686482
532268,bertopic,n15_c50_s42,17,0.510018011157019
532278,bertopic,n15_c50_s42,3,0.5482781846932547
532325,bertopic,n15_c50_s42,17,1.0
532346,bertopic,n15_c50_s42,20,1.0
532373,bertopic,n15_c50_s42,17,1.0
532416,bertopic,n15_c50_s42,17,0.7620992923869208
532425,bertopic,n15_c50_s42,-1,0.0
532443,bertopic,n15_c50_s42,-1,0.0
532449,bertopic,n15_c50_s42,25,1.0
532513,bertopic,n15_c50_s42,-1,0.0
532573,bertopic,n15_c50_s42,29,1.0
532644,bertopic,n15_c50_s42,29,1.0
532654,bertopic,n15_c50_s42,17,0.940106368674285
532663,bertopic,n15_c50_s42,29,1.0
532672,bertopic,n15_c50_s42,25,0.9240398461590553
532693,bertopic,n15_c50_s42,0,1.0
532716,bertopic,n15_c50_s42,-1,0.0
532781,bertopic,n15_c50_s42,2,1.0
532782,bertopic,n15_c50_s42,0,1.0
532799,bertopic,n15_c50_s42,-1,0.0
532812,bertopic,n15_c50_s42,-1,0.0
532823,bertopic,n15_c50_s42,-1,0.0
532828,bertopic,n15_c50_s42,17,1.0
532896,bertopic,n15_c50_s42,-1,0.0
532914,bertopic,n15_c50_s42,36,1.0
532953,bertopic,n15_c50_s42,23,0.5842917726605965
533057,bertopic,n15_c50_s42,18,1.0
533058,bertopic,n15_c50_s42,16,0.907904657826294
533085,bertopic,n15_c50_s42,2,1.0
533196,bertopic,n15_c50_s42,18,1.0
533242,bertopic,n15_c50_s42,0,1.0
533250,bertopic,n15_c50_s42,0,1.0
533262,bertopic,n15_c50_s42,-1,0.0
533285,bertopic,n15_c50_s42,5,0.9160797169516182
533288,bertopic,n15_c50_s42,-1,0.0
533306,bertopic,n15_c50_s42,-1,0.0
533407,bertopic,n15_c50_s42,35,0.7310588334802253
533428,bertopic,n15_c50_s42,-1,0.0
533642,bertopic,n15_c50_s42,1,0.2811251637275487
533835,bertopic,n15_c50_s42,-1,0.0
533845,bertopic,n15_c50_s42,25,1.0
533871,bertopic,n15_c50_s42,27,0.550876839477791
533882,bertopic,n15_c50_s42,14,0.8366884513123715
533917,bertopic,n15_c50_s42,5,0.8902401710147108
533998,bertopic,n15_c50_s42,6,1.0
534007,bertopic,n15_c50_s42,15,1.0
534077,bertopic,n15_c50_s42,17,1.0
534195,bertopic,n15_c50_s42,1,0.17040249816337727
534290,bertopic,n15_c50_s42,30,1.0
534308,bertopic,n15_c50_s42,5,0.733350111216172
534363,bertopic,n15_c50_s42,24,0.48455711892750075
534382,bertopic,n15_c50_s42,10,0.4383515018840619
534472,bertopic,n15_c50_s42,-1,0.0
534489,bertopic,n15_c50_s42,26,0.4388991766338198
534509,bertopic,n15_c50_s42,2,1.0
534534,bertopic,n15_c50_s42,-1,0.0
534575,bertopic,n15_c50_s42,4,1.0
534716,bertopic,n15_c50_s42,5,0.6297064136546001
534884,bertopic,n15_c50_s42,7,0.5980011309972132
534886,bertopic,n15_c50_s42,-1,0.0
534985,bertopic,n15_c50_s42,1,1.0
535092,bertopic,n15_c50_s42,12,1.0
535101,bertopic,n15_c50_s42,1,1.0
535122,bertopic,n15_c50_s42,30,1.0
535230,bertopic,n15_c50_s42,-1,0.0
535237,bertopic,n15_c50_s42,30,1.0
535242,bertopic,n15_c50_s42,23,1.0
535311,bertopic,n15_c50_s42,10,0.4446305837874509
535323,bertopic,n15_c50_s42,17,0.49766850200380536
535451,bertopic,n15_c50_s42,30,0.9810704238205777
535473,bertopic,n15_c50_s42,22,1.0
535564,bertopic,n15_c50_s42,8,0.8255124861418702
535633,bertopic,n15_c50_s42,-1,0.0
535724,bertopic,n15_c50_s42,-1,0.0
535802,bertopic,n15_c50_s42,-1,0.0
535817,bertopic,n15_c50_s42,1,1.0
535879,bertopic,n15_c50_s42,17,0.5723566022671805
535909,bertopic,n15_c50_s42,20,1.0
536024,bertopic,n15_c50_s42,29,1.0
536518,bertopic,n15_c50_s42,7,0.9559732310347447
536545,bertopic,n15_c50_s42,7,0.9851348818019326
536605,bertopic,n15_c50_s42,-1,0.0
536618,bertopic,n15_c50_s42,1,0.17040249816337727
536920,bertopic,n15_c50_s42,18,1.0
536999,bertopic,n15_c50_s42,25,1.0
537046,bertopic,n15_c50_s42,16,1.0
537187,bertopic,n15_c50_s42,1,1.0
537251,bertopic,n15_c50_s42,0,0.1344555810401498
537257,bertopic,n15_c50_s42,0,1.0
537353,bertopic,n15_c50_s42,3,1.0
537401,bertopic,n15_c50_s42,14,0.7677695999166274
537422,bertopic,n15_c50_s42,38,1.0
537437,bertopic,n15_c50_s42,8,0.3488984875886688
537486,bertopic,n15_c50_s42,11,0.8711067922409653
537540,bertopic,n15_c50_s42,0,0.1344555810401498
537622,bertopic,n15_c50_s42,8,0.9969521753388283
537714,bertopic,n15_c50_s42,-1,0.0
537741,bertopic,n15_c50_s42,9,1.0
538018,bertopic,n15_c50_s42,-1,0.0
538067,bertopic,n15_c50_s42,2,1.0
538170,bertopic,n15_c50_s42,11,0.8704666873233062
538222,bertopic,n15_c50_s42,1,0.6080049878248824
538244,bertopic,n15_c50_s42,-1,0.0
538337,bertopic,n15_c50_s42,33,1.0
538458,bertopic,n15_c50_s42,-1,0.0
538473,bertopic,n15_c50_s42,-1,0.0
538492,bertopic,n15_c50_s42,1,0.934404439095931
538519,bertopic,n15_c50_s42,23,1.0
538680,bertopic,n15_c50_s42,23,0.8397662266512541
538689,bertopic,n15_c50_s42,12,1.0
538703,bertopic,n15_c50_s42,0,1.0
538717,bertopic,n15_c50_s42,15,0.6544863308252895
538770,bertopic,n15_c50_s42,33,1.0
538792,bertopic,n15_c50_s42,-1,0.0
538833,bertopic,n15_c50_s42,29,1.0
538838,bertopic,n15_c50_s42,2,0.733484671554008
538955,bertopic,n15_c50_s42,1,1.0
539051,bertopic,n15_c50_s42,1,0.8390267536349075
539052,bertopic,n15_c50_s42,2,0.8602847819021172
539101,bertopic,n15_c50_s42,2,1.0
539223,bertopic,n15_c50_s42,12,1.0
539365,bertopic,n15_c50_s42,10,0.3918470446818332
539369,bertopic,n15_c50_s42,10,0.3918470446818332
539540,bertopic,n15_c50_s42,-1,0.0
539737,bertopic,n15_c50_s42,1,0.6080049878248824
539863,bertopic,n15_c50_s42,18,0.9635010841911168
539927,bertopic,n15_c50_s42,2,1.0
540126,bertopic,n15_c50_s42,24,1.0
540219,bertopic,n15_c50_s42,-1,0.0
540367,bertopic,n15_c50_s42,8,0.9564976962836944
540368,bertopic,n15_c50_s42,24,1.0
540442,bertopic,n15_c50_s42,11,0.9273093968020385
540451,bertopic,n15_c50_s42,5,0.9113380032005824
540477,bertopic,n15_c50_s42,2,0.3660888077406
540534,bertopic,n15_c50_s42,2,1.0
540630,bertopic,n15_c50_s42,24,0.5291900138019086
540669,bertopic,n15_c50_s42,28,1.0
540693,bertopic,n15_c50_s42,16,1.0
540869,bertopic,n15_c50_s42,16,0.8321393799941623
540895,bertopic,n15_c50_s42,0,0.6735973546403773
540914,bertopic,n15_c50_s42,-1,0.0
540964,bertopic,n15_c50_s42,-1,0.0
541045,bertopic,n15_c50_s42,2,0.9626929597875836
541104,bertopic,n15_c50_s42,32,0.8809101298745984
541137,bertopic,n15_c50_s42,8,0.9564976962836944
541162,bertopic,n15_c50_s42,28,0.7973640811458645
541211,bertopic,n15_c50_s42,35,1.0
541339,bertopic,n15_c50_s42,-1,0.0
541374,bertopic,n15_c50_s42,-1,0.0
541385,bertopic,n15_c50_s42,12,0.5340615766348344
541402,bertopic,n15_c50_s42,9,1.0
541424,bertopic,n15_c50_s42,12,1.0
541446,bertopic,n15_c50_s42,9,0.7182099411920537
541518,bertopic,n15_c50_s42,-1,0.0
541556,bertopic,n15_c50_s42,-1,0.0
541586,bertopic,n15_c50_s42,-1,0.0
541848,bertopic,n15_c50_s42,21,0.33475676536068505
541900,bertopic,n15_c50_s42,-1,0.0
541933,bertopic,n15_c50_s42,-1,0.0
541967,bertopic,n15_c50_s42,26,0.960699694694469
542073,bertopic,n15_c50_s42,-1,0.0
542075,bertopic,n15_c50_s42,24,1.0
542164,bertopic,n15_c50_s42,25,0.9818268684890198
542345,bertopic,n15_c50_s42,12,1.0
542423,bertopic,n15_c50_s42,0,1.0
542446,bertopic,n15_c50_s42,0,1.0
542542,bertopic,n15_c50_s42,11,0.9273093968020385
542770,bertopic,n15_c50_s42,-1,0.0
542814,bertopic,n15_c50_s42,10,0.5924323289212847
542853,bertopic,n15_c50_s42,8,0.8098006021686482
542860,bertopic,n15_c50_s42,5,0.8576385290779508
542911,bertopic,n15_c50_s42,20,1.0
542917,bertopic,n15_c50_s42,0,0.3277305395150376
542927,bertopic,n15_c50_s42,0,1.0
543061,bertopic,n15_c50_s42,0,0.7594353614421889
543074,bertopic,n15_c50_s42,27,1.0
543199,bertopic,n15_c50_s42,37,1.0
543253,bertopic,n15_c50_s42,10,0.4383515018840619
543527,bertopic,n15_c50_s42,11,1.0
543631,bertopic,n15_c50_s42,0,0.8252224512077474
543752,bertopic,n15_c50_s42,8,1.0
543798,bertopic,n15_c50_s42,3,1.0
543801,bertopic,n15_c50_s42,-1,0.0
543888,bertopic,n15_c50_s42,17,1.0
543931,bertopic,n15_c50_s42,34,1.0
543982,bertopic,n15_c50_s42,33,1.0
544171,bertopic,n15_c50_s42,26,0.8801074694832267
544222,bertopic,n15_c50_s42,24,1.0
544370,bertopic,n15_c50_s42,23,1.0
544383,bertopic,n15_c50_s42,0,1.0
544495,bertopic,n15_c50_s42,10,0.6680632790798344
544549,bertopic,n15_c50_s42,33,1.0
544691,bertopic,n15_c50_s42,2,1.0
544717,bertopic,n15_c50_s42,-1,0.0
544815,bertopic,n15_c50_s42,0,1.0
544945,bertopic,n15_c50_s42,-1,0.0
545076,bertopic,n15_c50_s42,24,0.9727656348799735
545090,bertopic,n15_c50_s42,22,1.0
545113,bertopic,n15_c50_s42,1,0.8549896404982731
545349,bertopic,n15_c50_s42,1,1.0
545356,bertopic,n15_c50_s42,1,1.0
545373,bertopic,n15_c50_s42,-1,0.0
545605,bertopic,n15_c50_s42,14,0.34625637960387895
545612,bertopic,n15_c50_s42,4,0.7657847527693615
545631,bertopic,n15_c50_s42,2,1.0
545646,bertopic,n15_c50_s42,29,1.0
545698,bertopic,n15_c50_s42,-1,0.0
545713,bertopic,n15_c50_s42,1,0.36364877867349565
545815,bertopic,n15_c50_s42,19,1.0
545913,bertopic,n15_c50_s42,-1,0.0
545996,bertopic,n15_c50_s42,11,1.0
546020,bertopic,n15_c50_s42,14,1.0
546031,bertopic,n15_c50_s42,-1,0.0
546045,bertopic,n15_c50_s42,1,1.0
546051,bertopic,n15_c50_s42,-1,0.0
546058,bertopic,n15_c50_s42,34,1.0
546154,bertopic,n15_c50_s42,-1,0.0
546160,bertopic,n15_c50_s42,0,1.0
546207,bertopic,n15_c50_s42,20,0.7055475386240061
546245,bertopic,n15_c50_s42,22,1.0
546308,bertopic,n15_c50_s42,2,0.7365473200867206
546320,bertopic,n15_c50_s42,-1,0.0
546374,bertopic,n15_c50_s42,-1,0.0
546490,bertopic,n15_c50_s42,2,1.0
546531,bertopic,n15_c50_s42,17,1.0
546575,bertopic,n15_c50_s42,3,1.0
546698,bertopic,n15_c50_s42,-1,0.0
546719,bertopic,n15_c50_s42,2,1.0
546846,bertopic,n15_c50_s42,24,0.5291900138019086
546848,bertopic,n15_c50_s42,-1,0.0
547261,bertopic,n15_c50_s42,32,1.0
547350,bertopic,n15_c50_s42,11,0.7421122898991425
547354,bertopic,n15_c50_s42,24,1.0
547487,bertopic,n15_c50_s42,1,0.36364877867349565
547492,bertopic,n15_c50_s42,2,0.733484671554008
547511,bertopic,n15_c50_s42,-1,0.0
547560,bertopic,n15_c50_s42,14,1.0
547575,bertopic,n15_c50_s42,5,0.7813582379807973
547684,bertopic,n15_c50_s42,0,0.1344555810401498
547687,bertopic,n15_c50_s42,-1,0.0
547776,bertopic,n15_c50_s42,4,0.8662011298623876
547821,bertopic,n15_c50_s42,24,1.0
547826,bertopic,n15_c50_s42,-1,0.0
547863,bertopic,n15_c50_s42,0,0.3277305395150376
547928,bertopic,n15_c50_s42,0,1.0
547959,bertopic,n15_c50_s42,11,0.9273093968020385
548026,bertopic,n15_c50_s42,38,1.0
548152,bertopic,n15_c50_s42,1,0.36364877867349565
548169,bertopic,n15_c50_s42,32,1.0
548254,bertopic,n15_c50_s42,1,0.36364877867349565
548362,bertopic,n15_c50_s42,2,1.0
548526,bertopic,n15_c50_s42,-1,0.0
548559,bertopic,n15_c50_s42,17,1.0
548607,bertopic,n15_c50_s42,8,0.9564976962836944
548636,bertopic,n15_c50_s42,17,1.0
548701,bertopic,n15_c50_s42,-1,0.0
548736,bertopic,n15_c50_s42,3,0.5482781846932547
548773,bertopic,n15_c50_s42,37,1.0
548800,bertopic,n15_c50_s42,22,1.0
548878,bertopic,n15_c50_s42,-1,0.0
548965,bertopic,n15_c50_s42,22,1.0
548981,bertopic,n15_c50_s42,17,1.0
549015,bertopic,n15_c50_s42,-1,0.0
549049,bertopic,n15_c50_s42,29,1.0
549108,bertopic,n15_c50_s42,-1,0.0
549122,bertopic,n15_c50_s42,17,0.9133535774878104
549135,bertopic,n15_c50_s42,-1,0.0
549219,bertopic,n15_c50_s42,-1,0.0
549236,bertopic,n15_c50_s42,-1,0.0
549255,bertopic,n15_c50_s42,24,0.5291900138019086
549333,bertopic,n15_c50_s42,17,1.0
549355,bertopic,n15_c50_s42,-1,0.0
549361,bertopic,n15_c50_s42,5,0.8761641292508354
549367,bertopic,n15_c50_s42,2,1.0
549379,bertopic,n15_c50_s42,-1,0.0
549443,bertopic,n15_c50_s42,4,0.9937005083724499
549469,bertopic,n15_c50_s42,1,1.0
549481,bertopic,n15_c50_s42,18,1.0
549579,bertopic,n15_c50_s42,17,1.0
549605,bertopic,n15_c50_s42,17,0.5152835328421874
549711,bertopic,n15_c50_s42,2,1.0
549737,bertopic,n15_c50_s42,-1,0.0
549751,bertopic,n15_c50_s42,5,0.733350111216172
549914,bertopic,n15_c50_s42,11,0.8711067922409653
550064,bertopic,n15_c50_s42,2,1.0
550072,bertopic,n15_c50_s42,28,1.0
550080,bertopic,n15_c50_s42,4,0.9235205397404076
550108,bertopic,n15_c50_s42,27,0.550876839477791
550249,bertopic,n15_c50_s42,-1,0.0
550273,bertopic,n15_c50_s42,1,1.0
550330,bertopic,n15_c50_s42,1,1.0
550411,bertopic,n15_c50_s42,0,0.5721608202923522
550444,bertopic,n15_c50_s42,0,1.0
550450,bertopic,n15_c50_s42,1,1.0
550480,bertopic,n15_c50_s42,1,1.0
550483,bertopic,n15_c50_s42,1,1.0
550508,bertopic,n15_c50_s42,1,0.7483445918313503
550534,bertopic,n15_c50_s42,1,1.0
550553,bertopic,n15_c50_s42,1,0.7483445918313503
550590,bertopic,n15_c50_s42,-1,0.0
550666,bertopic,n15_c50_s42,1,1.0
550820,bertopic,n15_c50_s42,33,1.0
550836,bertopic,n15_c50_s42,6,0.353307559314929
550872,bertopic,n15_c50_s42,17,0.7932472458366109
550901,bertopic,n15_c50_s42,-1,0.0
551022,bertopic,n15_c50_s42,14,0.9661378315458418
551073,bertopic,n15_c50_s42,-1,0.0
551081,bertopic,n15_c50_s42,8,0.4040211179834247
551096,bertopic,n15_c50_s42,22,0.9279873032947314
551207,bertopic,n15_c50_s42,-1,0.0
551265,bertopic,n15_c50_s42,10,0.7189305066349144
551280,bertopic,n15_c50_s42,2,1.0
551297,bertopic,n15_c50_s42,-1,0.0
551395,bertopic,n15_c50_s42,7,0.8788242483496311
551428,bertopic,n15_c50_s42,22,1.0
551481,bertopic,n15_c50_s42,-1,0.0
551515,bertopic,n15_c50_s42,-1,0.0
551580,bertopic,n15_c50_s42,17,0.8564289881635017
551582,bertopic,n15_c50_s42,-1,0.0
551586,bertopic,n15_c50_s42,12,1.0
551716,bertopic,n15_c50_s42,24,1.0
551754,bertopic,n15_c50_s42,2,1.0
551912,bertopic,n15_c50_s42,2,1.0
552002,bertopic,n15_c50_s42,24,1.0
552020,bertopic,n15_c50_s42,5,0.8761641292508354
552086,bertopic,n15_c50_s42,15,0.9036697635883362
552104,bertopic,n15_c50_s42,-1,0.0
552167,bertopic,n15_c50_s42,7,1.0
552188,bertopic,n15_c50_s42,7,1.0
552206,bertopic,n15_c50_s42,7,0.812167763677516
552207,bertopic,n15_c50_s42,7,1.0
552221,bertopic,n15_c50_s42,1,1.0
552260,bertopic,n15_c50_s42,11,0.8711067922409653
552364,bertopic,n15_c50_s42,7,0.9025580498128498
552399,bertopic,n15_c50_s42,9,1.0
552421,bertopic,n15_c50_s42,7,0.9263747105919619
552476,bertopic,n15_c50_s42,16,1.0
552500,bertopic,n15_c50_s42,2,1.0
552506,bertopic,n15_c50_s42,30,0.6444320283923779
552513,bertopic,n15_c50_s42,29,0.9340295262133801
552543,bertopic,n15_c50_s42,7,0.7439239000603043
552561,bertopic,n15_c50_s42,12,0.6658203709583818
552584,bertopic,n15_c50_s42,7,1.0
552663,bertopic,n15_c50_s42,29,0.8506599595635074
552667,bertopic,n15_c50_s42,7,1.0
552725,bertopic,n15_c50_s42,17,1.0
552737,bertopic,n15_c50_s42,17,1.0
552741,bertopic,n15_c50_s42,0,1.0
552761,bertopic,n15_c50_s42,2,1.0
552791,bertopic,n15_c50_s42,11,0.9901436589764835
553200,bertopic,n15_c50_s42,7,0.9684891295919472
553205,bertopic,n15_c50_s42,14,1.0
553270,bertopic,n15_c50_s42,4,0.9357352234835526
553278,bertopic,n15_c50_s42,2,1.0
553460,bertopic,n15_c50_s42,24,0.5291900138019086
553484,bertopic,n15_c50_s42,0,0.7039002400217588
553628,bertopic,n15_c50_s42,3,0.6101583640579142
553802,bertopic,n15_c50_s42,3,1.0
553941,bertopic,n15_c50_s42,3,0.9474961895591554
553997,bertopic,n15_c50_s42,22,1.0
554009,bertopic,n15_c50_s42,0,0.9333487563259163
554062,bertopic,n15_c50_s42,2,0.9512401733374696
554121,bertopic,n15_c50_s42,3,0.5002725087866164
554126,bertopic,n15_c50_s42,7,0.8237442072476651
554133,bertopic,n15_c50_s42,-1,0.0
554230,bertopic,n15_c50_s42,4,1.0
554294,bertopic,n15_c50_s42,7,0.9142276326962608
554391,bertopic,n15_c50_s42,-1,0.0
554442,bertopic,n15_c50_s42,8,0.48469550650373233
554492,bertopic,n15_c50_s42,-1,0.0
554543,bertopic,n15_c50_s42,-1,0.0
554685,bertopic,n15_c50_s42,-1,0.0
554745,bertopic,n15_c50_s42,7,1.0
554759,bertopic,n15_c50_s42,17,0.5955286790445327
554820,bertopic,n15_c50_s42,7,0.8237442072476651
554844,bertopic,n15_c50_s42,11,1.0
555019,bertopic,n15_c50_s42,28,0.6182226087523822
555048,bertopic,n15_c50_s42,2,1.0
555056,bertopic,n15_c50_s42,5,0.555513491131908
555062,bertopic,n15_c50_s42,-1,0.0
555506,bertopic,n15_c50_s42,0,1.0
555549,bertopic,n15_c50_s42,-1,0.0
555641,bertopic,n15_c50_s42,-1,0.0
555737,bertopic,n15_c50_s42,14,1.0
555783,bertopic,n15_c50_s42,5,0.7625078241968176
555870,bertopic,n15_c50_s42,12,1.0
555933,bertopic,n15_c50_s42,-1,0.0
555969,bertopic,n15_c50_s42,19,0.6492114934665508
556008,bertopic,n15_c50_s42,-1,0.0
556034,bertopic,n15_c50_s42,7,0.6867640698926626
556197,bertopic,n15_c50_s42,28,1.0
556377,bertopic,n15_c50_s42,4,1.0
556380,bertopic,n15_c50_s42,9,1.0
556557,bertopic,n15_c50_s42,11,0.11047900230844042
556570,bertopic,n15_c50_s42,7,0.8520439318579502
556585,bertopic,n15_c50_s42,25,1.0
556622,bertopic,n15_c50_s42,12,0.5340615766348344
556635,bertopic,n15_c50_s42,2,1.0
556708,bertopic,n15_c50_s42,-1,0.0
556751,bertopic,n15_c50_s42,3,1.0
556948,bertopic,n15_c50_s42,2,0.733484671554008
556974,bertopic,n15_c50_s42,36,1.0
557015,bertopic,n15_c50_s42,7,0.9684891295919472
557078,bertopic,n15_c50_s42,2,0.9626929597875836
557122,bertopic,n15_c50_s42,24,0.5291900138019086
557176,bertopic,n15_c50_s42,25,0.9347511393590008
557244,bertopic,n15_c50_s42,12,1.0
557262,bertopic,n15_c50_s42,-1,0.0
557284,bertopic,n15_c50_s42,2,1.0
557350,bertopic,n15_c50_s42,0,1.0
557442,bertopic,n15_c50_s42,-1,0.0
557857,bertopic,n15_c50_s42,28,1.0
557868,bertopic,n15_c50_s42,10,0.653923029467031
557988,bertopic,n15_c50_s42,-1,0.0
557996,bertopic,n15_c50_s42,2,1.0
558178,bertopic,n15_c50_s42,22,0.7263696664676225
558413,bertopic,n15_c50_s42,11,0.8711067922409653
558564,bertopic,n15_c50_s42,32,1.0
558652,bertopic,n15_c50_s42,17,1.0
558731,bertopic,n15_c50_s42,-1,0.0
558769,bertopic,n15_c50_s42,28,1.0
558896,bertopic,n15_c50_s42,16,0.8279575131237209
558940,bertopic,n15_c50_s42,10,1.0
559059,bertopic,n15_c50_s42,0,1.0
559407,bertopic,n15_c50_s42,14,0.9640991754127
559507,bertopic,n15_c50_s42,5,0.555513491131908
559536,bertopic,n15_c50_s42,17,1.0
559585,bertopic,n15_c50_s42,0,1.0
559597,bertopic,n15_c50_s42,23,1.0
559815,bertopic,n15_c50_s42,29,0.4223289108364647
559853,bertopic,n15_c50_s42,2,1.0
559866,bertopic,n15_c50_s42,4,1.0
559920,bertopic,n15_c50_s42,9,0.3690086220333308
560010,bertopic,n15_c50_s42,-1,0.0
560052,bertopic,n15_c50_s42,0,1.0
560283,bertopic,n15_c50_s42,0,1.0
560291,bertopic,n15_c50_s42,3,0.8785844095702475
560327,bertopic,n15_c50_s42,10,0.8986027514886533
560330,bertopic,n15_c50_s42,-1,0.0
560368,bertopic,n15_c50_s42,24,1.0
560409,bertopic,n15_c50_s42,29,1.0
560436,bertopic,n15_c50_s42,-1,0.0
560649,bertopic,n15_c50_s42,20,0.4078324594835337
560713,bertopic,n15_c50_s42,2,1.0
560910,bertopic,n15_c50_s42,7,0.9684891295919472
561017,bertopic,n15_c50_s42,0,1.0
561059,bertopic,n15_c50_s42,21,0.3118715003049892
561102,bertopic,n15_c50_s42,13,0.9044906313709672
561262,bertopic,n15_c50_s42,2,1.0
561342,bertopic,n15_c50_s42,-1,0.0
561402,bertopic,n15_c50_s42,10,1.0
562011,bertopic,n15_c50_s42,26,0.9583668024231329
562096,bertopic,n15_c50_s42,2,1.0
562373,bertopic,n15_c50_s42,7,0.7221950950528154
562627,bertopic,n15_c50_s42,11,1.0
562656,bertopic,n15_c50_s42,1,0.9029578968077432
562705,bertopic,n15_c50_s42,7,0.9684891295919472
562713,bertopic,n15_c50_s42,-1,0.0
562777,bertopic,n15_c50_s42,7,0.9684891295919472
562962,bertopic,n15_c50_s42,8,0.8189490918744387
563028,bertopic,n15_c50_s42,22,1.0
563043,bertopic,n15_c50_s42,5,1.0
563237,bertopic,n15_c50_s42,17,1.0
563310,bertopic,n15_c50_s42,28,1.0
563428,bertopic,n15_c50_s42,12,0.5990672596051171
563562,bertopic,n15_c50_s42,31,1.0
563606,bertopic,n15_c50_s42,28,1.0
563716,bertopic,n15_c50_s42,2,1.0
563736,bertopic,n15_c50_s42,13,0.7248032071931572
563774,bertopic,n15_c50_s42,2,0.7365473200867206
563870,bertopic,n15_c50_s42,11,1.0
564061,bertopic,n15_c50_s42,0,1.0
564110,bertopic,n15_c50_s42,11,0.11047900230844042
564294,bertopic,n15_c50_s42,36,1.0
564426,bertopic,n15_c50_s42,37,1.0
564476,bertopic,n15_c50_s42,16,1.0
564562,bertopic,n15_c50_s42,28,1.0
564695,bertopic,n15_c50_s42,27,0.550876839477791
564808,bertopic,n15_c50_s42,3,0.39456700386500376
564887,bertopic,n15_c50_s42,15,1.0
564981,bertopic,n15_c50_s42,11,1.0
565085,bertopic,n15_c50_s42,25,1.0
565323,bertopic,n15_c50_s42,0,1.0
565485,bertopic,n15_c50_s42,7,1.0
565529,bertopic,n15_c50_s42,2,1.0
565598,bertopic,n15_c50_s42,-1,0.0
565654,bertopic,n15_c50_s42,3,0.6177366271559818
565790,bertopic,n15_c50_s42,-1,0.0
565832,bertopic,n15_c50_s42,0,1.0
565873,bertopic,n15_c50_s42,28,1.0
565886,bertopic,n15_c50_s42,-1,0.0
565964,bertopic,n15_c50_s42,-1,0.0
566067,bertopic,n15_c50_s42,16,1.0
566139,bertopic,n15_c50_s42,1,0.2811251637275487
566214,bertopic,n15_c50_s42,1,0.2811251637275487
566438,bertopic,n15_c50_s42,19,1.0
566451,bertopic,n15_c50_s42,-1,0.0
566478,bertopic,n15_c50_s42,4,1.0
566626,bertopic,n15_c50_s42,8,0.6474317947260503
566687,bertopic,n15_c50_s42,-1,0.0
566735,bertopic,n15_c50_s42,-1,0.0
566827,bertopic,n15_c50_s42,2,1.0
566929,bertopic,n15_c50_s42,-1,0.0
567016,bertopic,n15_c50_s42,0,1.0
567033,bertopic,n15_c50_s42,0,1.0
567038,bertopic,n15_c50_s42,0,1.0
567040,bertopic,n15_c50_s42,0,1.0
567094,bertopic,n15_c50_s42,-1,0.0
567137,bertopic,n15_c50_s42,0,0.90458743881053
567141,bertopic,n15_c50_s42,0,1.0
567285,bertopic,n15_c50_s42,0,0.1344555810401498
567617,bertopic,n15_c50_s42,2,0.8791638520552585
567672,bertopic,n15_c50_s42,5,0.555513491131908
567805,bertopic,n15_c50_s42,8,0.8098006021686482
568002,bertopic,n15_c50_s42,0,1.0
568156,bertopic,n15_c50_s42,-1,0.0
568166,bertopic,n15_c50_s42,-1,0.0
568243,bertopic,n15_c50_s42,-1,0.0
568292,bertopic,n15_c50_s42,5,0.3783093057304762
568837,bertopic,n15_c50_s42,3,0.39456700386500376
568992,bertopic,n15_c50_s42,37,1.0
569009,bertopic,n15_c50_s42,32,1.0
569044,bertopic,n15_c50_s42,10,0.6776223355785604
569205,bertopic,n15_c50_s42,-1,0.0
569354,bertopic,n15_c50_s42,2,1.0
569480,bertopic,n15_c50_s42,10,0.4383515018840619
569506,bertopic,n15_c50_s42,11,0.22469530708567065
569629,bertopic,n15_c50_s42,2,1.0
570603,bertopic,n15_c50_s42,2,0.8271832573219676
571389,bertopic,n15_c50_s42,-1,0.0
576920,bertopic,n15_c50_s42,27,1.0
577338,bertopic,n15_c50_s42,26,1.0
578713,bertopic,n15_c50_s42,20,0.7055475386240061
582036,bertopic,n15_c50_s42,9,0.8303531454545234
586844,bertopic,n15_c50_s42,-1,0.0
587422,bertopic,n15_c50_s42,15,1.0
589437,bertopic,n15_c50_s42,26,0.4991349274752316
590150,bertopic,n15_c50_s42,-1,0.0
592051,bertopic,n15_c50_s42,4,1.0
598866,bertopic,n15_c50_s42,11,0.11047900230844042
600392,bertopic,n15_c50_s42,1,0.6080049878248824
600706,bertopic,n15_c50_s42,9,1.0
602727,bertopic,n15_c50_s42,20,0.9246315322487088
602851,bertopic,n15_c50_s42,-1,0.0
603832,bertopic,n15_c50_s42,0,1.0
604489,bertopic,n15_c50_s42,-1,0.0
608360,bertopic,n15_c50_s42,5,0.7639013930441876
608599,bertopic,n15_c50_s42,8,0.4306491036408106
609335,bertopic,n15_c50_s42,14,1.0
610962,bertopic,n15_c50_s42,16,1.0
614593,bertopic,n15_c50_s42,9,0.3690086220333308
615041,bertopic,n15_c50_s42,7,1.0
617701,bertopic,n15_c50_s42,22,0.7263696664676225
619719,bertopic,n15_c50_s42,-1,0.0
620069,bertopic,n15_c50_s42,4,1.0
622146,bertopic,n15_c50_s42,-1,0.0
623162,bertopic,n15_c50_s42,5,1.0
623174,bertopic,n15_c50_s42,22,1.0
624005,bertopic,n15_c50_s42,-1,0.0
625400,bertopic,n15_c50_s42,33,1.0
627373,bertopic,n15_c50_s42,25,1.0
629330,bertopic,n15_c50_s42,9,1.0
635355,bertopic,n15_c50_s42,-1,0.0
636059,bertopic,n15_c50_s42,8,0.46549303661497166
641233,bertopic,n15_c50_s42,6,0.34133539421460585
641254,bertopic,n15_c50_s42,11,0.8711067922409653
641306,bertopic,n15_c50_s42,18,1.0
645141,bertopic,n15_c50_s42,-1,0.0
646775,bertopic,n15_c50_s42,18,1.0
646853,bertopic,n15_c50_s42,28,1.0
647749,bertopic,n15_c50_s42,3,1.0
647793,bertopic,n15_c50_s42,3,1.0
648284,bertopic,n15_c50_s42,4,0.9763837133297479
649738,bertopic,n15_c50_s42,12,1.0
650217,bertopic,n15_c50_s42,2,1.0
650310,bertopic,n15_c50_s42,8,0.8098006021686482
650337,bertopic,n15_c50_s42,8,0.6348278115779677
650456,bertopic,n15_c50_s42,16,1.0
650686,bertopic,n15_c50_s42,15,1.0
650941,bertopic,n15_c50_s42,-1,0.0
651000,bertopic,n15_c50_s42,18,1.0
651240,bertopic,n15_c50_s42,19,0.5699145163506357
651890,bertopic,n15_c50_s42,38,1.0
654131,bertopic,n15_c50_s42,36,1.0
654463,bertopic,n15_c50_s42,14,0.9661378315458418
654552,bertopic,n15_c50_s42,-1,0.0
654648,bertopic,n15_c50_s42,9,0.09422033020627348
656038,bertopic,n15_c50_s42,10,0.3918470446818332
656246,bertopic,n15_c50_s42,28,0.6182226087523822
657205,bertopic,n15_c50_s42,20,1.0
657566,bertopic,n15_c50_s42,8,0.9564976962836944
658037,bertopic,n15_c50_s42,19,1.0
658203,bertopic,n15_c50_s42,-1,0.0
658396,bertopic,n15_c50_s42,9,0.2894860881765392
658987,bertopic,n15_c50_s42,1,0.665970425280419
659058,bertopic,n15_c50_s42,2,1.0
659235,bertopic,n15_c50_s42,3,0.8958199280830451
659272,bertopic,n15_c50_s42,1,0.7818941245013139
659284,bertopic,n15_c50_s42,0,1.0
659365,bertopic,n15_c50_s42,38,1.0
659788,bertopic,n15_c50_s42,5,1.0
659832,bertopic,n15_c50_s42,0,1.0
660079,bertopic,n15_c50_s42,-1,0.0
660113,bertopic,n15_c50_s42,31,1.0
660369,bertopic,n15_c50_s42,0,1.0
660608,bertopic,n15_c50_s42,7,1.0
660755,bertopic,n15_c50_s42,4,0.9235205397404076
660895,bertopic,n15_c50_s42,25,1.0
660904,bertopic,n15_c50_s42,5,1.0
661062,bertopic,n15_c50_s42,10,0.3918470446818332
661200,bertopic,n15_c50_s42,0,1.0
661215,bertopic,n15_c50_s42,26,0.7718123748073037
661574,bertopic,n15_c50_s42,-1,0.0
661725,bertopic,n15_c50_s42,34,1.0
662701,bertopic,n15_c50_s42,5,0.2856923816063465
663919,bertopic,n15_c50_s42,5,0.8551837537509135
665315,bertopic,n15_c50_s42,9,0.2894860881765392
666200,bertopic,n15_c50_s42,38,1.0
666810,bertopic,n15_c50_s42,8,0.765611699075584
667190,bertopic,n15_c50_s42,19,1.0
667860,bertopic,n15_c50_s42,10,0.3918470446818332
669845,bertopic,n15_c50_s42,3,1.0
669848,bertopic,n15_c50_s42,-1,0.0
669937,bertopic,n15_c50_s42,-1,0.0
669941,bertopic,n15_c50_s42,3,1.0
670968,bertopic,n15_c50_s42,19,1.0
671140,bertopic,n15_c50_s42,5,0.569011098497972
671264,bertopic,n15_c50_s42,25,0.9240398461590553
671332,bertopic,n15_c50_s42,4,0.8948673835278722
671530,bertopic,n15_c50_s42,6,0.9226893517423029
671716,bertopic,n15_c50_s42,3,1.0
671874,bertopic,n15_c50_s42,-1,0.0
672187,bertopic,n15_c50_s42,18,0.9635010841911168
672188,bertopic,n15_c50_s42,19,1.0
672208,bertopic,n15_c50_s42,-1,0.0
672216,bertopic,n15_c50_s42,-1,0.0
672224,bertopic,n15_c50_s42,25,0.9107032107603995
672255,bertopic,n15_c50_s42,18,0.9129258028055088
672259,bertopic,n15_c50_s42,18,0.9635010841911168
672266,bertopic,n15_c50_s42,4,0.9340178153392784
672285,bertopic,n15_c50_s42,14,0.870229566647675
672350,bertopic,n15_c50_s42,18,0.9635010841911168
672648,bertopic,n15_c50_s42,9,0.2894860881765392
672738,bertopic,n15_c50_s42,-1,0.0
672889,bertopic,n15_c50_s42,4,1.0
673275,bertopic,n15_c50_s42,14,0.9661378315458418
673442,bertopic,n15_c50_s42,3,0.5750912363182
673580,bertopic,n15_c50_s42,-1,0.0
674506,bertopic,n15_c50_s42,4,1.0
674842,bertopic,n15_c50_s42,22,1.0
675026,bertopic,n15_c50_s42,0,1.0
675108,bertopic,n15_c50_s42,7,0.8237442072476651
675446,bertopic,n15_c50_s42,-1,0.0
675822,bertopic,n15_c50_s42,-1,0.0
675946,bertopic,n15_c50_s42,7,0.818834569823415
677283,bertopic,n15_c50_s42,4,0.9730793392172288
678454,bertopic,n15_c50_s42,-1,0.0
678786,bertopic,n15_c50_s42,8,0.648484924705967
679255,bertopic,n15_c50_s42,28,1.0
679282,bertopic,n15_c50_s42,-1,0.0
680093,bertopic,n15_c50_s42,3,0.5709964926542045
681005,bertopic,n15_c50_s42,-1,0.0
681256,bertopic,n15_c50_s42,0,0.3277305395150376
682450,bertopic,n15_c50_s42,-1,0.0
682792,bertopic,n15_c50_s42,16,1.0
682795,bertopic,n15_c50_s42,25,1.0
684367,bertopic,n15_c50_s42,0,1.0
684523,bertopic,n15_c50_s42,-1,0.0
684662,bertopic,n15_c50_s42,-1,0.0
685773,bertopic,n15_c50_s42,9,0.09422033020627348
686017,bertopic,n15_c50_s42,0,1.0
686476,bertopic,n15_c50_s42,3,1.0
686825,bertopic,n15_c50_s42,2,0.3660888077406
686901,bertopic,n15_c50_s42,6,0.3350117084759206
687371,bertopic,n15_c50_s42,-1,0.0
687392,bertopic,n15_c50_s42,-1,0.0
687573,bertopic,n15_c50_s42,12,0.5340615766348344
687672,bertopic,n15_c50_s42,9,1.0
687861,bertopic,n15_c50_s42,0,0.1344555810401498
688223,bertopic,n15_c50_s42,-1,0.0
688427,bertopic,n15_c50_s42,3,0.6101583640579142
689217,bertopic,n15_c50_s42,2,0.3660888077406
689930,bertopic,n15_c50_s42,-1,0.0
690064,bertopic,n15_c50_s42,-1,0.0
690689,bertopic,n15_c50_s42,2,1.0
691058,bertopic,n15_c50_s42,-1,0.0
692064,bertopic,n15_c50_s42,34,1.0
692103,bertopic,n15_c50_s42,10,0.3918470446818332
693494,bertopic,n15_c50_s42,17,1.0
693639,bertopic,n15_c50_s42,7,0.8237442072476651
693796,bertopic,n15_c50_s42,-1,0.0
694629,bertopic,n15_c50_s42,9,0.3690086220333308
695507,bertopic,n15_c50_s42,0,1.0
695646,bertopic,n15_c50_s42,-1,0.0
695834,bertopic,n15_c50_s42,33,1.0
696932,bertopic,n15_c50_s42,-1,0.0
697017,bertopic,n15_c50_s42,25,1.0
697046,bertopic,n15_c50_s42,5,0.8761641292508354
697183,bertopic,n15_c50_s42,3,0.4619004772744492
697295,bertopic,n15_c50_s42,17,0.7620992923869208
697643,bertopic,n15_c50_s42,33,1.0
697663,bertopic,n15_c50_s42,8,0.6337544553776001
697849,bertopic,n15_c50_s42,34,1.0
698280,bertopic,n15_c50_s42,10,1.0
698457,bertopic,n15_c50_s42,-1,0.0
699032,bertopic,n15_c50_s42,5,0.48599072332037846
699594,bertopic,n15_c50_s42,4,0.9763837133297479
699720,bertopic,n15_c50_s42,24,0.9366323238802644
701079,bertopic,n15_c50_s42,-1,0.0
703683,bertopic,n15_c50_s42,15,1.0
703890,bertopic,n15_c50_s42,32,1.0
704137,bertopic,n15_c50_s42,-1,0.0
704168,bertopic,n15_c50_s42,7,1.0
704790,bertopic,n15_c50_s42,-1,0.0
704909,bertopic,n15_c50_s42,37,1.0
704931,bertopic,n15_c50_s42,0,1.0
706120,bertopic,n15_c50_s42,9,0.21423808385209048
707021,bertopic,n15_c50_s42,13,0.19461884748958821
707393,bertopic,n15_c50_s42,11,1.0
707539,bertopic,n15_c50_s42,-1,0.0
708274,bertopic,n15_c50_s42,33,1.0
709574,bertopic,n15_c50_s42,22,1.0
710220,bertopic,n15_c50_s42,-1,0.0
710778,bertopic,n15_c50_s42,11,0.8711067922409653
710990,bertopic,n15_c50_s42,-1,0.0
711238,bertopic,n15_c50_s42,1,1.0
711327,bertopic,n15_c50_s42,26,1.0
711526,bertopic,n15_c50_s42,27,1.0
711747,bertopic,n15_c50_s42,32,1.0
713563,bertopic,n15_c50_s42,4,1.0
713863,bertopic,n15_c50_s42,16,1.0
714598,bertopic,n15_c50_s42,-1,0.0
715089,bertopic,n15_c50_s42,3,1.0
715332,bertopic,n15_c50_s42,1,0.916135781667514
715731,bertopic,n15_c50_s42,1,0.877973111508741
716169,bertopic,n15_c50_s42,14,0.9640991754127
717048,bertopic,n15_c50_s42,0,1.0
718752,bertopic,n15_c50_s42,29,1.0
719093,bertopic,n15_c50_s42,29,1.0
719149,bertopic,n15_c50_s42,1,0.6080049878248824
719493,bertopic,n15_c50_s42,10,1.0
720256,bertopic,n15_c50_s42,24,0.8608225928277655
720997,bertopic,n15_c50_s42,-1,0.0
721187,bertopic,n15_c50_s42,1,0.7483445918313503
721633,bertopic,n15_c50_s42,6,0.5714347738106976
722331,bertopic,n15_c50_s42,11,1.0
723845,bertopic,n15_c50_s42,10,1.0
725574,bertopic,n15_c50_s42,2,1.0
725605,bertopic,n15_c50_s42,0,1.0
725827,bertopic,n15_c50_s42,11,0.8861871033245535
727150,bertopic,n15_c50_s42,8,0.8994139228999508
727347,bertopic,n15_c50_s42,-1,0.0
727745,bertopic,n15_c50_s42,4,1.0
728317,bertopic,n15_c50_s42,35,1.0
729085,bertopic,n15_c50_s42,34,1.0
729270,bertopic,n15_c50_s42,9,0.3690086220333308
730351,bertopic,n15_c50_s42,2,1.0
730651,bertopic,n15_c50_s42,23,0.9814641826475491
731051,bertopic,n15_c50_s42,20,1.0
734258,bertopic,n15_c50_s42,-1,0.0
735258,bertopic,n15_c50_s42,25,0.9240398461590553
735350,bertopic,n15_c50_s42,7,1.0
735597,bertopic,n15_c50_s42,5,0.9706582149911568
736369,bertopic,n15_c50_s42,0,1.0
736628,bertopic,n15_c50_s42,5,0.555513491131908
736713,bertopic,n15_c50_s42,-1,0.0
737005,bertopic,n15_c50_s42,29,0.8907776738331016
737083,bertopic,n15_c50_s42,20,1.0
737896,bertopic,n15_c50_s42,2,1.0
738247,bertopic,n15_c50_s42,25,1.0
738462,bertopic,n15_c50_s42,33,1.0
738524,bertopic,n15_c50_s42,-1,0.0
738718,bertopic,n15_c50_s42,-1,0.0
739406,bertopic,n15_c50_s42,-1,0.0
739497,bertopic,n15_c50_s42,-1,0.0
740804,bertopic,n15_c50_s42,11,0.7338410461963311
741068,bertopic,n15_c50_s42,0,1.0
741213,bertopic,n15_c50_s42,4,0.9569450650391695
742014,bertopic,n15_c50_s42,24,0.9982586543657731
742272,bertopic,n15_c50_s42,0,0.3277305395150376
742408,bertopic,n15_c50_s42,4,0.8340404261981882
743015,bertopic,n15_c50_s42,17,0.8415042571391518
743992,bertopic,n15_c50_s42,34,1.0
744328,bertopic,n15_c50_s42,6,0.3845769234619132
744612,bertopic,n15_c50_s42,3,1.0
744814,bertopic,n15_c50_s42,0,1.0
745242,bertopic,n15_c50_s42,-1,0.0
746933,bertopic,n15_c50_s42,2,1.0
747079,bertopic,n15_c50_s42,-1,0.0
748725,bertopic,n15_c50_s42,4,1.0
749422,bertopic,n15_c50_s42,-1,0.0
751604,bertopic,n15_c50_s42,18,0.9635010841911168
751753,bertopic,n15_c50_s42,27,1.0
752173,bertopic,n15_c50_s42,26,1.0
753032,bertopic,n15_c50_s42,20,0.9096748073918028
755679,bertopic,n15_c50_s42,-1,0.0
756819,bertopic,n15_c50_s42,29,0.3375385969705078
757036,bertopic,n15_c50_s42,17,1.0
757221,bertopic,n15_c50_s42,-1,0.0
757276,bertopic,n15_c50_s42,-1,0.0
757335,bertopic,n15_c50_s42,1,1.0
758285,bertopic,n15_c50_s42,11,0.8711067922409653
758405,bertopic,n15_c50_s42,17,0.9467489608936429
759519,bertopic,n15_c50_s42,12,1.0
759725,bertopic,n15_c50_s42,-1,0.0
759807,bertopic,n15_c50_s42,24,0.7829664518573615
759838,bertopic,n15_c50_s42,-1,0.0
760498,bertopic,n15_c50_s42,-1,0.0
761422,bertopic,n15_c50_s42,14,0.9661378315458418
761724,bertopic,n15_c50_s42,28,1.0
761897,bertopic,n15_c50_s42,2,1.0
762072,bertopic,n15_c50_s42,23,1.0
762193,bertopic,n15_c50_s42,24,1.0
762384,bertopic,n15_c50_s42,14,0.45282191489904383
763279,bertopic,n15_c50_s42,16,0.8321393799941623
764188,bertopic,n15_c50_s42,-1,0.0
764314,bertopic,n15_c50_s42,1,0.17040249816337727
764835,bertopic,n15_c50_s42,0,0.5644630111026292
766713,bertopic,n15_c50_s42,16,1.0
766993,bertopic,n15_c50_s42,16,1.0
767883,bertopic,n15_c50_s42,-1,0.0
769465,bertopic,n15_c50_s42,12,0.6846992080081009
770322,bertopic,n15_c50_s42,-1,0.0
771869,bertopic,n15_c50_s42,15,0.8350198462148515
771928,bertopic,n15_c50_s42,9,0.9407555262660017
772136,bertopic,n15_c50_s42,17,0.8845290734000084
772217,bertopic,n15_c50_s42,3,0.5635610789024295
773372,bertopic,n15_c50_s42,38,1.0
773611,bertopic,n15_c50_s42,32,1.0
774457,bertopic,n15_c50_s42,7,0.8237442072476651
774968,bertopic,n15_c50_s42,0,1.0
776924,bertopic,n15_c50_s42,9,1.0
777495,bertopic,n15_c50_s42,0,1.0
777620,bertopic,n15_c50_s42,12,0.5340615766348344
778092,bertopic,n15_c50_s42,30,0.45357830782451725
778468,bertopic,n15_c50_s42,-1,0.0
778870,bertopic,n15_c50_s42,11,1.0
779172,bertopic,n15_c50_s42,2,1.0
779958,bertopic,n15_c50_s42,27,0.550876839477791
780578,bertopic,n15_c50_s42,12,1.0
781275,bertopic,n15_c50_s42,33,1.0
781432,bertopic,n15_c50_s42,1,0.5943449609091105
781582,bertopic,n15_c50_s42,0,0.8250617086387059
782090,bertopic,n15_c50_s42,6,0.34133539421460585
782821,bertopic,n15_c50_s42,2,0.7365473200867206
783607,bertopic,n15_c50_s42,5,0.8761641292508354
784006,bertopic,n15_c50_s42,-1,0.0
784090,bertopic,n15_c50_s42,0,0.9797470914678114
784568,bertopic,n15_c50_s42,2,1.0
784877,bertopic,n15_c50_s42,16,1.0
785271,bertopic,n15_c50_s42,5,0.553824397516931
786056,bertopic,n15_c50_s42,5,1.0
786573,bertopic,n15_c50_s42,27,0.550876839477791
788354,bertopic,n15_c50_s42,12,1.0
788517,bertopic,n15_c50_s42,-1,0.0
788620,bertopic,n15_c50_s42,17,0.791893085248542
789059,bertopic,n15_c50_s42,1,0.5670691050292771
789077,bertopic,n15_c50_s42,11,0.6149924759351535
789163,bertopic,n15_c50_s42,8,0.8098006021686482
790004,bertopic,n15_c50_s42,9,1.0
790446,bertopic,n15_c50_s42,-1,0.0
791899,bertopic,n15_c50_s42,-1,0.0
791926,bertopic,n15_c50_s42,0,1.0
792286,bertopic,n15_c50_s42,34,0.6791251502704637
792589,bertopic,n15_c50_s42,7,0.9684891295919472
792727,bertopic,n15_c50_s42,0,1.0
793151,bertopic,n15_c50_s42,13,0.52254851108242
793457,bertopic,n15_c50_s42,-1,0.0
793694,bertopic,n15_c50_s42,7,0.9406613798113115
794269,bertopic,n15_c50_s42,11,1.0
794318,bertopic,n15_c50_s42,-1,0.0
794584,bertopic,n15_c50_s42,24,1.0
794590,bertopic,n15_c50_s42,-1,0.0
794646,bertopic,n15_c50_s42,0,1.0
794905,bertopic,n15_c50_s42,-1,0.0
794972,bertopic,n15_c50_s42,0,1.0
795345,bertopic,n15_c50_s42,-1,0.0
795664,bertopic,n15_c50_s42,7,0.6675002982159037
795837,bertopic,n15_c50_s42,-1,0.0
795956,bertopic,n15_c50_s42,7,0.9684891295919472
796487,bertopic,n15_c50_s42,-1,0.0
797103,bertopic,n15_c50_s42,24,0.5291900138019086
797985,bertopic,n15_c50_s42,-1,0.0
798188,bertopic,n15_c50_s42,-1,0.0
798365,bertopic,n15_c50_s42,12,1.0
798457,bertopic,n15_c50_s42,24,1.0
798666,bertopic,n15_c50_s42,0,0.1344555810401498
798803,bertopic,n15_c50_s42,8,1.0
801936,bertopic,n15_c50_s42,11,0.8248742793870402
802290,bertopic,n15_c50_s42,10,1.0
803132,bertopic,n15_c50_s42,2,0.733484671554008
803138,bertopic,n15_c50_s42,1,1.0
803194,bertopic,n15_c50_s42,4,0.7617284239439055
803576,bertopic,n15_c50_s42,2,0.3660888077406
804067,bertopic,n15_c50_s42,1,0.36364877867349565
804529,bertopic,n15_c50_s42,2,1.0
804591,bertopic,n15_c50_s42,15,1.0
805419,bertopic,n15_c50_s42,18,1.0
805485,bertopic,n15_c50_s42,-1,0.0
806530,bertopic,n15_c50_s42,16,1.0
806751,bertopic,n15_c50_s42,-1,0.0
807671,bertopic,n15_c50_s42,3,1.0
809437,bertopic,n15_c50_s42,30,0.670908866278723
809730,bertopic,n15_c50_s42,-1,0.0
809864,bertopic,n15_c50_s42,-1,0.0
810393,bertopic,n15_c50_s42,2,0.8341422598456091
811330,bertopic,n15_c50_s42,-1,0.0
811461,bertopic,n15_c50_s42,3,0.5482781846932547
811718,bertopic,n15_c50_s42,-1,0.0
812041,bertopic,n15_c50_s42,0,1.0
812080,bertopic,n15_c50_s42,-1,0.0
813514,bertopic,n15_c50_s42,0,1.0
813811,bertopic,n15_c50_s42,0,1.0
814041,bertopic,n15_c50_s42,9,0.31490743580133523
814542,bertopic,n15_c50_s42,12,1.0
815056,bertopic,n15_c50_s42,-1,0.0
816239,bertopic,n15_c50_s42,-1,0.0
816490,bertopic,n15_c50_s42,-1,0.0
816512,bertopic,n15_c50_s42,2,1.0
816686,bertopic,n15_c50_s42,0,1.0
817063,bertopic,n15_c50_s42,-1,0.0
817240,bertopic,n15_c50_s42,32,1.0
817356,bertopic,n15_c50_s42,2,0.7365473200867206
818744,bertopic,n15_c50_s42,6,0.4189475828239882
819637,bertopic,n15_c50_s42,27,1.0
820417,bertopic,n15_c50_s42,17,0.5393464850860316
820499,bertopic,n15_c50_s42,17,1.0
820808,bertopic,n15_c50_s42,17,1.0
821259,bertopic,n15_c50_s42,11,1.0
822463,bertopic,n15_c50_s42,25,0.8330812554766557
823365,bertopic,n15_c50_s42,10,0.3643212293641849
823757,bertopic,n15_c50_s42,1,1.0
825847,bertopic,n15_c50_s42,36,1.0
826079,bertopic,n15_c50_s42,0,0.3277305395150376
826309,bertopic,n15_c50_s42,2,0.733484671554008
826448,bertopic,n15_c50_s42,16,0.909851178152502
826583,bertopic,n15_c50_s42,-1,0.0
829336,bertopic,n15_c50_s42,18,1.0
829401,bertopic,n15_c50_s42,1,1.0
829443,bertopic,n15_c50_s42,-1,0.0
829512,bertopic,n15_c50_s42,1,0.6080049878248824
829925,bertopic,n15_c50_s42,2,1.0
830755,bertopic,n15_c50_s42,-1,0.0
830861,bertopic,n15_c50_s42,12,0.4618445727149849
831003,bertopic,n15_c50_s42,2,1.0
831140,bertopic,n15_c50_s42,17,0.5189662004049485
831455,bertopic,n15_c50_s42,-1,0.0
832164,bertopic,n15_c50_s42,18,1.0
832451,bertopic,n15_c50_s42,2,0.7365473200867206
832539,bertopic,n15_c50_s42,4,0.7823224057180906
833507,bertopic,n15_c50_s42,24,1.0
833652,bertopic,n15_c50_s42,-1,0.0
833753,bertopic,n15_c50_s42,29,1.0
833755,bertopic,n15_c50_s42,4,1.0
834089,bertopic,n15_c50_s42,4,0.8336323745694662
834965,bertopic,n15_c50_s42,16,0.9142717606531425
835091,bertopic,n15_c50_s42,20,0.5016856846488319
836593,bertopic,n15_c50_s42,0,1.0
836771,bertopic,n15_c50_s42,23,1.0
837069,bertopic,n15_c50_s42,-1,0.0
837722,bertopic,n15_c50_s42,9,1.0
837949,bertopic,n15_c50_s42,15,1.0
838913,bertopic,n15_c50_s42,3,1.0
839276,bertopic,n15_c50_s42,3,0.5482781846932547
839417,bertopic,n15_c50_s42,32,1.0
839428,bertopic,n15_c50_s42,17,0.9947543837130431
839954,bertopic,n15_c50_s42,4,1.0
840427,bertopic,n15_c50_s42,11,0.8321847737482457
840576,bertopic,n15_c50_s42,35,1.0
840991,bertopic,n15_c50_s42,-1,0.0
841015,bertopic,n15_c50_s42,17,0.5138845601884844
842319,bertopic,n15_c50_s42,25,1.0
844378,bertopic,n15_c50_s42,0,1.0
845221,bertopic,n15_c50_s42,-1,0.0
845621,bertopic,n15_c50_s42,2,1.0
845957,bertopic,n15_c50_s42,20,1.0
846074,bertopic,n15_c50_s42,18,0.9466552872077335
846205,bertopic,n15_c50_s42,-1,0.0
846430,bertopic,n15_c50_s42,33,1.0
846635,bertopic,n15_c50_s42,8,1.0
846655,bertopic,n15_c50_s42,10,0.4383515018840619
847418,bertopic,n15_c50_s42,4,0.8566649164318453
848231,bertopic,n15_c50_s42,-1,0.0
848372,bertopic,n15_c50_s42,0,1.0
848879,bertopic,n15_c50_s42,22,1.0
850856,bertopic,n15_c50_s42,0,1.0
850916,bertopic,n15_c50_s42,17,1.0
851542,bertopic,n15_c50_s42,2,1.0
852157,bertopic,n15_c50_s42,2,1.0
852174,bertopic,n15_c50_s42,0,0.7196506567368857
852434,bertopic,n15_c50_s42,37,1.0
854666,bertopic,n15_c50_s42,-1,0.0
855462,bertopic,n15_c50_s42,-1,0.0
856248,bertopic,n15_c50_s42,29,1.0
858622,bertopic,n15_c50_s42,5,0.3800687975370145
858970,bertopic,n15_c50_s42,6,0.4189475828239882
859505,bertopic,n15_c50_s42,9,0.09422033020627348
863262,bertopic,n15_c50_s42,-1,0.0
864280,bertopic,n15_c50_s42,-1,0.0
865209,bertopic,n15_c50_s42,1,0.36364877867349565
868781,bertopic,n15_c50_s42,31,1.0
869869,bertopic,n15_c50_s42,29,0.8460043867913013
871970,bertopic,n15_c50_s42,38,1.0
873775,bertopic,n15_c50_s42,10,1.0
875499,bertopic,n15_c50_s42,36,1.0
876108,bertopic,n15_c50_s42,9,0.3690086220333308
876480,bertopic,n15_c50_s42,2,1.0
876541,bertopic,n15_c50_s42,-1,0.0
877267,bertopic,n15_c50_s42,38,1.0
878033,bertopic,n15_c50_s42,32,1.0
881117,bertopic,n15_c50_s42,-1,0.0
882051,bertopic,n15_c50_s42,12,1.0
882911,bertopic,n15_c50_s42,0,1.0
888566,bertopic,n15_c50_s42,23,0.9814641826475491
889190,bertopic,n15_c50_s42,-1,0.0
889993,bertopic,n15_c50_s42,26,1.0
890018,bertopic,n15_c50_s42,30,1.0
890036,bertopic,n15_c50_s42,22,0.7263696664676225
891180,bertopic,n15_c50_s42,-1,0.0
891504,bertopic,n15_c50_s42,-1,0.0
892785,bertopic,n15_c50_s42,20,0.7055475386240061
893155,bertopic,n15_c50_s42,-1,0.0
894631,bertopic,n15_c50_s42,-1,0.0
895040,bertopic,n15_c50_s42,26,0.8522537425091441
896968,bertopic,n15_c50_s42,22,1.0
898207,bertopic,n15_c50_s42,9,0.28508230432309384
898994,bertopic,n15_c50_s42,3,0.885478075669794
900355,bertopic,n15_c50_s42,7,0.698959035381795
901198,bertopic,n15_c50_s42,35,1.0
903482,bertopic,n15_c50_s42,-1,0.0
903837,bertopic,n15_c50_s42,4,0.8243031330674552
904099,bertopic,n15_c50_s42,9,0.2894860881765392
906185,bertopic,n15_c50_s42,3,1.0
906511,bertopic,n15_c50_s42,-1,0.0
907428,bertopic,n15_c50_s42,12,1.0
907506,bertopic,n15_c50_s42,10,1.0
908241,bertopic,n15_c50_s42,2,1.0
909050,bertopic,n15_c50_s42,35,1.0
909535,bertopic,n15_c50_s42,9,0.09422033020627348
910391,bertopic,n15_c50_s42,25,1.0
910966,bertopic,n15_c50_s42,7,1.0
911482,bertopic,n15_c50_s42,-1,0.0
912087,bertopic,n15_c50_s42,3,1.0
912459,bertopic,n15_c50_s42,-1,0.0
912821,bertopic,n15_c50_s42,0,1.0
913484,bertopic,n15_c50_s42,1,1.0
913524,bertopic,n15_c50_s42,1,0.6335699635098488
913700,bertopic,n15_c50_s42,20,1.0
913708,bertopic,n15_c50_s42,2,1.0
914128,bertopic,n15_c50_s42,12,1.0
914767,bertopic,n15_c50_s42,12,1.0
914838,bertopic,n15_c50_s42,-1,0.0
915745,bertopic,n15_c50_s42,4,0.8850178821916118
917093,bertopic,n15_c50_s42,-1,0.0
919888,bertopic,n15_c50_s42,27,1.0
920139,bertopic,n15_c50_s42,32,1.0
920360,bertopic,n15_c50_s42,2,1.0
920513,bertopic,n15_c50_s42,5,0.33295696212079384
921356,bertopic,n15_c50_s42,0,1.0
921590,bertopic,n15_c50_s42,4,1.0
922266,bertopic,n15_c50_s42,0,1.0
923043,bertopic,n15_c50_s42,19,1.0
923715,bertopic,n15_c50_s42,10,0.5911128173462886
924953,bertopic,n15_c50_s42,11,1.0
925391,bertopic,n15_c50_s42,32,1.0
925961,bertopic,n15_c50_s42,2,1.0
926212,bertopic,n15_c50_s42,-1,0.0
926526,bertopic,n15_c50_s42,10,1.0
926858,bertopic,n15_c50_s42,8,1.0
926992,bertopic,n15_c50_s42,-1,0.0
927582,bertopic,n15_c50_s42,16,1.0
928473,bertopic,n15_c50_s42,5,0.569011098497972
929989,bertopic,n15_c50_s42,-1,0.0
931446,bertopic,n15_c50_s42,-1,0.0
931451,bertopic,n15_c50_s42,26,1.0
931661,bertopic,n15_c50_s42,-1,0.0
932266,bertopic,n15_c50_s42,0,1.0
932468,bertopic,n15_c50_s42,38,1.0
933784,bertopic,n15_c50_s42,25,0.8819686909322734
936437,bertopic,n15_c50_s42,-1,0.0
936494,bertopic,n15_c50_s42,29,0.7822340438179937
938557,bertopic,n15_c50_s42,-1,0.0
938810,bertopic,n15_c50_s42,-1,0.0
939062,bertopic,n15_c50_s42,-1,0.0
939431,bertopic,n15_c50_s42,17,0.5129789263852991
939974,bertopic,n15_c50_s42,2,1.0
940148,bertopic,n15_c50_s42,35,1.0
942698,bertopic,n15_c50_s42,25,0.8592023910804901
943473,bertopic,n15_c50_s42,-1,0.0
943536,bertopic,n15_c50_s42,1,1.0
944349,bertopic,n15_c50_s42,31,1.0
944415,bertopic,n15_c50_s42,2,1.0
946748,bertopic,n15_c50_s42,9,0.3690086220333308
947165,bertopic,n15_c50_s42,32,1.0
947678,bertopic,n15_c50_s42,0,1.0
949593,bertopic,n15_c50_s42,4,1.0
951771,bertopic,n15_c50_s42,2,1.0
951940,bertopic,n15_c50_s42,11,0.8711067922409653
952202,bertopic,n15_c50_s42,-1,0.0
952335,bertopic,n15_c50_s42,0,1.0
955033,bertopic,n15_c50_s42,1,1.0
955035,bertopic,n15_c50_s42,26,1.0
956899,bertopic,n15_c50_s42,6,0.34133539421460585
966254,bertopic,n15_c50_s42,28,1.0
966855,bertopic,n15_c50_s42,11,0.11047900230844042
967053,bertopic,n15_c50_s42,-1,0.0
967464,bertopic,n15_c50_s42,34,1.0
967645,bertopic,n15_c50_s42,7,0.8368011143018912
968273,bertopic,n15_c50_s42,15,0.8350198462148515
968481,bertopic,n15_c50_s42,0,0.7448876462288601
968642,bertopic,n15_c50_s42,7,0.8237442072476651
968857,bertopic,n15_c50_s42,21,0.13709343326679416
970440,bertopic,n15_c50_s42,7,0.6867640698926626
970571,bertopic,n15_c50_s42,23,0.9548639353692806
971340,bertopic,n15_c50_s42,11,0.8711067922409653
971558,bertopic,n15_c50_s42,0,1.0
971958,bertopic,n15_c50_s42,9,1.0
972573,bertopic,n15_c50_s42,28,1.0
973210,bertopic,n15_c50_s42,0,0.1344555810401498
975342,bertopic,n15_c50_s42,0,1.0
975444,bertopic,n15_c50_s42,20,0.8264507457826226
975611,bertopic,n15_c50_s42,-1,0.0
975756,bertopic,n15_c50_s42,-1,0.0
976410,bertopic,n15_c50_s42,0,0.1344555810401498
978624,bertopic,n15_c50_s42,-1,0.0
979489,bertopic,n15_c50_s42,0,1.0
979552,bertopic,n15_c50_s42,17,1.0
979962,bertopic,n15_c50_s42,35,1.0
980182,bertopic,n15_c50_s42,35,1.0
980581,bertopic,n15_c50_s42,9,1.0
980991,bertopic,n15_c50_s42,5,0.555513491131908
981047,bertopic,n15_c50_s42,-1,0.0
981270,bertopic,n15_c50_s42,6,1.0
981287,bertopic,n15_c50_s42,32,1.0
981413,bertopic,n15_c50_s42,17,1.0
981727,bertopic,n15_c50_s42,-1,0.0
982506,bertopic,n15_c50_s42,16,1.0
983155,bertopic,n15_c50_s42,2,1.0
983284,bertopic,n15_c50_s42,14,0.8953567970368369
984215,bertopic,n15_c50_s42,-1,0.0
984662,bertopic,n15_c50_s42,10,1.0
986295,bertopic,n15_c50_s42,9,1.0
986633,bertopic,n15_c50_s42,17,0.5892454551993074
986953,bertopic,n15_c50_s42,-1,0.0
987048,bertopic,n15_c50_s42,7,0.9684891295919472
987253,bertopic,n15_c50_s42,11,0.6982423098217684
987483,bertopic,n15_c50_s42,31,1.0
987539,bertopic,n15_c50_s42,0,1.0
988656,bertopic,n15_c50_s42,-1,0.0
988691,bertopic,n15_c50_s42,11,0.8711067922409653
988991,bertopic,n15_c50_s42,31,1.0
990161,bertopic,n15_c50_s42,2,1.0
990208,bertopic,n15_c50_s42,31,0.9550433187157964
991167,bertopic,n15_c50_s42,2,1.0
991269,bertopic,n15_c50_s42,0,1.0
991872,bertopic,n15_c50_s42,-1,0.0
991935,bertopic,n15_c50_s42,4,0.7970545008992399
992944,bertopic,n15_c50_s42,11,1.0
993158,bertopic,n15_c50_s42,5,0.569011098497972
993844,bertopic,n15_c50_s42,2,1.0
994375,bertopic,n15_c50_s42,14,1.0
994611,bertopic,n15_c50_s42,11,1.0
995628,bertopic,n15_c50_s42,1,1.0
996167,bertopic,n15_c50_s42,9,0.2894860881765392
996276,bertopic,n15_c50_s42,28,0.6182226087523822
996714,bertopic,n15_c50_s42,1,1.0
996931,bertopic,n15_c50_s42,9,0.09422033020627348
996940,bertopic,n15_c50_s42,-1,0.0
998870,bertopic,n15_c50_s42,24,1.0
998995,bertopic,n15_c50_s42,16,1.0
999286,bertopic,n15_c50_s42,5,1.0
999384,bertopic,n15_c50_s42,3,0.5482781846932547
999559,bertopic,n15_c50_s42,11,0.26473122901829355
999623,bertopic,n15_c50_s42,10,0.701576037040662
1000178,bertopic,n15_c50_s42,10,0.3918470446818332
1000189,bertopic,n15_c50_s42,9,1.0
1000307,bertopic,n15_c50_s42,3,0.5482781846932547
1000340,bertopic,n15_c50_s42,5,0.9706582149911568
1000380,bertopic,n15_c50_s42,2,0.7106805705980909
1000528,bertopic,n15_c50_s42,23,0.6811741830471163
1000611,bertopic,n15_c50_s42,5,0.569011098497972
1000749,bertopic,n15_c50_s42,18,0.9625879690622637
1001047,bertopic,n15_c50_s42,-1,0.0
1001274,bertopic,n15_c50_s42,31,1.0
1001458,bertopic,n15_c50_s42,31,1.0
1002776,bertopic,n15_c50_s42,1,0.6080049878248824
1003046,bertopic,n15_c50_s42,4,1.0
1003287,bertopic,n15_c50_s42,25,1.0
1003291,bertopic,n15_c50_s42,-1,0.0
1003352,bertopic,n15_c50_s42,11,1.0
1003542,bertopic,n15_c50_s42,-1,0.0
1004826,bertopic,n15_c50_s42,11,0.11047900230844042
1005957,bertopic,n15_c50_s42,-1,0.0
1006766,bertopic,n15_c50_s42,37,1.0
1008637,bertopic,n15_c50_s42,13,0.7541690258582561
1008724,bertopic,n15_c50_s42,2,1.0
1009546,bertopic,n15_c50_s42,0,1.0
1009940,bertopic,n15_c50_s42,0,1.0
1010256,bertopic,n15_c50_s42,3,1.0
1010446,bertopic,n15_c50_s42,-1,0.0
1010509,bertopic,n15_c50_s42,-1,0.0
1010772,bertopic,n15_c50_s42,28,0.41982644761898724
1011128,bertopic,n15_c50_s42,25,1.0
1011670,bertopic,n15_c50_s42,34,1.0
1011897,bertopic,n15_c50_s42,0,1.0
1011957,bertopic,n15_c50_s42,-1,0.0
1013214,bertopic,n15_c50_s42,7,1.0
1013505,bertopic,n15_c50_s42,5,0.569011098497972
1013715,bertopic,n15_c50_s42,10,1.0
1013753,bertopic,n15_c50_s42,-1,0.0
1014352,bertopic,n15_c50_s42,28,1.0
1014631,bertopic,n15_c50_s42,0,1.0
1015842,bertopic,n15_c50_s42,-1,0.0
1015982,bertopic,n15_c50_s42,-1,0.0
1016249,bertopic,n15_c50_s42,5,0.569011098497972
1016372,bertopic,n15_c50_s42,1,0.2811251637275487
1017197,bertopic,n15_c50_s42,-1,0.0
1017852,bertopic,n15_c50_s42,38,1.0
1018156,bertopic,n15_c50_s42,1,0.36364877867349565
1019074,bertopic,n15_c50_s42,3,0.5482781846932547
1019171,bertopic,n15_c50_s42,33,1.0
1019255,bertopic,n15_c50_s42,-1,0.0
1019557,bertopic,n15_c50_s42,34,1.0
1019722,bertopic,n15_c50_s42,-1,0.0
1019745,bertopic,n15_c50_s42,2,1.0
1020533,bertopic,n15_c50_s42,32,1.0
1020889,bertopic,n15_c50_s42,8,0.6647184411381678
1020917,bertopic,n15_c50_s42,18,1.0
1020940,bertopic,n15_c50_s42,-1,0.0
1021384,bertopic,n15_c50_s42,24,1.0
1021736,bertopic,n15_c50_s42,16,0.8321393799941623
1021989,bertopic,n15_c50_s42,7,1.0
1022416,bertopic,n15_c50_s42,12,1.0
1022856,bertopic,n15_c50_s42,5,0.7465132654865229
1022941,bertopic,n15_c50_s42,-1,0.0
1023622,bertopic,n15_c50_s42,0,0.9876355822795261
1023669,bertopic,n15_c50_s42,2,1.0
1023726,bertopic,n15_c50_s42,0,1.0
1023811,bertopic,n15_c50_s42,15,1.0
1023901,bertopic,n15_c50_s42,0,1.0
1024280,bertopic,n15_c50_s42,4,0.9235205397404076
1024345,bertopic,n15_c50_s42,0,1.0
1025219,bertopic,n15_c50_s42,11,1.0
1025410,bertopic,n15_c50_s42,0,0.6735973546403773
1025600,bertopic,n15_c50_s42,-1,0.0
1026708,bertopic,n15_c50_s42,0,1.0
1026799,bertopic,n15_c50_s42,0,1.0
1027124,bertopic,n15_c50_s42,26,0.8318481510615794
1028597,bertopic,n15_c50_s42,-1,0.0
1029189,bertopic,n15_c50_s42,0,1.0
1029846,bertopic,n15_c50_s42,32,1.0
1029892,bertopic,n15_c50_s42,12,0.5340615766348344
1030051,bertopic,n15_c50_s42,0,1.0
1030230,bertopic,n15_c50_s42,0,1.0
1031034,bertopic,n15_c50_s42,10,0.3918470446818332
1031347,bertopic,n15_c50_s42,-1,0.0
1031601,bertopic,n15_c50_s42,0,1.0
1032243,bertopic,n15_c50_s42,17,1.0
1032430,bertopic,n15_c50_s42,12,1.0
1032439,bertopic,n15_c50_s42,-1,0.0
1032462,bertopic,n15_c50_s42,3,0.8720344269513063
1032772,bertopic,n15_c50_s42,0,1.0
1033027,bertopic,n15_c50_s42,28,0.6182226087523822
1033232,bertopic,n15_c50_s42,-1,0.0
1033395,bertopic,n15_c50_s42,4,1.0
1034845,bertopic,n15_c50_s42,36,1.0
1034900,bertopic,n15_c50_s42,-1,0.0
1034953,bertopic,n15_c50_s42,31,0.5245322699429381
1035229,bertopic,n15_c50_s42,13,0.22916268736176218
1035289,bertopic,n15_c50_s42,14,1.0
1035310,bertopic,n15_c50_s42,5,1.0
1035367,bertopic,n15_c50_s42,4,1.0
1035380,bertopic,n15_c50_s42,19,1.0
1035388,bertopic,n15_c50_s42,-1,0.0
1035429,bertopic,n15_c50_s42,28,1.0
1035544,bertopic,n15_c50_s42,10,0.4383515018840619
1035994,bertopic,n15_c50_s42,7,1.0
1036613,bertopic,n15_c50_s42,0,1.0
1037469,bertopic,n15_c50_s42,3,0.36282058554917873
1037617,bertopic,n15_c50_s42,7,0.9684891295919472
1038352,bertopic,n15_c50_s42,14,0.8468118376249241
1040208,bertopic,n15_c50_s42,0,1.0
1040297,bertopic,n15_c50_s42,-1,0.0
1040352,bertopic,n15_c50_s42,0,1.0
1042129,bertopic,n15_c50_s42,16,0.8321393799941623
1043663,bertopic,n15_c50_s42,7,0.9684891295919472
1043877,bertopic,n15_c50_s42,2,1.0
1044229,bertopic,n15_c50_s42,8,0.8098006021686482
1044609,bertopic,n15_c50_s42,18,1.0
1044777,bertopic,n15_c50_s42,31,1.0
1044904,bertopic,n15_c50_s42,0,1.0
1044974,bertopic,n15_c50_s42,-1,0.0
1044981,bertopic,n15_c50_s42,25,0.9347511393590008
1045140,bertopic,n15_c50_s42,1,0.36364877867349565
1045154,bertopic,n15_c50_s42,31,1.0
1047012,bertopic,n15_c50_s42,33,1.0
1047052,bertopic,n15_c50_s42,-1,0.0
1048141,bertopic,n15_c50_s42,35,1.0
1048375,bertopic,n15_c50_s42,27,0.550876839477791
1048410,bertopic,n15_c50_s42,12,1.0
1048805,bertopic,n15_c50_s42,-1,0.0
1049420,bertopic,n15_c50_s42,16,0.9005095682102221
1050845,bertopic,n15_c50_s42,11,0.7150794863174144
1051104,bertopic,n15_c50_s42,10,0.6106162915932991
1053526,bertopic,n15_c50_s42,2,1.0
1053725,bertopic,n15_c50_s42,27,0.550876839477791
1053754,bertopic,n15_c50_s42,23,1.0
1055222,bertopic,n15_c50_s42,9,0.3690086220333308
1055609,bertopic,n15_c50_s42,-1,0.0
1055813,bertopic,n15_c50_s42,4,1.0
1056195,bertopic,n15_c50_s42,11,0.9728645210926027
1056210,bertopic,n15_c50_s42,36,1.0
1056986,bertopic,n15_c50_s42,28,0.43436435530394907
1057503,bertopic,n15_c50_s42,2,0.9563651856502888
1057649,bertopic,n15_c50_s42,-1,0.0
1059360,bertopic,n15_c50_s42,9,0.7486516142318235
1059969,bertopic,n15_c50_s42,0,1.0
1060043,bertopic,n15_c50_s42,9,0.09422033020627348
1060532,bertopic,n15_c50_s42,15,1.0
1060803,bertopic,n15_c50_s42,38,1.0
1061551,bertopic,n15_c50_s42,11,1.0
1061978,bertopic,n15_c50_s42,4,0.9650308356563493
1062074,bertopic,n15_c50_s42,-1,0.0
1062739,bertopic,n15_c50_s42,-1,0.0
1062797,bertopic,n15_c50_s42,-1,0.0
1063424,bertopic,n15_c50_s42,24,1.0
1063437,bertopic,n15_c50_s42,0,0.3277305395150376
1063454,bertopic,n15_c50_s42,23,0.9594734209224152
1063476,bertopic,n15_c50_s42,1,0.36364877867349565
1064404,bertopic,n15_c50_s42,2,1.0
1065299,bertopic,n15_c50_s42,30,1.0
1065448,bertopic,n15_c50_s42,2,1.0
1066123,bertopic,n15_c50_s42,0,1.0
1066522,bertopic,n15_c50_s42,30,0.9695889946592476
1067578,bertopic,n15_c50_s42,20,0.7055475386240061
1067693,bertopic,n15_c50_s42,0,1.0
1069084,bertopic,n15_c50_s42,38,1.0
1069106,bertopic,n15_c50_s42,34,0.42960732234277266
1069254,bertopic,n15_c50_s42,2,0.7365473200867206
1069513,bertopic,n15_c50_s42,16,1.0
1069835,bertopic,n15_c50_s42,9,0.09422033020627348
1069840,bertopic,n15_c50_s42,0,1.0
1070162,bertopic,n15_c50_s42,18,1.0
1070665,bertopic,n15_c50_s42,12,0.9635998338081235
1070969,bertopic,n15_c50_s42,10,0.3918470446818332
1071080,bertopic,n15_c50_s42,-1,0.0
1071107,bertopic,n15_c50_s42,-1,0.0
1071215,bertopic,n15_c50_s42,2,1.0
1072037,bertopic,n15_c50_s42,0,0.1344555810401498
1072289,bertopic,n15_c50_s42,23,0.894536043324211
1072551,bertopic,n15_c50_s42,11,0.22119665495344207
1072623,bertopic,n15_c50_s42,16,1.0
1073104,bertopic,n15_c50_s42,4,0.9868135375901388
1073234,bertopic,n15_c50_s42,-1,0.0
1073292,bertopic,n15_c50_s42,26,1.0
1073802,bertopic,n15_c50_s42,2,1.0
1074110,bertopic,n15_c50_s42,37,1.0
1074238,bertopic,n15_c50_s42,17,0.6378362399669729
1076235,bertopic,n15_c50_s42,19,0.5981313190388159
1076466,bertopic,n15_c50_s42,22,1.0
1076467,bertopic,n15_c50_s42,12,1.0
1076495,bertopic,n15_c50_s42,12,0.5340615766348344
1076705,bertopic,n15_c50_s42,17,1.0
1077122,bertopic,n15_c50_s42,19,0.657655282190716
1077485,bertopic,n15_c50_s42,25,1.0
1078023,bertopic,n15_c50_s42,9,0.677342379666719
1078248,bertopic,n15_c50_s42,1,1.0
1078560,bertopic,n15_c50_s42,1,0.17040249816337727
1078592,bertopic,n15_c50_s42,14,0.42811661122305084
1079076,bertopic,n15_c50_s42,0,0.9173448550975469
1079790,bertopic,n15_c50_s42,0,0.5357892421988093
1080149,bertopic,n15_c50_s42,16,1.0
1080614,bertopic,n15_c50_s42,0,1.0
1080759,bertopic,n15_c50_s42,10,0.793830568846584
1080788,bertopic,n15_c50_s42,-1,0.0
1080884,bertopic,n15_c50_s42,0,1.0
1081001,bertopic,n15_c50_s42,4,1.0
1081342,bertopic,n15_c50_s42,2,1.0
1081892,bertopic,n15_c50_s42,19,1.0
1082238,bertopic,n15_c50_s42,4,0.854009264166703
1083077,bertopic,n15_c50_s42,-1,0.0
1083556,bertopic,n15_c50_s42,0,1.0
1084556,bertopic,n15_c50_s42,2,1.0
1084685,bertopic,n15_c50_s42,16,1.0
1084698,bertopic,n15_c50_s42,-1,0.0
1084727,bertopic,n15_c50_s42,26,1.0
1084772,bertopic,n15_c50_s42,22,1.0
1085540,bertopic,n15_c50_s42,-1,0.0
1086110,bertopic,n15_c50_s42,26,1.0
1086352,bertopic,n15_c50_s42,18,0.9297513061420466
1087088,bertopic,n15_c50_s42,4,0.9235205397404076
1087763,bertopic,n15_c50_s42,12,1.0
1087979,bertopic,n15_c50_s42,11,0.615910240414136
1088031,bertopic,n15_c50_s42,2,1.0
1088610,bertopic,n15_c50_s42,-1,0.0
1088726,bertopic,n15_c50_s42,25,1.0
1089680,bertopic,n15_c50_s42,0,1.0
1089743,bertopic,n15_c50_s42,17,0.6705642173795966
1089980,bertopic,n15_c50_s42,1,0.2811251637275487
1090059,bertopic,n15_c50_s42,22,0.7239382901619043
1090082,bertopic,n15_c50_s42,5,0.9706582149911568
1090851,bertopic,n15_c50_s42,27,0.550876839477791
1091144,bertopic,n15_c50_s42,10,0.3918470446818332
1091597,bertopic,n15_c50_s42,-1,0.0
1091700,bertopic,n15_c50_s42,25,1.0
1092044,bertopic,n15_c50_s42,2,0.3660888077406
1092137,bertopic,n15_c50_s42,3,0.5482781846932547
1092142,bertopic,n15_c50_s42,28,0.8509596926549803
1093059,bertopic,n15_c50_s42,6,0.341067774708501
1093801,bertopic,n15_c50_s42,9,1.0
1094257,bertopic,n15_c50_s42,-1,0.0
1094353,bertopic,n15_c50_s42,32,1.0
1095314,bertopic,n15_c50_s42,-1,0.0
1095730,bertopic,n15_c50_s42,-1,0.0
1095744,bertopic,n15_c50_s42,-1,0.0
1095794,bertopic,n15_c50_s42,29,1.0
1096069,bertopic,n15_c50_s42,10,1.0
1096200,bertopic,n15_c50_s42,-1,0.0
1096241,bertopic,n15_c50_s42,23,0.8458762115678393
1096298,bertopic,n15_c50_s42,-1,0.0
1096461,bertopic,n15_c50_s42,27,1.0
1096507,bertopic,n15_c50_s42,27,0.550876839477791
1096572,bertopic,n15_c50_s42,-1,0.0
1096749,bertopic,n15_c50_s42,0,1.0
1097185,bertopic,n15_c50_s42,2,0.3660888077406
1097300,bertopic,n15_c50_s42,16,0.8321393799941623
1097409,bertopic,n15_c50_s42,4,1.0
1097521,bertopic,n15_c50_s42,27,1.0
1097866,bertopic,n15_c50_s42,2,1.0
1098259,bertopic,n15_c50_s42,19,0.6292312689834992
1098545,bertopic,n15_c50_s42,-1,0.0
1098819,bertopic,n15_c50_s42,27,1.0
1098963,bertopic,n15_c50_s42,27,1.0
1098982,bertopic,n15_c50_s42,-1,0.0
1099091,bertopic,n15_c50_s42,19,1.0
1099235,bertopic,n15_c50_s42,5,0.9706582149911568
1099490,bertopic,n15_c50_s42,-1,0.0
1099494,bertopic,n15_c50_s42,12,0.39351937958996186
1099514,bertopic,n15_c50_s42,-1,0.0
1099526,bertopic,n15_c50_s42,25,1.0
1099659,bertopic,n15_c50_s42,19,0.657655282190716
1099789,bertopic,n15_c50_s42,-1,0.0
1099991,bertopic,n15_c50_s42,38,1.0
1100292,bertopic,n15_c50_s42,27,1.0
1100313,bertopic,n15_c50_s42,22,1.0
1100338,bertopic,n15_c50_s42,2,0.3660888077406
1100413,bertopic,n15_c50_s42,38,1.0
1100434,bertopic,n15_c50_s42,9,0.3690086220333308
1100449,bertopic,n15_c50_s42,19,0.6087835713321909
1100552,bertopic,n15_c50_s42,12,1.0
1100594,bertopic,n15_c50_s42,32,1.0
1100861,bertopic,n15_c50_s42,-1,0.0
1100932,bertopic,n15_c50_s42,10,0.6589318042802277
1100975,bertopic,n15_c50_s42,0,1.0
1100995,bertopic,n15_c50_s42,19,0.6296407175926049
1101219,bertopic,n15_c50_s42,19,0.7336784840284254
1101347,bertopic,n15_c50_s42,0,1.0
1101600,bertopic,n15_c50_s42,2,1.0
1101650,bertopic,n15_c50_s42,19,1.0
1101774,bertopic,n15_c50_s42,16,1.0
1101833,bertopic,n15_c50_s42,2,1.0
1102145,bertopic,n15_c50_s42,2,1.0
1102171,bertopic,n15_c50_s42,12,0.9951387140275517
1102209,bertopic,n15_c50_s42,15,1.0
1102291,bertopic,n15_c50_s42,27,1.0
1102329,bertopic,n15_c50_s42,16,1.0
1102357,bertopic,n15_c50_s42,-1,0.0
1102380,bertopic,n15_c50_s42,3,0.5482781846932547
1102591,bertopic,n15_c50_s42,4,0.9989413679421957
1102629,bertopic,n15_c50_s42,2,1.0
1102677,bertopic,n15_c50_s42,19,1.0
1102830,bertopic,n15_c50_s42,-1,0.0
1102838,bertopic,n15_c50_s42,-1,0.0
1102965,bertopic,n15_c50_s42,37,1.0
1103065,bertopic,n15_c50_s42,-1,0.0
1103081,bertopic,n15_c50_s42,35,1.0
1103395,bertopic,n15_c50_s42,-1,0.0
1103566,bertopic,n15_c50_s42,18,0.9312774195824902
1103673,bertopic,n15_c50_s42,-1,0.0
1103695,bertopic,n15_c50_s42,-1,0.0
1103889,bertopic,n15_c50_s42,0,1.0
1103910,bertopic,n15_c50_s42,0,1.0
1104481,bertopic,n15_c50_s42,-1,0.0
1104538,bertopic,n15_c50_s42,0,1.0
1105907,bertopic,n15_c50_s42,10,1.0
1105913,bertopic,n15_c50_s42,35,1.0
1105941,bertopic,n15_c50_s42,15,1.0
1105952,bertopic,n15_c50_s42,15,1.0
1106184,bertopic,n15_c50_s42,8,0.8098006021686482
1106279,bertopic,n15_c50_s42,1,0.17040249816337727
1106821,bertopic,n15_c50_s42,0,0.9633828650928299
1107054,bertopic,n15_c50_s42,-1,0.0
1107129,bertopic,n15_c50_s42,24,0.5291900138019086
1107310,bertopic,n15_c50_s42,12,1.0
1107428,bertopic,n15_c50_s42,-1,0.0
1107525,bertopic,n15_c50_s42,15,1.0
1107629,bertopic,n15_c50_s42,27,1.0
1108008,bertopic,n15_c50_s42,15,1.0
1108317,bertopic,n15_c50_s42,0,1.0
1108557,bertopic,n15_c50_s42,17,0.7620992923869208
1108766,bertopic,n15_c50_s42,5,0.408663731651492
1109432,bertopic,n15_c50_s42,8,0.7544486963842186
1109710,bertopic,n15_c50_s42,11,0.8711067922409653
1109970,bertopic,n15_c50_s42,2,1.0
1110115,bertopic,n15_c50_s42,30,1.0
1110127,bertopic,n15_c50_s42,3,0.9697337461352817
1110172,bertopic,n15_c50_s42,30,0.5989517302427476
1110269,bertopic,n15_c50_s42,30,1.0
1110328,bertopic,n15_c50_s42,-1,0.0
1110439,bertopic,n15_c50_s42,4,1.0
1110451,bertopic,n15_c50_s42,0,1.0
1110625,bertopic,n15_c50_s42,-1,0.0
1110676,bertopic,n15_c50_s42,3,0.5482781846932547
1110709,bertopic,n15_c50_s42,3,1.0
1110792,bertopic,n15_c50_s42,-1,0.0
1110901,bertopic,n15_c50_s42,0,1.0
1110981,bertopic,n15_c50_s42,1,1.0
1111001,bertopic,n15_c50_s42,36,1.0
1111532,bertopic,n15_c50_s42,30,1.0
1111947,bertopic,n15_c50_s42,0,0.8672816891779546
1112028,bertopic,n15_c50_s42,-1,0.0
1112046,bertopic,n15_c50_s42,1,1.0
1112330,bertopic,n15_c50_s42,30,1.0
1112600,bertopic,n15_c50_s42,20,1.0
1112879,bertopic,n15_c50_s42,4,0.9888962919198199
1113001,bertopic,n15_c50_s42,2,1.0
1113004,bertopic,n15_c50_s42,1,1.0
1113072,bertopic,n15_c50_s42,3,0.5482781846932547
1113366,bertopic,n15_c50_s42,11,0.8711067922409653
1113844,bertopic,n15_c50_s42,1,1.0
1113949,bertopic,n15_c50_s42,4,0.8696169143997774
1114316,bertopic,n15_c50_s42,1,1.0
1114352,bertopic,n15_c50_s42,1,0.6080049878248824
1114794,bertopic,n15_c50_s42,5,0.8082601017668979
1114827,bertopic,n15_c50_s42,1,0.5633794796558558
1114891,bertopic,n15_c50_s42,3,1.0
1114995,bertopic,n15_c50_s42,8,1.0
1115098,bertopic,n15_c50_s42,29,1.0
1115154,bertopic,n15_c50_s42,8,1.0
1115204,bertopic,n15_c50_s42,-1,0.0
1115380,bertopic,n15_c50_s42,1,1.0
1115412,bertopic,n15_c50_s42,31,1.0
1115576,bertopic,n15_c50_s42,1,1.0
1115643,bertopic,n15_c50_s42,1,1.0
1115941,bertopic,n15_c50_s42,24,1.0
1116089,bertopic,n15_c50_s42,1,1.0
1116562,bertopic,n15_c50_s42,10,0.5794804113384775
1116827,bertopic,n15_c50_s42,32,1.0
1116858,bertopic,n15_c50_s42,30,1.0
1116913,bertopic,n15_c50_s42,11,1.0
1117195,bertopic,n15_c50_s42,26,1.0
1117230,bertopic,n15_c50_s42,-1,0.0
1117275,bertopic,n15_c50_s42,1,1.0
1117493,bertopic,n15_c50_s42,10,0.6680632790798344
1117508,bertopic,n15_c50_s42,23,1.0
1117531,bertopic,n15_c50_s42,1,1.0
1117684,bertopic,n15_c50_s42,1,1.0
1117698,bertopic,n15_c50_s42,35,1.0
1118052,bertopic,n15_c50_s42,1,1.0
1118073,bertopic,n15_c50_s42,1,1.0
1118141,bertopic,n15_c50_s42,26,0.8415183232383535
1118205,bertopic,n15_c50_s42,5,0.8909188327871993
1118246,bertopic,n15_c50_s42,2,1.0
1118312,bertopic,n15_c50_s42,1,1.0
1118440,bertopic,n15_c50_s42,34,1.0
1118480,bertopic,n15_c50_s42,3,1.0
1118533,bertopic,n15_c50_s42,17,1.0
1118668,bertopic,n15_c50_s42,2,1.0
1118759,bertopic,n15_c50_s42,1,1.0
1118824,bertopic,n15_c50_s42,2,1.0
1118923,bertopic,n15_c50_s42,4,1.0
1119095,bertopic,n15_c50_s42,1,0.7730475168477864
1119264,bertopic,n15_c50_s42,1,1.0
1119296,bertopic,n15_c50_s42,2,1.0
1119321,bertopic,n15_c50_s42,1,0.36364877867349565
1119376,bertopic,n15_c50_s42,14,0.3112058064407132
1119387,bertopic,n15_c50_s42,1,0.36364877867349565
1119504,bertopic,n15_c50_s42,-1,0.0
1119709,bertopic,n15_c50_s42,20,1.0
1119724,bertopic,n15_c50_s42,5,0.9706582149911568
1119732,bertopic,n15_c50_s42,1,0.36364877867349565
1119837,bertopic,n15_c50_s42,1,0.36364877867349565
1119949,bertopic,n15_c50_s42,-1,0.0
1120028,bertopic,n15_c50_s42,2,0.990865053716622
1120135,bertopic,n15_c50_s42,3,0.5482781846932547
1120334,bertopic,n15_c50_s42,16,0.8321393799941623
1121077,bertopic,n15_c50_s42,19,0.7154625549982341
1121307,bertopic,n15_c50_s42,1,1.0
1121314,bertopic,n15_c50_s42,1,1.0
1121341,bertopic,n15_c50_s42,1,1.0
1121447,bertopic,n15_c50_s42,1,0.7483445918313503
1121643,bertopic,n15_c50_s42,3,0.5905392831950727
1121926,bertopic,n15_c50_s42,-1,0.0
1122060,bertopic,n15_c50_s42,21,0.9124927590616788
1122687,bertopic,n15_c50_s42,7,1.0
1122913,bertopic,n15_c50_s42,7,1.0
1123071,bertopic,n15_c50_s42,7,1.0
1123093,bertopic,n15_c50_s42,-1,0.0
1124310,bertopic,n15_c50_s42,3,0.5482781846932547
1124347,bertopic,n15_c50_s42,7,1.0
1124353,bertopic,n15_c50_s42,-1,0.0
1124387,bertopic,n15_c50_s42,7,0.8237442072476651
1124797,bertopic,n15_c50_s42,15,1.0
1124824,bertopic,n15_c50_s42,-1,0.0
1124977,bertopic,n15_c50_s42,-1,0.0
1125019,bertopic,n15_c50_s42,0,1.0
1125021,bertopic,n15_c50_s42,8,0.5060442373332376
1125760,bertopic,n15_c50_s42,7,0.6867640698926626
1126048,bertopic,n15_c50_s42,3,1.0
1126258,bertopic,n15_c50_s42,11,0.11047900230844042
1126719,bertopic,n15_c50_s42,2,1.0
1126733,bertopic,n15_c50_s42,2,0.9626929597875836
1127164,bertopic,n15_c50_s42,1,0.36364877867349565
1127853,bertopic,n15_c50_s42,15,1.0
1128790,bertopic,n15_c50_s42,-1,0.0
1128885,bertopic,n15_c50_s42,7,0.9684891295919472
1128919,bertopic,n15_c50_s42,2,1.0
1128965,bertopic,n15_c50_s42,0,1.0
1129054,bertopic,n15_c50_s42,1,1.0
1129221,bertopic,n15_c50_s42,2,0.9626929597875836
1129241,bertopic,n15_c50_s42,4,1.0
1129745,bertopic,n15_c50_s42,3,1.0
1129847,bertopic,n15_c50_s42,2,1.0
1129929,bertopic,n15_c50_s42,4,0.7580324200046896
1130065,bertopic,n15_c50_s42,5,0.3800687975370145
1130119,bertopic,n15_c50_s42,1,0.9029578968077432
1130131,bertopic,n15_c50_s42,7,0.9684891295919472
1130323,bertopic,n15_c50_s42,3,0.5482781846932547
1130384,bertopic,n15_c50_s42,2,1.0
1130842,bertopic,n15_c50_s42,13,0.7467400817259008
1130955,bertopic,n15_c50_s42,11,1.0
1131856,bertopic,n15_c50_s42,34,1.0
1132014,bertopic,n15_c50_s42,7,1.0
1132074,bertopic,n15_c50_s42,3,0.9194937649585704
1132163,bertopic,n15_c50_s42,-1,0.0
1132406,bertopic,n15_c50_s42,12,1.0
1132415,bertopic,n15_c50_s42,21,0.2880306413675121
1132790,bertopic,n15_c50_s42,-1,0.0
1133215,bertopic,n15_c50_s42,11,1.0
1133283,bertopic,n15_c50_s42,2,0.7365473200867206
1133321,bertopic,n15_c50_s42,14,0.9661378315458418
1133411,bertopic,n15_c50_s42,0,1.0
1133518,bertopic,n15_c50_s42,0,1.0
1133697,bertopic,n15_c50_s42,-1,0.0
1133760,bertopic,n15_c50_s42,0,1.0
1133776,bertopic,n15_c50_s42,8,0.8098006021686482
1133880,bertopic,n15_c50_s42,11,0.6820039904631756
1134028,bertopic,n15_c50_s42,-1,0.0
1134165,bertopic,n15_c50_s42,-1,0.0
1134199,bertopic,n15_c50_s42,11,1.0
1134222,bertopic,n15_c50_s42,0,1.0
1134608,bertopic,n15_c50_s42,-1,0.0
1134753,bertopic,n15_c50_s42,15,0.5399363605375911
1134862,bertopic,n15_c50_s42,7,0.9612859245733304
1135019,bertopic,n15_c50_s42,11,0.22108092777345356
1135134,bertopic,n15_c50_s42,2,1.0
1135142,bertopic,n15_c50_s42,11,1.0
1136015,bertopic,n15_c50_s42,0,1.0
1136884,bertopic,n15_c50_s42,2,0.9626929597875836
1137187,bertopic,n15_c50_s42,10,0.6106162915932991
1137490,bertopic,n15_c50_s42,16,1.0
1137796,bertopic,n15_c50_s42,2,0.9626929597875836
1138035,bertopic,n15_c50_s42,32,1.0
1138182,bertopic,n15_c50_s42,5,0.27338520142366596
1138623,bertopic,n15_c50_s42,1,0.299968435483333
1138707,bertopic,n15_c50_s42,-1,0.0
1139842,bertopic,n15_c50_s42,4,0.7985706028529639
1140181,bertopic,n15_c50_s42,0,1.0
1140801,bertopic,n15_c50_s42,9,1.0
1141046,bertopic,n15_c50_s42,11,0.8571083236012774
1141197,bertopic,n15_c50_s42,11,0.11047900230844042
1141638,bertopic,n15_c50_s42,29,1.0
1141813,bertopic,n15_c50_s42,35,1.0
1141951,bertopic,n15_c50_s42,0,1.0
1142937,bertopic,n15_c50_s42,16,1.0
1144824,bertopic,n15_c50_s42,-1,0.0
1145165,bertopic,n15_c50_s42,24,1.0
1145638,bertopic,n15_c50_s42,23,0.9566890586904768
1146027,bertopic,n15_c50_s42,-1,0.0
1146042,bertopic,n15_c50_s42,7,1.0
1146152,bertopic,n15_c50_s42,-1,0.0
1146252,bertopic,n15_c50_s42,15,0.9571720797874156
1146352,bertopic,n15_c50_s42,-1,0.0
1147158,bertopic,n15_c50_s42,25,1.0
1147273,bertopic,n15_c50_s42,-1,0.0
1147402,bertopic,n15_c50_s42,-1,0.0
1147699,bertopic,n15_c50_s42,2,1.0
1148447,bertopic,n15_c50_s42,10,1.0
1148547,bertopic,n15_c50_s42,7,1.0
1148606,bertopic,n15_c50_s42,0,1.0
1148875,bertopic,n15_c50_s42,5,0.7620765826991681
1149101,bertopic,n15_c50_s42,25,1.0
1149294,bertopic,n15_c50_s42,25,0.9240398461590553
1149383,bertopic,n15_c50_s42,5,0.8761641292508354
1150390,bertopic,n15_c50_s42,1,0.7185145854769981
1150687,bertopic,n15_c50_s42,10,1.0
1151009,bertopic,n15_c50_s42,0,1.0
1151445,bertopic,n15_c50_s42,2,1.0
1151675,bertopic,n15_c50_s42,5,1.0
1151793,bertopic,n15_c50_s42,15,0.46052695790032383
1154042,bertopic,n15_c50_s42,0,1.0
1154242,bertopic,n15_c50_s42,30,1.0
1154680,bertopic,n15_c50_s42,0,0.8446653574187508
1155302,bertopic,n15_c50_s42,20,1.0
1156050,bertopic,n15_c50_s42,-1,0.0
1158781,bertopic,n15_c50_s42,-1,0.0
1159641,bertopic,n15_c50_s42,16,1.0
1160696,bertopic,n15_c50_s42,22,0.7263696664676225
1161665,bertopic,n15_c50_s42,-1,0.0
1161789,bertopic,n15_c50_s42,32,1.0
1161895,bertopic,n15_c50_s42,-1,0.0
1162509,bertopic,n15_c50_s42,22,1.0
1162778,bertopic,n15_c50_s42,-1,0.0
1163727,bertopic,n15_c50_s42,0,0.8905794290538647
1163846,bertopic,n15_c50_s42,1,1.0
1166428,bertopic,n15_c50_s42,6,0.4189475828239882
1166606,bertopic,n15_c50_s42,-1,0.0
1172193,bertopic,n15_c50_s42,6,0.8989676046453063
1173734,bertopic,n15_c50_s42,20,0.7055475386240061
1176583,bertopic,n15_c50_s42,6,0.3486133541805701
1176973,bertopic,n15_c50_s42,23,0.8998738108245857
1177723,bertopic,n15_c50_s42,12,0.5340615766348344
1177972,bertopic,n15_c50_s42,-1,0.0
1178665,bertopic,n15_c50_s42,5,0.569011098497972
1179288,bertopic,n15_c50_s42,5,0.3800687975370145
1179930,bertopic,n15_c50_s42,34,1.0
1180166,bertopic,n15_c50_s42,0,1.0
1180430,bertopic,n15_c50_s42,-1,0.0
1180915,bertopic,n15_c50_s42,22,0.8641825978472025
1182632,bertopic,n15_c50_s42,26,1.0
1185968,bertopic,n15_c50_s42,3,0.39456700386500376
1189527,bertopic,n15_c50_s42,7,1.0
1189737,bertopic,n15_c50_s42,0,1.0
1190471,bertopic,n15_c50_s42,2,1.0
1191095,bertopic,n15_c50_s42,1,0.17040249816337727
1191971,bertopic,n15_c50_s42,30,1.0
1192253,bertopic,n15_c50_s42,16,0.9090370361323684
1192680,bertopic,n15_c50_s42,-1,0.0
1193022,bertopic,n15_c50_s42,0,1.0
1196817,bertopic,n15_c50_s42,-1,0.0
1198108,bertopic,n15_c50_s42,22,0.8223759144424047
1200295,bertopic,n15_c50_s42,-1,0.0
1200453,bertopic,n15_c50_s42,22,0.7263696664676225
1200649,bertopic,n15_c50_s42,20,0.7055475386240061
1200694,bertopic,n15_c50_s42,20,0.5473627763155088
1202138,bertopic,n15_c50_s42,1,0.9746768224192682
1202164,bertopic,n15_c50_s42,12,1.0
1202753,bertopic,n15_c50_s42,-1,0.0
1203775,bertopic,n15_c50_s42,-1,0.0
1205723,bertopic,n15_c50_s42,7,0.8237442072476651
1207633,bertopic,n15_c50_s42,-1,0.0
1208066,bertopic,n15_c50_s42,32,1.0
1209971,bertopic,n15_c50_s42,17,0.7620992923869208
1213628,bertopic,n15_c50_s42,9,0.3690086220333308
1214551,bertopic,n15_c50_s42,-1,0.0
1215205,bertopic,n15_c50_s42,2,0.9626929597875836
1215569,bertopic,n15_c50_s42,26,0.9582497976391167
1215831,bertopic,n15_c50_s42,25,0.9916830935082988
1216753,bertopic,n15_c50_s42,23,0.9814641826475491
1217154,bertopic,n15_c50_s42,10,1.0
1217384,bertopic,n15_c50_s42,22,1.0
1222251,bertopic,n15_c50_s42,3,1.0
1222276,bertopic,n15_c50_s42,8,0.8098006021686482
1223277,bertopic,n15_c50_s42,3,0.9756382242083558
1223412,bertopic,n15_c50_s42,2,1.0
1225916,bertopic,n15_c50_s42,-1,0.0
1226995,bertopic,n15_c50_s42,22,1.0
1227271,bertopic,n15_c50_s42,8,0.9564976962836944
1227710,bertopic,n15_c50_s42,9,0.09422033020627348
1228096,bertopic,n15_c50_s42,25,0.9240398461590553
1228776,bertopic,n15_c50_s42,7,1.0
1229008,bertopic,n15_c50_s42,-1,0.0
1229988,bertopic,n15_c50_s42,3,0.7472729510581412
1231622,bertopic,n15_c50_s42,9,1.0
1231635,bertopic,n15_c50_s42,-1,0.0
1231901,bertopic,n15_c50_s42,8,0.9564976962836944
1232008,bertopic,n15_c50_s42,31,1.0
1232174,bertopic,n15_c50_s42,1,1.0
1233088,bertopic,n15_c50_s42,24,0.6499633217621625
1233385,bertopic,n15_c50_s42,20,0.686020391330544
1233422,bertopic,n15_c50_s42,3,1.0
1235322,bertopic,n15_c50_s42,1,0.7992426751798803
1236378,bertopic,n15_c50_s42,3,1.0
1237031,bertopic,n15_c50_s42,7,0.6867640698926626
1237170,bertopic,n15_c50_s42,1,0.6080049878248824
1237413,bertopic,n15_c50_s42,25,1.0
1237848,bertopic,n15_c50_s42,11,0.8711067922409653
1237922,bertopic,n15_c50_s42,12,1.0
1238889,bertopic,n15_c50_s42,25,1.0
1238961,bertopic,n15_c50_s42,23,1.0
1239523,bertopic,n15_c50_s42,8,0.8098006021686482
1240026,bertopic,n15_c50_s42,-1,0.0
1241291,bertopic,n15_c50_s42,9,0.09422033020627348
1242184,bertopic,n15_c50_s42,32,1.0
1245244,bertopic,n15_c50_s42,2,1.0
1248105,bertopic,n15_c50_s42,18,0.9635010841911168
1248204,bertopic,n15_c50_s42,31,1.0
1248300,bertopic,n15_c50_s42,26,0.8065725534495135
1250399,bertopic,n15_c50_s42,4,1.0
1251753,bertopic,n15_c50_s42,-1,0.0
1252071,bertopic,n15_c50_s42,14,0.4670577318233136
1252327,bertopic,n15_c50_s42,8,1.0
1254524,bertopic,n15_c50_s42,15,1.0
1256404,bertopic,n15_c50_s42,-1,0.0
1257472,bertopic,n15_c50_s42,15,0.4874161359904081
1260426,bertopic,n15_c50_s42,30,1.0
1261053,bertopic,n15_c50_s42,16,1.0
1261757,bertopic,n15_c50_s42,0,1.0
1262969,bertopic,n15_c50_s42,-1,0.0
1263492,bertopic,n15_c50_s42,29,0.4223289108364647
1264343,bertopic,n15_c50_s42,8,1.0
1264590,bertopic,n15_c50_s42,26,1.0
1264716,bertopic,n15_c50_s42,-1,0.0
1266683,bertopic,n15_c50_s42,22,1.0
1267035,bertopic,n15_c50_s42,23,1.0
1267428,bertopic,n15_c50_s42,30,1.0
1267998,bertopic,n15_c50_s42,0,1.0
1270171,bertopic,n15_c50_s42,-1,0.0
1271152,bertopic,n15_c50_s42,12,0.20740855699722183
1271406,bertopic,n15_c50_s42,-1,0.0
1273521,bertopic,n15_c50_s42,29,0.34655893974487556
1274004,bertopic,n15_c50_s42,9,1.0
1275243,bertopic,n15_c50_s42,25,0.9240398461590553
1275309,bertopic,n15_c50_s42,2,0.7942111631652888
1276979,bertopic,n15_c50_s42,31,1.0
1277211,bertopic,n15_c50_s42,23,1.0
1277828,bertopic,n15_c50_s42,22,1.0
1278728,bertopic,n15_c50_s42,-1,0.0
1280692,bertopic,n15_c50_s42,1,1.0
1282492,bertopic,n15_c50_s42,6,0.34133539421460585
1282669,bertopic,n15_c50_s42,37,1.0
1283815,bertopic,n15_c50_s42,11,0.8711067922409653
1285885,bertopic,n15_c50_s42,23,0.9698394529751654
1286087,bertopic,n15_c50_s42,-1,0.0
1286957,bertopic,n15_c50_s42,25,0.9347511393590008
1288369,bertopic,n15_c50_s42,1,0.9455869386777016
1293162,bertopic,n15_c50_s42,25,1.0
1293332,bertopic,n15_c50_s42,32,1.0
1293933,bertopic,n15_c50_s42,9,0.3690086220333308
1295827,bertopic,n15_c50_s42,-1,0.0
1295853,bertopic,n15_c50_s42,6,0.46381087066863075
1295865,bertopic,n15_c50_s42,3,0.412471530508816
1295888,bertopic,n15_c50_s42,16,1.0
1296775,bertopic,n15_c50_s42,29,0.4223289108364647
1297875,bertopic,n15_c50_s42,0,1.0
1298653,bertopic,n15_c50_s42,22,1.0
1303438,bertopic,n15_c50_s42,2,1.0
1303474,bertopic,n15_c50_s42,25,1.0
1304857,bertopic,n15_c50_s42,0,1.0
1305880,bertopic,n15_c50_s42,-1,0.0
1306813,bertopic,n15_c50_s42,-1,0.0
1307171,bertopic,n15_c50_s42,27,0.550876839477791
1311466,bertopic,n15_c50_s42,-1,0.0
1312605,bertopic,n15_c50_s42,8,1.0
1312667,bertopic,n15_c50_s42,-1,0.0
1312787,bertopic,n15_c50_s42,17,0.8134181108852641
1313336,bertopic,n15_c50_s42,-1,0.0
1314141,bertopic,n15_c50_s42,0,0.3277305395150376
1314588,bertopic,n15_c50_s42,0,0.1344555810401498
1315353,bertopic,n15_c50_s42,-1,0.0
1316358,bertopic,n15_c50_s42,4,1.0
1317422,bertopic,n15_c50_s42,2,1.0
1319309,bertopic,n15_c50_s42,6,0.4189475828239882
1319652,bertopic,n15_c50_s42,13,0.2264747974253285
1322468,bertopic,n15_c50_s42,-1,0.0
1322941,bertopic,n15_c50_s42,25,0.8851456115340711
1325291,bertopic,n15_c50_s42,-1,0.0
1326263,bertopic,n15_c50_s42,25,1.0
1326419,bertopic,n15_c50_s42,1,0.2811251637275487
1327705,bertopic,n15_c50_s42,15,0.8350198462148515
1328425,bertopic,n15_c50_s42,10,0.6602516163997887
1328433,bertopic,n15_c50_s42,-1,0.0
1328559,bertopic,n15_c50_s42,20,0.7055475386240061
1328590,bertopic,n15_c50_s42,-1,0.0
1328629,bertopic,n15_c50_s42,24,1.0
1328920,bertopic,n15_c50_s42,-1,0.0
1329456,bertopic,n15_c50_s42,-1,0.0
1330537,bertopic,n15_c50_s42,32,1.0
1331105,bertopic,n15_c50_s42,-1,0.0
1331247,bertopic,n15_c50_s42,17,0.7265238731277895
1331568,bertopic,n15_c50_s42,12,1.0
1331824,bertopic,n15_c50_s42,19,1.0
1332132,bertopic,n15_c50_s42,9,0.3690086220333308
1332151,bertopic,n15_c50_s42,17,1.0
1333447,bertopic,n15_c50_s42,5,1.0
1333466,bertopic,n15_c50_s42,-1,0.0
1333612,bertopic,n15_c50_s42,9,0.3690086220333308
1333849,bertopic,n15_c50_s42,-1,0.0
1333894,bertopic,n15_c50_s42,4,1.0
1334215,bertopic,n15_c50_s42,15,1.0
1334660,bertopic,n15_c50_s42,4,0.8467744271317305
1334867,bertopic,n15_c50_s42,-1,0.0
1334990,bertopic,n15_c50_s42,3,1.0
1335182,bertopic,n15_c50_s42,3,1.0
1335569,bertopic,n15_c50_s42,35,0.8704104901190132
1335873,bertopic,n15_c50_s42,-1,0.0
1336013,bertopic,n15_c50_s42,17,0.7488152356900137
1336227,bertopic,n15_c50_s42,30,1.0
1336272,bertopic,n15_c50_s42,27,1.0
1336457,bertopic,n15_c50_s42,14,0.8627091313756631
1336508,bertopic,n15_c50_s42,30,1.0
1336545,bertopic,n15_c50_s42,-1,0.0
1336635,bertopic,n15_c50_s42,35,0.787235120058088
1336697,bertopic,n15_c50_s42,4,0.8737453213408044
1336889,bertopic,n15_c50_s42,17,1.0
1337777,bertopic,n15_c50_s42,1,1.0
1337833,bertopic,n15_c50_s42,-1,0.0
1337953,bertopic,n15_c50_s42,3,0.5482781846932547
1338185,bertopic,n15_c50_s42,1,1.0
1338187,bertopic,n15_c50_s42,0,1.0
1338591,bertopic,n15_c50_s42,18,1.0
1338720,bertopic,n15_c50_s42,-1,0.0
1339546,bertopic,n15_c50_s42,1,0.6080049878248824
1339717,bertopic,n15_c50_s42,27,1.0
1339936,bertopic,n15_c50_s42,-1,0.0
1340018,bertopic,n15_c50_s42,0,0.1344555810401498
1340221,bertopic,n15_c50_s42,4,1.0
1340290,bertopic,n15_c50_s42,24,0.9448949529569838
1340354,bertopic,n15_c50_s42,-1,0.0
1340550,bertopic,n15_c50_s42,6,0.3845769234619132
1340579,bertopic,n15_c50_s42,-1,0.0
1340837,bertopic,n15_c50_s42,4,0.9763837133297479
1340896,bertopic,n15_c50_s42,3,1.0
1341084,bertopic,n15_c50_s42,13,1.0
1341136,bertopic,n15_c50_s42,24,1.0
1341197,bertopic,n15_c50_s42,5,1.0
1341211,bertopic,n15_c50_s42,10,0.5780302973175078
1341349,bertopic,n15_c50_s42,2,1.0
1341492,bertopic,n15_c50_s42,14,1.0
1341518,bertopic,n15_c50_s42,12,1.0
1341529,bertopic,n15_c50_s42,13,0.3977979614811948
1341600,bertopic,n15_c50_s42,13,0.3810740865291658
1341631,bertopic,n15_c50_s42,17,1.0
1341648,bertopic,n15_c50_s42,1,1.0
1341653,bertopic,n15_c50_s42,4,1.0
1341654,bertopic,n15_c50_s42,3,1.0
1341717,bertopic,n15_c50_s42,0,0.23560015028267306
1341723,bertopic,n15_c50_s42,-1,0.0
1341731,bertopic,n15_c50_s42,-1,0.0
1341735,bertopic,n15_c50_s42,14,0.4706539236039817
1341778,bertopic,n15_c50_s42,-1,0.0
1341855,bertopic,n15_c50_s42,13,0.887233916177569
1341861,bertopic,n15_c50_s42,4,1.0
1341976,bertopic,n15_c50_s42,2,0.7365473200867206
1341980,bertopic,n15_c50_s42,13,0.5965730770383015
1341997,bertopic,n15_c50_s42,2,1.0
1342072,bertopic,n15_c50_s42,13,1.0
1342094,bertopic,n15_c50_s42,-1,0.0
1342147,bertopic,n15_c50_s42,-1,0.0
1342200,bertopic,n15_c50_s42,1,0.6013603684893652
1342209,bertopic,n15_c50_s42,4,0.779031629774909
1342353,bertopic,n15_c50_s42,1,0.9096319431988916
1342385,bertopic,n15_c50_s42,4,0.8737160086205618
1342387,bertopic,n15_c50_s42,1,0.36364877867349565
1342400,bertopic,n15_c50_s42,1,1.0
1342431,bertopic,n15_c50_s42,1,1.0
1342456,bertopic,n15_c50_s42,9,0.2601326744032616
1342504,bertopic,n15_c50_s42,13,1.0
1342820,bertopic,n15_c50_s42,32,1.0
1342923,bertopic,n15_c50_s42,13,1.0
1343205,bertopic,n15_c50_s42,22,1.0
1343217,bertopic,n15_c50_s42,17,0.5010657530120687
1343397,bertopic,n15_c50_s42,13,1.0
1343705,bertopic,n15_c50_s42,-1,0.0
1343918,bertopic,n15_c50_s42,16,1.0
1346153,bertopic,n15_c50_s42,25,0.9240398461590553
1347867,bertopic,n15_c50_s42,25,1.0
1349045,bertopic,n15_c50_s42,-1,0.0
1350240,bertopic,n15_c50_s42,10,1.0
1350512,bertopic,n15_c50_s42,-1,0.0
1350627,bertopic,n15_c50_s42,-1,0.0
1350933,bertopic,n15_c50_s42,0,1.0
1352422,bertopic,n15_c50_s42,2,1.0
1352426,bertopic,n15_c50_s42,28,1.0
1352433,bertopic,n15_c50_s42,14,0.9661378315458418
1352468,bertopic,n15_c50_s42,4,0.9809249335202846
1352471,bertopic,n15_c50_s42,1,1.0
1352495,bertopic,n15_c50_s42,16,0.8321393799941623
1352496,bertopic,n15_c50_s42,13,0.8864175280832479
1352515,bertopic,n15_c50_s42,-1,0.0
1352534,bertopic,n15_c50_s42,1,0.8665849006447841
1352596,bertopic,n15_c50_s42,1,1.0
1352613,bertopic,n15_c50_s42,1,0.9411122005014835
1352718,bertopic,n15_c50_s42,13,1.0
1352820,bertopic,n15_c50_s42,-1,0.0
1352903,bertopic,n15_c50_s42,13,1.0
1352958,bertopic,n15_c50_s42,14,0.9661378315458418
1352995,bertopic,n15_c50_s42,13,0.9557277954416695
1353016,bertopic,n15_c50_s42,2,1.0
1353060,bertopic,n15_c50_s42,-1,0.0
1353072,bertopic,n15_c50_s42,2,1.0
1353120,bertopic,n15_c50_s42,13,1.0
1353281,bertopic,n15_c50_s42,15,0.7579377246103163
1353290,bertopic,n15_c50_s42,4,0.7582232416963687
1353320,bertopic,n15_c50_s42,-1,0.0
1353323,bertopic,n15_c50_s42,13,1.0
1353372,bertopic,n15_c50_s42,-1,0.0
1353458,bertopic,n15_c50_s42,0,0.8894141263008447
1353520,bertopic,n15_c50_s42,13,1.0
1353567,bertopic,n15_c50_s42,14,0.799878046457409
1353575,bertopic,n15_c50_s42,8,0.9564976962836944
1353735,bertopic,n15_c50_s42,13,1.0
1353748,bertopic,n15_c50_s42,4,0.860901895384371
1353809,bertopic,n15_c50_s42,-1,0.0
1353844,bertopic,n15_c50_s42,13,1.0
1353851,bertopic,n15_c50_s42,2,0.8778865827702653
1353908,bertopic,n15_c50_s42,13,1.0
1354016,bertopic,n15_c50_s42,4,0.9235205397404076
1354033,bertopic,n15_c50_s42,13,1.0
1354073,bertopic,n15_c50_s42,3,1.0
1354115,bertopic,n15_c50_s42,3,0.5655237658497608
1354131,bertopic,n15_c50_s42,3,1.0
1354200,bertopic,n15_c50_s42,13,1.0
1354225,bertopic,n15_c50_s42,7,0.8237442072476651
1354386,bertopic,n15_c50_s42,-1,0.0
1354429,bertopic,n15_c50_s42,14,1.0
1354493,bertopic,n15_c50_s42,13,1.0
1354538,bertopic,n15_c50_s42,19,0.7300806243651426
1354555,bertopic,n15_c50_s42,13,1.0
1354623,bertopic,n15_c50_s42,28,1.0
1354630,bertopic,n15_c50_s42,4,0.8129493830014747
1354634,bertopic,n15_c50_s42,13,1.0
1354764,bertopic,n15_c50_s42,5,0.5300947106371708
1354790,bertopic,n15_c50_s42,13,1.0
1354799,bertopic,n15_c50_s42,13,1.0
1354892,bertopic,n15_c50_s42,3,0.42709914765059886
1354928,bertopic,n15_c50_s42,4,1.0
1355075,bertopic,n15_c50_s42,13,1.0
1355098,bertopic,n15_c50_s42,5,0.3800687975370145
1355148,bertopic,n15_c50_s42,13,1.0
1355189,bertopic,n15_c50_s42,14,1.0
1355212,bertopic,n15_c50_s42,13,1.0
1355277,bertopic,n15_c50_s42,0,1.0
1355289,bertopic,n15_c50_s42,-1,0.0
1355306,bertopic,n15_c50_s42,0,1.0
1355387,bertopic,n15_c50_s42,0,0.26634822563413885
1355464,bertopic,n15_c50_s42,14,0.4798154089937858
1355474,bertopic,n15_c50_s42,4,1.0
1355513,bertopic,n15_c50_s42,19,0.7336784840284254
1355600,bertopic,n15_c50_s42,0,1.0
1355641,bertopic,n15_c50_s42,22,0.7263696664676225
1355698,bertopic,n15_c50_s42,14,0.9661378315458418
1355959,bertopic,n15_c50_s42,-1,0.0
1356010,bertopic,n15_c50_s42,3,0.8519485244506382
1356076,bertopic,n15_c50_s42,13,1.0
1356190,bertopic,n15_c50_s42,12,1.0
1356274,bertopic,n15_c50_s42,13,1.0
1356290,bertopic,n15_c50_s42,3,0.5482781846932547
1356495,bertopic,n15_c50_s42,3,0.5482781846932547
1356519,bertopic,n15_c50_s42,13,1.0
1356599,bertopic,n15_c50_s42,13,1.0
1356604,bertopic,n15_c50_s42,-1,0.0
1356627,bertopic,n15_c50_s42,9,0.2894860881765392
1356668,bertopic,n15_c50_s42,-1,0.0
1356670,bertopic,n15_c50_s42,11,0.8711067922409653
1356825,bertopic,n15_c50_s42,4,0.7907261023859659
1356942,bertopic,n15_c50_s42,13,1.0
1356967,bertopic,n15_c50_s42,13,1.0
1356975,bertopic,n15_c50_s42,3,1.0
1357163,bertopic,n15_c50_s42,-1,0.0
1357414,bertopic,n15_c50_s42,13,0.7002650363275015
1357473,bertopic,n15_c50_s42,31,1.0
1357554,bertopic,n15_c50_s42,13,1.0
1357652,bertopic,n15_c50_s42,4,0.8913878143568259
1357665,bertopic,n15_c50_s42,7,0.9684891295919472
1357813,bertopic,n15_c50_s42,13,1.0
1357853,bertopic,n15_c50_s42,13,1.0
1357960,bertopic,n15_c50_s42,13,1.0
1358114,bertopic,n15_c50_s42,-1,0.0
1358178,bertopic,n15_c50_s42,9,0.09422033020627348
1358210,bertopic,n15_c50_s42,17,0.6219202578767355
1358250,bertopic,n15_c50_s42,-1,0.0
1358624,bertopic,n15_c50_s42,11,0.8711067922409653
1358742,bertopic,n15_c50_s42,27,0.550876839477791
1358818,bertopic,n15_c50_s42,13,1.0
1358971,bertopic,n15_c50_s42,0,1.0
1359310,bertopic,n15_c50_s42,0,1.0
1359637,bertopic,n15_c50_s42,16,0.8321393799941623
1359667,bertopic,n15_c50_s42,27,0.5427137035016715
1359688,bertopic,n15_c50_s42,13,1.0
1359697,bertopic,n15_c50_s42,13,1.0
1360008,bertopic,n15_c50_s42,-1,0.0
1360222,bertopic,n15_c50_s42,35,1.0
1360241,bertopic,n15_c50_s42,0,1.0
1360518,bertopic,n15_c50_s42,-1,0.0
1360532,bertopic,n15_c50_s42,8,0.8029764469178745
1360803,bertopic,n15_c50_s42,13,1.0
1361392,bertopic,n15_c50_s42,13,1.0
1361989,bertopic,n15_c50_s42,4,0.8265731306849649
1362085,bertopic,n15_c50_s42,3,0.5397134666516713
1362270,bertopic,n15_c50_s42,28,1.0
1363598,bertopic,n15_c50_s42,18,1.0
1364107,bertopic,n15_c50_s42,16,1.0
1364501,bertopic,n15_c50_s42,-1,0.0
1365761,bertopic,n15_c50_s42,-1,0.0
1365820,bertopic,n15_c50_s42,-1,0.0
1365942,bertopic,n15_c50_s42,7,0.9684891295919472
1366210,bertopic,n15_c50_s42,2,1.0
1367076,bertopic,n15_c50_s42,3,0.5482781846932547
1367334,bertopic,n15_c50_s42,10,1.0
1368672,bertopic,n15_c50_s42,27,1.0
1368830,bertopic,n15_c50_s42,-1,0.0
1369052,bertopic,n15_c50_s42,2,1.0
1369207,bertopic,n15_c50_s42,-1,0.0
1370009,bertopic,n15_c50_s42,12,1.0
1370734,bertopic,n15_c50_s42,-1,0.0
1371099,bertopic,n15_c50_s42,-1,0.0
1372834,bertopic,n15_c50_s42,-1,0.0
1373382,bertopic,n15_c50_s42,25,1.0
1373517,bertopic,n15_c50_s42,18,0.997792437936422
1374213,bertopic,n15_c50_s42,-1,0.0
1374351,bertopic,n15_c50_s42,12,1.0
1374888,bertopic,n15_c50_s42,4,0.9657223824376571
1375962,bertopic,n15_c50_s42,19,0.6493248369109148
1377305,bertopic,n15_c50_s42,-1,0.0
1378147,bertopic,n15_c50_s42,11,0.2802704669588472
1378625,bertopic,n15_c50_s42,32,1.0
1378806,bertopic,n15_c50_s42,2,1.0
1379129,bertopic,n15_c50_s42,5,0.3893136906012161
1379802,bertopic,n15_c50_s42,27,1.0
1380129,bertopic,n15_c50_s42,7,0.7832750312026807
1381254,bertopic,n15_c50_s42,12,0.9669476377787237
1381696,bertopic,n15_c50_s42,27,1.0
1381808,bertopic,n15_c50_s42,15,1.0
1383057,bertopic,n15_c50_s42,0,1.0
1383889,bertopic,n15_c50_s42,10,0.3918470446818332
1385669,bertopic,n15_c50_s42,22,1.0
1386600,bertopic,n15_c50_s42,6,0.7364884495947854
1386891,bertopic,n15_c50_s42,0,0.6045848133671266
1386909,bertopic,n15_c50_s42,-1,0.0
1386978,bertopic,n15_c50_s42,-1,0.0
1387913,bertopic,n15_c50_s42,4,0.8037929372185932
1388481,bertopic,n15_c50_s42,29,1.0
1388627,bertopic,n15_c50_s42,3,1.0
1389193,bertopic,n15_c50_s42,-1,0.0
1389237,bertopic,n15_c50_s42,20,0.5046669710418399
1389776,bertopic,n15_c50_s42,7,0.7328654136205899
1389785,bertopic,n15_c50_s42,0,1.0
1391001,bertopic,n15_c50_s42,4,0.8882709376366738
1391878,bertopic,n15_c50_s42,-1,0.0
1392171,bertopic,n15_c50_s42,-1,0.0
1392616,bertopic,n15_c50_s42,0,0.5676249703556613
1392742,bertopic,n15_c50_s42,5,0.569011098497972
1393021,bertopic,n15_c50_s42,4,0.8309780831653754
1393149,bertopic,n15_c50_s42,0,1.0
1393280,bertopic,n15_c50_s42,-1,0.0
1393391,bertopic,n15_c50_s42,-1,0.0
1393488,bertopic,n15_c50_s42,12,1.0
1393512,bertopic,n15_c50_s42,0,1.0
1393553,bertopic,n15_c50_s42,-1,0.0
1393777,bertopic,n15_c50_s42,28,1.0
1394418,bertopic,n15_c50_s42,0,0.635061484373618
1394813,bertopic,n15_c50_s42,11,0.7233369568443361
1395113,bertopic,n15_c50_s42,36,1.0
1396305,bertopic,n15_c50_s42,0,1.0
1396536,bertopic,n15_c50_s42,3,0.6153742128091917
1397992,bertopic,n15_c50_s42,0,1.0
1398139,bertopic,n15_c50_s42,-1,0.0
1398174,bertopic,n15_c50_s42,10,1.0
1398252,bertopic,n15_c50_s42,10,1.0
1398346,bertopic,n15_c50_s42,35,1.0
1399933,bertopic,n15_c50_s42,-1,0.0
1400276,bertopic,n15_c50_s42,19,0.6276459490972147
1401281,bertopic,n15_c50_s42,12,1.0
1401776,bertopic,n15_c50_s42,20,1.0
1403499,bertopic,n15_c50_s42,15,1.0
1403543,bertopic,n15_c50_s42,6,0.4189475828239882
1403618,bertopic,n15_c50_s42,0,0.8683971448673102
1403934,bertopic,n15_c50_s42,-1,0.0
1404262,bertopic,n15_c50_s42,24,0.5291900138019086
1404449,bertopic,n15_c50_s42,19,1.0
1404526,bertopic,n15_c50_s42,23,1.0
1405038,bertopic,n15_c50_s42,0,1.0
1405327,bertopic,n15_c50_s42,-1,0.0
1406803,bertopic,n15_c50_s42,4,1.0
1407139,bertopic,n15_c50_s42,-1,0.0
1407233,bertopic,n15_c50_s42,34,1.0
1407371,bertopic,n15_c50_s42,3,0.39456700386500376
1407589,bertopic,n15_c50_s42,11,0.8711067922409653
1408074,bertopic,n15_c50_s42,11,1.0
1408639,bertopic,n15_c50_s42,3,0.6153742128091917
1408737,bertopic,n15_c50_s42,3,0.6153742128091917
1409160,bertopic,n15_c50_s42,-1,0.0
1409834,bertopic,n15_c50_s42,11,1.0
1410309,bertopic,n15_c50_s42,-1,0.0
1410817,bertopic,n15_c50_s42,0,1.0
1410862,bertopic,n15_c50_s42,0,1.0
1410997,bertopic,n15_c50_s42,0,1.0
1411119,bertopic,n15_c50_s42,0,1.0
1411519,bertopic,n15_c50_s42,12,1.0
1411756,bertopic,n15_c50_s42,11,0.7846444543791273
1412149,bertopic,n15_c50_s42,0,1.0
1412424,bertopic,n15_c50_s42,36,1.0
1412975,bertopic,n15_c50_s42,9,0.09422033020627348
1413114,bertopic,n15_c50_s42,-1,0.0
1413469,bertopic,n15_c50_s42,3,0.9326730004865782
1413886,bertopic,n15_c50_s42,35,1.0
1414377,bertopic,n15_c50_s42,18,1.0
1414621,bertopic,n15_c50_s42,0,1.0
1414854,bertopic,n15_c50_s42,12,1.0
1418587,bertopic,n15_c50_s42,4,0.9763837133297479
1419130,bertopic,n15_c50_s42,6,1.0
1419281,bertopic,n15_c50_s42,18,1.0
1419373,bertopic,n15_c50_s42,11,0.8182296389272926
1420150,bertopic,n15_c50_s42,9,0.3690086220333308
1420359,bertopic,n15_c50_s42,29,0.8939974315252659
1420676,bertopic,n15_c50_s42,-1,0.0
1421290,bertopic,n15_c50_s42,30,0.5629218379951416
1421554,bertopic,n15_c50_s42,5,0.8761641292508354
1421739,bertopic,n15_c50_s42,-1,0.0
1422211,bertopic,n15_c50_s42,6,0.4189475828239882
1422237,bertopic,n15_c50_s42,9,0.09422033020627348
1422305,bertopic,n15_c50_s42,2,1.0
1422445,bertopic,n15_c50_s42,12,1.0
1422449,bertopic,n15_c50_s42,17,1.0
1422805,bertopic,n15_c50_s42,0,1.0
1423023,bertopic,n15_c50_s42,6,0.4189475828239882
1423636,bertopic,n15_c50_s42,3,0.38360126583812043
1423827,bertopic,n15_c50_s42,0,1.0
1424324,bertopic,n15_c50_s42,3,0.5482781846932547
1424560,bertopic,n15_c50_s42,17,0.7620992923869208
1424726,bertopic,n15_c50_s42,20,0.8957619804819197
1425329,bertopic,n15_c50_s42,10,1.0
1425381,bertopic,n15_c50_s42,2,1.0
1425396,bertopic,n15_c50_s42,6,0.4189475828239882
1425918,bertopic,n15_c50_s42,0,0.6496186928220912
1426603,bertopic,n15_c50_s42,17,0.5897688701047445
1427271,bertopic,n15_c50_s42,3,1.0
1427504,bertopic,n15_c50_s42,0,1.0
1428060,bertopic,n15_c50_s42,32,1.0
1428577,bertopic,n15_c50_s42,4,0.9235205397404076
1429008,bertopic,n15_c50_s42,36,1.0
1429314,bertopic,n15_c50_s42,36,1.0
1429483,bertopic,n15_c50_s42,1,0.2811251637275487
1429660,bertopic,n15_c50_s42,-1,0.0
1430221,bertopic,n15_c50_s42,25,1.0
1430422,bertopic,n15_c50_s42,27,0.550876839477791
1431867,bertopic,n15_c50_s42,5,0.569011098497972
1433003,bertopic,n15_c50_s42,10,0.4383515018840619
1433177,bertopic,n15_c50_s42,0,1.0
1433228,bertopic,n15_c50_s42,20,1.0
1433399,bertopic,n15_c50_s42,15,0.8350198462148515
1433559,bertopic,n15_c50_s42,2,1.0
1434021,bertopic,n15_c50_s42,-1,0.0
1434138,bertopic,n15_c50_s42,4,0.7553363886896771
1435315,bertopic,n15_c50_s42,-1,0.0
1435944,bertopic,n15_c50_s42,1,1.0
1435954,bertopic,n15_c50_s42,20,1.0
1435966,bertopic,n15_c50_s42,8,1.0
1436002,bertopic,n15_c50_s42,1,1.0
1436096,bertopic,n15_c50_s42,12,1.0
1436232,bertopic,n15_c50_s42,-1,0.0
1436382,bertopic,n15_c50_s42,3,1.0
1436761,bertopic,n15_c50_s42,3,1.0
1436769,bertopic,n15_c50_s42,30,1.0
1437201,bertopic,n15_c50_s42,10,0.3918470446818332
1437730,bertopic,n15_c50_s42,20,1.0
1438428,bertopic,n15_c50_s42,19,1.0
1438672,bertopic,n15_c50_s42,3,1.0
1439249,bertopic,n15_c50_s42,-1,0.0
1439868,bertopic,n15_c50_s42,11,1.0
1440498,bertopic,n15_c50_s42,4,0.906056262919877
1442827,bertopic,n15_c50_s42,4,0.9235205397404076
1443154,bertopic,n15_c50_s42,3,0.7606752633885466
1443270,bertopic,n15_c50_s42,20,1.0
1443466,bertopic,n15_c50_s42,20,1.0
1443642,bertopic,n15_c50_s42,20,1.0
1443675,bertopic,n15_c50_s42,20,0.533682516202017
1443679,bertopic,n15_c50_s42,20,1.0
1443967,bertopic,n15_c50_s42,20,1.0
1444123,bertopic,n15_c50_s42,5,0.8761641292508354
1444388,bertopic,n15_c50_s42,23,0.5540367036708717
1444407,bertopic,n15_c50_s42,1,1.0
1444816,bertopic,n15_c50_s42,-1,0.0
1445155,bertopic,n15_c50_s42,-1,0.0
1445868,bertopic,n15_c50_s42,9,0.2894860881765392
1446344,bertopic,n15_c50_s42,3,1.0
1447236,bertopic,n15_c50_s42,9,0.26634306292463095
1447277,bertopic,n15_c50_s42,9,0.24809353024895245
1447518,bertopic,n15_c50_s42,14,0.9640991754127
1447668,bertopic,n15_c50_s42,1,1.0
1448206,bertopic,n15_c50_s42,1,1.0
1448247,bertopic,n15_c50_s42,3,0.4673193136344675
1448250,bertopic,n15_c50_s42,-1,0.0
1448327,bertopic,n15_c50_s42,-1,0.0
1448611,bertopic,n15_c50_s42,6,0.4189475828239882
1448896,bertopic,n15_c50_s42,1,0.3819425810276835
1449283,bertopic,n15_c50_s42,0,1.0
1449372,bertopic,n15_c50_s42,-1,0.0
1449655,bertopic,n15_c50_s42,1,1.0
1449677,bertopic,n15_c50_s42,0,1.0
1449683,bertopic,n15_c50_s42,0,0.90321742882971
1449805,bertopic,n15_c50_s42,9,0.2894860881765392
1449843,bertopic,n15_c50_s42,9,0.2894860881765392
1450043,bertopic,n15_c50_s42,1,1.0
1450121,bertopic,n15_c50_s42,17,1.0
1450731,bertopic,n15_c50_s42,35,1.0
1450759,bertopic,n15_c50_s42,38,1.0
1451103,bertopic,n15_c50_s42,-1,0.0
1451408,bertopic,n15_c50_s42,5,0.569011098497972
1451509,bertopic,n15_c50_s42,11,0.48168796282103965
1451529,bertopic,n15_c50_s42,0,0.6542392992068327
1451625,bertopic,n15_c50_s42,11,1.0
1452133,bertopic,n15_c50_s42,9,1.0
1453222,bertopic,n15_c50_s42,-1,0.0
1453255,bertopic,n15_c50_s42,11,1.0
1453330,bertopic,n15_c50_s42,-1,0.0
1453464,bertopic,n15_c50_s42,2,1.0
1453989,bertopic,n15_c50_s42,1,0.6080049878248824
1454189,bertopic,n15_c50_s42,27,0.843903182568589
1454199,bertopic,n15_c50_s42,36,1.0
1454244,bertopic,n15_c50_s42,5,0.8761641292508354
1454277,bertopic,n15_c50_s42,36,1.0
1454429,bertopic,n15_c50_s42,3,1.0
1454947,bertopic,n15_c50_s42,19,1.0
1454949,bertopic,n15_c50_s42,3,1.0
1455111,bertopic,n15_c50_s42,33,1.0
1455238,bertopic,n15_c50_s42,0,1.0
1455283,bertopic,n15_c50_s42,4,0.9235205397404076
1455354,bertopic,n15_c50_s42,20,0.7055475386240061
1455402,bertopic,n15_c50_s42,1,1.0
1455720,bertopic,n15_c50_s42,-1,0.0
1455994,bertopic,n15_c50_s42,23,1.0
1456517,bertopic,n15_c50_s42,-1,0.0
1456665,bertopic,n15_c50_s42,8,0.9564976962836944
1456962,bertopic,n15_c50_s42,-1,0.0
1457263,bertopic,n15_c50_s42,4,1.0
1457325,bertopic,n15_c50_s42,-1,0.0
1457859,bertopic,n15_c50_s42,1,1.0
1457932,bertopic,n15_c50_s42,3,0.44878153079593003
1457983,bertopic,n15_c50_s42,2,0.8971013336109194
1458072,bertopic,n15_c50_s42,1,0.8628756837539382
1458241,bertopic,n15_c50_s42,-1,0.0
1458262,bertopic,n15_c50_s42,3,0.6153742128091917
1458275,bertopic,n15_c50_s42,3,0.5155063475685883
1458437,bertopic,n15_c50_s42,34,1.0
1458616,bertopic,n15_c50_s42,1,1.0
1458672,bertopic,n15_c50_s42,17,1.0
1458964,bertopic,n15_c50_s42,19,1.0
1459015,bertopic,n15_c50_s42,12,1.0
1459678,bertopic,n15_c50_s42,-1,0.0
1459715,bertopic,n15_c50_s42,15,1.0
1459749,bertopic,n15_c50_s42,10,0.3918470446818332
1459777,bertopic,n15_c50_s42,10,0.3918470446818332
1459845,bertopic,n15_c50_s42,8,0.7439329302534101
1459893,bertopic,n15_c50_s42,12,1.0
1459929,bertopic,n15_c50_s42,10,0.3918470446818332
1459987,bertopic,n15_c50_s42,-1,0.0
1460048,bertopic,n15_c50_s42,-1,0.0
1460075,bertopic,n15_c50_s42,10,0.3918470446818332
1460145,bertopic,n15_c50_s42,2,0.7274326457614272
1460432,bertopic,n15_c50_s42,8,0.8098006021686482
1460462,bertopic,n15_c50_s42,2,1.0
1460518,bertopic,n15_c50_s42,-1,0.0
1461227,bertopic,n15_c50_s42,38,1.0
1461289,bertopic,n15_c50_s42,38,1.0
1461300,bertopic,n15_c50_s42,33,1.0
1461315,bertopic,n15_c50_s42,16,1.0
1461357,bertopic,n15_c50_s42,1,0.6080049878248824
1461797,bertopic,n15_c50_s42,4,0.8070895934850877
1461825,bertopic,n15_c50_s42,0,1.0
1461835,bertopic,n15_c50_s42,18,0.9635010841911168
1461873,bertopic,n15_c50_s42,9,1.0
1461916,bertopic,n15_c50_s42,9,0.09422033020627348
1462157,bertopic,n15_c50_s42,6,0.4189475828239882
1462192,bertopic,n15_c50_s42,6,0.4189475828239882
1462467,bertopic,n15_c50_s42,5,0.569011098497972
1464287,bertopic,n15_c50_s42,30,0.9399400196065552
1464707,bertopic,n15_c50_s42,4,0.9710602068394807
1465268,bertopic,n15_c50_s42,6,0.41488629645976977
1465580,bertopic,n15_c50_s42,-1,0.0
1465862,bertopic,n15_c50_s42,-1,0.0
1467500,bertopic,n15_c50_s42,3,1.0
1468123,bertopic,n15_c50_s42,-1,0.0
1468145,bertopic,n15_c50_s42,3,1.0
1468240,bertopic,n15_c50_s42,7,1.0
1468764,bertopic,n15_c50_s42,8,0.9795573406625614
1469128,bertopic,n15_c50_s42,11,0.9273093968020385
1471831,bertopic,n15_c50_s42,2,1.0
1472174,bertopic,n15_c50_s42,4,1.0
1472393,bertopic,n15_c50_s42,8,1.0
1472475,bertopic,n15_c50_s42,24,0.5291900138019086
1472765,bertopic,n15_c50_s42,0,0.6735973546403773
1473282,bertopic,n15_c50_s42,1,0.9133810932418651
1473571,bertopic,n15_c50_s42,8,1.0
1473593,bertopic,n15_c50_s42,6,0.4189475828239882
1473646,bertopic,n15_c50_s42,3,1.0
1473689,bertopic,n15_c50_s42,38,1.0
1473885,bertopic,n15_c50_s42,11,0.7885016159232329
1474107,bertopic,n15_c50_s42,9,0.5662449710341315
1474637,bertopic,n15_c50_s42,0,0.1344555810401498
1475061,bertopic,n15_c50_s42,9,0.963895364280485
1475207,bertopic,n15_c50_s42,1,1.0
1475268,bertopic,n15_c50_s42,3,1.0
1476126,bertopic,n15_c50_s42,9,0.29366887488767585
1476496,bertopic,n15_c50_s42,9,1.0
1476625,bertopic,n15_c50_s42,1,1.0
1476870,bertopic,n15_c50_s42,16,0.8321393799941623
1477069,bertopic,n15_c50_s42,35,1.0
1477305,bertopic,n15_c50_s42,22,1.0
1477493,bertopic,n15_c50_s42,3,0.7526764860386889
1477562,bertopic,n15_c50_s42,8,0.8299616016699489
1479172,bertopic,n15_c50_s42,9,0.8785211715427972
1479182,bertopic,n15_c50_s42,-1,0.0
1479188,bertopic,n15_c50_s42,-1,0.0
1479421,bertopic,n15_c50_s42,18,0.9729837685237918
1479744,bertopic,n15_c50_s42,24,1.0
1479969,bertopic,n15_c50_s42,0,1.0
1480263,bertopic,n15_c50_s42,24,1.0
1480343,bertopic,n15_c50_s42,9,0.09422033020627348
1480473,bertopic,n15_c50_s42,20,0.7055475386240061
1480689,bertopic,n15_c50_s42,1,1.0
1481916,bertopic,n15_c50_s42,2,1.0
1482195,bertopic,n15_c50_s42,11,0.8591757372354585
1482391,bertopic,n15_c50_s42,-1,0.0
1482463,bertopic,n15_c50_s42,-1,0.0
1482515,bertopic,n15_c50_s42,1,1.0
1482810,bertopic,n15_c50_s42,0,1.0
1483028,bertopic,n15_c50_s42,5,0.569011098497972
1483236,bertopic,n15_c50_s42,1,1.0
1483699,bertopic,n15_c50_s42,-1,0.0
1483702,bertopic,n15_c50_s42,-1,0.0
1483857,bertopic,n15_c50_s42,20,1.0
1484827,bertopic,n15_c50_s42,0,0.6515100231515181
1484861,bertopic,n15_c50_s42,8,1.0
1485022,bertopic,n15_c50_s42,1,1.0
1485226,bertopic,n15_c50_s42,37,1.0
1485402,bertopic,n15_c50_s42,10,0.4383515018840619
1485515,bertopic,n15_c50_s42,1,1.0
1486206,bertopic,n15_c50_s42,8,0.9521308701134278
1486828,bertopic,n15_c50_s42,2,1.0
1486861,bertopic,n15_c50_s42,11,1.0
1487166,bertopic,n15_c50_s42,-1,0.0
1487279,bertopic,n15_c50_s42,-1,0.0
1487657,bertopic,n15_c50_s42,35,1.0
1488073,bertopic,n15_c50_s42,-1,0.0
1488503,bertopic,n15_c50_s42,8,1.0
1489314,bertopic,n15_c50_s42,23,1.0
1489479,bertopic,n15_c50_s42,5,0.8761641292508354
1489556,bertopic,n15_c50_s42,2,1.0
1489671,bertopic,n15_c50_s42,11,0.2992926835830955
1489886,bertopic,n15_c50_s42,18,0.9327268434229775
1489966,bertopic,n15_c50_s42,3,1.0
1490025,bertopic,n15_c50_s42,17,0.49276151258448975
1490662,bertopic,n15_c50_s42,0,1.0
1490725,bertopic,n15_c50_s42,-1,0.0
1490887,bertopic,n15_c50_s42,20,0.5220570063824985
1491534,bertopic,n15_c50_s42,-1,0.0
1491726,bertopic,n15_c50_s42,15,1.0
1491889,bertopic,n15_c50_s42,2,1.0
1492240,bertopic,n15_c50_s42,6,0.4189475828239882
1492365,bertopic,n15_c50_s42,22,0.7975957888102637
1492483,bertopic,n15_c50_s42,0,1.0
1492756,bertopic,n15_c50_s42,0,1.0
1492867,bertopic,n15_c50_s42,14,0.9012501124113218
1492957,bertopic,n15_c50_s42,0,1.0
1493310,bertopic,n15_c50_s42,3,0.6025008319288078
1493469,bertopic,n15_c50_s42,5,0.569011098497972
1493972,bertopic,n15_c50_s42,0,1.0
1494075,bertopic,n15_c50_s42,24,0.7416244256722182
1494496,bertopic,n15_c50_s42,5,0.8761641292508354
1494699,bertopic,n15_c50_s42,18,0.9635010841911168
1494894,bertopic,n15_c50_s42,5,0.569011098497972
1495194,bertopic,n15_c50_s42,2,1.0
1495228,bertopic,n15_c50_s42,10,0.3918470446818332
1495233,bertopic,n15_c50_s42,1,1.0
1495239,bertopic,n15_c50_s42,-1,0.0
1495404,bertopic,n15_c50_s42,1,1.0
1495440,bertopic,n15_c50_s42,5,1.0
1495553,bertopic,n15_c50_s42,-1,0.0
1495677,bertopic,n15_c50_s42,-1,0.0
1495775,bertopic,n15_c50_s42,3,1.0
1496266,bertopic,n15_c50_s42,-1,0.0
1496293,bertopic,n15_c50_s42,2,1.0
1496432,bertopic,n15_c50_s42,2,1.0
1496436,bertopic,n15_c50_s42,14,0.25692902968328224
1496526,bertopic,n15_c50_s42,9,1.0
1496680,bertopic,n15_c50_s42,-1,0.0
1496826,bertopic,n15_c50_s42,29,1.0
1497092,bertopic,n15_c50_s42,5,0.569011098497972
1497392,bertopic,n15_c50_s42,-1,0.0
1497441,bertopic,n15_c50_s42,6,0.4054954273708759
1497562,bertopic,n15_c50_s42,5,0.569011098497972
1497811,bertopic,n15_c50_s42,-1,0.0
1498127,bertopic,n15_c50_s42,-1,0.0
1498364,bertopic,n15_c50_s42,-1,0.0
1498493,bertopic,n15_c50_s42,4,1.0
1498498,bertopic,n15_c50_s42,25,1.0
1498576,bertopic,n15_c50_s42,29,1.0
1498626,bertopic,n15_c50_s42,19,0.7336784840284254
1498789,bertopic,n15_c50_s42,18,1.0
1499016,bertopic,n15_c50_s42,-1,0.0
1499096,bertopic,n15_c50_s42,36,1.0
1499112,bertopic,n15_c50_s42,34,1.0
1499270,bertopic,n15_c50_s42,34,1.0
1499361,bertopic,n15_c50_s42,38,1.0
1499586,bertopic,n15_c50_s42,-1,0.0
1499672,bertopic,n15_c50_s42,0,1.0
1499709,bertopic,n15_c50_s42,7,0.9684891295919472
1499813,bertopic,n15_c50_s42,-1,0.0
1499973,bertopic,n15_c50_s42,5,0.7971780905284189
1500095,bertopic,n15_c50_s42,0,1.0
1500173,bertopic,n15_c50_s42,0,0.793224837185483
1500499,bertopic,n15_c50_s42,36,1.0
1500634,bertopic,n15_c50_s42,2,0.7365473200867206
1500676,bertopic,n15_c50_s42,10,0.3918470446818332
1500738,bertopic,n15_c50_s42,10,1.0
1500963,bertopic,n15_c50_s42,3,0.6153742128091917
1501574,bertopic,n15_c50_s42,2,1.0
1501578,bertopic,n15_c50_s42,2,1.0
1502199,bertopic,n15_c50_s42,2,0.9626929597875836
1502390,bertopic,n15_c50_s42,15,0.5904443402764095
1502766,bertopic,n15_c50_s42,18,1.0
1502904,bertopic,n15_c50_s42,24,0.4540362104790958
1502922,bertopic,n15_c50_s42,3,1.0
1503008,bertopic,n15_c50_s42,38,1.0
1503312,bertopic,n15_c50_s42,2,1.0
1503519,bertopic,n15_c50_s42,8,0.8366641573069342
1503634,bertopic,n15_c50_s42,-1,0.0
1503852,bertopic,n15_c50_s42,0,1.0
1504597,bertopic,n15_c50_s42,18,1.0
1504665,bertopic,n15_c50_s42,0,1.0
1504919,bertopic,n15_c50_s42,18,1.0
1505312,bertopic,n15_c50_s42,0,1.0
1505383,bertopic,n15_c50_s42,4,1.0
1505704,bertopic,n15_c50_s42,5,0.569011098497972
1505868,bertopic,n15_c50_s42,16,1.0
1505959,bertopic,n15_c50_s42,15,1.0
1506500,bertopic,n15_c50_s42,11,0.7361783945503574
1507104,bertopic,n15_c50_s42,1,0.36364877867349565
1507401,bertopic,n15_c50_s42,5,0.9113380032005824
1507627,bertopic,n15_c50_s42,5,0.8761641292508354
1507831,bertopic,n15_c50_s42,5,0.5506741096210869
1507969,bertopic,n15_c50_s42,1,0.36364877867349565
1508022,bertopic,n15_c50_s42,5,0.569011098497972
1508136,bertopic,n15_c50_s42,8,1.0
1508674,bertopic,n15_c50_s42,8,1.0
1509113,bertopic,n15_c50_s42,-1,0.0
1509437,bertopic,n15_c50_s42,28,1.0
1509486,bertopic,n15_c50_s42,9,0.3690086220333308
1509498,bertopic,n15_c50_s42,0,1.0
1509817,bertopic,n15_c50_s42,10,0.37232355953565704
1509923,bertopic,n15_c50_s42,4,1.0
1510125,bertopic,n15_c50_s42,9,0.3690086220333308
1510588,bertopic,n15_c50_s42,1,0.939368235291666
1510958,bertopic,n15_c50_s42,1,0.36364877867349565
1511533,bertopic,n15_c50_s42,5,0.569011098497972
1511673,bertopic,n15_c50_s42,-1,0.0
1511859,bertopic,n15_c50_s42,-1,0.0
1511860,bertopic,n15_c50_s42,11,0.7590891449229409
1512573,bertopic,n15_c50_s42,6,0.4189475828239882
1512689,bertopic,n15_c50_s42,3,0.4292457728937482
1513723,bertopic,n15_c50_s42,4,1.0
1513871,bertopic,n15_c50_s42,3,0.5482781846932547
1514186,bertopic,n15_c50_s42,29,1.0
1514274,bertopic,n15_c50_s42,16,1.0
1514325,bertopic,n15_c50_s42,4,1.0
1514580,bertopic,n15_c50_s42,-1,0.0
1514606,bertopic,n15_c50_s42,20,1.0
1515184,bertopic,n15_c50_s42,3,0.39456700386500376
1515210,bertopic,n15_c50_s42,5,0.8707164572951192
1515246,bertopic,n15_c50_s42,3,0.6153742128091917
1515274,bertopic,n15_c50_s42,1,0.36364877867349565
1515359,bertopic,n15_c50_s42,18,0.9729837685237918
1515570,bertopic,n15_c50_s42,-1,0.0
1515598,bertopic,n15_c50_s42,10,0.3918470446818332
1515749,bertopic,n15_c50_s42,9,0.09422033020627348
1515808,bertopic,n15_c50_s42,-1,0.0
1516138,bertopic,n15_c50_s42,3,0.4539044029025365
1516280,bertopic,n15_c50_s42,1,1.0
1516649,bertopic,n15_c50_s42,29,1.0
1516702,bertopic,n15_c50_s42,18,1.0
1516736,bertopic,n15_c50_s42,25,1.0
1517627,bertopic,n15_c50_s42,9,0.2894860881765392
1517695,bertopic,n15_c50_s42,36,1.0
1517727,bertopic,n15_c50_s42,-1,0.0
1517867,bertopic,n15_c50_s42,3,1.0
1517964,bertopic,n15_c50_s42,10,0.3918470446818332
1518533,bertopic,n15_c50_s42,14,0.7880825282857994
1519045,bertopic,n15_c50_s42,28,1.0
1519200,bertopic,n15_c50_s42,2,1.0
1519498,bertopic,n15_c50_s42,27,0.550876839477791
1519584,bertopic,n15_c50_s42,0,0.8263927121984038
1519848,bertopic,n15_c50_s42,36,1.0
1520160,bertopic,n15_c50_s42,25,1.0
1520425,bertopic,n15_c50_s42,1,1.0
1520737,bertopic,n15_c50_s42,1,1.0
1520908,bertopic,n15_c50_s42,1,1.0
1520918,bertopic,n15_c50_s42,12,1.0
1521008,bertopic,n15_c50_s42,5,0.569011098497972
1521252,bertopic,n15_c50_s42,1,1.0
1521557,bertopic,n15_c50_s42,22,0.7263696664676225
1521679,bertopic,n15_c50_s42,1,0.7483445918313503
1521726,bertopic,n15_c50_s42,1,1.0
1521733,bertopic,n15_c50_s42,1,0.7483445918313503
1522251,bertopic,n15_c50_s42,9,0.28849545285829364
1522969,bertopic,n15_c50_s42,0,1.0
1523554,bertopic,n15_c50_s42,0,1.0
1524302,bertopic,n15_c50_s42,-1,0.0
1524595,bertopic,n15_c50_s42,13,0.2264747974253285
1524652,bertopic,n15_c50_s42,10,0.5245080584540978
1524974,bertopic,n15_c50_s42,-1,0.0
1525140,bertopic,n15_c50_s42,37,1.0
1525270,bertopic,n15_c50_s42,3,0.6101583640579142
1525606,bertopic,n15_c50_s42,38,1.0
1525636,bertopic,n15_c50_s42,0,0.9766744062169658
1526226,bertopic,n15_c50_s42,12,1.0
1526572,bertopic,n15_c50_s42,8,1.0
1526808,bertopic,n15_c50_s42,-1,0.0
1526886,bertopic,n15_c50_s42,0,0.1344555810401498
1527006,bertopic,n15_c50_s42,2,1.0
1527106,bertopic,n15_c50_s42,0,1.0
1527270,bertopic,n15_c50_s42,22,1.0
1527880,bertopic,n15_c50_s42,24,1.0
1528242,bertopic,n15_c50_s42,10,1.0
1529188,bertopic,n15_c50_s42,4,1.0
1529305,bertopic,n15_c50_s42,16,0.8321393799941623
1529625,bertopic,n15_c50_s42,1,1.0
1529644,bertopic,n15_c50_s42,7,1.0
1530080,bertopic,n15_c50_s42,7,0.9124508218334679
1530590,bertopic,n15_c50_s42,2,1.0
1530603,bertopic,n15_c50_s42,-1,0.0
1530720,bertopic,n15_c50_s42,0,1.0
1530764,bertopic,n15_c50_s42,7,1.0
1530838,bertopic,n15_c50_s42,12,0.6366354536322497
1531212,bertopic,n15_c50_s42,29,0.6061021103404074
1531260,bertopic,n15_c50_s42,6,0.4189475828239882
1531273,bertopic,n15_c50_s42,17,1.0
1531420,bertopic,n15_c50_s42,14,0.9661378315458418
1531571,bertopic,n15_c50_s42,0,1.0
1532111,bertopic,n15_c50_s42,-1,0.0
1532719,bertopic,n15_c50_s42,3,0.790314414223026
1534162,bertopic,n15_c50_s42,7,0.8237442072476651
1534179,bertopic,n15_c50_s42,15,0.6426754867335199
1534504,bertopic,n15_c50_s42,-1,0.0
1534796,bertopic,n15_c50_s42,9,0.09422033020627348
1535832,bertopic,n15_c50_s42,0,1.0
1536549,bertopic,n15_c50_s42,-1,0.0
1536697,bertopic,n15_c50_s42,35,1.0
1537297,bertopic,n15_c50_s42,0,1.0
1537636,bertopic,n15_c50_s42,0,1.0
1537770,bertopic,n15_c50_s42,-1,0.0
1537887,bertopic,n15_c50_s42,34,0.6524662674653109
1538407,bertopic,n15_c50_s42,4,1.0
1538570,bertopic,n15_c50_s42,0,1.0
1538663,bertopic,n15_c50_s42,20,1.0
1538868,bertopic,n15_c50_s42,4,1.0
1539324,bertopic,n15_c50_s42,-1,0.0
1539331,bertopic,n15_c50_s42,-1,0.0
1539395,bertopic,n15_c50_s42,30,1.0
1539403,bertopic,n15_c50_s42,3,1.0
1540711,bertopic,n15_c50_s42,0,1.0
1540756,bertopic,n15_c50_s42,-1,0.0
1540774,bertopic,n15_c50_s42,2,1.0
1540776,bertopic,n15_c50_s42,2,0.7274326457614272
1540884,bertopic,n15_c50_s42,0,1.0
1541021,bertopic,n15_c50_s42,-1,0.0
1541093,bertopic,n15_c50_s42,0,1.0
1541238,bertopic,n15_c50_s42,3,1.0
1541869,bertopic,n15_c50_s42,-1,0.0
1542070,bertopic,n15_c50_s42,-1,0.0
1542322,bertopic,n15_c50_s42,36,1.0
1542483,bertopic,n15_c50_s42,-1,0.0
1542514,bertopic,n15_c50_s42,5,0.8660438235951214
1542601,bertopic,n15_c50_s42,14,1.0
1542888,bertopic,n15_c50_s42,10,0.9086270331171005
1542963,bertopic,n15_c50_s42,11,1.0
1542983,bertopic,n15_c50_s42,24,0.4842493588440977
1543175,bertopic,n15_c50_s42,7,0.8237442072476651
1543371,bertopic,n15_c50_s42,11,1.0
1543670,bertopic,n15_c50_s42,8,0.8098006021686482
1543874,bertopic,n15_c50_s42,0,0.5568547760037132
1544114,bertopic,n15_c50_s42,0,0.9636971454959372
1544170,bertopic,n15_c50_s42,3,0.360893144566804
1544450,bertopic,n15_c50_s42,-1,0.0
1544451,bertopic,n15_c50_s42,2,1.0
1544501,bertopic,n15_c50_s42,16,0.8570801565197087
1544521,bertopic,n15_c50_s42,5,0.555513491131908
1545235,bertopic,n15_c50_s42,-1,0.0
1545283,bertopic,n15_c50_s42,16,0.8321393799941623
1546012,bertopic,n15_c50_s42,0,1.0
1546283,bertopic,n15_c50_s42,0,1.0
1546486,bertopic,n15_c50_s42,0,1.0
1546803,bertopic,n15_c50_s42,4,1.0
1547028,bertopic,n15_c50_s42,2,1.0
1547799,bertopic,n15_c50_s42,5,0.8190507142077915
1547850,bertopic,n15_c50_s42,11,1.0
1547868,bertopic,n15_c50_s42,-1,0.0
1548025,bertopic,n15_c50_s42,6,0.4616567732290884
1548624,bertopic,n15_c50_s42,-1,0.0
1549095,bertopic,n15_c50_s42,7,0.6867640698926626
1549163,bertopic,n15_c50_s42,16,1.0
1549742,bertopic,n15_c50_s42,11,1.0
1549766,bertopic,n15_c50_s42,19,0.7336784840284254
1549906,bertopic,n15_c50_s42,32,1.0
1550076,bertopic,n15_c50_s42,2,1.0
1550274,bertopic,n15_c50_s42,28,1.0
1551201,bertopic,n15_c50_s42,36,1.0
1552027,bertopic,n15_c50_s42,1,0.5317900842156719
1552042,bertopic,n15_c50_s42,11,0.11047900230844042
1552436,bertopic,n15_c50_s42,14,1.0
1552526,bertopic,n15_c50_s42,7,0.7674216349232859
1553823,bertopic,n15_c50_s42,3,1.0
1554221,bertopic,n15_c50_s42,-1,0.0
1554319,bertopic,n15_c50_s42,2,0.733484671554008
1554328,bertopic,n15_c50_s42,3,0.6153742128091917
1554564,bertopic,n15_c50_s42,-1,0.0
1554656,bertopic,n15_c50_s42,36,1.0
1554691,bertopic,n15_c50_s42,36,1.0
1555133,bertopic,n15_c50_s42,2,0.9626929597875836
1555803,bertopic,n15_c50_s42,36,1.0
1555945,bertopic,n15_c50_s42,12,1.0
1555952,bertopic,n15_c50_s42,2,1.0
1555957,bertopic,n15_c50_s42,3,0.6153742128091917
1556983,bertopic,n15_c50_s42,0,1.0
1557452,bertopic,n15_c50_s42,12,1.0
1557814,bertopic,n15_c50_s42,0,1.0
1558294,bertopic,n15_c50_s42,7,1.0
1558297,bertopic,n15_c50_s42,0,1.0
1558386,bertopic,n15_c50_s42,12,1.0
1558528,bertopic,n15_c50_s42,-1,0.0
1558705,bertopic,n15_c50_s42,-1,0.0
1558919,bertopic,n15_c50_s42,3,0.9155189836260009
1559241,bertopic,n15_c50_s42,36,1.0
1559325,bertopic,n15_c50_s42,0,1.0
1559378,bertopic,n15_c50_s42,-1,0.0
1559538,bertopic,n15_c50_s42,1,0.36364877867349565
1559623,bertopic,n15_c50_s42,22,1.0
1559836,bertopic,n15_c50_s42,15,0.8350198462148515
1560054,bertopic,n15_c50_s42,11,0.9184291728000905
1560368,bertopic,n15_c50_s42,33,1.0
1561560,bertopic,n15_c50_s42,2,1.0
1561578,bertopic,n15_c50_s42,2,0.7274326457614272
1562046,bertopic,n15_c50_s42,11,0.8711067922409653
1562100,bertopic,n15_c50_s42,-1,0.0
1562779,bertopic,n15_c50_s42,3,0.6153742128091917
1563006,bertopic,n15_c50_s42,9,0.3491960570437516
1563857,bertopic,n15_c50_s42,20,1.0
1564679,bertopic,n15_c50_s42,9,0.3059179604629324
1564741,bertopic,n15_c50_s42,25,0.8516737213016582
1565071,bertopic,n15_c50_s42,3,1.0
1565468,bertopic,n15_c50_s42,3,0.41692929240242393
1567458,bertopic,n15_c50_s42,34,1.0
1567486,bertopic,n15_c50_s42,31,0.9435621418740924
1568134,bertopic,n15_c50_s42,14,0.9640991754127
1568789,bertopic,n15_c50_s42,5,0.555513491131908
1568922,bertopic,n15_c50_s42,6,0.4189475828239882
1568979,bertopic,n15_c50_s42,5,0.555513491131908
1568982,bertopic,n15_c50_s42,0,1.0
1568998,bertopic,n15_c50_s42,-1,0.0
1569529,bertopic,n15_c50_s42,23,0.9814641826475491
1570798,bertopic,n15_c50_s42,3,1.0
1570810,bertopic,n15_c50_s42,2,0.6463026339399824
1571139,bertopic,n15_c50_s42,-1,0.0
1571143,bertopic,n15_c50_s42,-1,0.0
1571368,bertopic,n15_c50_s42,8,0.9347456603095871
1571604,bertopic,n15_c50_s42,-1,0.0
1571733,bertopic,n15_c50_s42,35,1.0
1571748,bertopic,n15_c50_s42,2,0.5333105448722979
1572189,bertopic,n15_c50_s42,8,0.4629695528843335
1572248,bertopic,n15_c50_s42,22,1.0
1572346,bertopic,n15_c50_s42,-1,0.0
1572459,bertopic,n15_c50_s42,-1,0.0
1572646,bertopic,n15_c50_s42,10,0.3918470446818332
1572813,bertopic,n15_c50_s42,-1,0.0
1573020,bertopic,n15_c50_s42,18,0.9297513061420466
1573782,bertopic,n15_c50_s42,0,1.0
1573787,bertopic,n15_c50_s42,31,1.0
1574359,bertopic,n15_c50_s42,10,0.3918470446818332
1574564,bertopic,n15_c50_s42,2,1.0
1575547,bertopic,n15_c50_s42,9,1.0
1576207,bertopic,n15_c50_s42,9,0.5785901974658347
1580503,bertopic,n15_c50_s42,32,1.0
1581015,bertopic,n15_c50_s42,0,0.798307463453011
1581556,bertopic,n15_c50_s42,-1,0.0
1581904,bertopic,n15_c50_s42,31,1.0
1582089,bertopic,n15_c50_s42,10,1.0
1582804,bertopic,n15_c50_s42,38,1.0
1583328,bertopic,n15_c50_s42,5,0.569011098497972
1583384,bertopic,n15_c50_s42,2,1.0
1583464,bertopic,n15_c50_s42,3,0.6213667875971286
1583692,bertopic,n15_c50_s42,22,1.0
1584072,bertopic,n15_c50_s42,5,0.9706582149911568
1584290,bertopic,n15_c50_s42,-1,0.0
1584463,bertopic,n15_c50_s42,-1,0.0
1584561,bertopic,n15_c50_s42,-1,0.0
1584690,bertopic,n15_c50_s42,11,0.28259947103616223
1584702,bertopic,n15_c50_s42,0,0.3277305395150376
1584723,bertopic,n15_c50_s42,-1,0.0
1585232,bertopic,n15_c50_s42,10,1.0
1585252,bertopic,n15_c50_s42,2,1.0
1585805,bertopic,n15_c50_s42,31,1.0
1586519,bertopic,n15_c50_s42,25,1.0
1587467,bertopic,n15_c50_s42,1,0.9029578968077432
1588089,bertopic,n15_c50_s42,7,0.9684891295919472
1588714,bertopic,n15_c50_s42,38,1.0
1589034,bertopic,n15_c50_s42,38,1.0
1590072,bertopic,n15_c50_s42,-1,0.0
1590296,bertopic,n15_c50_s42,28,1.0
1590539,bertopic,n15_c50_s42,3,0.6153742128091917
1590598,bertopic,n15_c50_s42,25,1.0
1590801,bertopic,n15_c50_s42,-1,0.0
1590969,bertopic,n15_c50_s42,17,1.0
1591081,bertopic,n15_c50_s42,17,1.0
1591317,bertopic,n15_c50_s42,22,1.0
1592648,bertopic,n15_c50_s42,28,1.0
1592996,bertopic,n15_c50_s42,-1,0.0
1593360,bertopic,n15_c50_s42,3,0.39456700386500376
1593802,bertopic,n15_c50_s42,11,1.0
1593842,bertopic,n15_c50_s42,11,0.5320368029024194
1593942,bertopic,n15_c50_s42,3,1.0
1594238,bertopic,n15_c50_s42,11,0.8345368627709158
1594886,bertopic,n15_c50_s42,25,0.9173842650639193
1595108,bertopic,n15_c50_s42,12,1.0
1595174,bertopic,n15_c50_s42,11,0.11047900230844042
1595833,bertopic,n15_c50_s42,0,1.0
1596054,bertopic,n15_c50_s42,36,1.0
1596086,bertopic,n15_c50_s42,36,1.0
1596783,bertopic,n15_c50_s42,37,1.0
1597618,bertopic,n15_c50_s42,-1,0.0
1597802,bertopic,n15_c50_s42,0,0.6735973546403773
1598813,bertopic,n15_c50_s42,5,0.569011098497972
1599011,bertopic,n15_c50_s42,-1,0.0
1601162,bertopic,n15_c50_s42,11,0.3271250137598123
1601255,bertopic,n15_c50_s42,-1,0.0
1601952,bertopic,n15_c50_s42,0,1.0
1602097,bertopic,n15_c50_s42,0,0.6730809836223557
1602124,bertopic,n15_c50_s42,0,0.6735973546403773
1602322,bertopic,n15_c50_s42,0,1.0
1603249,bertopic,n15_c50_s42,26,0.8985717557973906
1603303,bertopic,n15_c50_s42,0,1.0
1603708,bertopic,n15_c50_s42,25,0.9622911372978123
1603749,bertopic,n15_c50_s42,-1,0.0
1604979,bertopic,n15_c50_s42,1,1.0
1605083,bertopic,n15_c50_s42,-1,0.0
1605481,bertopic,n15_c50_s42,11,1.0
1605630,bertopic,n15_c50_s42,26,1.0
1606053,bertopic,n15_c50_s42,11,0.9773150985872534
1606367,bertopic,n15_c50_s42,25,1.0
1606471,bertopic,n15_c50_s42,25,1.0
1607996,bertopic,n15_c50_s42,31,1.0
1608050,bertopic,n15_c50_s42,31,0.9718279229725048
1608305,bertopic,n15_c50_s42,7,1.0
1608343,bertopic,n15_c50_s42,7,1.0
1608523,bertopic,n15_c50_s42,-1,0.0
1608611,bertopic,n15_c50_s42,7,0.9268491740721935
1608877,bertopic,n15_c50_s42,2,1.0
1608878,bertopic,n15_c50_s42,14,1.0
1609173,bertopic,n15_c50_s42,7,0.9968681676138932
1610786,bertopic,n15_c50_s42,5,0.4612807798526544
1611689,bertopic,n15_c50_s42,10,0.3918470446818332
1612202,bertopic,n15_c50_s42,6,0.357721619335919
1612234,bertopic,n15_c50_s42,-1,0.0
1612259,bertopic,n15_c50_s42,-1,0.0
1612810,bertopic,n15_c50_s42,3,0.39456700386500376
1612909,bertopic,n15_c50_s42,32,1.0
1614015,bertopic,n15_c50_s42,23,0.9814641826475491
1614893,bertopic,n15_c50_s42,34,1.0
1615227,bertopic,n15_c50_s42,34,1.0
1615573,bertopic,n15_c50_s42,34,1.0
1615715,bertopic,n15_c50_s42,32,1.0
1615722,bertopic,n15_c50_s42,-1,0.0
1615725,bertopic,n15_c50_s42,16,1.0
1616337,bertopic,n15_c50_s42,1,0.2811251637275487
1616763,bertopic,n15_c50_s42,1,0.2811251637275487
1618925,bertopic,n15_c50_s42,34,1.0
1619965,bertopic,n15_c50_s42,-1,0.0
1620427,bertopic,n15_c50_s42,34,1.0
1620477,bertopic,n15_c50_s42,25,1.0
1620517,bertopic,n15_c50_s42,34,1.0
1620531,bertopic,n15_c50_s42,34,0.5985587459559121
1620652,bertopic,n15_c50_s42,9,0.09422033020627348
1620730,bertopic,n15_c50_s42,25,1.0
1620782,bertopic,n15_c50_s42,3,0.6153742128091917
1621203,bertopic,n15_c50_s42,25,0.9240398461590553
1621700,bertopic,n15_c50_s42,1,1.0
1621877,bertopic,n15_c50_s42,-1,0.0
1622181,bertopic,n15_c50_s42,16,1.0
1622524,bertopic,n15_c50_s42,4,0.9157505529297147
1622573,bertopic,n15_c50_s42,-1,0.0
1622698,bertopic,n15_c50_s42,0,1.0
1622930,bertopic,n15_c50_s42,-1,0.0
1624003,bertopic,n15_c50_s42,0,1.0
1624371,bertopic,n15_c50_s42,15,0.8350198462148515
1625072,bertopic,n15_c50_s42,-1,0.0
1625326,bertopic,n15_c50_s42,0,1.0
1626063,bertopic,n15_c50_s42,10,0.3918470446818332
1626112,bertopic,n15_c50_s42,1,1.0
1626193,bertopic,n15_c50_s42,3,1.0
1626305,bertopic,n15_c50_s42,8,0.500557898075577
1626331,bertopic,n15_c50_s42,2,0.7274326457614272
1626414,bertopic,n15_c50_s42,8,0.7313643846506938
1626427,bertopic,n15_c50_s42,-1,0.0
1626513,bertopic,n15_c50_s42,8,0.8098006021686482
1627048,bertopic,n15_c50_s42,8,0.8098006021686482
1627976,bertopic,n15_c50_s42,0,0.1344555810401498
1628020,bertopic,n15_c50_s42,14,0.9640991754127
1628061,bertopic,n15_c50_s42,11,0.8181815427038309
1628085,bertopic,n15_c50_s42,11,0.9213898128028825
1628354,bertopic,n15_c50_s42,-1,0.0
1628417,bertopic,n15_c50_s42,16,0.8321393799941623
1628529,bertopic,n15_c50_s42,-1,0.0
1628847,bertopic,n15_c50_s42,0,1.0
1628863,bertopic,n15_c50_s42,0,1.0
1628928,bertopic,n15_c50_s42,0,1.0
1628955,bertopic,n15_c50_s42,0,1.0
1629053,bertopic,n15_c50_s42,28,1.0
1629082,bertopic,n15_c50_s42,34,1.0
1629201,bertopic,n15_c50_s42,0,1.0
1629324,bertopic,n15_c50_s42,0,1.0
1629357,bertopic,n15_c50_s42,-1,0.0
1629527,bertopic,n15_c50_s42,-1,0.0
1629581,bertopic,n15_c50_s42,0,1.0
1629804,bertopic,n15_c50_s42,8,0.8098006021686482
1630109,bertopic,n15_c50_s42,10,1.0
1630227,bertopic,n15_c50_s42,0,1.0
1630233,bertopic,n15_c50_s42,0,1.0
1630240,bertopic,n15_c50_s42,0,1.0
1630342,bertopic,n15_c50_s42,8,0.8098006021686482
1630541,bertopic,n15_c50_s42,10,0.3918470446818332
1630643,bertopic,n15_c50_s42,-1,0.0
1631344,bertopic,n15_c50_s42,36,1.0
1631698,bertopic,n15_c50_s42,9,0.3690086220333308
1631752,bertopic,n15_c50_s42,22,0.7640154456382369
1632025,bertopic,n15_c50_s42,0,1.0
1633050,bertopic,n15_c50_s42,34,0.9747780718855277
1633094,bertopic,n15_c50_s42,0,1.0
1633144,bertopic,n15_c50_s42,34,1.0
1633190,bertopic,n15_c50_s42,34,0.8685298051272486
1633362,bertopic,n15_c50_s42,5,0.555513491131908
1633392,bertopic,n15_c50_s42,2,1.0
1633401,bertopic,n15_c50_s42,5,0.555513491131908
1633413,bertopic,n15_c50_s42,34,1.0
1633448,bertopic,n15_c50_s42,0,1.0
1634199,bertopic,n15_c50_s42,14,1.0
1634480,bertopic,n15_c50_s42,8,0.7471903922063248
1634535,bertopic,n15_c50_s42,0,1.0
1634924,bertopic,n15_c50_s42,8,0.8098006021686482
1635457,bertopic,n15_c50_s42,12,1.0
1635558,bertopic,n15_c50_s42,12,0.5340615766348344
1635802,bertopic,n15_c50_s42,8,0.8098006021686482
1635844,bertopic,n15_c50_s42,16,1.0
1635991,bertopic,n15_c50_s42,0,1.0
1636083,bertopic,n15_c50_s42,0,1.0
1636243,bertopic,n15_c50_s42,0,1.0
1636404,bertopic,n15_c50_s42,0,1.0
1636431,bertopic,n15_c50_s42,0,1.0
1636592,bertopic,n15_c50_s42,0,1.0
1636718,bertopic,n15_c50_s42,0,1.0
1636835,bertopic,n15_c50_s42,3,0.39456700386500376
1637154,bertopic,n15_c50_s42,-1,0.0
1637297,bertopic,n15_c50_s42,3,0.39456700386500376
1637388,bertopic,n15_c50_s42,3,0.39456700386500376
1637480,bertopic,n15_c50_s42,-1,0.0
1637484,bertopic,n15_c50_s42,-1,0.0
1637670,bertopic,n15_c50_s42,14,1.0
1637750,bertopic,n15_c50_s42,0,1.0
1637917,bertopic,n15_c50_s42,0,1.0
1637962,bertopic,n15_c50_s42,-1,0.0
1638213,bertopic,n15_c50_s42,-1,0.0
1638474,bertopic,n15_c50_s42,0,0.43320776377670417
1638879,bertopic,n15_c50_s42,-1,0.0
1640012,bertopic,n15_c50_s42,-1,0.0
1641201,bertopic,n15_c50_s42,0,1.0
1641467,bertopic,n15_c50_s42,-1,0.0
1642038,bertopic,n15_c50_s42,11,0.2336540761673917
1642741,bertopic,n15_c50_s42,37,1.0
1642850,bertopic,n15_c50_s42,37,1.0
1643225,bertopic,n15_c50_s42,37,1.0
1643304,bertopic,n15_c50_s42,0,1.0
1643410,bertopic,n15_c50_s42,37,1.0
1643593,bertopic,n15_c50_s42,32,1.0
1643672,bertopic,n15_c50_s42,32,1.0
1643689,bertopic,n15_c50_s42,32,1.0
1643801,bertopic,n15_c50_s42,10,0.4383515018840619
1643812,bertopic,n15_c50_s42,10,0.4383515018840619
1644104,bertopic,n15_c50_s42,31,1.0
1644107,bertopic,n15_c50_s42,37,1.0
1644185,bertopic,n15_c50_s42,0,0.6735973546403773
1644238,bertopic,n15_c50_s42,31,1.0
1644289,bertopic,n15_c50_s42,9,0.3690086220333308
1644777,bertopic,n15_c50_s42,5,0.569011098497972
1645053,bertopic,n15_c50_s42,-1,0.0
1645255,bertopic,n15_c50_s42,29,0.3066301610283439
1645318,bertopic,n15_c50_s42,29,0.3161253327587323
1645518,bertopic,n15_c50_s42,9,0.11643414289765915
1645809,bertopic,n15_c50_s42,28,0.6092567298823927
1645828,bertopic,n15_c50_s42,0,1.0
1645964,bertopic,n15_c50_s42,29,0.32206196830317596
1646059,bertopic,n15_c50_s42,2,0.9660788003164535
1646133,bertopic,n15_c50_s42,6,0.4189475828239882
1647389,bertopic,n15_c50_s42,11,0.21376232776216447
1647652,bertopic,n15_c50_s42,6,0.4189475828239882
1647853,bertopic,n15_c50_s42,3,0.6153742128091917
1648054,bertopic,n15_c50_s42,2,1.0
1648219,bertopic,n15_c50_s42,6,0.4189475828239882
1648790,bertopic,n15_c50_s42,-1,0.0
1649210,bertopic,n15_c50_s42,2,1.0
1649646,bertopic,n15_c50_s42,25,1.0
1649970,bertopic,n15_c50_s42,5,0.555513491131908
1650049,bertopic,n15_c50_s42,5,0.555513491131908
1650196,bertopic,n15_c50_s42,0,1.0
1650249,bertopic,n15_c50_s42,2,1.0
1650886,bertopic,n15_c50_s42,18,0.9297513061420466
1651326,bertopic,n15_c50_s42,31,1.0
1651339,bertopic,n15_c50_s42,31,1.0
1651505,bertopic,n15_c50_s42,31,0.6266177632083515
1651781,bertopic,n15_c50_s42,31,1.0
1651888,bertopic,n15_c50_s42,31,1.0
1651889,bertopic,n15_c50_s42,31,1.0
1651902,bertopic,n15_c50_s42,31,1.0
1651924,bertopic,n15_c50_s42,31,1.0
1652591,bertopic,n15_c50_s42,0,1.0
1653181,bertopic,n15_c50_s42,-1,0.0
1654123,bertopic,n15_c50_s42,-1,0.0
1654397,bertopic,n15_c50_s42,25,1.0
1654474,bertopic,n15_c50_s42,-1,0.0
1655065,bertopic,n15_c50_s42,5,1.0
1655750,bertopic,n15_c50_s42,0,1.0
1656280,bertopic,n15_c50_s42,0,1.0
1656434,bertopic,n15_c50_s42,-1,0.0
1657720,bertopic,n15_c50_s42,3,0.8453724631344681
1658202,bertopic,n15_c50_s42,-1,0.0
1658204,bertopic,n15_c50_s42,38,1.0
1660561,bertopic,n15_c50_s42,12,1.0
1660628,bertopic,n15_c50_s42,4,0.7788870443275625
1661755,bertopic,n15_c50_s42,2,0.9725258896146424
1662908,bertopic,n15_c50_s42,15,1.0
1663598,bertopic,n15_c50_s42,0,1.0
1664651,bertopic,n15_c50_s42,-1,0.0
1664667,bertopic,n15_c50_s42,7,0.8988061242649112
1664914,bertopic,n15_c50_s42,20,0.9791419003209301
1665044,bertopic,n15_c50_s42,7,0.8237442072476651
1665218,bertopic,n15_c50_s42,11,1.0
1666448,bertopic,n15_c50_s42,2,1.0
1666522,bertopic,n15_c50_s42,28,0.6182226087523822
1666592,bertopic,n15_c50_s42,5,0.555513491131908
1666754,bertopic,n15_c50_s42,-1,0.0
1667161,bertopic,n15_c50_s42,16,0.9805798308720821
1669889,bertopic,n15_c50_s42,-1,0.0
1671510,bertopic,n15_c50_s42,7,0.6867640698926626
1673964,bertopic,n15_c50_s42,3,0.8956454113422414
1674689,bertopic,n15_c50_s42,-1,0.0
1676225,bertopic,n15_c50_s42,3,1.0
1676319,bertopic,n15_c50_s42,3,0.6101583640579142
1676925,bertopic,n15_c50_s42,10,1.0
1677219,bertopic,n15_c50_s42,7,0.9684891295919472
1678071,bertopic,n15_c50_s42,12,1.0
1679362,bertopic,n15_c50_s42,0,1.0
1681379,bertopic,n15_c50_s42,23,0.5540367036708717
1682395,bertopic,n15_c50_s42,23,1.0
1683078,bertopic,n15_c50_s42,3,1.0
1683091,bertopic,n15_c50_s42,26,1.0
1683109,bertopic,n15_c50_s42,4,1.0
1683130,bertopic,n15_c50_s42,4,0.7932083184186267
1683707,bertopic,n15_c50_s42,-1,0.0
1684733,bertopic,n15_c50_s42,4,1.0
1684815,bertopic,n15_c50_s42,-1,0.0
1685072,bertopic,n15_c50_s42,1,0.6080049878248824
1685266,bertopic,n15_c50_s42,10,0.3918470446818332
1686021,bertopic,n15_c50_s42,-1,0.0
1686112,bertopic,n15_c50_s42,19,0.6167663387423158
1686355,bertopic,n15_c50_s42,15,1.0
1686518,bertopic,n15_c50_s42,3,0.5764593754700774
1687000,bertopic,n15_c50_s42,-1,0.0
1687424,bertopic,n15_c50_s42,-1,0.0
1688112,bertopic,n15_c50_s42,24,0.5291900138019086
1689823,bertopic,n15_c50_s42,0,1.0
1690809,bertopic,n15_c50_s42,10,1.0
1691665,bertopic,n15_c50_s42,23,1.0
1691862,bertopic,n15_c50_s42,23,1.0
1692560,bertopic,n15_c50_s42,-1,0.0
1693028,bertopic,n15_c50_s42,4,1.0
1693980,bertopic,n15_c50_s42,21,1.0
1695724,bertopic,n15_c50_s42,-1,0.0
1697471,bertopic,n15_c50_s42,23,0.7367948425852009
1697669,bertopic,n15_c50_s42,11,0.8711067922409653
1697963,bertopic,n15_c50_s42,21,1.0
1698281,bertopic,n15_c50_s42,11,1.0
1698411,bertopic,n15_c50_s42,27,1.0
1698475,bertopic,n15_c50_s42,4,0.9974169812917673
1698981,bertopic,n15_c50_s42,19,1.0
1699396,bertopic,n15_c50_s42,30,1.0
1699699,bertopic,n15_c50_s42,1,1.0
1699718,bertopic,n15_c50_s42,-1,0.0
1700125,bertopic,n15_c50_s42,26,1.0
1700225,bertopic,n15_c50_s42,21,0.8109118840338978
1700548,bertopic,n15_c50_s42,11,0.8711067922409653
1700627,bertopic,n15_c50_s42,23,1.0
1700716,bertopic,n15_c50_s42,2,1.0
1701825,bertopic,n15_c50_s42,4,0.7631082871161795
1702604,bertopic,n15_c50_s42,23,1.0
1702894,bertopic,n15_c50_s42,23,1.0
1703304,bertopic,n15_c50_s42,21,1.0
1704668,bertopic,n15_c50_s42,26,0.900929471919767
1704740,bertopic,n15_c50_s42,21,0.8626863811492533
1705265,bertopic,n15_c50_s42,-1,0.0
1705327,bertopic,n15_c50_s42,-1,0.0
1706168,bertopic,n15_c50_s42,21,0.29554046858662764
1706486,bertopic,n15_c50_s42,-1,0.0
1706496,bertopic,n15_c50_s42,4,1.0
1706540,bertopic,n15_c50_s42,8,1.0
1706737,bertopic,n15_c50_s42,21,1.0
1707062,bertopic,n15_c50_s42,23,1.0
1708593,bertopic,n15_c50_s42,8,1.0
1709044,bertopic,n15_c50_s42,4,0.8591325350198441
1709656,bertopic,n15_c50_s42,21,0.3118715003049892
1709805,bertopic,n15_c50_s42,4,1.0
1709939,bertopic,n15_c50_s42,27,1.0
1710264,bertopic,n15_c50_s42,4,1.0
1710764,bertopic,n15_c50_s42,21,0.7384720661727309
1710933,bertopic,n15_c50_s42,26,0.6776489294588821
1711239,bertopic,n15_c50_s42,21,1.0
1711692,bertopic,n15_c50_s42,-1,0.0
1712207,bertopic,n15_c50_s42,21,0.404780395671915
1712797,bertopic,n15_c50_s42,2,0.3660888077406
1713263,bertopic,n15_c50_s42,27,0.550876839477791
1714928,bertopic,n15_c50_s42,23,0.6731173245131096
1715015,bertopic,n15_c50_s42,23,1.0
1715532,bertopic,n15_c50_s42,1,1.0
1715850,bertopic,n15_c50_s42,21,1.0
1715958,bertopic,n15_c50_s42,23,1.0
1716332,bertopic,n15_c50_s42,4,1.0
1717227,bertopic,n15_c50_s42,-1,0.0
1717561,bertopic,n15_c50_s42,23,1.0
1718260,bertopic,n15_c50_s42,30,1.0
1718954,bertopic,n15_c50_s42,21,1.0
1719182,bertopic,n15_c50_s42,-1,0.0
1719361,bertopic,n15_c50_s42,3,0.6123246715115719
1719455,bertopic,n15_c50_s42,4,1.0
1719954,bertopic,n15_c50_s42,21,1.0
1720340,bertopic,n15_c50_s42,21,1.0
1720393,bertopic,n15_c50_s42,21,0.3118715003049892
1722098,bertopic,n15_c50_s42,-1,0.0
1722301,bertopic,n15_c50_s42,26,0.8881404502481876
1723071,bertopic,n15_c50_s42,4,1.0
1723124,bertopic,n15_c50_s42,30,0.4462792033592776
1723294,bertopic,n15_c50_s42,15,1.0
1724660,bertopic,n15_c50_s42,-1,0.0
1725087,bertopic,n15_c50_s42,21,0.6603446899985153
1725177,bertopic,n15_c50_s42,-1,0.0
1726786,bertopic,n15_c50_s42,23,0.5540367036708717
1727314,bertopic,n15_c50_s42,26,1.0
1727348,bertopic,n15_c50_s42,21,0.3275636071449562
1727748,bertopic,n15_c50_s42,8,0.539471475151657
1728274,bertopic,n15_c50_s42,1,0.17040249816337727
1728370,bertopic,n15_c50_s42,-1,0.0
1728791,bertopic,n15_c50_s42,-1,0.0
1729194,bertopic,n15_c50_s42,-1,0.0
1731850,bertopic,n15_c50_s42,-1,0.0
1732329,bertopic,n15_c50_s42,30,1.0
1732611,bertopic,n15_c50_s42,27,1.0
1733429,bertopic,n15_c50_s42,0,1.0
1733690,bertopic,n15_c50_s42,21,1.0
1734395,bertopic,n15_c50_s42,-1,0.0
1734997,bertopic,n15_c50_s42,21,0.3118715003049892
1737105,bertopic,n15_c50_s42,14,0.43744782667716947
1737159,bertopic,n15_c50_s42,21,1.0
1737367,bertopic,n15_c50_s42,4,1.0
1738246,bertopic,n15_c50_s42,23,1.0
1739309,bertopic,n15_c50_s42,21,0.33682336178507194
1740679,bertopic,n15_c50_s42,-1,0.0
1740693,bertopic,n15_c50_s42,14,0.38444866941479217
1741399,bertopic,n15_c50_s42,21,0.3118715003049892
1743180,bertopic,n15_c50_s42,-1,0.0
1743215,bertopic,n15_c50_s42,27,1.0
1743803,bertopic,n15_c50_s42,4,1.0
1745237,bertopic,n15_c50_s42,-1,0.0
1745303,bertopic,n15_c50_s42,-1,0.0
1745896,bertopic,n15_c50_s42,0,1.0
1745972,bertopic,n15_c50_s42,9,1.0
1746476,bertopic,n15_c50_s42,21,1.0
1746753,bertopic,n15_c50_s42,-1,0.0
1747022,bertopic,n15_c50_s42,0,1.0
1747741,bertopic,n15_c50_s42,-1,0.0
1748179,bertopic,n15_c50_s42,38,1.0
1748483,bertopic,n15_c50_s42,26,0.4251410631997739
1748926,bertopic,n15_c50_s42,19,0.6145709436670546
1749111,bertopic,n15_c50_s42,8,1.0
1749433,bertopic,n15_c50_s42,-1,0.0
1749525,bertopic,n15_c50_s42,4,1.0
1749569,bertopic,n15_c50_s42,8,0.9564976962836944
1749755,bertopic,n15_c50_s42,24,0.5291900138019086
1749859,bertopic,n15_c50_s42,4,0.9597525859844117
1749863,bertopic,n15_c50_s42,4,1.0
1750089,bertopic,n15_c50_s42,21,0.3118715003049892
1750589,bertopic,n15_c50_s42,24,0.5114561144189943
1750711,bertopic,n15_c50_s42,-1,0.0
1750919,bertopic,n15_c50_s42,3,0.9367429190301897
1750939,bertopic,n15_c50_s42,26,1.0
1751352,bertopic,n15_c50_s42,21,0.3118715003049892
1752783,bertopic,n15_c50_s42,1,1.0
1753410,bertopic,n15_c50_s42,-1,0.0
1754216,bertopic,n15_c50_s42,8,1.0
1756841,bertopic,n15_c50_s42,2,1.0
1757662,bertopic,n15_c50_s42,1,0.36364877867349565
1757765,bertopic,n15_c50_s42,21,0.9782109506214677
1757933,bertopic,n15_c50_s42,26,1.0
1759498,bertopic,n15_c50_s42,21,0.8588404720388085
1759830,bertopic,n15_c50_s42,21,1.0
1759873,bertopic,n15_c50_s42,21,1.0
1760552,bertopic,n15_c50_s42,26,1.0
1761953,bertopic,n15_c50_s42,23,1.0
1762654,bertopic,n15_c50_s42,21,1.0
1762824,bertopic,n15_c50_s42,-1,0.0
1762994,bertopic,n15_c50_s42,36,1.0
1763439,bertopic,n15_c50_s42,21,1.0
1764269,bertopic,n15_c50_s42,7,1.0
1765393,bertopic,n15_c50_s42,21,1.0
1765897,bertopic,n15_c50_s42,24,0.7685844892019631
1765978,bertopic,n15_c50_s42,21,1.0
1766021,bertopic,n15_c50_s42,24,1.0
1766529,bertopic,n15_c50_s42,4,1.0
1766769,bertopic,n15_c50_s42,21,0.3118715003049892
1766969,bertopic,n15_c50_s42,7,1.0
1767208,bertopic,n15_c50_s42,26,0.9169565928920865
1767405,bertopic,n15_c50_s42,2,0.5686712938637849
1767580,bertopic,n15_c50_s42,4,1.0
1768327,bertopic,n15_c50_s42,-1,0.0
1768788,bertopic,n15_c50_s42,21,0.3118715003049892
1769257,bertopic,n15_c50_s42,26,1.0
1769738,bertopic,n15_c50_s42,1,0.7483445918313503
1770600,bertopic,n15_c50_s42,21,1.0
1770622,bertopic,n15_c50_s42,2,1.0
1771324,bertopic,n15_c50_s42,4,0.9002767025252464
1771782,bertopic,n15_c50_s42,21,1.0
1772764,bertopic,n15_c50_s42,21,1.0
1772835,bertopic,n15_c50_s42,23,1.0
1772931,bertopic,n15_c50_s42,26,1.0
1773425,bertopic,n15_c50_s42,21,0.3118715003049892
1774287,bertopic,n15_c50_s42,21,0.3118715003049892
1774660,bertopic,n15_c50_s42,21,1.0
1774761,bertopic,n15_c50_s42,26,1.0
1774912,bertopic,n15_c50_s42,-1,0.0
1775048,bertopic,n15_c50_s42,21,0.3118715003049892
1775531,bertopic,n15_c50_s42,26,1.0
1777220,bertopic,n15_c50_s42,12,1.0
1777819,bertopic,n15_c50_s42,4,1.0
1778040,bertopic,n15_c50_s42,26,1.0
1778220,bertopic,n15_c50_s42,0,0.6469619180578672
1778534,bertopic,n15_c50_s42,21,1.0
1779124,bertopic,n15_c50_s42,21,0.3118715003049892
1780784,bertopic,n15_c50_s42,26,1.0
1780870,bertopic,n15_c50_s42,21,1.0
1781369,bertopic,n15_c50_s42,21,0.3118715003049892
1781371,bertopic,n15_c50_s42,8,1.0
1781465,bertopic,n15_c50_s42,-1,0.0
1781567,bertopic,n15_c50_s42,10,0.5571353012061301
1781757,bertopic,n15_c50_s42,32,1.0
1782449,bertopic,n15_c50_s42,7,0.7033348338240559
1782773,bertopic,n15_c50_s42,7,1.0
1782894,bertopic,n15_c50_s42,21,0.3118715003049892
1783088,bertopic,n15_c50_s42,4,1.0
1783472,bertopic,n15_c50_s42,-1,0.0
1784023,bertopic,n15_c50_s42,21,0.3118715003049892
1784510,bertopic,n15_c50_s42,-1,0.0
1786605,bertopic,n15_c50_s42,0,1.0
1786860,bertopic,n15_c50_s42,2,1.0
1787190,bertopic,n15_c50_s42,21,1.0
1787369,bertopic,n15_c50_s42,21,0.3118715003049892
1787402,bertopic,n15_c50_s42,21,0.3118715003049892
1788046,bertopic,n15_c50_s42,21,0.3118715003049892
1788210,bertopic,n15_c50_s42,21,1.0
1788249,bertopic,n15_c50_s42,4,1.0
1788658,bertopic,n15_c50_s42,21,1.0
1788669,bertopic,n15_c50_s42,26,1.0
1788823,bertopic,n15_c50_s42,26,0.7515507701463183
1789010,bertopic,n15_c50_s42,4,1.0
1789341,bertopic,n15_c50_s42,21,1.0
1790219,bertopic,n15_c50_s42,7,1.0
1790464,bertopic,n15_c50_s42,-1,0.0
1790795,bertopic,n15_c50_s42,4,1.0
1792141,bertopic,n15_c50_s42,19,1.0
1792754,bertopic,n15_c50_s42,4,1.0
1793048,bertopic,n15_c50_s42,21,0.9715353044031511
1793349,bertopic,n15_c50_s42,19,1.0
1793500,bertopic,n15_c50_s42,-1,0.0
1793650,bertopic,n15_c50_s42,21,1.0
1794330,bertopic,n15_c50_s42,-1,0.0
1794525,bertopic,n15_c50_s42,30,0.33728228024140566
1794830,bertopic,n15_c50_s42,4,1.0
1794940,bertopic,n15_c50_s42,2,0.7449364483071218
1795442,bertopic,n15_c50_s42,26,1.0
1795528,bertopic,n15_c50_s42,26,1.0
1795592,bertopic,n15_c50_s42,3,1.0
1795901,bertopic,n15_c50_s42,1,0.7483445918313503
1796159,bertopic,n15_c50_s42,21,0.3118715003049892
1796275,bertopic,n15_c50_s42,7,0.932846020232686
1797065,bertopic,n15_c50_s42,38,1.0
1797180,bertopic,n15_c50_s42,7,0.8237442072476651
1797356,bertopic,n15_c50_s42,7,0.9684891295919472
1798409,bertopic,n15_c50_s42,-1,0.0
1798748,bertopic,n15_c50_s42,12,1.0
1799072,bertopic,n15_c50_s42,3,1.0
1799196,bertopic,n15_c50_s42,22,0.7263696664676225
1799623,bertopic,n15_c50_s42,7,1.0
1800294,bertopic,n15_c50_s42,4,1.0
1800390,bertopic,n15_c50_s42,21,0.3118715003049892
1801977,bertopic,n15_c50_s42,-1,0.0
1802483,bertopic,n15_c50_s42,7,1.0
1803579,bertopic,n15_c50_s42,21,1.0
1803645,bertopic,n15_c50_s42,4,1.0
1804034,bertopic,n15_c50_s42,23,1.0
1804666,bertopic,n15_c50_s42,2,1.0
1804998,bertopic,n15_c50_s42,-1,0.0
1805507,bertopic,n15_c50_s42,-1,0.0
1806946,bertopic,n15_c50_s42,-1,0.0
1807432,bertopic,n15_c50_s42,-1,0.0
1807741,bertopic,n15_c50_s42,-1,0.0
1808525,bertopic,n15_c50_s42,-1,0.0
1808878,bertopic,n15_c50_s42,4,1.0
1809279,bertopic,n15_c50_s42,-1,0.0
1809745,bertopic,n15_c50_s42,21,1.0
1810050,bertopic,n15_c50_s42,4,1.0
1811161,bertopic,n15_c50_s42,-1,0.0
1811551,bertopic,n15_c50_s42,-1,0.0
1812418,bertopic,n15_c50_s42,4,1.0
1812560,bertopic,n15_c50_s42,4,1.0
1812849,bertopic,n15_c50_s42,11,0.967501410111049
1812942,bertopic,n15_c50_s42,-1,0.0
1814127,bertopic,n15_c50_s42,-1,0.0
1814492,bertopic,n15_c50_s42,21,1.0
1814823,bertopic,n15_c50_s42,-1,0.0
1814857,bertopic,n15_c50_s42,-1,0.0
1815057,bertopic,n15_c50_s42,-1,0.0
1815347,bertopic,n15_c50_s42,0,1.0
1816307,bertopic,n15_c50_s42,-1,0.0
1816824,bertopic,n15_c50_s42,4,1.0
1817789,bertopic,n15_c50_s42,-1,0.0
1817911,bertopic,n15_c50_s42,-1,0.0
1819002,bertopic,n15_c50_s42,-1,0.0
1819063,bertopic,n15_c50_s42,19,1.0
1819183,bertopic,n15_c50_s42,-1,0.0
1819282,bertopic,n15_c50_s42,-1,0.0
1819310,bertopic,n15_c50_s42,-1,0.0
1819353,bertopic,n15_c50_s42,4,1.0
1819427,bertopic,n15_c50_s42,-1,0.0
1819806,bertopic,n15_c50_s42,-1,0.0
1819857,bertopic,n15_c50_s42,-1,0.0
1821007,bertopic,n15_c50_s42,-1,0.0
1821156,bertopic,n15_c50_s42,-1,0.0
1821596,bertopic,n15_c50_s42,11,0.11047900230844042
1824215,bertopic,n15_c50_s42,-1,0.0
1824347,bertopic,n15_c50_s42,-1,0.0
1824634,bertopic,n15_c50_s42,-1,0.0
1825156,bertopic,n15_c50_s42,-1,0.0
1826482,bertopic,n15_c50_s42,-1,0.0
1828952,bertopic,n15_c50_s42,4,0.8509527417103377
1828997,bertopic,n15_c50_s42,21,1.0
1829044,bertopic,n15_c50_s42,26,0.8915745421777821
1829612,bertopic,n15_c50_s42,-1,0.0
1830227,bertopic,n15_c50_s42,-1,0.0
1832511,bertopic,n15_c50_s42,7,0.8237442072476651
1833174,bertopic,n15_c50_s42,23,1.0
1833629,bertopic,n15_c50_s42,1,0.2811251637275487
1833849,bertopic,n15_c50_s42,7,0.6867640698926626
1834610,bertopic,n15_c50_s42,5,0.555513491131908
1835823,bertopic,n15_c50_s42,3,0.39456700386500376
1836084,bertopic,n15_c50_s42,7,1.0
1837582,bertopic,n15_c50_s42,-1,0.0
1838801,bertopic,n15_c50_s42,-1,0.0
1839338,bertopic,n15_c50_s42,-1,0.0
1840067,bertopic,n15_c50_s42,-1,0.0
1840353,bertopic,n15_c50_s42,2,1.0
1841915,bertopic,n15_c50_s42,21,1.0
1844676,bertopic,n15_c50_s42,21,1.0
1846581,bertopic,n15_c50_s42,26,1.0
1848894,bertopic,n15_c50_s42,-1,0.0
1849673,bertopic,n15_c50_s42,21,0.5683239308255235
1850279,bertopic,n15_c50_s42,3,1.0
1850586,bertopic,n15_c50_s42,-1,0.0
1850605,bertopic,n15_c50_s42,12,1.0
1850613,bertopic,n15_c50_s42,-1,0.0
1850656,bertopic,n15_c50_s42,6,0.46381087066863075
1850658,bertopic,n15_c50_s42,3,0.5521813457187563
1850698,bertopic,n15_c50_s42,-1,0.0
1850775,bertopic,n15_c50_s42,2,0.7365473200867206
1850805,bertopic,n15_c50_s42,21,1.0
1852817,bertopic,n15_c50_s42,21,0.3118715003049892
1853776,bertopic,n15_c50_s42,0,1.0
1854231,bertopic,n15_c50_s42,2,1.0
1854565,bertopic,n15_c50_s42,33,1.0
1855730,bertopic,n15_c50_s42,-1,0.0
1857855,bertopic,n15_c50_s42,4,0.9235205397404076
1859703,bertopic,n15_c50_s42,26,1.0
1859873,bertopic,n15_c50_s42,2,0.7365473200867206
1859986,bertopic,n15_c50_s42,21,1.0
1861945,bertopic,n15_c50_s42,26,1.0
1864354,bertopic,n15_c50_s42,9,0.2894860881765392
1864798,bertopic,n15_c50_s42,2,0.7266152478065422
1877554,bertopic,n15_c50_s42,15,1.0
1877561,bertopic,n15_c50_s42,23,1.0
1878318,bertopic,n15_c50_s42,-1,0.0
1882764,bertopic,n15_c50_s42,23,1.0
1887908,bertopic,n15_c50_s42,0,1.0
1898150,bertopic,n15_c50_s42,26,1.0
1903287,bertopic,n15_c50_s42,21,0.3118715003049892
1903507,bertopic,n15_c50_s42,-1,0.0
1909651,bertopic,n15_c50_s42,27,1.0
1910159,bertopic,n15_c50_s42,5,0.9706582149911568
1910233,bertopic,n15_c50_s42,-1,0.0
1910817,bertopic,n15_c50_s42,3,0.5619869637633106
1911320,bertopic,n15_c50_s42,-1,0.0
1911491,bertopic,n15_c50_s42,2,1.0
1911514,bertopic,n15_c50_s42,-1,0.0
1912688,bertopic,n15_c50_s42,-1,0.0
1912825,bertopic,n15_c50_s42,0,1.0
1913064,bertopic,n15_c50_s42,-1,0.0
1913151,bertopic,n15_c50_s42,0,1.0
1913394,bertopic,n15_c50_s42,27,1.0
1913513,bertopic,n15_c50_s42,0,1.0
1913582,bertopic,n15_c50_s42,0,1.0
1914067,bertopic,n15_c50_s42,32,1.0
1914123,bertopic,n15_c50_s42,10,1.0
1914502,bertopic,n15_c50_s42,-1,0.0
1914556,bertopic,n15_c50_s42,-1,0.0
1914857,bertopic,n15_c50_s42,15,1.0
1914916,bertopic,n15_c50_s42,10,1.0
1914999,bertopic,n15_c50_s42,23,1.0
1915075,bertopic,n15_c50_s42,15,1.0
1915304,bertopic,n15_c50_s42,32,1.0
1915804,bertopic,n15_c50_s42,0,1.0
1916053,bertopic,n15_c50_s42,12,1.0
1916441,bertopic,n15_c50_s42,-1,0.0
1917032,bertopic,n15_c50_s42,-1,0.0
1917329,bertopic,n15_c50_s42,15,0.6285311620629983
1917366,bertopic,n15_c50_s42,2,1.0
1917376,bertopic,n15_c50_s42,30,1.0
1917392,bertopic,n15_c50_s42,30,1.0
1917662,bertopic,n15_c50_s42,30,1.0
1917921,bertopic,n15_c50_s42,24,0.5291900138019086
1918072,bertopic,n15_c50_s42,19,0.6251900636814602
1918118,bertopic,n15_c50_s42,-1,0.0
1918149,bertopic,n15_c50_s42,2,1.0
1919027,bertopic,n15_c50_s42,15,1.0
1919141,bertopic,n15_c50_s42,10,0.4383515018840619
1919384,bertopic,n15_c50_s42,15,0.665384693783696
1919642,bertopic,n15_c50_s42,8,1.0
1919898,bertopic,n15_c50_s42,1,1.0
1920049,bertopic,n15_c50_s42,6,0.34133539421460585
1920139,bertopic,n15_c50_s42,7,0.7338695951019083
1920344,bertopic,n15_c50_s42,7,1.0
1920462,bertopic,n15_c50_s42,7,0.9684891295919472
1920552,bertopic,n15_c50_s42,0,1.0
1920614,bertopic,n15_c50_s42,1,1.0
1920979,bertopic,n15_c50_s42,1,1.0
1921087,bertopic,n15_c50_s42,1,0.2811251637275487
1921245,bertopic,n15_c50_s42,1,0.6080049878248824
1921288,bertopic,n15_c50_s42,1,1.0
1921294,bertopic,n15_c50_s42,1,1.0
1921486,bertopic,n15_c50_s42,1,0.922841222622924
1921595,bertopic,n15_c50_s42,1,1.0
1921610,bertopic,n15_c50_s42,15,0.6544863308252895
1921687,bertopic,n15_c50_s42,1,1.0
1921781,bertopic,n15_c50_s42,1,1.0
1921794,bertopic,n15_c50_s42,1,0.6080049878248824
1921824,bertopic,n15_c50_s42,21,0.809953218994779
1921913,bertopic,n15_c50_s42,14,0.9661378315458418
1922057,bertopic,n15_c50_s42,1,1.0
1922173,bertopic,n15_c50_s42,2,1.0
1922205,bertopic,n15_c50_s42,1,0.6080049878248824
1922459,bertopic,n15_c50_s42,24,0.894905817175076
1922629,bertopic,n15_c50_s42,1,0.915358380799999
1922795,bertopic,n15_c50_s42,8,1.0
1922828,bertopic,n15_c50_s42,11,0.663426658356266
1922977,bertopic,n15_c50_s42,8,1.0
1923009,bertopic,n15_c50_s42,8,1.0
1923146,bertopic,n15_c50_s42,1,1.0
1923374,bertopic,n15_c50_s42,8,1.0
1923479,bertopic,n15_c50_s42,1,1.0
1923644,bertopic,n15_c50_s42,1,0.7999956827823905
1923697,bertopic,n15_c50_s42,1,1.0
1924497,bertopic,n15_c50_s42,-1,0.0
1924855,bertopic,n15_c50_s42,8,1.0
1924864,bertopic,n15_c50_s42,1,0.9888172148334146
1925034,bertopic,n15_c50_s42,-1,0.0
1925150,bertopic,n15_c50_s42,1,0.8105114796383561
1925327,bertopic,n15_c50_s42,1,1.0
1925452,bertopic,n15_c50_s42,-1,0.0
1925613,bertopic,n15_c50_s42,10,0.3918470446818332
1927157,bertopic,n15_c50_s42,8,1.0
1927201,bertopic,n15_c50_s42,1,1.0
1927890,bertopic,n15_c50_s42,-1,0.0
1928474,bertopic,n15_c50_s42,1,0.36364877867349565
1928645,bertopic,n15_c50_s42,15,1.0
1928724,bertopic,n15_c50_s42,1,0.36364877867349565
1929485,bertopic,n15_c50_s42,0,1.0
1929633,bertopic,n15_c50_s42,1,0.36364877867349565
1929760,bertopic,n15_c50_s42,1,1.0
1929763,bertopic,n15_c50_s42,1,1.0
1929767,bertopic,n15_c50_s42,1,1.0
1929768,bertopic,n15_c50_s42,1,0.7483445918313503
1930608,bertopic,n15_c50_s42,2,1.0
1931300,bertopic,n15_c50_s42,0,1.0
1931498,bertopic,n15_c50_s42,2,0.9434634091707669
1931996,bertopic,n15_c50_s42,7,0.8237442072476651
1936683,bertopic,n15_c50_s42,33,1.0
1945070,bertopic,n15_c50_s42,-1,0.0
1945313,bertopic,n15_c50_s42,1,0.5317900842156719
1945319,bertopic,n15_c50_s42,16,0.8321393799941623
1945374,bertopic,n15_c50_s42,-1,0.0
1945392,bertopic,n15_c50_s42,18,0.9205745249730956
1945405,bertopic,n15_c50_s42,14,0.6174928663430312
1945418,bertopic,n15_c50_s42,6,0.46381087066863075
1945429,bertopic,n15_c50_s42,2,0.6523927027883655
1945490,bertopic,n15_c50_s42,2,0.7279168623806908
1945530,bertopic,n15_c50_s42,3,1.0
1945546,bertopic,n15_c50_s42,10,0.6243919798839784
1945567,bertopic,n15_c50_s42,13,0.19645011676155427
1945611,bertopic,n15_c50_s42,1,0.5317900842156719
1945733,bertopic,n15_c50_s42,28,0.6182226087523822
1946223,bertopic,n15_c50_s42,14,0.4986132809636327
1947980,bertopic,n15_c50_s42,36,0.4581668776316557
1948740,bertopic,n15_c50_s42,5,0.397146158404611
1948741,bertopic,n15_c50_s42,17,0.6652329881548368
1949482,bertopic,n15_c50_s42,6,0.3845769234619132
1949955,bertopic,n15_c50_s42,-1,0.0
1950075,bertopic,n15_c50_s42,-1,0.0
1950644,bertopic,n15_c50_s42,-1,0.0
1951609,bertopic,n15_c50_s42,6,0.9404583331784251
1951771,bertopic,n15_c50_s42,3,0.5482781846932547
1952739,bertopic,n15_c50_s42,-1,0.0
1953711,bertopic,n15_c50_s42,23,0.9610626544756122
1955309,bertopic,n15_c50_s42,36,1.0
1957301,bertopic,n15_c50_s42,-1,0.0
1960077,bertopic,n15_c50_s42,-1,0.0
1964448,bertopic,n15_c50_s42,5,0.9706582149911568
1965386,bertopic,n15_c50_s42,-1,0.0
1967155,bertopic,n15_c50_s42,6,1.0
1967951,bertopic,n15_c50_s42,3,1.0
1970492,bertopic,n15_c50_s42,9,0.3690086220333308
1970500,bertopic,n15_c50_s42,9,0.3690086220333308
1970785,bertopic,n15_c50_s42,5,0.569011098497972
1971369,bertopic,n15_c50_s42,-1,0.0
1975413,bertopic,n15_c50_s42,-1,0.0
1976203,bertopic,n15_c50_s42,-1,0.0
1977473,bertopic,n15_c50_s42,2,1.0
1977542,bertopic,n15_c50_s42,2,1.0
1978978,bertopic,n15_c50_s42,3,0.6101583640579142
1980594,bertopic,n15_c50_s42,12,1.0
1983301,bertopic,n15_c50_s42,16,0.8321393799941623
1985714,bertopic,n15_c50_s42,-1,0.0
1985731,bertopic,n15_c50_s42,-1,0.0
1986698,bertopic,n15_c50_s42,-1,0.0
1987308,bertopic,n15_c50_s42,4,0.9640346123885494
1987373,bertopic,n15_c50_s42,0,1.0
1987812,bertopic,n15_c50_s42,-1,0.0
1987816,bertopic,n15_c50_s42,0,1.0
1988414,bertopic,n15_c50_s42,0,1.0
1988762,bertopic,n15_c50_s42,0,1.0
1988873,bertopic,n15_c50_s42,6,0.3845769234619132
1988877,bertopic,n15_c50_s42,6,0.3845769234619132
1989809,bertopic,n15_c50_s42,0,1.0
1989941,bertopic,n15_c50_s42,4,1.0
1990045,bertopic,n15_c50_s42,-1,0.0
1991285,bertopic,n15_c50_s42,0,1.0
1991332,bertopic,n15_c50_s42,4,0.9187600860845869
1991560,bertopic,n15_c50_s42,19,1.0
1991578,bertopic,n15_c50_s42,4,0.8729076926811494
1991582,bertopic,n15_c50_s42,16,0.8321393799941623
1991685,bertopic,n15_c50_s42,-1,0.0
1991804,bertopic,n15_c50_s42,4,1.0
1992116,bertopic,n15_c50_s42,0,1.0
1992590,bertopic,n15_c50_s42,-1,0.0
1993112,bertopic,n15_c50_s42,1,0.17040249816337727
1993759,bertopic,n15_c50_s42,15,0.8350198462148515
1993811,bertopic,n15_c50_s42,20,0.7055475386240061
1994088,bertopic,n15_c50_s42,6,0.3845769234619132
1994200,bertopic,n15_c50_s42,18,1.0
1994540,bertopic,n15_c50_s42,4,1.0
1994982,bertopic,n15_c50_s42,2,1.0
1995093,bertopic,n15_c50_s42,-1,0.0
1996158,bertopic,n15_c50_s42,21,1.0
1996364,bertopic,n15_c50_s42,1,0.5317900842156719
1997760,bertopic,n15_c50_s42,15,0.7832292235621282
1997762,bertopic,n15_c50_s42,15,0.8938201865239376
1997763,bertopic,n15_c50_s42,1,0.323422411059741
1998455,bertopic,n15_c50_s42,3,0.8647485060786513
1998813,bertopic,n15_c50_s42,11,1.0
1998814,bertopic,n15_c50_s42,11,1.0
1998925,bertopic,n15_c50_s42,0,1.0
1998992,bertopic,n15_c50_s42,0,0.7939536197664467
1999136,bertopic,n15_c50_s42,0,1.0
1999406,bertopic,n15_c50_s42,13,0.6486873627818299
1999413,bertopic,n15_c50_s42,-1,0.0
1999416,bertopic,n15_c50_s42,-1,0.0
1999419,bertopic,n15_c50_s42,1,1.0
1999799,bertopic,n15_c50_s42,6,0.3845769234619132
1999800,bertopic,n15_c50_s42,6,0.3845769234619132
1999902,bertopic,n15_c50_s42,12,1.0
1999907,bertopic,n15_c50_s42,10,0.6938156269021815
2000287,bertopic,n15_c50_s42,0,1.0
2000408,bertopic,n15_c50_s42,23,0.7535640786795629
2001063,bertopic,n15_c50_s42,6,1.0
2001078,bertopic,n15_c50_s42,6,1.0
2001263,bertopic,n15_c50_s42,15,1.0
2002133,bertopic,n15_c50_s42,23,0.8693333916423069
2002376,bertopic,n15_c50_s42,0,1.0
2002387,bertopic,n15_c50_s42,4,0.7560144964689963
2003038,bertopic,n15_c50_s42,15,1.0
2003363,bertopic,n15_c50_s42,0,1.0
2003965,bertopic,n15_c50_s42,-1,0.0
2005390,bertopic,n15_c50_s42,3,0.408871382463453
2007388,bertopic,n15_c50_s42,4,0.9076570516970105
2007389,bertopic,n15_c50_s42,4,1.0
2007445,bertopic,n15_c50_s42,12,1.0
2007592,bertopic,n15_c50_s42,3,1.0
2007707,bertopic,n15_c50_s42,0,1.0
2008279,bertopic,n15_c50_s42,4,1.0
2009227,bertopic,n15_c50_s42,16,1.0
2009404,bertopic,n15_c50_s42,3,1.0
2009473,bertopic,n15_c50_s42,16,1.0
2009559,bertopic,n15_c50_s42,18,0.9498244340069277
2011091,bertopic,n15_c50_s42,20,0.6811291526268624
2011679,bertopic,n15_c50_s42,3,1.0
2013225,bertopic,n15_c50_s42,-1,0.0
2013501,bertopic,n15_c50_s42,3,1.0
2013569,bertopic,n15_c50_s42,-1,0.0
2014497,bertopic,n15_c50_s42,18,0.9099991419800878
2014759,bertopic,n15_c50_s42,23,1.0
2015012,bertopic,n15_c50_s42,-1,0.0
2015030,bertopic,n15_c50_s42,2,1.0
2015337,bertopic,n15_c50_s42,6,0.3845769234619132
2015402,bertopic,n15_c50_s42,3,1.0
2015579,bertopic,n15_c50_s42,2,1.0
2015581,bertopic,n15_c50_s42,-1,0.0
2015910,bertopic,n15_c50_s42,30,0.5408379443144964
2016180,bertopic,n15_c50_s42,-1,0.0
2017225,bertopic,n15_c50_s42,16,0.8321393799941623
2017594,bertopic,n15_c50_s42,3,1.0
2017937,bertopic,n15_c50_s42,15,0.6544863308252895
2017938,bertopic,n15_c50_s42,30,1.0
2017939,bertopic,n15_c50_s42,30,1.0
2019441,bertopic,n15_c50_s42,12,1.0
2019516,bertopic,n15_c50_s42,2,1.0
2021619,bertopic,n15_c50_s42,8,0.7143849704420143
2021983,bertopic,n15_c50_s42,0,1.0
2022527,bertopic,n15_c50_s42,-1,0.0
2023244,bertopic,n15_c50_s42,1,1.0
2023474,bertopic,n15_c50_s42,8,1.0
2024007,bertopic,n15_c50_s42,8,0.9060416166314039
2024008,bertopic,n15_c50_s42,8,0.9564976962836944
2024011,bertopic,n15_c50_s42,8,1.0
2024174,bertopic,n15_c50_s42,35,1.0
2024289,bertopic,n15_c50_s42,6,0.3845769234619132
2024401,bertopic,n15_c50_s42,10,0.4383515018840619
2024482,bertopic,n15_c50_s42,25,0.9043269696406975
2024509,bertopic,n15_c50_s42,1,1.0
2024682,bertopic,n15_c50_s42,21,0.8117673227454775
2025132,bertopic,n15_c50_s42,6,0.34133539421460585
2025463,bertopic,n15_c50_s42,1,0.7667951762562457
2026211,bertopic,n15_c50_s42,18,0.897931062262187
2028370,bertopic,n15_c50_s42,-1,0.0
2028405,bertopic,n15_c50_s42,6,0.34133539421460585
2028568,bertopic,n15_c50_s42,-1,0.0
2028611,bertopic,n15_c50_s42,6,1.0
2028764,bertopic,n15_c50_s42,-1,0.0
2029014,bertopic,n15_c50_s42,6,0.3845769234619132
2029290,bertopic,n15_c50_s42,1,0.9791604819352524
2029717,bertopic,n15_c50_s42,20,1.0
2029718,bertopic,n15_c50_s42,20,1.0
2030076,bertopic,n15_c50_s42,34,1.0
2030240,bertopic,n15_c50_s42,6,1.0
2030242,bertopic,n15_c50_s42,6,1.0
2030261,bertopic,n15_c50_s42,6,1.0
2031168,bertopic,n15_c50_s42,3,1.0
2031195,bertopic,n15_c50_s42,19,1.0
2031196,bertopic,n15_c50_s42,-1,0.0
2031472,bertopic,n15_c50_s42,6,0.2674540843477569
2031482,bertopic,n15_c50_s42,1,0.7197345131293635
2031483,bertopic,n15_c50_s42,20,1.0
2031486,bertopic,n15_c50_s42,8,1.0
2032150,bertopic,n15_c50_s42,1,1.0
2032154,bertopic,n15_c50_s42,7,1.0
2032266,bertopic,n15_c50_s42,1,1.0
2033352,bertopic,n15_c50_s42,11,0.8711067922409653
2033927,bertopic,n15_c50_s42,2,1.0
2034218,bertopic,n15_c50_s42,6,0.3845769234619132
2034219,bertopic,n15_c50_s42,6,0.3845769234619132
2034220,bertopic,n15_c50_s42,6,0.3845769234619132
2034376,bertopic,n15_c50_s42,5,0.6305121617620529
2034377,bertopic,n15_c50_s42,5,0.569011098497972
2034608,bertopic,n15_c50_s42,35,1.0
2035212,bertopic,n15_c50_s42,3,1.0
2035473,bertopic,n15_c50_s42,35,1.0
2036373,bertopic,n15_c50_s42,0,1.0
2036375,bertopic,n15_c50_s42,5,0.569011098497972
2036922,bertopic,n15_c50_s42,1,1.0
2036923,bertopic,n15_c50_s42,1,0.741781142328957
2036924,bertopic,n15_c50_s42,8,1.0
2037033,bertopic,n15_c50_s42,2,1.0
2037304,bertopic,n15_c50_s42,-1,0.0
2038117,bertopic,n15_c50_s42,10,0.3918470446818332
2038130,bertopic,n15_c50_s42,10,0.3918470446818332
2038366,bertopic,n15_c50_s42,6,0.34122578219539723
2038672,bertopic,n15_c50_s42,1,1.0
2039029,bertopic,n15_c50_s42,6,0.3845769234619132
2039030,bertopic,n15_c50_s42,6,0.3845769234619132
2039035,bertopic,n15_c50_s42,6,0.3845769234619132
2039173,bertopic,n15_c50_s42,10,0.3918470446818332
2039175,bertopic,n15_c50_s42,10,0.3918470446818332
2039530,bertopic,n15_c50_s42,1,1.0
2039950,bertopic,n15_c50_s42,1,1.0
2039969,bertopic,n15_c50_s42,1,0.36364877867349565
2040358,bertopic,n15_c50_s42,6,1.0
2040360,bertopic,n15_c50_s42,6,1.0
2040363,bertopic,n15_c50_s42,6,0.3750642718631643
2040365,bertopic,n15_c50_s42,2,0.7551642938761841
2040367,bertopic,n15_c50_s42,6,1.0
2040368,bertopic,n15_c50_s42,6,1.0
2040369,bertopic,n15_c50_s42,6,1.0
2040569,bertopic,n15_c50_s42,15,1.0
2040735,bertopic,n15_c50_s42,15,1.0
2041509,bertopic,n15_c50_s42,1,0.6080049878248824
2041628,bertopic,n15_c50_s42,16,1.0
2042151,bertopic,n15_c50_s42,1,0.8133212513956305
2042152,bertopic,n15_c50_s42,1,0.36364877867349565
2042154,bertopic,n15_c50_s42,1,0.6080049878248824
2042157,bertopic,n15_c50_s42,1,0.6080049878248824
2042158,bertopic,n15_c50_s42,1,1.0
2042316,bertopic,n15_c50_s42,14,1.0
2042976,bertopic,n15_c50_s42,4,1.0
2043450,bertopic,n15_c50_s42,18,1.0
2043453,bertopic,n15_c50_s42,-1,0.0
2043934,bertopic,n15_c50_s42,27,1.0
2044003,bertopic,n15_c50_s42,20,0.7055475386240061
2044156,bertopic,n15_c50_s42,-1,0.0
2044184,bertopic,n15_c50_s42,17,1.0
2044257,bertopic,n15_c50_s42,6,0.3845769234619132
2044423,bertopic,n15_c50_s42,3,1.0
2044436,bertopic,n15_c50_s42,5,0.569011098497972
2045872,bertopic,n15_c50_s42,24,0.9283754609893035
2046239,bertopic,n15_c50_s42,4,0.9875054765344458
2047211,bertopic,n15_c50_s42,8,1.0
2047219,bertopic,n15_c50_s42,8,1.0
2047320,bertopic,n15_c50_s42,2,0.9626929597875836
2047539,bertopic,n15_c50_s42,-1,0.0
2048315,bertopic,n15_c50_s42,-1,0.0
2049150,bertopic,n15_c50_s42,6,0.3845769234619132
2050124,bertopic,n15_c50_s42,24,1.0
2050252,bertopic,n15_c50_s42,16,0.8321393799941623
2050630,bertopic,n15_c50_s42,15,1.0
2051044,bertopic,n15_c50_s42,6,0.34133539421460585
2051060,bertopic,n15_c50_s42,3,0.9908848830779147
2051915,bertopic,n15_c50_s42,1,1.0
2052862,bertopic,n15_c50_s42,11,1.0
2053100,bertopic,n15_c50_s42,12,1.0
2053572,bertopic,n15_c50_s42,20,1.0
2053691,bertopic,n15_c50_s42,6,0.3845769234619132
2053719,bertopic,n15_c50_s42,37,1.0
2054476,bertopic,n15_c50_s42,1,1.0
2054776,bertopic,n15_c50_s42,35,1.0
2055852,bertopic,n15_c50_s42,12,1.0
2056125,bertopic,n15_c50_s42,-1,0.0
2056550,bertopic,n15_c50_s42,8,0.9564976962836944
2056757,bertopic,n15_c50_s42,19,1.0
2057845,bertopic,n15_c50_s42,3,0.5291571416866151
2058363,bertopic,n15_c50_s42,14,0.9640991754127
2058406,bertopic,n15_c50_s42,34,1.0
2058433,bertopic,n15_c50_s42,3,1.0
2058922,bertopic,n15_c50_s42,16,1.0
2059350,bertopic,n15_c50_s42,24,1.0
2059784,bertopic,n15_c50_s42,19,1.0
2060050,bertopic,n15_c50_s42,6,1.0
2060367,bertopic,n15_c50_s42,26,1.0
2060632,bertopic,n15_c50_s42,0,1.0
2061242,bertopic,n15_c50_s42,1,1.0
2062317,bertopic,n15_c50_s42,5,0.41897129673586114
2062938,bertopic,n15_c50_s42,4,1.0
2063072,bertopic,n15_c50_s42,6,0.3845769234619132
2063227,bertopic,n15_c50_s42,14,0.2737210684140053
2063228,bertopic,n15_c50_s42,5,0.3487630075316131
2063522,bertopic,n15_c50_s42,3,0.5896278482983744
2063675,bertopic,n15_c50_s42,2,1.0
2063954,bertopic,n15_c50_s42,1,1.0
2064159,bertopic,n15_c50_s42,34,1.0
2064339,bertopic,n15_c50_s42,4,1.0
2064505,bertopic,n15_c50_s42,3,1.0
2065168,bertopic,n15_c50_s42,-1,0.0
2065425,bertopic,n15_c50_s42,3,1.0
2065523,bertopic,n15_c50_s42,6,1.0
2065880,bertopic,n15_c50_s42,3,1.0
2066166,bertopic,n15_c50_s42,4,1.0
2066291,bertopic,n15_c50_s42,-1,0.0
2066373,bertopic,n15_c50_s42,4,1.0
2066451,bertopic,n15_c50_s42,4,1.0
2067016,bertopic,n15_c50_s42,4,1.0
2067515,bertopic,n15_c50_s42,3,1.0
2067699,bertopic,n15_c50_s42,-1,0.0
2067894,bertopic,n15_c50_s42,6,0.3845769234619132
2068031,bertopic,n15_c50_s42,5,0.6974100605048446
2068606,bertopic,n15_c50_s42,1,0.36364877867349565
2068811,bertopic,n15_c50_s42,34,1.0
2068903,bertopic,n15_c50_s42,6,0.34133539421460585
2069482,bertopic,n15_c50_s42,1,0.36364877867349565
2069818,bertopic,n15_c50_s42,12,1.0
2069830,bertopic,n15_c50_s42,6,0.34133539421460585
2070092,bertopic,n15_c50_s42,0,0.3277305395150376
2070126,bertopic,n15_c50_s42,4,0.9022530486348225
2070198,bertopic,n15_c50_s42,35,1.0
2070252,bertopic,n15_c50_s42,0,0.1344555810401498
2070261,bertopic,n15_c50_s42,-1,0.0
2070336,bertopic,n15_c50_s42,6,1.0
2070644,bertopic,n15_c50_s42,32,1.0
2070739,bertopic,n15_c50_s42,2,0.9626929597875836
2070740,bertopic,n15_c50_s42,1,1.0
2070741,bertopic,n15_c50_s42,2,1.0
2070892,bertopic,n15_c50_s42,17,0.7716280536410397
2070928,bertopic,n15_c50_s42,7,0.9770152313771769
2072426,bertopic,n15_c50_s42,6,0.3845769234619132
2072531,bertopic,n15_c50_s42,-1,0.0
2072532,bertopic,n15_c50_s42,-1,0.0
2074928,bertopic,n15_c50_s42,32,1.0
2074981,bertopic,n15_c50_s42,1,0.36364877867349565
2074983,bertopic,n15_c50_s42,1,0.36364877867349565
2076397,bertopic,n15_c50_s42,4,1.0
2076827,bertopic,n15_c50_s42,10,0.3918470446818332
2076872,bertopic,n15_c50_s42,5,0.6547753861533674
2078495,bertopic,n15_c50_s42,1,1.0
2078807,bertopic,n15_c50_s42,3,0.5482781846932547
2079697,bertopic,n15_c50_s42,6,1.0
2080208,bertopic,n15_c50_s42,2,1.0
2080520,bertopic,n15_c50_s42,-1,0.0
2080524,bertopic,n15_c50_s42,6,0.34133539421460585
2080559,bertopic,n15_c50_s42,-1,0.0
2080964,bertopic,n15_c50_s42,6,0.3845769234619132
2081038,bertopic,n15_c50_s42,35,1.0
2081158,bertopic,n15_c50_s42,3,0.5949924197135558
2081268,bertopic,n15_c50_s42,3,0.9577408479379393
2081505,bertopic,n15_c50_s42,1,1.0
2081635,bertopic,n15_c50_s42,6,0.34133539421460585
2082839,bertopic,n15_c50_s42,6,1.0
2082840,bertopic,n15_c50_s42,6,1.0
2083475,bertopic,n15_c50_s42,1,0.7483445918313503
2083552,bertopic,n15_c50_s42,1,1.0
2083754,bertopic,n15_c50_s42,6,0.34133539421460585
2083779,bertopic,n15_c50_s42,1,1.0
2083848,bertopic,n15_c50_s42,1,0.7483445918313503
2084534,bertopic,n15_c50_s42,6,1.0
2084870,bertopic,n15_c50_s42,6,0.34133539421460585
2084875,bertopic,n15_c50_s42,6,1.0
2085254,bertopic,n15_c50_s42,4,1.0
2085345,bertopic,n15_c50_s42,12,0.6233586772384386
2085382,bertopic,n15_c50_s42,6,0.34133539421460585
2085383,bertopic,n15_c50_s42,6,0.34133539421460585
2085405,bertopic,n15_c50_s42,0,1.0
2085623,bertopic,n15_c50_s42,6,0.34133539421460585
2085747,bertopic,n15_c50_s42,4,0.9375266885522867
2086233,bertopic,n15_c50_s42,4,1.0
2086322,bertopic,n15_c50_s42,24,1.0
2086458,bertopic,n15_c50_s42,6,1.0
2086745,bertopic,n15_c50_s42,6,1.0
2087273,bertopic,n15_c50_s42,7,0.9871422013993443
2087489,bertopic,n15_c50_s42,1,0.55373550787369
2087557,bertopic,n15_c50_s42,6,0.9719250942990731
2087571,bertopic,n15_c50_s42,0,1.0
2087572,bertopic,n15_c50_s42,0,1.0
2087621,bertopic,n15_c50_s42,4,1.0
2087788,bertopic,n15_c50_s42,4,0.7584026257991319
2087950,bertopic,n15_c50_s42,7,0.847211446171248
2088184,bertopic,n15_c50_s42,7,1.0
2088185,bertopic,n15_c50_s42,-1,0.0
2088188,bertopic,n15_c50_s42,7,0.9477702768578773
2088189,bertopic,n15_c50_s42,12,1.0
2088286,bertopic,n15_c50_s42,2,0.9082383766165005
2088386,bertopic,n15_c50_s42,6,1.0
2088411,bertopic,n15_c50_s42,6,1.0
2088466,bertopic,n15_c50_s42,16,0.8321393799941623
2088611,bertopic,n15_c50_s42,25,1.0
2088722,bertopic,n15_c50_s42,6,1.0
2089535,bertopic,n15_c50_s42,-1,0.0
2090286,bertopic,n15_c50_s42,0,1.0
2093107,bertopic,n15_c50_s42,0,1.0
2093714,bertopic,n15_c50_s42,-1,0.0
2093845,bertopic,n15_c50_s42,11,1.0
2094139,bertopic,n15_c50_s42,6,0.34133539421460585
2094453,bertopic,n15_c50_s42,6,1.0
2094577,bertopic,n15_c50_s42,6,1.0
2094582,bertopic,n15_c50_s42,7,0.7201496495332643
2095270,bertopic,n15_c50_s42,3,1.0
2095462,bertopic,n15_c50_s42,24,0.5291900138019086
2096702,bertopic,n15_c50_s42,-1,0.0
2096779,bertopic,n15_c50_s42,5,0.4317202773211498
2097577,bertopic,n15_c50_s42,8,0.8098006021686482
2097674,bertopic,n15_c50_s42,2,1.0
2097712,bertopic,n15_c50_s42,-1,0.0
2098828,bertopic,n15_c50_s42,31,1.0
2099736,bertopic,n15_c50_s42,-1,0.0
2100693,bertopic,n15_c50_s42,3,1.0
2101432,bertopic,n15_c50_s42,3,1.0
2102016,bertopic,n15_c50_s42,6,1.0
2102637,bertopic,n15_c50_s42,17,0.7399248311325771
2103764,bertopic,n15_c50_s42,9,0.3690086220333308
2103914,bertopic,n15_c50_s42,6,1.0
2104181,bertopic,n15_c50_s42,-1,0.0
2105529,bertopic,n15_c50_s42,19,0.933762403156764
2106385,bertopic,n15_c50_s42,6,0.3845769234619132
2106386,bertopic,n15_c50_s42,6,0.33338343288531147
2106496,bertopic,n15_c50_s42,4,1.0
2106680,bertopic,n15_c50_s42,9,0.3690086220333308
2106820,bertopic,n15_c50_s42,2,0.9626929597875836
2107672,bertopic,n15_c50_s42,9,0.27016734456193536
2107801,bertopic,n15_c50_s42,-1,0.0
2108028,bertopic,n15_c50_s42,6,0.3300683542497056
2108304,bertopic,n15_c50_s42,6,1.0
2109054,bertopic,n15_c50_s42,22,0.7263696664676225
2109302,bertopic,n15_c50_s42,28,1.0
2110285,bertopic,n15_c50_s42,35,1.0
2111097,bertopic,n15_c50_s42,8,0.8098006021686482
2111098,bertopic,n15_c50_s42,15,0.8350198462148515
2112280,bertopic,n15_c50_s42,-1,0.0
2114346,bertopic,n15_c50_s42,3,0.4345240974281836
2117367,bertopic,n15_c50_s42,6,1.0
2117965,bertopic,n15_c50_s42,5,0.555513491131908
2119976,bertopic,n15_c50_s42,4,0.8340404261981882
2120551,bertopic,n15_c50_s42,8,0.6414599389562785
2120569,bertopic,n15_c50_s42,19,1.0
2120993,bertopic,n15_c50_s42,17,1.0
2121720,bertopic,n15_c50_s42,3,0.6101583640579142
2121738,bertopic,n15_c50_s42,3,1.0
2122258,bertopic,n15_c50_s42,6,1.0
2122262,bertopic,n15_c50_s42,6,0.6851536974055764
2122631,bertopic,n15_c50_s42,5,0.9706582149911568
2123001,bertopic,n15_c50_s42,-1,0.0
2123541,bertopic,n15_c50_s42,5,0.5985275153283947
2124983,bertopic,n15_c50_s42,-1,0.0
2125414,bertopic,n15_c50_s42,5,0.569011098497972
2125946,bertopic,n15_c50_s42,6,0.34133539421460585
2126187,bertopic,n15_c50_s42,28,1.0
2128711,bertopic,n15_c50_s42,6,0.34133539421460585
2129151,bertopic,n15_c50_s42,6,1.0
2129451,bertopic,n15_c50_s42,7,0.9684891295919472
2129452,bertopic,n15_c50_s42,7,0.9684891295919472
2129768,bertopic,n15_c50_s42,2,1.0
2130756,bertopic,n15_c50_s42,3,0.5482781846932547
2131032,bertopic,n15_c50_s42,6,0.6064771920564452
2131071,bertopic,n15_c50_s42,3,0.5482781846932547
2131333,bertopic,n15_c50_s42,31,1.0
2131728,bertopic,n15_c50_s42,3,0.5585566722684969
2134018,bertopic,n15_c50_s42,-1,0.0
2134131,bertopic,n15_c50_s42,3,0.6101583640579142
2134846,bertopic,n15_c50_s42,3,0.39456700386500376
2137522,bertopic,n15_c50_s42,-1,0.0
2139002,bertopic,n15_c50_s42,-1,0.0
2139271,bertopic,n15_c50_s42,8,1.0
2139819,bertopic,n15_c50_s42,6,1.0
2139832,bertopic,n15_c50_s42,34,1.0
2140049,bertopic,n15_c50_s42,4,0.9455724822580405
2140167,bertopic,n15_c50_s42,-1,0.0
2140169,bertopic,n15_c50_s42,4,1.0
2141099,bertopic,n15_c50_s42,-1,0.0
2141765,bertopic,n15_c50_s42,7,1.0
2142186,bertopic,n15_c50_s42,-1,0.0
2142632,bertopic,n15_c50_s42,3,0.8293650683902526
2142633,bertopic,n15_c50_s42,6,0.5411710715715174
2143076,bertopic,n15_c50_s42,3,1.0
2143209,bertopic,n15_c50_s42,-1,0.0
2144273,bertopic,n15_c50_s42,9,0.2894860881765392
2144775,bertopic,n15_c50_s42,6,1.0
2144781,bertopic,n15_c50_s42,6,0.9372177326932175
2144906,bertopic,n15_c50_s42,0,1.0
2145081,bertopic,n15_c50_s42,-1,0.0
2145129,bertopic,n15_c50_s42,-1,0.0
2147478,bertopic,n15_c50_s42,6,1.0
2147479,bertopic,n15_c50_s42,6,0.4842124703018075
2147481,bertopic,n15_c50_s42,6,0.29136734572604106
2147483,bertopic,n15_c50_s42,-1,0.0
2147788,bertopic,n15_c50_s42,8,0.7005326548457582
2147793,bertopic,n15_c50_s42,-1,0.0
2149520,bertopic,n15_c50_s42,6,1.0
2149543,bertopic,n15_c50_s42,8,0.8098006021686482
2149836,bertopic,n15_c50_s42,-1,0.0
2150869,bertopic,n15_c50_s42,34,0.7789003590028253
2151907,bertopic,n15_c50_s42,8,0.8098006021686482
2154569,bertopic,n15_c50_s42,4,0.9455724822580405
2154732,bertopic,n15_c50_s42,37,1.0
2154885,bertopic,n15_c50_s42,4,1.0
2156785,bertopic,n15_c50_s42,0,1.0
2159159,bertopic,n15_c50_s42,6,1.0
2159180,bertopic,n15_c50_s42,1,0.5317900842156719
2159712,bertopic,n15_c50_s42,10,0.3918470446818332
2160028,bertopic,n15_c50_s42,-1,0.0
2161919,bertopic,n15_c50_s42,1,0.5317900842156719
2162503,bertopic,n15_c50_s42,8,0.8098006021686482
2162627,bertopic,n15_c50_s42,-1,0.0
2162681,bertopic,n15_c50_s42,3,0.5896278482983744
2162877,bertopic,n15_c50_s42,1,0.5317900842156719
2162951,bertopic,n15_c50_s42,1,0.5317900842156719
2162976,bertopic,n15_c50_s42,38,1.0
2162990,bertopic,n15_c50_s42,0,0.1344555810401498
2163143,bertopic,n15_c50_s42,16,1.0
2163236,bertopic,n15_c50_s42,-1,0.0
2163395,bertopic,n15_c50_s42,-1,0.0
2163553,bertopic,n15_c50_s42,2,0.5927326312677804
2163644,bertopic,n15_c50_s42,2,1.0
2163683,bertopic,n15_c50_s42,16,0.8321393799941623
2163686,bertopic,n15_c50_s42,1,0.5317900842156719
2163786,bertopic,n15_c50_s42,-1,0.0
2163794,bertopic,n15_c50_s42,23,0.7672605984747766
2163834,bertopic,n15_c50_s42,26,0.4811062516531313
2163839,bertopic,n15_c50_s42,10,1.0
2164487,bertopic,n15_c50_s42,1,0.5317900842156719
2165196,bertopic,n15_c50_s42,1,0.5317900842156719
2165527,bertopic,n15_c50_s42,-1,0.0
2165918,bertopic,n15_c50_s42,1,0.4359958164220675
2166015,bertopic,n15_c50_s42,23,0.9814641826475491
2166447,bertopic,n15_c50_s42,1,0.5317900842156719
2167891,bertopic,n15_c50_s42,1,0.5317900842156719
2168655,bertopic,n15_c50_s42,-1,0.0
2168938,bertopic,n15_c50_s42,-1,0.0
2168954,bertopic,n15_c50_s42,1,0.5317900842156719
2168975,bertopic,n15_c50_s42,1,0.5317900842156719
2168979,bertopic,n15_c50_s42,1,0.9029578968077432
2169334,bertopic,n15_c50_s42,2,1.0
2169579,bertopic,n15_c50_s42,-1,0.0
2169600,bertopic,n15_c50_s42,-1,0.0
2169622,bertopic,n15_c50_s42,-1,0.0
2169647,bertopic,n15_c50_s42,-1,0.0
2169648,bertopic,n15_c50_s42,4,1.0
2169704,bertopic,n15_c50_s42,19,0.7336784840284254
2169734,bertopic,n15_c50_s42,2,0.5678248993434747
2169845,bertopic,n15_c50_s42,3,0.790314414223026
2169877,bertopic,n15_c50_s42,38,1.0
2170122,bertopic,n15_c50_s42,-1,0.0
2170128,bertopic,n15_c50_s42,1,0.7730475168477864
2170246,bertopic,n15_c50_s42,3,1.0
2170291,bertopic,n15_c50_s42,-1,0.0
2170306,bertopic,n15_c50_s42,-1,0.0
2170354,bertopic,n15_c50_s42,0,1.0
2170365,bertopic,n15_c50_s42,1,0.5317900842156719
2170366,bertopic,n15_c50_s42,1,0.5317900842156719
2171003,bertopic,n15_c50_s42,-1,0.0
2171330,bertopic,n15_c50_s42,-1,0.0
2171357,bertopic,n15_c50_s42,23,0.7737394649838352
2270064,bertopic,n15_c50_s42,0,1.0
2270568,bertopic,n15_c50_s42,0,1.0
2272889,bertopic,n15_c50_s42,8,0.9564976962836944
2272891,bertopic,n15_c50_s42,0,1.0
2272915,bertopic,n15_c50_s42,19,1.0
2272942,bertopic,n15_c50_s42,4,0.7394538561652177
2273245,bertopic,n15_c50_s42,0,1.0
2273570,bertopic,n15_c50_s42,5,0.33605594952447543
2277189,bertopic,n15_c50_s42,2,1.0
2277467,bertopic,n15_c50_s42,31,0.5129000852448949
2278541,bertopic,n15_c50_s42,31,0.5211784479062213
2280645,bertopic,n15_c50_s42,-1,0.0
2280776,bertopic,n15_c50_s42,-1,0.0
2280856,bertopic,n15_c50_s42,2,0.8645038257373051
2281139,bertopic,n15_c50_s42,0,1.0
2281140,bertopic,n15_c50_s42,9,0.2894860881765392
2281329,bertopic,n15_c50_s42,0,1.0
2281379,bertopic,n15_c50_s42,1,0.5317900842156719
2281391,bertopic,n15_c50_s42,0,1.0
2281433,bertopic,n15_c50_s42,0,1.0
2281596,bertopic,n15_c50_s42,0,1.0
2282243,bertopic,n15_c50_s42,16,1.0
2282417,bertopic,n15_c50_s42,3,0.6153742128091917
2283293,bertopic,n15_c50_s42,0,1.0
2284109,bertopic,n15_c50_s42,2,1.0
2287359,bertopic,n15_c50_s42,34,0.4599582729586278
2288483,bertopic,n15_c50_s42,-1,0.0
2289482,bertopic,n15_c50_s42,32,1.0
2293266,bertopic,n15_c50_s42,-1,0.0
2293601,bertopic,n15_c50_s42,-1,0.0
2293654,bertopic,n15_c50_s42,-1,0.0
2293728,bertopic,n15_c50_s42,13,0.19645011676155427
2293859,bertopic,n15_c50_s42,-1,0.0
2295287,bertopic,n15_c50_s42,-1,0.0
2295356,bertopic,n15_c50_s42,33,1.0
2295524,bertopic,n15_c50_s42,33,1.0
2298894,bertopic,n15_c50_s42,18,0.9297513061420466
2299116,bertopic,n15_c50_s42,10,0.7996861175777111
2299401,bertopic,n15_c50_s42,18,0.9297513061420466
2301712,bertopic,n15_c50_s42,33,1.0
2306157,bertopic,n15_c50_s42,0,1.0
2306633,bertopic,n15_c50_s42,0,1.0
2306647,bertopic,n15_c50_s42,33,1.0
2306688,bertopic,n15_c50_s42,6,0.5154193003639873
2307453,bertopic,n15_c50_s42,-1,0.0
2307952,bertopic,n15_c50_s42,12,1.0
2308112,bertopic,n15_c50_s42,-1,0.0
2308238,bertopic,n15_c50_s42,-1,0.0
2308500,bertopic,n15_c50_s42,10,1.0
2308765,bertopic,n15_c50_s42,4,1.0
2308783,bertopic,n15_c50_s42,33,1.0
2308894,bertopic,n15_c50_s42,10,0.867364075298487
2309588,bertopic,n15_c50_s42,10,0.9658087254167018
2310365,bertopic,n15_c50_s42,2,0.7274326457614272
2310520,bertopic,n15_c50_s42,16,1.0
2310833,bertopic,n15_c50_s42,-1,0.0
2311213,bertopic,n15_c50_s42,26,0.7480619277373026
2311647,bertopic,n15_c50_s42,-1,0.0
2311966,bertopic,n15_c50_s42,21,1.0
2312404,bertopic,n15_c50_s42,9,0.3690086220333308
2312451,bertopic,n15_c50_s42,10,0.8507744172250671
2312509,bertopic,n15_c50_s42,33,1.0
2312748,bertopic,n15_c50_s42,18,0.9635010841911168
2312793,bertopic,n15_c50_s42,18,0.9635010841911168
2312825,bertopic,n15_c50_s42,19,0.7848103667393287
2312891,bertopic,n15_c50_s42,-1,0.0
2313111,bertopic,n15_c50_s42,-1,0.0
2313217,bertopic,n15_c50_s42,10,0.8061805289584169
2316602,bertopic,n15_c50_s42,8,0.9564976962836944
2316736,bertopic,n15_c50_s42,-1,0.0
2316738,bertopic,n15_c50_s42,0,1.0
2316833,bertopic,n15_c50_s42,4,0.9235205397404076
2317157,bertopic,n15_c50_s42,0,1.0
2317230,bertopic,n15_c50_s42,35,1.0
2317233,bertopic,n15_c50_s42,5,0.3800687975370145
2317316,bertopic,n15_c50_s42,2,1.0
2317425,bertopic,n15_c50_s42,0,1.0
2317764,bertopic,n15_c50_s42,0,1.0
2318600,bertopic,n15_c50_s42,0,1.0
2318956,bertopic,n15_c50_s42,2,1.0
2322155,bertopic,n15_c50_s42,20,0.3853605326411431
2325883,bertopic,n15_c50_s42,-1,0.0
2326309,bertopic,n15_c50_s42,13,1.0
2328929,bertopic,n15_c50_s42,4,0.9010824823477286
2328989,bertopic,n15_c50_s42,9,0.3690086220333308
2335380,bertopic,n15_c50_s42,3,0.42505365382328353
2335404,bertopic,n15_c50_s42,13,1.0
2335527,bertopic,n15_c50_s42,4,1.0
2335539,bertopic,n15_c50_s42,19,1.0
2335905,bertopic,n15_c50_s42,0,1.0
2335966,bertopic,n15_c50_s42,-1,0.0
2338108,bertopic,n15_c50_s42,21,0.3118715003049892
2340111,bertopic,n15_c50_s42,2,1.0
2340129,bertopic,n15_c50_s42,18,0.9463782264190291
2340150,bertopic,n15_c50_s42,12,0.5340615766348344
2340172,bertopic,n15_c50_s42,6,0.46381087066863075
2340199,bertopic,n15_c50_s42,2,1.0
2340203,bertopic,n15_c50_s42,22,1.0
2340237,bertopic,n15_c50_s42,8,0.7020888119919996
2340317,bertopic,n15_c50_s42,13,0.7803202065255374
2340428,bertopic,n15_c50_s42,32,0.997949182556382
2340431,bertopic,n15_c50_s42,18,0.91988758080781
2342367,bertopic,n15_c50_s42,-1,0.0
2342503,bertopic,n15_c50_s42,33,1.0
2342771,bertopic,n15_c50_s42,33,1.0
2343374,bertopic,n15_c50_s42,7,0.8237442072476651
2343508,bertopic,n15_c50_s42,33,1.0
2343565,bertopic,n15_c50_s42,-1,0.0
2344938,bertopic,n15_c50_s42,3,1.0
2345361,bertopic,n15_c50_s42,-1,0.0
2345603,bertopic,n15_c50_s42,31,1.0
2345623,bertopic,n15_c50_s42,5,0.569011098497972
2346721,bertopic,n15_c50_s42,-1,0.0
2347222,bertopic,n15_c50_s42,3,1.0
2348972,bertopic,n15_c50_s42,6,1.0
2349098,bertopic,n15_c50_s42,16,1.0
2349311,bertopic,n15_c50_s42,1,0.5317900842156719
2349589,bertopic,n15_c50_s42,-1,0.0
2351410,bertopic,n15_c50_s42,6,0.26030577572603725
2354025,bertopic,n15_c50_s42,-1,0.0
2355996,bertopic,n15_c50_s42,14,0.9192503025961202
2356459,bertopic,n15_c50_s42,1,0.41038172601845496
2356771,bertopic,n15_c50_s42,0,1.0
2357998,bertopic,n15_c50_s42,38,1.0
2358210,bertopic,n15_c50_s42,5,0.569011098497972
2360205,bertopic,n15_c50_s42,8,0.5744282387882245
2362843,bertopic,n15_c50_s42,7,0.8237442072476651
2363066,bertopic,n15_c50_s42,-1,0.0
2363378,bertopic,n15_c50_s42,32,1.0
2364849,bertopic,n15_c50_s42,35,1.0
2365043,bertopic,n15_c50_s42,9,0.3690086220333308
2365286,bertopic,n15_c50_s42,33,1.0
2365313,bertopic,n15_c50_s42,19,1.0
2369290,bertopic,n15_c50_s42,0,1.0
2369928,bertopic,n15_c50_s42,3,1.0
2371027,bertopic,n15_c50_s42,22,1.0
2371097,bertopic,n15_c50_s42,-1,0.0
2371625,bertopic,n15_c50_s42,33,1.0
2371829,bertopic,n15_c50_s42,-1,0.0
2372048,bertopic,n15_c50_s42,25,0.9347511393590008
2372255,bertopic,n15_c50_s42,0,1.0
2372313,bertopic,n15_c50_s42,33,1.0
2372477,bertopic,n15_c50_s42,0,1.0
2372574,bertopic,n15_c50_s42,4,1.0
2372696,bertopic,n15_c50_s42,33,1.0
2373826,bertopic,n15_c50_s42,0,0.708103874834309
2373879,bertopic,n15_c50_s42,0,1.0
2374166,bertopic,n15_c50_s42,0,1.0
2374258,bertopic,n15_c50_s42,22,1.0
2374290,bertopic,n15_c50_s42,14,0.9661378315458418
2374506,bertopic,n15_c50_s42,9,0.3690086220333308
2374933,bertopic,n15_c50_s42,2,1.0
2375041,bertopic,n15_c50_s42,-1,0.0
2375087,bertopic,n15_c50_s42,0,1.0
2375109,bertopic,n15_c50_s42,-1,0.0
2375163,bertopic,n15_c50_s42,25,0.9107032107603995
2375414,bertopic,n15_c50_s42,0,0.7695644780127499
2375692,bertopic,n15_c50_s42,-1,0.0
2375819,bertopic,n15_c50_s42,-1,0.0
2375864,bertopic,n15_c50_s42,22,1.0
2376159,bertopic,n15_c50_s42,31,1.0
2376309,bertopic,n15_c50_s42,36,1.0
2378135,bertopic,n15_c50_s42,3,0.9691956635274789
2378797,bertopic,n15_c50_s42,4,1.0
2380582,bertopic,n15_c50_s42,33,1.0
2380656,bertopic,n15_c50_s42,13,0.8243838075112844
2383045,bertopic,n15_c50_s42,-1,0.0
2383287,bertopic,n15_c50_s42,5,0.3800687975370145
2383384,bertopic,n15_c50_s42,2,1.0
2383536,bertopic,n15_c50_s42,2,1.0
2383635,bertopic,n15_c50_s42,8,0.6530355860780882
2384098,bertopic,n15_c50_s42,0,1.0
2384103,bertopic,n15_c50_s42,22,1.0
2384169,bertopic,n15_c50_s42,33,1.0
2384239,bertopic,n15_c50_s42,31,0.8087906493864075
2384377,bertopic,n15_c50_s42,34,1.0
2384500,bertopic,n15_c50_s42,-1,0.0
2386837,bertopic,n15_c50_s42,0,1.0
2387301,bertopic,n15_c50_s42,2,1.0
2387742,bertopic,n15_c50_s42,-1,0.0
2389165,bertopic,n15_c50_s42,33,1.0
2390815,bertopic,n15_c50_s42,2,1.0
2397146,bertopic,n15_c50_s42,13,1.0
2397438,bertopic,n15_c50_s42,7,0.8237442072476651
2397463,bertopic,n15_c50_s42,2,0.9626929597875836
2397577,bertopic,n15_c50_s42,2,0.9988428117214311
2397594,bertopic,n15_c50_s42,2,1.0
2397610,bertopic,n15_c50_s42,4,0.8492025548241801
2398450,bertopic,n15_c50_s42,-1,0.0
2398470,bertopic,n15_c50_s42,33,1.0
2398749,bertopic,n15_c50_s42,0,1.0
2399345,bertopic,n15_c50_s42,8,0.8098006021686482
2399493,bertopic,n15_c50_s42,-1,0.0
2400728,bertopic,n15_c50_s42,33,1.0
2400805,bertopic,n15_c50_s42,2,1.0
2402176,bertopic,n15_c50_s42,20,0.46167549591559875
2402204,bertopic,n15_c50_s42,-1,0.0
2404045,bertopic,n15_c50_s42,7,0.8237442072476651
2404129,bertopic,n15_c50_s42,33,1.0
2404400,bertopic,n15_c50_s42,1,0.5330042503204755
2407195,bertopic,n15_c50_s42,7,0.8237442072476651
2407216,bertopic,n15_c50_s42,8,0.6595615038699656
2407241,bertopic,n15_c50_s42,13,1.0
2407581,bertopic,n15_c50_s42,20,0.591652377222183
2407670,bertopic,n15_c50_s42,33,1.0
2407690,bertopic,n15_c50_s42,16,0.8321393799941623
2407707,bertopic,n15_c50_s42,24,1.0
2407769,bertopic,n15_c50_s42,7,0.8237442072476651
2407927,bertopic,n15_c50_s42,7,0.8237442072476651
2408000,bertopic,n15_c50_s42,24,1.0
2408019,bertopic,n15_c50_s42,7,0.8237442072476651
2408135,bertopic,n15_c50_s42,10,0.3918470446818332
2408480,bertopic,n15_c50_s42,20,0.43876690374581384
2409088,bertopic,n15_c50_s42,2,1.0
2410619,bertopic,n15_c50_s42,7,0.8237442072476651
2412161,bertopic,n15_c50_s42,-1,0.0
2412165,bertopic,n15_c50_s42,27,1.0
2412178,bertopic,n15_c50_s42,0,0.3277305395150376
2412182,bertopic,n15_c50_s42,11,0.9098511895459758
2412206,bertopic,n15_c50_s42,10,1.0
2412209,bertopic,n15_c50_s42,2,1.0
2426755,bertopic,n15_c50_s42,8,0.6804793322707967
2427222,bertopic,n15_c50_s42,0,1.0
2427273,bertopic,n15_c50_s42,-1,0.0
2427301,bertopic,n15_c50_s42,8,0.6768576262856675
2427303,bertopic,n15_c50_s42,8,0.6926631427874336
2428938,bertopic,n15_c50_s42,25,1.0
2429147,bertopic,n15_c50_s42,19,0.7336784840284254
2429728,bertopic,n15_c50_s42,26,0.5416052307448184
2430090,bertopic,n15_c50_s42,14,0.4181286327400135
2433620,bertopic,n15_c50_s42,20,0.4784594246690302
2434204,bertopic,n15_c50_s42,31,1.0
2434220,bertopic,n15_c50_s42,31,0.7072651855361402
2434367,bertopic,n15_c50_s42,31,1.0
2434517,bertopic,n15_c50_s42,0,1.0
2434602,bertopic,n15_c50_s42,31,1.0
2434747,bertopic,n15_c50_s42,7,0.6867640698926626
2435071,bertopic,n15_c50_s42,-1,0.0
2436427,bertopic,n15_c50_s42,5,0.9706582149911568
2436795,bertopic,n15_c50_s42,36,1.0
2437000,bertopic,n15_c50_s42,4,1.0
2437040,bertopic,n15_c50_s42,5,0.4721743107164657
2437205,bertopic,n15_c50_s42,0,1.0
2437333,bertopic,n15_c50_s42,19,0.657655282190716
2437917,bertopic,n15_c50_s42,18,1.0
2439532,bertopic,n15_c50_s42,-1,0.0
2439825,bertopic,n15_c50_s42,8,0.8098006021686482
2440514,bertopic,n15_c50_s42,3,0.4508370843822627
2440714,bertopic,n15_c50_s42,-1,0.0
2440726,bertopic,n15_c50_s42,5,1.0
2440864,bertopic,n15_c50_s42,12,1.0
2441508,bertopic,n15_c50_s42,13,1.0
2442039,bertopic,n15_c50_s42,0,1.0
2442324,bertopic,n15_c50_s42,2,0.5600680157652138
2443126,bertopic,n15_c50_s42,1,0.5317900842156719
2443197,bertopic,n15_c50_s42,17,0.8447808762001574
2444063,bertopic,n15_c50_s42,0,1.0
2444414,bertopic,n15_c50_s42,3,0.6153742128091917
2444562,bertopic,n15_c50_s42,3,0.6153742128091917
2445643,bertopic,n15_c50_s42,12,1.0
2445779,bertopic,n15_c50_s42,2,1.0
2446163,bertopic,n15_c50_s42,37,1.0
2446207,bertopic,n15_c50_s42,12,1.0
2446707,bertopic,n15_c50_s42,-1,0.0
2446937,bertopic,n15_c50_s42,-1,0.0
2448440,bertopic,n15_c50_s42,4,0.9763837133297479
2448787,bertopic,n15_c50_s42,34,1.0
2448837,bertopic,n15_c50_s42,-1,0.0
2449149,bertopic,n15_c50_s42,2,1.0
2449317,bertopic,n15_c50_s42,6,0.44624967640036595
2450742,bertopic,n15_c50_s42,0,1.0
2450918,bertopic,n15_c50_s42,36,1.0
2450942,bertopic,n15_c50_s42,13,0.22916268736176218
2451069,bertopic,n15_c50_s42,3,0.6153742128091917
2451238,bertopic,n15_c50_s42,2,1.0
2451707,bertopic,n15_c50_s42,8,0.6009213357513733
2453409,bertopic,n15_c50_s42,2,1.0
2453412,bertopic,n15_c50_s42,4,1.0
2453436,bertopic,n15_c50_s42,0,1.0
2453440,bertopic,n15_c50_s42,0,1.0
2453472,bertopic,n15_c50_s42,-1,0.0
2453563,bertopic,n15_c50_s42,6,1.0
2453999,bertopic,n15_c50_s42,-1,0.0
2454383,bertopic,n15_c50_s42,5,0.3800687975370145
2454783,bertopic,n15_c50_s42,3,0.4708098820581176
2454893,bertopic,n15_c50_s42,-1,0.0
2455095,bertopic,n15_c50_s42,3,1.0
2455805,bertopic,n15_c50_s42,0,1.0
2456162,bertopic,n15_c50_s42,20,0.5849418737416111
2456211,bertopic,n15_c50_s42,0,1.0
2456407,bertopic,n15_c50_s42,7,0.8237442072476651
2456475,bertopic,n15_c50_s42,7,0.8237442072476651
2456572,bertopic,n15_c50_s42,2,1.0
2456667,bertopic,n15_c50_s42,3,0.35846508627948165
2456678,bertopic,n15_c50_s42,1,0.560099526719125
2456891,bertopic,n15_c50_s42,7,0.8279329634314379
2456907,bertopic,n15_c50_s42,-1,0.0
2456917,bertopic,n15_c50_s42,33,1.0
2457481,bertopic,n15_c50_s42,13,0.9549485577021537
2457499,bertopic,n15_c50_s42,12,1.0
2457671,bertopic,n15_c50_s42,3,1.0
2458041,bertopic,n15_c50_s42,-1,0.0
2458813,bertopic,n15_c50_s42,5,0.3800687975370145
2458874,bertopic,n15_c50_s42,11,0.3101166421450167
2458940,bertopic,n15_c50_s42,3,0.6153742128091917
2460062,bertopic,n15_c50_s42,12,1.0
2461404,bertopic,n15_c50_s42,9,0.3690086220333308
2461532,bertopic,n15_c50_s42,-1,0.0
2461657,bertopic,n15_c50_s42,7,0.8237442072476651
2461933,bertopic,n15_c50_s42,21,1.0
2462082,bertopic,n15_c50_s42,21,1.0
2462241,bertopic,n15_c50_s42,21,1.0
2462311,bertopic,n15_c50_s42,21,1.0
2462399,bertopic,n15_c50_s42,26,0.7120293370202831
2462443,bertopic,n15_c50_s42,21,1.0
2462816,bertopic,n15_c50_s42,21,1.0
2463759,bertopic,n15_c50_s42,-1,0.0
2465364,bertopic,n15_c50_s42,7,0.8237442072476651
2469797,bertopic,n15_c50_s42,7,0.8237442072476651
2469839,bertopic,n15_c50_s42,3,1.0
2470452,bertopic,n15_c50_s42,-1,0.0
2470763,bertopic,n15_c50_s42,33,1.0
2471051,bertopic,n15_c50_s42,2,1.0
2471126,bertopic,n15_c50_s42,22,1.0
2471197,bertopic,n15_c50_s42,9,0.3690086220333308
2471245,bertopic,n15_c50_s42,7,0.8237442072476651
2471320,bertopic,n15_c50_s42,7,0.8237442072476651
2471611,bertopic,n15_c50_s42,22,1.0
2471675,bertopic,n15_c50_s42,0,1.0
2472050,bertopic,n15_c50_s42,3,0.790314414223026
2472160,bertopic,n15_c50_s42,9,0.3690086220333308
2472262,bertopic,n15_c50_s42,12,1.0
2472373,bertopic,n15_c50_s42,0,1.0
2473223,bertopic,n15_c50_s42,3,0.6153742128091917
2476182,bertopic,n15_c50_s42,7,0.8237442072476651
2476457,bertopic,n15_c50_s42,3,0.39456700386500376
2476681,bertopic,n15_c50_s42,17,0.8134181108852641
2477933,bertopic,n15_c50_s42,7,0.8237442072476651
2477984,bertopic,n15_c50_s42,1,0.6931877533477078
2478332,bertopic,n15_c50_s42,7,0.8237442072476651
2478365,bertopic,n15_c50_s42,7,0.8237442072476651
2481534,bertopic,n15_c50_s42,4,1.0
2482132,bertopic,n15_c50_s42,35,1.0
2482143,bertopic,n15_c50_s42,1,0.8685672296595317
2483268,bertopic,n15_c50_s42,33,1.0
2487361,bertopic,n15_c50_s42,-1,0.0
2487593,bertopic,n15_c50_s42,15,1.0
2487639,bertopic,n15_c50_s42,0,1.0
2488153,bertopic,n15_c50_s42,36,1.0
2488235,bertopic,n15_c50_s42,3,0.6153742128091917
2489311,bertopic,n15_c50_s42,4,0.9235205397404076
2490050,bertopic,n15_c50_s42,36,1.0
2490256,bertopic,n15_c50_s42,21,0.3118715003049892
2490374,bertopic,n15_c50_s42,26,0.9536365748857459
2490394,bertopic,n15_c50_s42,26,1.0
2490615,bertopic,n15_c50_s42,21,1.0
2490964,bertopic,n15_c50_s42,2,1.0
2491368,bertopic,n15_c50_s42,18,1.0
2491624,bertopic,n15_c50_s42,35,1.0
2492654,bertopic,n15_c50_s42,12,1.0
2492682,bertopic,n15_c50_s42,3,0.8524008680140667
2492984,bertopic,n15_c50_s42,22,1.0
2495670,bertopic,n15_c50_s42,9,0.3690086220333308
2495753,bertopic,n15_c50_s42,14,0.41751634548261257
2496437,bertopic,n15_c50_s42,36,1.0
2496686,bertopic,n15_c50_s42,33,1.0
2497267,bertopic,n15_c50_s42,2,1.0
2497282,bertopic,n15_c50_s42,4,1.0
2497327,bertopic,n15_c50_s42,-1,0.0
2497334,bertopic,n15_c50_s42,13,1.0
2497852,bertopic,n15_c50_s42,13,0.6836024764093852
2497908,bertopic,n15_c50_s42,10,1.0
2497961,bertopic,n15_c50_s42,13,0.2264747974253285
2497986,bertopic,n15_c50_s42,2,1.0
2497993,bertopic,n15_c50_s42,32,1.0
2498009,bertopic,n15_c50_s42,12,0.5340615766348344
2498079,bertopic,n15_c50_s42,28,1.0
2498188,bertopic,n15_c50_s42,28,1.0
2498734,bertopic,n15_c50_s42,22,1.0
2498922,bertopic,n15_c50_s42,33,1.0
2499091,bertopic,n15_c50_s42,36,1.0
2499942,bertopic,n15_c50_s42,-1,0.0
2500285,bertopic,n15_c50_s42,0,1.0
2500497,bertopic,n15_c50_s42,5,1.0
2500530,bertopic,n15_c50_s42,15,0.8350198462148515
2500706,bertopic,n15_c50_s42,3,0.5104587075855407
2500726,bertopic,n15_c50_s42,3,0.9061055283374109
2502273,bertopic,n15_c50_s42,2,0.8877609114535481
2502519,bertopic,n15_c50_s42,28,1.0
2503070,bertopic,n15_c50_s42,36,1.0
2503265,bertopic,n15_c50_s42,36,1.0
2503505,bertopic,n15_c50_s42,3,0.6101583640579142
2504193,bertopic,n15_c50_s42,3,0.8724852713041577
2505790,bertopic,n15_c50_s42,14,0.9640991754127
2506070,bertopic,n15_c50_s42,5,0.9331965758520965
2506145,bertopic,n15_c50_s42,-1,0.0
2506307,bertopic,n15_c50_s42,5,0.9312994591039595
2507251,bertopic,n15_c50_s42,10,0.4383515018840619
2507567,bertopic,n15_c50_s42,31,0.5317560587976865
2509901,bertopic,n15_c50_s42,6,0.4189475828239882
2510621,bertopic,n15_c50_s42,6,0.5154193003639873
2510995,bertopic,n15_c50_s42,25,1.0
2511010,bertopic,n15_c50_s42,14,0.9640991754127
2511029,bertopic,n15_c50_s42,2,0.8529045267551039
2511062,bertopic,n15_c50_s42,31,1.0
2511287,bertopic,n15_c50_s42,-1,0.0
2511445,bertopic,n15_c50_s42,25,1.0
2511759,bertopic,n15_c50_s42,31,0.5255014289755038
2511812,bertopic,n15_c50_s42,5,0.9324733322916342
2511822,bertopic,n15_c50_s42,-1,0.0
2511853,bertopic,n15_c50_s42,14,0.7667660870619079
2511970,bertopic,n15_c50_s42,28,1.0
2513420,bertopic,n15_c50_s42,3,0.5482781846932547
2514037,bertopic,n15_c50_s42,-1,0.0
2514945,bertopic,n15_c50_s42,3,0.628377035845479
2515340,bertopic,n15_c50_s42,13,0.2264747974253285
2515632,bertopic,n15_c50_s42,-1,0.0
2516641,bertopic,n15_c50_s42,0,1.0
2518257,bertopic,n15_c50_s42,3,0.6153742128091917
2519411,bertopic,n15_c50_s42,0,1.0
2520643,bertopic,n15_c50_s42,22,1.0
2520666,bertopic,n15_c50_s42,25,1.0
2521483,bertopic,n15_c50_s42,29,1.0
2523209,bertopic,n15_c50_s42,22,1.0
2523892,bertopic,n15_c50_s42,23,0.9814641826475491
2524988,bertopic,n15_c50_s42,-1,0.0
2524994,bertopic,n15_c50_s42,3,0.5927616636206177
2524995,bertopic,n15_c50_s42,-1,0.0
2525759,bertopic,n15_c50_s42,14,0.9569517841648509
2525933,bertopic,n15_c50_s42,9,0.2894860881765392
2525935,bertopic,n15_c50_s42,3,0.5436376706035057
2526045,bertopic,n15_c50_s42,-1,0.0
2526358,bertopic,n15_c50_s42,-1,0.0
2526523,bertopic,n15_c50_s42,-1,0.0
2527057,bertopic,n15_c50_s42,-1,0.0
2528000,bertopic,n15_c50_s42,-1,0.0
2528385,bertopic,n15_c50_s42,15,1.0
2532561,bertopic,n15_c50_s42,-1,0.0
2532644,bertopic,n15_c50_s42,-1,0.0
2532656,bertopic,n15_c50_s42,0,1.0
2532713,bertopic,n15_c50_s42,3,0.5482781846932547
2534432,bertopic,n15_c50_s42,21,0.3118715003049892
2534829,bertopic,n15_c50_s42,-1,0.0
2536085,bertopic,n15_c50_s42,4,0.9235205397404076
2536112,bertopic,n15_c50_s42,-1,0.0
2536497,bertopic,n15_c50_s42,6,1.0
2538025,bertopic,n15_c50_s42,38,1.0
2540031,bertopic,n15_c50_s42,3,0.5482781846932547
2540061,bertopic,n15_c50_s42,38,1.0
2541974,bertopic,n15_c50_s42,3,0.6153742128091917
2546975,bertopic,n15_c50_s42,2,1.0
2547045,bertopic,n15_c50_s42,25,1.0
2547054,bertopic,n15_c50_s42,2,1.0
2547079,bertopic,n15_c50_s42,28,1.0
2547081,bertopic,n15_c50_s42,-1,0.0
2547132,bertopic,n15_c50_s42,5,1.0
2547160,bertopic,n15_c50_s42,3,0.5512688282314845
2547346,bertopic,n15_c50_s42,-1,0.0
2547383,bertopic,n15_c50_s42,3,1.0
2548547,bertopic,n15_c50_s42,3,1.0
2549327,bertopic,n15_c50_s42,8,1.0
2549502,bertopic,n15_c50_s42,10,0.4383515018840619
2550955,bertopic,n15_c50_s42,-1,0.0
2555405,bertopic,n15_c50_s42,14,1.0
2556252,bertopic,n15_c50_s42,3,0.7383949433096746
2557196,bertopic,n15_c50_s42,3,0.5482781846932547
2557271,bertopic,n15_c50_s42,-1,0.0
2557319,bertopic,n15_c50_s42,3,0.5482781846932547
2557345,bertopic,n15_c50_s42,-1,0.0
2557367,bertopic,n15_c50_s42,14,0.9661378315458418
2557605,bertopic,n15_c50_s42,-1,0.0
2558138,bertopic,n15_c50_s42,0,1.0
2559335,bertopic,n15_c50_s42,-1,0.0
2559394,bertopic,n15_c50_s42,3,0.39456700386500376
2559427,bertopic,n15_c50_s42,20,1.0
2559445,bertopic,n15_c50_s42,-1,0.0
2560526,bertopic,n15_c50_s42,23,0.8831894366657991
2560688,bertopic,n15_c50_s42,21,1.0
2560843,bertopic,n15_c50_s42,22,1.0
2561244,bertopic,n15_c50_s42,23,1.0
2561717,bertopic,n15_c50_s42,22,1.0
2562374,bertopic,n15_c50_s42,-1,0.0
2562415,bertopic,n15_c50_s42,17,1.0
2562482,bertopic,n15_c50_s42,3,0.6153742128091917
2562975,bertopic,n15_c50_s42,21,1.0
2563153,bertopic,n15_c50_s42,21,1.0
2563258,bertopic,n15_c50_s42,-1,0.0
2563393,bertopic,n15_c50_s42,17,1.0
2564722,bertopic,n15_c50_s42,17,0.7722119205202419
2566397,bertopic,n15_c50_s42,1,0.7483445918313503
2566487,bertopic,n15_c50_s42,23,1.0
2566617,bertopic,n15_c50_s42,14,1.0
2568034,bertopic,n15_c50_s42,23,1.0
2568753,bertopic,n15_c50_s42,23,1.0
2568792,bertopic,n15_c50_s42,14,1.0
2569841,bertopic,n15_c50_s42,-1,0.0
2569845,bertopic,n15_c50_s42,20,1.0
2569888,bertopic,n15_c50_s42,13,0.19645011676155427
2569929,bertopic,n15_c50_s42,13,0.19645011676155427
2570383,bertopic,n15_c50_s42,17,1.0
2571180,bertopic,n15_c50_s42,17,1.0
2571596,bertopic,n15_c50_s42,18,0.9635010841911168
2571959,bertopic,n15_c50_s42,-1,0.0
2572038,bertopic,n15_c50_s42,17,1.0
2577011,bertopic,n15_c50_s42,37,1.0
2577975,bertopic,n15_c50_s42,-1,0.0
2580156,bertopic,n15_c50_s42,24,1.0
2584460,bertopic,n15_c50_s42,3,1.0
2585256,bertopic,n15_c50_s42,13,0.19645011676155427
2585345,bertopic,n15_c50_s42,36,1.0
2585370,bertopic,n15_c50_s42,27,0.550876839477791
2585638,bertopic,n15_c50_s42,5,1.0
2589596,bertopic,n15_c50_s42,-1,0.0
2589611,bertopic,n15_c50_s42,5,1.0
2589710,bertopic,n15_c50_s42,5,1.0
2589808,bertopic,n15_c50_s42,-1,0.0
2589857,bertopic,n15_c50_s42,5,1.0
2590419,bertopic,n15_c50_s42,21,1.0
2591450,bertopic,n15_c50_s42,-1,0.0
2591462,bertopic,n15_c50_s42,5,0.36173032754249745
2591536,bertopic,n15_c50_s42,20,1.0
2593165,bertopic,n15_c50_s42,-1,0.0
2594634,bertopic,n15_c50_s42,5,1.0
2597251,bertopic,n15_c50_s42,-1,0.0
2597262,bertopic,n15_c50_s42,13,1.0
2597271,bertopic,n15_c50_s42,5,1.0
2597367,bertopic,n15_c50_s42,22,1.0
2597439,bertopic,n15_c50_s42,0,1.0
2598365,bertopic,n15_c50_s42,5,1.0
2598406,bertopic,n15_c50_s42,5,1.0
2600113,bertopic,n15_c50_s42,-1,0.0
2600586,bertopic,n15_c50_s42,5,1.0
2601172,bertopic,n15_c50_s42,-1,0.0
2601422,bertopic,n15_c50_s42,0,1.0
2603625,bertopic,n15_c50_s42,0,0.1344555810401498
2603806,bertopic,n15_c50_s42,2,1.0
2604483,bertopic,n15_c50_s42,3,1.0
2604962,bertopic,n15_c50_s42,-1,0.0
2607422,bertopic,n15_c50_s42,-1,0.0
2608083,bertopic,n15_c50_s42,4,0.8679756537240892
2608302,bertopic,n15_c50_s42,5,1.0
2608658,bertopic,n15_c50_s42,-1,0.0
2610131,bertopic,n15_c50_s42,-1,0.0
2610158,bertopic,n15_c50_s42,-1,0.0
2611816,bertopic,n15_c50_s42,13,0.5588318830003605
2612658,bertopic,n15_c50_s42,4,0.9250317784171992
2613031,bertopic,n15_c50_s42,-1,0.0
2613241,bertopic,n15_c50_s42,5,0.569011098497972
2613242,bertopic,n15_c50_s42,5,1.0
2615935,bertopic,n15_c50_s42,3,0.5482781846932547
2616124,bertopic,n15_c50_s42,14,1.0
2616141,bertopic,n15_c50_s42,20,1.0
2616428,bertopic,n15_c50_s42,27,0.550876839477791
2616491,bertopic,n15_c50_s42,5,1.0
2616561,bertopic,n15_c50_s42,2,1.0
2616582,bertopic,n15_c50_s42,-1,0.0
2616608,bertopic,n15_c50_s42,37,1.0
2616643,bertopic,n15_c50_s42,5,0.569011098497972
2616745,bertopic,n15_c50_s42,-1,0.0
2617387,bertopic,n15_c50_s42,0,1.0
2617662,bertopic,n15_c50_s42,0,1.0
2618113,bertopic,n15_c50_s42,-1,0.0
2619892,bertopic,n15_c50_s42,-1,0.0
2623860,bertopic,n15_c50_s42,-1,0.0
2623864,bertopic,n15_c50_s42,13,1.0
2624058,bertopic,n15_c50_s42,0,1.0
2624922,bertopic,n15_c50_s42,5,1.0
2624940,bertopic,n15_c50_s42,5,1.0
2624999,bertopic,n15_c50_s42,14,1.0
2625001,bertopic,n15_c50_s42,2,1.0
2625024,bertopic,n15_c50_s42,-1,0.0
2625083,bertopic,n15_c50_s42,5,0.569011098497972
2625148,bertopic,n15_c50_s42,-1,0.0
2625184,bertopic,n15_c50_s42,37,1.0
2625996,bertopic,n15_c50_s42,0,0.1344555810401498
2626013,bertopic,n15_c50_s42,15,0.8350198462148515
2626562,bertopic,n15_c50_s42,-1,0.0
2628178,bertopic,n15_c50_s42,0,1.0
2628491,bertopic,n15_c50_s42,2,1.0
2630605,bertopic,n15_c50_s42,28,0.88766738686801
2630699,bertopic,n15_c50_s42,6,0.4548660689960712
2631118,bertopic,n15_c50_s42,30,0.4627196978135194
2631313,bertopic,n15_c50_s42,0,1.0
2632728,bertopic,n15_c50_s42,18,1.0
2633781,bertopic,n15_c50_s42,26,0.5596192626674945
2634148,bertopic,n15_c50_s42,5,0.569011098497972
2634462,bertopic,n15_c50_s42,28,1.0
2634583,bertopic,n15_c50_s42,0,1.0
2634599,bertopic,n15_c50_s42,10,0.3918470446818332
2634890,bertopic,n15_c50_s42,28,0.9879789220234807
2635271,bertopic,n15_c50_s42,16,0.9637671592442313
2635319,bertopic,n15_c50_s42,16,0.9527741726866228
2638979,bertopic,n15_c50_s42,28,0.8483318409990671
2638981,bertopic,n15_c50_s42,13,1.0
2638998,bertopic,n15_c50_s42,18,1.0
2640069,bertopic,n15_c50_s42,30,0.28519497651036785
2640096,bertopic,n15_c50_s42,28,1.0
2640233,bertopic,n15_c50_s42,-1,0.0
2640243,bertopic,n15_c50_s42,3,0.6153742128091917
2641130,bertopic,n15_c50_s42,5,0.569011098497972
2641148,bertopic,n15_c50_s42,5,0.9706582149911568
2643143,bertopic,n15_c50_s42,19,1.0
2643491,bertopic,n15_c50_s42,0,0.6561111238220725
2644906,bertopic,n15_c50_s42,21,0.9393597291686234
2644951,bertopic,n15_c50_s42,4,1.0
2645149,bertopic,n15_c50_s42,26,1.0
2645355,bertopic,n15_c50_s42,28,1.0
2645374,bertopic,n15_c50_s42,21,0.3118715003049892
2645390,bertopic,n15_c50_s42,21,0.68535072592641
2645862,bertopic,n15_c50_s42,2,1.0
2646547,bertopic,n15_c50_s42,6,0.4235075852428298
2647339,bertopic,n15_c50_s42,3,0.8331342966069509
2648435,bertopic,n15_c50_s42,26,0.6354923365149157
2650143,bertopic,n15_c50_s42,6,0.4204616892838412
2650427,bertopic,n15_c50_s42,33,1.0
2653529,bertopic,n15_c50_s42,26,0.6224369840524306
2655116,bertopic,n15_c50_s42,13,1.0
2655146,bertopic,n15_c50_s42,0,1.0
2655757,bertopic,n15_c50_s42,36,0.2559625295217078
2656186,bertopic,n15_c50_s42,26,0.7997116476181806
2658677,bertopic,n15_c50_s42,0,1.0
2662017,bertopic,n15_c50_s42,0,0.999484421512659
2662954,bertopic,n15_c50_s42,33,1.0
2663084,bertopic,n15_c50_s42,27,0.550876839477791
2669279,bertopic,n15_c50_s42,13,0.841957081695305
2669355,bertopic,n15_c50_s42,13,0.19645011676155427
2669468,bertopic,n15_c50_s42,5,0.5379648912499141
2669701,bertopic,n15_c50_s42,0,1.0
2670031,bertopic,n15_c50_s42,16,0.8623214093239623
2671995,bertopic,n15_c50_s42,0,1.0
2672350,bertopic,n15_c50_s42,37,1.0
2674392,bertopic,n15_c50_s42,22,1.0
2675013,bertopic,n15_c50_s42,0,1.0
2675183,bertopic,n15_c50_s42,5,0.710988474040592
2675771,bertopic,n15_c50_s42,4,0.8735197193386759
2676416,bertopic,n15_c50_s42,0,1.0
2676612,bertopic,n15_c50_s42,0,1.0
2677132,bertopic,n15_c50_s42,28,1.0
2680179,bertopic,n15_c50_s42,9,0.2894860881765392
2680561,bertopic,n15_c50_s42,0,1.0
2683268,bertopic,n15_c50_s42,37,1.0
2687760,bertopic,n15_c50_s42,3,0.3398395638092039
2687766,bertopic,n15_c50_s42,3,1.0
2687926,bertopic,n15_c50_s42,0,1.0
2689613,bertopic,n15_c50_s42,2,1.0
2689671,bertopic,n15_c50_s42,0,1.0
2689695,bertopic,n15_c50_s42,28,1.0
2689768,bertopic,n15_c50_s42,37,1.0
2689814,bertopic,n15_c50_s42,26,0.6370015885218817
2689857,bertopic,n15_c50_s42,36,0.2281103091100272
2689916,bertopic,n15_c50_s42,0,1.0
2689917,bertopic,n15_c50_s42,2,1.0
2690024,bertopic,n15_c50_s42,16,0.9670777533012626
2690194,bertopic,n15_c50_s42,4,0.8058734999553157
2690231,bertopic,n15_c50_s42,38,1.0
2690249,bertopic,n15_c50_s42,0,1.0
2690261,bertopic,n15_c50_s42,22,0.8824443257438244
2690277,bertopic,n15_c50_s42,27,0.550876839477791
2690325,bertopic,n15_c50_s42,-1,0.0
2690334,bertopic,n15_c50_s42,13,0.5758265570480664
2693080,bertopic,n15_c50_s42,22,0.9966738310633277
2693275,bertopic,n15_c50_s42,27,0.550876839477791
2694617,bertopic,n15_c50_s42,-1,0.0
2695528,bertopic,n15_c50_s42,0,1.0
2698761,bertopic,n15_c50_s42,0,1.0
2698785,bertopic,n15_c50_s42,27,0.550876839477791
2698807,bertopic,n15_c50_s42,-1,0.0
2698815,bertopic,n15_c50_s42,-1,0.0
2698842,bertopic,n15_c50_s42,13,1.0
2698984,bertopic,n15_c50_s42,2,0.7274326457614272
2699021,bertopic,n15_c50_s42,17,0.5608948813959626
2699836,bertopic,n15_c50_s42,27,0.550876839477791
2699874,bertopic,n15_c50_s42,24,1.0
2699915,bertopic,n15_c50_s42,13,0.22916268736176218
2699934,bertopic,n15_c50_s42,2,0.7274326457614272
2699981,bertopic,n15_c50_s42,6,0.46381087066863075
2700077,bertopic,n15_c50_s42,-1,0.0
2700084,bertopic,n15_c50_s42,38,1.0
2700223,bertopic,n15_c50_s42,-1,0.0
2700232,bertopic,n15_c50_s42,0,1.0
2700272,bertopic,n15_c50_s42,0,1.0
2700279,bertopic,n15_c50_s42,22,1.0
2700547,bertopic,n15_c50_s42,-1,0.0
2700619,bertopic,n15_c50_s42,0,1.0
2700941,bertopic,n15_c50_s42,27,0.550876839477791
2701030,bertopic,n15_c50_s42,27,0.550876839477791
2702464,bertopic,n15_c50_s42,9,0.1933713945423221
2702608,bertopic,n15_c50_s42,2,0.7274326457614272
2702666,bertopic,n15_c50_s42,2,0.7274326457614272
2702728,bertopic,n15_c50_s42,2,0.7274326457614272
2702831,bertopic,n15_c50_s42,2,0.7274326457614272
2703100,bertopic,n15_c50_s42,17,1.0
2703167,bertopic,n15_c50_s42,2,0.7274326457614272
2705197,bertopic,n15_c50_s42,1,0.32355057636141127
2705340,bertopic,n15_c50_s42,0,0.1344555810401498
2705854,bertopic,n15_c50_s42,5,0.569011098497972
2706102,bertopic,n15_c50_s42,12,1.0
2707779,bertopic,n15_c50_s42,15,0.8350198462148515
2708802,bertopic,n15_c50_s42,1,0.3240958562006642
2709830,bertopic,n15_c50_s42,1,0.31681841090400403
2710287,bertopic,n15_c50_s42,2,0.7274326457614272
2710980,bertopic,n15_c50_s42,27,0.550876839477791
2713702,bertopic,n15_c50_s42,2,1.0
2713751,bertopic,n15_c50_s42,13,1.0
2713786,bertopic,n15_c50_s42,9,0.3690086220333308
2714741,bertopic,n15_c50_s42,18,0.9297513061420466
2714751,bertopic,n15_c50_s42,1,0.3232050535382844
2714851,bertopic,n15_c50_s42,2,1.0
2715113,bertopic,n15_c50_s42,-1,0.0
2715544,bertopic,n15_c50_s42,2,1.0
2715594,bertopic,n15_c50_s42,5,0.569011098497972
2715697,bertopic,n15_c50_s42,1,0.32479966256328674
2715870,bertopic,n15_c50_s42,1,0.32593674390432503
2716305,bertopic,n15_c50_s42,15,0.8350198462148515
2716339,bertopic,n15_c50_s42,1,0.3242288683480661
2717304,bertopic,n15_c50_s42,35,1.0
2717851,bertopic,n15_c50_s42,36,1.0
2717955,bertopic,n15_c50_s42,-1,0.0
2719984,bertopic,n15_c50_s42,3,0.6153742128091917
2722280,bertopic,n15_c50_s42,6,1.0
2723598,bertopic,n15_c50_s42,1,0.3274669012252144
2723664,bertopic,n15_c50_s42,-1,0.0
2724071,bertopic,n15_c50_s42,2,0.7274326457614272
2724468,bertopic,n15_c50_s42,3,1.0
2732227,bertopic,n15_c50_s42,33,1.0
2735098,bertopic,n15_c50_s42,-1,0.0
2735919,bertopic,n15_c50_s42,7,0.9674712939842403
2735971,bertopic,n15_c50_s42,13,0.22916268736176218
2736091,bertopic,n15_c50_s42,13,1.0
2736175,bertopic,n15_c50_s42,2,1.0
2737855,bertopic,n15_c50_s42,33,1.0
2741418,bertopic,n15_c50_s42,-1,0.0
2742487,bertopic,n15_c50_s42,1,0.5317900842156719
2742517,bertopic,n15_c50_s42,4,1.0
2744196,bertopic,n15_c50_s42,22,0.8888872848641703
2747430,bertopic,n15_c50_s42,1,0.5317900842156719
2747800,bertopic,n15_c50_s42,23,0.9814641826475491
2748634,bertopic,n15_c50_s42,-1,0.0
2749995,bertopic,n15_c50_s42,18,1.0
2755458,bertopic,n15_c50_s42,1,0.5317900842156719
2756434,bertopic,n15_c50_s42,1,0.5317900842156719
2756499,bertopic,n15_c50_s42,2,1.0
2757091,bertopic,n15_c50_s42,-1,0.0
2757384,bertopic,n15_c50_s42,2,1.0
2772606,bertopic,n15_c50_s42,23,0.6096997414616412
2773959,bertopic,n15_c50_s42,2,0.7274326457614272
2774572,bertopic,n15_c50_s42,5,0.569011098497972
2774746,bertopic,n15_c50_s42,1,0.3253640739592485
2775638,bertopic,n15_c50_s42,0,1.0
2781172,bertopic,n15_c50_s42,-1,0.0
2781301,bertopic,n15_c50_s42,-1,0.0
2785307,bertopic,n15_c50_s42,1,0.5317900842156719
2788190,bertopic,n15_c50_s42,2,0.7274326457614272
2788229,bertopic,n15_c50_s42,2,1.0
2788276,bertopic,n15_c50_s42,2,1.0
2788348,bertopic,n15_c50_s42,-1,0.0
2788352,bertopic,n15_c50_s42,1,0.33173740720196476
2788503,bertopic,n15_c50_s42,7,0.9684891295919472
2788627,bertopic,n15_c50_s42,2,1.0
2788752,bertopic,n15_c50_s42,2,1.0
2788805,bertopic,n15_c50_s42,2,1.0
2788848,bertopic,n15_c50_s42,1,0.5317900842156719
