article_id,model,run_id,topic_id,membership_strength
300,bertopic,n30_c100_s42,6,0.7358641041032116
551,bertopic,n30_c100_s42,-1,0.0
574,bertopic,n30_c100_s42,9,0.9976435544063357
593,bertopic,n30_c100_s42,6,1.0
1739,bertopic,n30_c100_s42,14,0.7763660168250162
1755,bertopic,n30_c100_s42,-1,0.0
2835,bertopic,n30_c100_s42,14,1.0
3594,bertopic,n30_c100_s42,2,0.9547660298990741
3635,bertopic,n30_c100_s42,0,1.0
3656,bertopic,n30_c100_s42,-1,0.0
3708,bertopic,n30_c100_s42,20,1.0
3798,bertopic,n30_c100_s42,6,1.0
4089,bertopic,n30_c100_s42,-1,0.0
4710,bertopic,n30_c100_s42,12,1.0
4830,bertopic,n30_c100_s42,5,0.38361211184596467
5276,bertopic,n30_c100_s42,2,0.47952828843204526
5586,bertopic,n30_c100_s42,-1,0.0
5683,bertopic,n30_c100_s42,11,0.40187011090636526
5693,bertopic,n30_c100_s42,5,1.0
6435,bertopic,n30_c100_s42,12,0.9796853364376392
6544,bertopic,n30_c100_s42,8,1.0
7082,bertopic,n30_c100_s42,4,1.0
7244,bertopic,n30_c100_s42,1,0.5152254463008867
7574,bertopic,n30_c100_s42,6,1.0
7681,bertopic,n30_c100_s42,6,1.0
7854,bertopic,n30_c100_s42,17,0.6445681680580225
7868,bertopic,n30_c100_s42,21,0.9959300948841275
7879,bertopic,n30_c100_s42,4,1.0
7921,bertopic,n30_c100_s42,10,1.0
7959,bertopic,n30_c100_s42,4,1.0
8530,bertopic,n30_c100_s42,14,1.0
8844,bertopic,n30_c100_s42,12,0.3971294798088092
9037,bertopic,n30_c100_s42,2,1.0
9349,bertopic,n30_c100_s42,7,0.9581690971300784
10235,bertopic,n30_c100_s42,-1,0.0
10296,bertopic,n30_c100_s42,10,0.45788475048333355
10939,bertopic,n30_c100_s42,10,1.0
11348,bertopic,n30_c100_s42,2,0.5713533223544114
12099,bertopic,n30_c100_s42,-1,0.0
12364,bertopic,n30_c100_s42,22,1.0
12399,bertopic,n30_c100_s42,2,0.5713533223544114
12685,bertopic,n30_c100_s42,7,0.8367861847877801
12801,bertopic,n30_c100_s42,-1,0.0
12810,bertopic,n30_c100_s42,16,1.0
12858,bertopic,n30_c100_s42,1,1.0
13084,bertopic,n30_c100_s42,-1,0.0
13205,bertopic,n30_c100_s42,6,0.8880080101854336
13274,bertopic,n30_c100_s42,12,0.6422582791253291
13403,bertopic,n30_c100_s42,4,0.46713415970035566
13594,bertopic,n30_c100_s42,21,1.0
13768,bertopic,n30_c100_s42,2,0.2481148976617643
13851,bertopic,n30_c100_s42,-1,0.0
14117,bertopic,n30_c100_s42,8,1.0
14506,bertopic,n30_c100_s42,2,1.0
14528,bertopic,n30_c100_s42,-1,0.0
14529,bertopic,n30_c100_s42,2,0.914745533365622
14599,bertopic,n30_c100_s42,0,1.0
14858,bertopic,n30_c100_s42,0,1.0
15016,bertopic,n30_c100_s42,13,1.0
15506,bertopic,n30_c100_s42,2,0.7715240499350589
15759,bertopic,n30_c100_s42,10,0.9345668878063592
15792,bertopic,n30_c100_s42,6,1.0
15993,bertopic,n30_c100_s42,-1,0.0
16083,bertopic,n30_c100_s42,-1,0.0
16274,bertopic,n30_c100_s42,-1,0.0
16458,bertopic,n30_c100_s42,12,1.0
16762,bertopic,n30_c100_s42,4,1.0
16814,bertopic,n30_c100_s42,7,0.8280829012237023
17264,bertopic,n30_c100_s42,15,0.4368903472736906
17329,bertopic,n30_c100_s42,5,1.0
17922,bertopic,n30_c100_s42,4,0.9387752817512294
18543,bertopic,n30_c100_s42,3,0.7393373056078498
19690,bertopic,n30_c100_s42,4,1.0
20012,bertopic,n30_c100_s42,4,1.0
20127,bertopic,n30_c100_s42,4,1.0
20668,bertopic,n30_c100_s42,14,1.0
20712,bertopic,n30_c100_s42,3,0.9220126198886265
20941,bertopic,n30_c100_s42,0,1.0
21460,bertopic,n30_c100_s42,-1,0.0
21530,bertopic,n30_c100_s42,14,1.0
21659,bertopic,n30_c100_s42,0,1.0
21782,bertopic,n30_c100_s42,2,1.0
21917,bertopic,n30_c100_s42,5,0.7831008803513685
22065,bertopic,n30_c100_s42,-1,0.0
22132,bertopic,n30_c100_s42,4,0.5732067137923713
22159,bertopic,n30_c100_s42,2,1.0
22390,bertopic,n30_c100_s42,-1,0.0
22705,bertopic,n30_c100_s42,6,0.9952943532627585
23217,bertopic,n30_c100_s42,2,0.7209222079136435
23962,bertopic,n30_c100_s42,9,1.0
24198,bertopic,n30_c100_s42,-1,0.0
24286,bertopic,n30_c100_s42,1,0.5152254463008867
24876,bertopic,n30_c100_s42,4,0.6437154262676553
24965,bertopic,n30_c100_s42,3,0.8532447602744132
25431,bertopic,n30_c100_s42,22,1.0
25458,bertopic,n30_c100_s42,-1,0.0
25974,bertopic,n30_c100_s42,-1,0.0
26212,bertopic,n30_c100_s42,13,1.0
26434,bertopic,n30_c100_s42,9,1.0
27038,bertopic,n30_c100_s42,17,1.0
27122,bertopic,n30_c100_s42,-1,0.0
27189,bertopic,n30_c100_s42,-1,0.0
27469,bertopic,n30_c100_s42,14,0.7763660168250162
27920,bertopic,n30_c100_s42,8,0.9220254954631698
28510,bertopic,n30_c100_s42,7,1.0
28661,bertopic,n30_c100_s42,-1,0.0
28781,bertopic,n30_c100_s42,2,0.2481148976617643
28784,bertopic,n30_c100_s42,4,0.9387752817512294
28936,bertopic,n30_c100_s42,4,1.0
29129,bertopic,n30_c100_s42,-1,0.0
30097,bertopic,n30_c100_s42,15,0.30280196482191785
30107,bertopic,n30_c100_s42,2,0.9032186250976008
30257,bertopic,n30_c100_s42,2,0.8526191518567977
30703,bertopic,n30_c100_s42,-1,0.0
30778,bertopic,n30_c100_s42,-1,0.0
30997,bertopic,n30_c100_s42,-1,0.0
31478,bertopic,n30_c100_s42,2,0.7518516506590218
31594,bertopic,n30_c100_s42,-1,0.0
31664,bertopic,n30_c100_s42,7,0.85662394313394
31875,bertopic,n30_c100_s42,10,1.0
31919,bertopic,n30_c100_s42,7,0.939028357837962
32030,bertopic,n30_c100_s42,4,0.9720625380219885
32072,bertopic,n30_c100_s42,0,0.8576551969776055
32140,bertopic,n30_c100_s42,12,1.0
33141,bertopic,n30_c100_s42,10,1.0
33193,bertopic,n30_c100_s42,4,1.0
33255,bertopic,n30_c100_s42,22,0.9534840004175682
33651,bertopic,n30_c100_s42,4,0.9387752817512294
33732,bertopic,n30_c100_s42,6,1.0
33907,bertopic,n30_c100_s42,-1,0.0
34443,bertopic,n30_c100_s42,1,0.5152254463008867
35047,bertopic,n30_c100_s42,9,1.0
35309,bertopic,n30_c100_s42,1,0.2603485158763221
35903,bertopic,n30_c100_s42,3,0.7608690353518964
35925,bertopic,n30_c100_s42,-1,0.0
36149,bertopic,n30_c100_s42,-1,0.0
36372,bertopic,n30_c100_s42,7,0.8938208258715801
36523,bertopic,n30_c100_s42,4,0.9474956081777456
36957,bertopic,n30_c100_s42,2,0.7715240499350589
37122,bertopic,n30_c100_s42,1,0.6785298377135384
37241,bertopic,n30_c100_s42,6,0.8880080101854336
37289,bertopic,n30_c100_s42,3,0.9220126198886265
38068,bertopic,n30_c100_s42,18,1.0
38130,bertopic,n30_c100_s42,12,0.7459961000130259
38397,bertopic,n30_c100_s42,4,0.6946367575233167
38774,bertopic,n30_c100_s42,12,0.5099974817641187
38952,bertopic,n30_c100_s42,8,1.0
39053,bertopic,n30_c100_s42,5,1.0
39204,bertopic,n30_c100_s42,4,0.6868219894931208
39234,bertopic,n30_c100_s42,7,0.9821327444376828
40130,bertopic,n30_c100_s42,-1,0.0
40296,bertopic,n30_c100_s42,2,0.7715240499350589
40454,bertopic,n30_c100_s42,4,0.9876198048780553
40807,bertopic,n30_c100_s42,16,1.0
41150,bertopic,n30_c100_s42,14,1.0
41235,bertopic,n30_c100_s42,-1,0.0
41649,bertopic,n30_c100_s42,12,0.9139219656127607
41765,bertopic,n30_c100_s42,4,1.0
41883,bertopic,n30_c100_s42,15,1.0
42206,bertopic,n30_c100_s42,10,1.0
42360,bertopic,n30_c100_s42,10,1.0
42454,bertopic,n30_c100_s42,9,0.9210744495080181
43243,bertopic,n30_c100_s42,-1,0.0
43481,bertopic,n30_c100_s42,11,0.4131349770933343
43606,bertopic,n30_c100_s42,6,1.0
43636,bertopic,n30_c100_s42,22,1.0
44273,bertopic,n30_c100_s42,7,0.9099758505338046
44421,bertopic,n30_c100_s42,-1,0.0
44459,bertopic,n30_c100_s42,0,1.0
44507,bertopic,n30_c100_s42,5,0.38361211184596467
44761,bertopic,n30_c100_s42,3,1.0
44828,bertopic,n30_c100_s42,4,1.0
44886,bertopic,n30_c100_s42,13,1.0
44926,bertopic,n30_c100_s42,-1,0.0
45170,bertopic,n30_c100_s42,6,0.6479246088366843
45318,bertopic,n30_c100_s42,-1,0.0
45333,bertopic,n30_c100_s42,3,0.9220126198886265
45594,bertopic,n30_c100_s42,6,1.0
45601,bertopic,n30_c100_s42,8,0.982473926683824
45666,bertopic,n30_c100_s42,6,1.0
45929,bertopic,n30_c100_s42,0,1.0
46773,bertopic,n30_c100_s42,10,0.41780013672172545
46798,bertopic,n30_c100_s42,2,0.7715240499350589
47374,bertopic,n30_c100_s42,3,0.7608690353518964
47878,bertopic,n30_c100_s42,-1,0.0
48013,bertopic,n30_c100_s42,-1,0.0
48054,bertopic,n30_c100_s42,10,1.0
48189,bertopic,n30_c100_s42,4,1.0
48429,bertopic,n30_c100_s42,7,0.969589876961123
48523,bertopic,n30_c100_s42,0,1.0
48645,bertopic,n30_c100_s42,4,0.5709093680444737
48719,bertopic,n30_c100_s42,4,1.0
48986,bertopic,n30_c100_s42,10,1.0
49147,bertopic,n30_c100_s42,-1,0.0
49182,bertopic,n30_c100_s42,11,1.0
49242,bertopic,n30_c100_s42,11,1.0
49457,bertopic,n30_c100_s42,-1,0.0
49694,bertopic,n30_c100_s42,4,1.0
50156,bertopic,n30_c100_s42,-1,0.0
50396,bertopic,n30_c100_s42,14,0.7763660168250162
50448,bertopic,n30_c100_s42,1,0.5152254463008867
50669,bertopic,n30_c100_s42,16,1.0
51001,bertopic,n30_c100_s42,-1,0.0
51195,bertopic,n30_c100_s42,9,0.9976435544063357
51957,bertopic,n30_c100_s42,6,1.0
52032,bertopic,n30_c100_s42,4,0.7421977489287553
52281,bertopic,n30_c100_s42,4,1.0
52788,bertopic,n30_c100_s42,6,1.0
52904,bertopic,n30_c100_s42,14,0.7763660168250162
53033,bertopic,n30_c100_s42,11,0.4876382647387404
53036,bertopic,n30_c100_s42,-1,0.0
53127,bertopic,n30_c100_s42,4,0.9335998490613276
53281,bertopic,n30_c100_s42,3,1.0
53378,bertopic,n30_c100_s42,9,1.0
53444,bertopic,n30_c100_s42,5,1.0
53522,bertopic,n30_c100_s42,10,1.0
53977,bertopic,n30_c100_s42,6,1.0
54284,bertopic,n30_c100_s42,0,1.0
54295,bertopic,n30_c100_s42,14,0.7763660168250162
55518,bertopic,n30_c100_s42,4,1.0
55684,bertopic,n30_c100_s42,-1,0.0
55997,bertopic,n30_c100_s42,22,1.0
56047,bertopic,n30_c100_s42,4,0.9844387320862282
56383,bertopic,n30_c100_s42,6,0.9044382467161421
56427,bertopic,n30_c100_s42,10,0.6723008397257049
56476,bertopic,n30_c100_s42,2,0.6935227423846522
56477,bertopic,n30_c100_s42,-1,0.0
56571,bertopic,n30_c100_s42,2,0.8276824292701497
56582,bertopic,n30_c100_s42,-1,0.0
56617,bertopic,n30_c100_s42,-1,0.0
56838,bertopic,n30_c100_s42,-1,0.0
57121,bertopic,n30_c100_s42,20,1.0
57340,bertopic,n30_c100_s42,4,0.5709093680444737
57357,bertopic,n30_c100_s42,-1,0.0
57436,bertopic,n30_c100_s42,10,1.0
57487,bertopic,n30_c100_s42,10,1.0
59278,bertopic,n30_c100_s42,0,1.0
59330,bertopic,n30_c100_s42,2,0.7708377896970938
60166,bertopic,n30_c100_s42,4,0.5514748748254341
60190,bertopic,n30_c100_s42,6,0.8880080101854336
60525,bertopic,n30_c100_s42,1,0.7409143536731629
60772,bertopic,n30_c100_s42,4,0.5732067137923713
60790,bertopic,n30_c100_s42,15,1.0
60943,bertopic,n30_c100_s42,-1,0.0
60989,bertopic,n30_c100_s42,3,0.7393373056078498
61037,bertopic,n30_c100_s42,2,0.9474231310177028
61392,bertopic,n30_c100_s42,-1,0.0
61399,bertopic,n30_c100_s42,9,1.0
61433,bertopic,n30_c100_s42,5,0.7071609574041644
61614,bertopic,n30_c100_s42,18,1.0
61618,bertopic,n30_c100_s42,21,1.0
61634,bertopic,n30_c100_s42,2,0.9697349372695557
61874,bertopic,n30_c100_s42,4,1.0
62010,bertopic,n30_c100_s42,-1,0.0
62225,bertopic,n30_c100_s42,7,1.0
62396,bertopic,n30_c100_s42,1,0.5152254463008867
62514,bertopic,n30_c100_s42,1,0.5152254463008867
62536,bertopic,n30_c100_s42,1,0.33024649407220036
62561,bertopic,n30_c100_s42,5,0.38361211184596467
62909,bertopic,n30_c100_s42,1,0.5152254463008867
63202,bertopic,n30_c100_s42,1,0.5152254463008867
63485,bertopic,n30_c100_s42,2,0.7473251866135218
63812,bertopic,n30_c100_s42,2,0.514093398491858
64049,bertopic,n30_c100_s42,8,0.9156387241325226
64159,bertopic,n30_c100_s42,1,1.0
64288,bertopic,n30_c100_s42,22,1.0
64460,bertopic,n30_c100_s42,0,1.0
64660,bertopic,n30_c100_s42,9,0.9996233044277475
65325,bertopic,n30_c100_s42,12,1.0
66799,bertopic,n30_c100_s42,6,0.6571540208604995
67010,bertopic,n30_c100_s42,-1,0.0
67102,bertopic,n30_c100_s42,-1,0.0
67221,bertopic,n30_c100_s42,1,0.6785298377135384
67486,bertopic,n30_c100_s42,7,0.9044995985344274
67860,bertopic,n30_c100_s42,-1,0.0
68053,bertopic,n30_c100_s42,-1,0.0
68520,bertopic,n30_c100_s42,2,0.7715240499350589
68807,bertopic,n30_c100_s42,7,1.0
69068,bertopic,n30_c100_s42,10,1.0
69258,bertopic,n30_c100_s42,18,1.0
70036,bertopic,n30_c100_s42,4,0.6799239093768609
70485,bertopic,n30_c100_s42,1,0.5152254463008867
70557,bertopic,n30_c100_s42,9,1.0
70943,bertopic,n30_c100_s42,-1,0.0
71054,bertopic,n30_c100_s42,-1,0.0
71331,bertopic,n30_c100_s42,13,0.3313916925056505
71519,bertopic,n30_c100_s42,6,0.5047142911886497
71879,bertopic,n30_c100_s42,3,0.8914416506084815
71942,bertopic,n30_c100_s42,11,0.3844597596476467
72159,bertopic,n30_c100_s42,8,0.8900442181573857
72242,bertopic,n30_c100_s42,10,1.0
72412,bertopic,n30_c100_s42,4,0.9238922898070147
72552,bertopic,n30_c100_s42,22,1.0
72770,bertopic,n30_c100_s42,3,0.7608690353518964
73421,bertopic,n30_c100_s42,-1,0.0
73478,bertopic,n30_c100_s42,18,1.0
73841,bertopic,n30_c100_s42,8,0.9223201234285737
73919,bertopic,n30_c100_s42,-1,0.0
74002,bertopic,n30_c100_s42,-1,0.0
74128,bertopic,n30_c100_s42,13,0.27778112002036365
74554,bertopic,n30_c100_s42,3,1.0
75484,bertopic,n30_c100_s42,-1,0.0
76050,bertopic,n30_c100_s42,18,1.0
76152,bertopic,n30_c100_s42,6,0.8880080101854336
76171,bertopic,n30_c100_s42,12,1.0
76296,bertopic,n30_c100_s42,4,1.0
76323,bertopic,n30_c100_s42,-1,0.0
76379,bertopic,n30_c100_s42,-1,0.0
77023,bertopic,n30_c100_s42,6,1.0
78009,bertopic,n30_c100_s42,1,0.6785298377135384
78179,bertopic,n30_c100_s42,2,1.0
78211,bertopic,n30_c100_s42,-1,0.0
78357,bertopic,n30_c100_s42,5,1.0
78501,bertopic,n30_c100_s42,9,0.9524406502360163
78524,bertopic,n30_c100_s42,9,1.0
78603,bertopic,n30_c100_s42,2,1.0
79028,bertopic,n30_c100_s42,4,1.0
79129,bertopic,n30_c100_s42,23,1.0
79661,bertopic,n30_c100_s42,0,0.9951848298047337
80282,bertopic,n30_c100_s42,2,0.7153612171884421
80316,bertopic,n30_c100_s42,2,0.7006551653074544
80570,bertopic,n30_c100_s42,9,1.0
80631,bertopic,n30_c100_s42,2,1.0
80746,bertopic,n30_c100_s42,7,1.0
81605,bertopic,n30_c100_s42,10,1.0
81713,bertopic,n30_c100_s42,10,1.0
81755,bertopic,n30_c100_s42,-1,0.0
81778,bertopic,n30_c100_s42,3,0.8532447602744132
82147,bertopic,n30_c100_s42,0,0.9701402806276902
82319,bertopic,n30_c100_s42,5,1.0
82733,bertopic,n30_c100_s42,-1,0.0
82814,bertopic,n30_c100_s42,8,0.9220254954631698
83020,bertopic,n30_c100_s42,5,0.38361211184596467
83321,bertopic,n30_c100_s42,0,1.0
83391,bertopic,n30_c100_s42,-1,0.0
83576,bertopic,n30_c100_s42,22,1.0
84049,bertopic,n30_c100_s42,0,1.0
84779,bertopic,n30_c100_s42,0,1.0
84812,bertopic,n30_c100_s42,2,1.0
85969,bertopic,n30_c100_s42,15,1.0
86321,bertopic,n30_c100_s42,10,1.0
86508,bertopic,n30_c100_s42,5,1.0
87000,bertopic,n30_c100_s42,12,0.6499011594103695
87049,bertopic,n30_c100_s42,14,1.0
87587,bertopic,n30_c100_s42,6,1.0
87874,bertopic,n30_c100_s42,6,0.9048945898879285
88070,bertopic,n30_c100_s42,1,0.5152254463008867
88079,bertopic,n30_c100_s42,-1,0.0
88571,bertopic,n30_c100_s42,3,0.7393373056078498
88657,bertopic,n30_c100_s42,2,1.0
89301,bertopic,n30_c100_s42,9,0.9976435544063357
89410,bertopic,n30_c100_s42,-1,0.0
89624,bertopic,n30_c100_s42,-1,0.0
89801,bertopic,n30_c100_s42,12,0.7862449962522648
89830,bertopic,n30_c100_s42,0,1.0
89847,bertopic,n30_c100_s42,22,1.0
89873,bertopic,n30_c100_s42,5,0.7613737596153131
89919,bertopic,n30_c100_s42,-1,0.0
89926,bertopic,n30_c100_s42,15,0.6408718071969115
89957,bertopic,n30_c100_s42,10,1.0
90406,bertopic,n30_c100_s42,8,0.9223201234285737
90724,bertopic,n30_c100_s42,-1,0.0
91137,bertopic,n30_c100_s42,16,1.0
91212,bertopic,n30_c100_s42,-1,0.0
91317,bertopic,n30_c100_s42,0,1.0
91669,bertopic,n30_c100_s42,13,1.0
91911,bertopic,n30_c100_s42,8,0.9223201234285737
92331,bertopic,n30_c100_s42,-1,0.0
92399,bertopic,n30_c100_s42,1,1.0
92447,bertopic,n30_c100_s42,2,0.8366223632876806
92485,bertopic,n30_c100_s42,4,0.4902603407440238
92507,bertopic,n30_c100_s42,0,0.6604185300810952
92521,bertopic,n30_c100_s42,7,1.0
92660,bertopic,n30_c100_s42,6,1.0
92766,bertopic,n30_c100_s42,2,0.9791640567735169
92962,bertopic,n30_c100_s42,10,1.0
94288,bertopic,n30_c100_s42,7,0.969589876961123
94315,bertopic,n30_c100_s42,4,1.0
95209,bertopic,n30_c100_s42,4,1.0
95243,bertopic,n30_c100_s42,4,0.708994720078505
95502,bertopic,n30_c100_s42,1,0.47138551083897606
95503,bertopic,n30_c100_s42,2,0.514093398491858
95505,bertopic,n30_c100_s42,14,1.0
95887,bertopic,n30_c100_s42,4,1.0
96093,bertopic,n30_c100_s42,-1,0.0
96587,bertopic,n30_c100_s42,10,1.0
97339,bertopic,n30_c100_s42,18,0.861198584054313
97796,bertopic,n30_c100_s42,1,1.0
97953,bertopic,n30_c100_s42,4,1.0
98192,bertopic,n30_c100_s42,-1,0.0
98320,bertopic,n30_c100_s42,2,0.7715240499350589
98372,bertopic,n30_c100_s42,-1,0.0
98422,bertopic,n30_c100_s42,3,0.6174466674831688
98649,bertopic,n30_c100_s42,4,1.0
98692,bertopic,n30_c100_s42,10,0.7208274752551447
98812,bertopic,n30_c100_s42,7,1.0
98882,bertopic,n30_c100_s42,-1,0.0
99053,bertopic,n30_c100_s42,6,0.8880080101854336
99311,bertopic,n30_c100_s42,-1,0.0
99362,bertopic,n30_c100_s42,11,1.0
99429,bertopic,n30_c100_s42,10,1.0
99690,bertopic,n30_c100_s42,12,1.0
99888,bertopic,n30_c100_s42,0,1.0
100550,bertopic,n30_c100_s42,-1,0.0
100730,bertopic,n30_c100_s42,-1,0.0
100962,bertopic,n30_c100_s42,-1,0.0
101231,bertopic,n30_c100_s42,5,1.0
101764,bertopic,n30_c100_s42,8,1.0
101775,bertopic,n30_c100_s42,-1,0.0
101854,bertopic,n30_c100_s42,4,1.0
101901,bertopic,n30_c100_s42,0,0.879706684069113
102431,bertopic,n30_c100_s42,7,0.9662373771053901
102601,bertopic,n30_c100_s42,10,0.7208274752551447
102738,bertopic,n30_c100_s42,4,1.0
102885,bertopic,n30_c100_s42,-1,0.0
102902,bertopic,n30_c100_s42,0,1.0
103750,bertopic,n30_c100_s42,1,0.5152254463008867
104233,bertopic,n30_c100_s42,7,1.0
104546,bertopic,n30_c100_s42,10,1.0
104601,bertopic,n30_c100_s42,2,0.6849224154084439
104855,bertopic,n30_c100_s42,5,0.38361211184596467
105357,bertopic,n30_c100_s42,10,1.0
105490,bertopic,n30_c100_s42,12,1.0
106202,bertopic,n30_c100_s42,10,0.4375080629913837
106439,bertopic,n30_c100_s42,2,0.542945069767223
106717,bertopic,n30_c100_s42,-1,0.0
107060,bertopic,n30_c100_s42,16,1.0
107314,bertopic,n30_c100_s42,6,1.0
107334,bertopic,n30_c100_s42,-1,0.0
107625,bertopic,n30_c100_s42,2,1.0
108455,bertopic,n30_c100_s42,-1,0.0
108461,bertopic,n30_c100_s42,0,1.0
109175,bertopic,n30_c100_s42,-1,0.0
109347,bertopic,n30_c100_s42,7,1.0
109367,bertopic,n30_c100_s42,5,1.0
109381,bertopic,n30_c100_s42,10,1.0
109470,bertopic,n30_c100_s42,0,0.8074517351221551
109503,bertopic,n30_c100_s42,6,1.0
110123,bertopic,n30_c100_s42,12,0.9445722895654303
110274,bertopic,n30_c100_s42,-1,0.0
110368,bertopic,n30_c100_s42,4,1.0
110828,bertopic,n30_c100_s42,7,0.8418687338974612
110861,bertopic,n30_c100_s42,6,0.8880080101854336
110923,bertopic,n30_c100_s42,-1,0.0
110945,bertopic,n30_c100_s42,1,0.5152254463008867
111432,bertopic,n30_c100_s42,-1,0.0
111618,bertopic,n30_c100_s42,2,0.514093398491858
112184,bertopic,n30_c100_s42,10,1.0
112673,bertopic,n30_c100_s42,-1,0.0
113785,bertopic,n30_c100_s42,12,0.5711625505620682
113818,bertopic,n30_c100_s42,10,1.0
113906,bertopic,n30_c100_s42,10,0.6733839811562722
114291,bertopic,n30_c100_s42,10,1.0
114519,bertopic,n30_c100_s42,-1,0.0
115008,bertopic,n30_c100_s42,12,1.0
115166,bertopic,n30_c100_s42,2,0.7715240499350589
115239,bertopic,n30_c100_s42,9,0.6673731563427168
115378,bertopic,n30_c100_s42,10,1.0
115416,bertopic,n30_c100_s42,8,0.9220254954631698
115482,bertopic,n30_c100_s42,1,0.8052697629296274
115506,bertopic,n30_c100_s42,16,1.0
115561,bertopic,n30_c100_s42,10,1.0
115935,bertopic,n30_c100_s42,9,0.9976435544063357
116580,bertopic,n30_c100_s42,-1,0.0
117070,bertopic,n30_c100_s42,8,0.9220254954631698
117354,bertopic,n30_c100_s42,1,0.5152254463008867
117646,bertopic,n30_c100_s42,10,0.4482912409011077
117905,bertopic,n30_c100_s42,13,1.0
118371,bertopic,n30_c100_s42,8,1.0
119090,bertopic,n30_c100_s42,12,1.0
119115,bertopic,n30_c100_s42,-1,0.0
119777,bertopic,n30_c100_s42,15,1.0
120054,bertopic,n30_c100_s42,11,0.4876382647387404
120126,bertopic,n30_c100_s42,17,1.0
120781,bertopic,n30_c100_s42,6,1.0
121300,bertopic,n30_c100_s42,7,0.8353275171200947
122087,bertopic,n30_c100_s42,-1,0.0
122128,bertopic,n30_c100_s42,4,1.0
123233,bertopic,n30_c100_s42,-1,0.0
123354,bertopic,n30_c100_s42,22,1.0
123513,bertopic,n30_c100_s42,6,0.8880080101854336
123677,bertopic,n30_c100_s42,0,1.0
124291,bertopic,n30_c100_s42,2,1.0
124504,bertopic,n30_c100_s42,4,1.0
124924,bertopic,n30_c100_s42,-1,0.0
124998,bertopic,n30_c100_s42,12,0.6181882227531709
125146,bertopic,n30_c100_s42,0,0.8368817898056246
125299,bertopic,n30_c100_s42,5,0.4850684836440561
125714,bertopic,n30_c100_s42,4,0.8908755744705212
125811,bertopic,n30_c100_s42,-1,0.0
125862,bertopic,n30_c100_s42,4,1.0
126305,bertopic,n30_c100_s42,12,1.0
126787,bertopic,n30_c100_s42,-1,0.0
127076,bertopic,n30_c100_s42,8,0.8900855956813447
127077,bertopic,n30_c100_s42,-1,0.0
127252,bertopic,n30_c100_s42,8,0.9223201234285737
127382,bertopic,n30_c100_s42,4,0.48417721920653745
127780,bertopic,n30_c100_s42,13,1.0
127807,bertopic,n30_c100_s42,13,1.0
128077,bertopic,n30_c100_s42,13,1.0
128329,bertopic,n30_c100_s42,15,1.0
128668,bertopic,n30_c100_s42,-1,0.0
129453,bertopic,n30_c100_s42,5,1.0
129521,bertopic,n30_c100_s42,-1,0.0
129697,bertopic,n30_c100_s42,1,0.8778353484035746
130075,bertopic,n30_c100_s42,12,1.0
130193,bertopic,n30_c100_s42,-1,0.0
130229,bertopic,n30_c100_s42,16,1.0
130247,bertopic,n30_c100_s42,3,1.0
130332,bertopic,n30_c100_s42,9,0.9976435544063357
130373,bertopic,n30_c100_s42,8,0.9220254954631698
130542,bertopic,n30_c100_s42,10,1.0
131018,bertopic,n30_c100_s42,4,0.42989161889840155
131134,bertopic,n30_c100_s42,2,0.6131448023307855
131630,bertopic,n30_c100_s42,12,1.0
131655,bertopic,n30_c100_s42,-1,0.0
131953,bertopic,n30_c100_s42,8,0.9211728339135842
132216,bertopic,n30_c100_s42,9,0.9976435544063357
132343,bertopic,n30_c100_s42,-1,0.0
132371,bertopic,n30_c100_s42,2,0.514093398491858
132580,bertopic,n30_c100_s42,10,1.0
132689,bertopic,n30_c100_s42,-1,0.0
133011,bertopic,n30_c100_s42,2,0.7514980469771264
133390,bertopic,n30_c100_s42,4,0.8328849331445443
133467,bertopic,n30_c100_s42,15,1.0
133776,bertopic,n30_c100_s42,-1,0.0
134147,bertopic,n30_c100_s42,0,1.0
134265,bertopic,n30_c100_s42,14,0.7763660168250162
134759,bertopic,n30_c100_s42,6,0.6910580496533708
134864,bertopic,n30_c100_s42,4,0.597009424922832
135098,bertopic,n30_c100_s42,16,1.0
137255,bertopic,n30_c100_s42,3,0.7608690353518964
137501,bertopic,n30_c100_s42,0,1.0
137526,bertopic,n30_c100_s42,22,1.0
137788,bertopic,n30_c100_s42,4,1.0
138059,bertopic,n30_c100_s42,-1,0.0
138257,bertopic,n30_c100_s42,4,1.0
138447,bertopic,n30_c100_s42,3,0.7608690353518964
138458,bertopic,n30_c100_s42,10,1.0
139177,bertopic,n30_c100_s42,21,1.0
139181,bertopic,n30_c100_s42,5,0.570899818357951
139355,bertopic,n30_c100_s42,9,1.0
140134,bertopic,n30_c100_s42,22,1.0
140242,bertopic,n30_c100_s42,14,0.7763660168250162
140319,bertopic,n30_c100_s42,7,1.0
140433,bertopic,n30_c100_s42,10,1.0
140479,bertopic,n30_c100_s42,2,1.0
140865,bertopic,n30_c100_s42,8,1.0
141179,bertopic,n30_c100_s42,12,0.6456047464150247
141257,bertopic,n30_c100_s42,10,1.0
141399,bertopic,n30_c100_s42,6,1.0
141429,bertopic,n30_c100_s42,4,0.7640841780629202
141861,bertopic,n30_c100_s42,12,1.0
141920,bertopic,n30_c100_s42,11,0.4876382647387404
142165,bertopic,n30_c100_s42,-1,0.0
142216,bertopic,n30_c100_s42,1,0.5152254463008867
142280,bertopic,n30_c100_s42,-1,0.0
142354,bertopic,n30_c100_s42,10,1.0
142857,bertopic,n30_c100_s42,1,1.0
142874,bertopic,n30_c100_s42,8,0.9223201234285737
143292,bertopic,n30_c100_s42,22,1.0
143578,bertopic,n30_c100_s42,17,1.0
143689,bertopic,n30_c100_s42,13,1.0
143832,bertopic,n30_c100_s42,2,0.7715240499350589
144024,bertopic,n30_c100_s42,-1,0.0
144692,bertopic,n30_c100_s42,2,0.9552762992645294
144696,bertopic,n30_c100_s42,4,0.5981409915185371
144709,bertopic,n30_c100_s42,2,0.7006551653074544
144921,bertopic,n30_c100_s42,10,0.7208274752551447
145458,bertopic,n30_c100_s42,14,1.0
145466,bertopic,n30_c100_s42,12,0.9612635710102974
145515,bertopic,n30_c100_s42,4,1.0
146165,bertopic,n30_c100_s42,0,0.5867573323316173
146804,bertopic,n30_c100_s42,-1,0.0
147134,bertopic,n30_c100_s42,-1,0.0
147174,bertopic,n30_c100_s42,-1,0.0
147259,bertopic,n30_c100_s42,1,0.5152254463008867
147557,bertopic,n30_c100_s42,-1,0.0
147902,bertopic,n30_c100_s42,12,0.4813658818261247
148461,bertopic,n30_c100_s42,4,1.0
148586,bertopic,n30_c100_s42,15,0.3460682715221426
149077,bertopic,n30_c100_s42,18,1.0
149365,bertopic,n30_c100_s42,4,0.5350077048274825
149398,bertopic,n30_c100_s42,1,0.6785298377135384
150163,bertopic,n30_c100_s42,6,0.8316184305556121
150607,bertopic,n30_c100_s42,4,0.5709093680444737
150859,bertopic,n30_c100_s42,7,1.0
150907,bertopic,n30_c100_s42,2,0.514093398491858
151426,bertopic,n30_c100_s42,5,0.570899818357951
151602,bertopic,n30_c100_s42,-1,0.0
151703,bertopic,n30_c100_s42,4,0.7352117802807873
152273,bertopic,n30_c100_s42,10,1.0
152390,bertopic,n30_c100_s42,-1,0.0
152618,bertopic,n30_c100_s42,14,0.7763660168250162
152738,bertopic,n30_c100_s42,0,1.0
152759,bertopic,n30_c100_s42,-1,0.0
152861,bertopic,n30_c100_s42,7,1.0
153163,bertopic,n30_c100_s42,6,0.9866441644362767
153367,bertopic,n30_c100_s42,8,1.0
153749,bertopic,n30_c100_s42,8,1.0
153782,bertopic,n30_c100_s42,-1,0.0
153794,bertopic,n30_c100_s42,12,0.4489209895429319
154435,bertopic,n30_c100_s42,4,0.6940232043130155
154829,bertopic,n30_c100_s42,4,1.0
155138,bertopic,n30_c100_s42,-1,0.0
155572,bertopic,n30_c100_s42,-1,0.0
155577,bertopic,n30_c100_s42,8,1.0
155990,bertopic,n30_c100_s42,4,1.0
156160,bertopic,n30_c100_s42,12,0.45934493748214167
156667,bertopic,n30_c100_s42,-1,0.0
157217,bertopic,n30_c100_s42,-1,0.0
157293,bertopic,n30_c100_s42,12,1.0
158049,bertopic,n30_c100_s42,4,1.0
158118,bertopic,n30_c100_s42,-1,0.0
158288,bertopic,n30_c100_s42,-1,0.0
158417,bertopic,n30_c100_s42,12,0.5067263165773441
159915,bertopic,n30_c100_s42,12,1.0
160084,bertopic,n30_c100_s42,-1,0.0
160307,bertopic,n30_c100_s42,6,0.8880080101854336
160391,bertopic,n30_c100_s42,3,1.0
160458,bertopic,n30_c100_s42,2,1.0
160910,bertopic,n30_c100_s42,2,1.0
161335,bertopic,n30_c100_s42,1,0.8825392192414844
162325,bertopic,n30_c100_s42,18,1.0
162406,bertopic,n30_c100_s42,14,0.7763660168250162
162493,bertopic,n30_c100_s42,10,1.0
162892,bertopic,n30_c100_s42,11,0.9284899924865793
163252,bertopic,n30_c100_s42,12,0.45824676516878055
163289,bertopic,n30_c100_s42,14,1.0
163539,bertopic,n30_c100_s42,22,0.6618066347894588
163860,bertopic,n30_c100_s42,2,0.6318049443201111
164027,bertopic,n30_c100_s42,22,0.9687487029765395
164048,bertopic,n30_c100_s42,2,0.514093398491858
164182,bertopic,n30_c100_s42,6,0.9478154818559504
165132,bertopic,n30_c100_s42,10,1.0
165165,bertopic,n30_c100_s42,15,1.0
165310,bertopic,n30_c100_s42,1,0.6785298377135384
165624,bertopic,n30_c100_s42,4,1.0
165839,bertopic,n30_c100_s42,2,0.7715240499350589
165905,bertopic,n30_c100_s42,8,1.0
166141,bertopic,n30_c100_s42,10,0.9045439500102312
166267,bertopic,n30_c100_s42,13,1.0
166775,bertopic,n30_c100_s42,4,0.7944406733697106
167316,bertopic,n30_c100_s42,5,1.0
167433,bertopic,n30_c100_s42,10,1.0
167700,bertopic,n30_c100_s42,4,1.0
168453,bertopic,n30_c100_s42,-1,0.0
168675,bertopic,n30_c100_s42,9,1.0
168754,bertopic,n30_c100_s42,10,0.8580927763599746
169040,bertopic,n30_c100_s42,-1,0.0
169672,bertopic,n30_c100_s42,2,0.2481148976617643
169919,bertopic,n30_c100_s42,8,1.0
170023,bertopic,n30_c100_s42,12,1.0
170430,bertopic,n30_c100_s42,7,1.0
170588,bertopic,n30_c100_s42,4,1.0
170812,bertopic,n30_c100_s42,8,0.9223201234285737
171269,bertopic,n30_c100_s42,3,0.7393373056078498
171494,bertopic,n30_c100_s42,6,1.0
171532,bertopic,n30_c100_s42,-1,0.0
171818,bertopic,n30_c100_s42,-1,0.0
172291,bertopic,n30_c100_s42,5,0.570899818357951
172331,bertopic,n30_c100_s42,9,1.0
172404,bertopic,n30_c100_s42,10,1.0
172528,bertopic,n30_c100_s42,-1,0.0
172930,bertopic,n30_c100_s42,1,0.3638664744414745
173021,bertopic,n30_c100_s42,14,1.0
173150,bertopic,n30_c100_s42,-1,0.0
173485,bertopic,n30_c100_s42,13,1.0
174372,bertopic,n30_c100_s42,16,1.0
174898,bertopic,n30_c100_s42,5,0.570899818357951
175083,bertopic,n30_c100_s42,2,0.8366223632876806
175137,bertopic,n30_c100_s42,21,0.9523248578073731
175451,bertopic,n30_c100_s42,23,1.0
176208,bertopic,n30_c100_s42,1,1.0
176213,bertopic,n30_c100_s42,10,1.0
176495,bertopic,n30_c100_s42,1,0.6785298377135384
176558,bertopic,n30_c100_s42,1,1.0
176645,bertopic,n30_c100_s42,2,0.8568085755661897
177277,bertopic,n30_c100_s42,-1,0.0
177542,bertopic,n30_c100_s42,2,0.7006551653074544
177670,bertopic,n30_c100_s42,-1,0.0
177858,bertopic,n30_c100_s42,14,1.0
178414,bertopic,n30_c100_s42,9,1.0
178516,bertopic,n30_c100_s42,-1,0.0
178592,bertopic,n30_c100_s42,-1,0.0
179281,bertopic,n30_c100_s42,-1,0.0
179475,bertopic,n30_c100_s42,14,1.0
179482,bertopic,n30_c100_s42,4,1.0
179615,bertopic,n30_c100_s42,9,1.0
179786,bertopic,n30_c100_s42,17,0.804457859971316
179849,bertopic,n30_c100_s42,14,0.7617266886216301
179980,bertopic,n30_c100_s42,3,1.0
180088,bertopic,n30_c100_s42,1,0.6421544541830227
180264,bertopic,n30_c100_s42,8,0.9021271681402849
180517,bertopic,n30_c100_s42,10,1.0
180989,bertopic,n30_c100_s42,-1,0.0
181421,bertopic,n30_c100_s42,-1,0.0
181562,bertopic,n30_c100_s42,2,0.9659078731218638
182387,bertopic,n30_c100_s42,2,0.514093398491858
183087,bertopic,n30_c100_s42,1,0.5152254463008867
183185,bertopic,n30_c100_s42,12,1.0
183539,bertopic,n30_c100_s42,5,1.0
184365,bertopic,n30_c100_s42,0,1.0
185076,bertopic,n30_c100_s42,9,0.9976435544063357
185482,bertopic,n30_c100_s42,18,1.0
185781,bertopic,n30_c100_s42,12,1.0
185801,bertopic,n30_c100_s42,20,1.0
185802,bertopic,n30_c100_s42,14,0.7763660168250162
186200,bertopic,n30_c100_s42,5,0.5495331245466337
186413,bertopic,n30_c100_s42,3,0.7608690353518964
186552,bertopic,n30_c100_s42,13,1.0
186860,bertopic,n30_c100_s42,1,1.0
186920,bertopic,n30_c100_s42,4,0.781491595189743
187624,bertopic,n30_c100_s42,13,1.0
187862,bertopic,n30_c100_s42,1,1.0
189272,bertopic,n30_c100_s42,15,1.0
189826,bertopic,n30_c100_s42,10,1.0
190212,bertopic,n30_c100_s42,11,1.0
190440,bertopic,n30_c100_s42,1,0.5152254463008867
207249,bertopic,n30_c100_s42,4,0.781491595189743
209101,bertopic,n30_c100_s42,3,1.0
209823,bertopic,n30_c100_s42,-1,0.0
210477,bertopic,n30_c100_s42,16,0.782445579628982
212525,bertopic,n30_c100_s42,11,0.9930606910004731
213476,bertopic,n30_c100_s42,2,0.7715240499350589
213637,bertopic,n30_c100_s42,-1,0.0
213962,bertopic,n30_c100_s42,3,0.7608690353518964
214506,bertopic,n30_c100_s42,-1,0.0
215622,bertopic,n30_c100_s42,-1,0.0
216046,bertopic,n30_c100_s42,18,1.0
216745,bertopic,n30_c100_s42,11,0.4876382647387404
217405,bertopic,n30_c100_s42,22,1.0
218059,bertopic,n30_c100_s42,4,1.0
219205,bertopic,n30_c100_s42,4,1.0
220070,bertopic,n30_c100_s42,-1,0.0
220219,bertopic,n30_c100_s42,7,0.9377124225518111
221300,bertopic,n30_c100_s42,9,1.0
221543,bertopic,n30_c100_s42,9,1.0
225193,bertopic,n30_c100_s42,7,0.9906893484312855
225537,bertopic,n30_c100_s42,6,1.0
227916,bertopic,n30_c100_s42,3,0.7608690353518964
228098,bertopic,n30_c100_s42,17,1.0
229464,bertopic,n30_c100_s42,16,1.0
229766,bertopic,n30_c100_s42,3,0.7608690353518964
229873,bertopic,n30_c100_s42,-1,0.0
230044,bertopic,n30_c100_s42,1,1.0
230646,bertopic,n30_c100_s42,3,0.7608690353518964
230697,bertopic,n30_c100_s42,8,0.9223201234285737
233108,bertopic,n30_c100_s42,3,0.7608690353518964
234038,bertopic,n30_c100_s42,2,0.5600626120873141
234150,bertopic,n30_c100_s42,16,1.0
235588,bertopic,n30_c100_s42,0,1.0
236783,bertopic,n30_c100_s42,8,1.0
237316,bertopic,n30_c100_s42,8,1.0
238020,bertopic,n30_c100_s42,-1,0.0
239910,bertopic,n30_c100_s42,18,1.0
241459,bertopic,n30_c100_s42,4,0.9387752817512294
243015,bertopic,n30_c100_s42,3,1.0
243273,bertopic,n30_c100_s42,13,1.0
243516,bertopic,n30_c100_s42,-1,0.0
244200,bertopic,n30_c100_s42,-1,0.0
244286,bertopic,n30_c100_s42,5,0.9606606798622918
245122,bertopic,n30_c100_s42,-1,0.0
245414,bertopic,n30_c100_s42,3,1.0
247430,bertopic,n30_c100_s42,13,1.0
247452,bertopic,n30_c100_s42,-1,0.0
250503,bertopic,n30_c100_s42,13,0.6195626045377906
250800,bertopic,n30_c100_s42,-1,0.0
251285,bertopic,n30_c100_s42,2,0.2481148976617643
252444,bertopic,n30_c100_s42,-1,0.0
252534,bertopic,n30_c100_s42,7,1.0
252606,bertopic,n30_c100_s42,0,1.0
253527,bertopic,n30_c100_s42,3,0.7608690353518964
253602,bertopic,n30_c100_s42,3,0.7608690353518964
254843,bertopic,n30_c100_s42,6,0.8880080101854336
255266,bertopic,n30_c100_s42,3,0.7608690353518964
256590,bertopic,n30_c100_s42,11,0.3844597596476467
257094,bertopic,n30_c100_s42,9,0.9996233044277475
257363,bertopic,n30_c100_s42,9,1.0
258851,bertopic,n30_c100_s42,2,1.0
259508,bertopic,n30_c100_s42,-1,0.0
259930,bertopic,n30_c100_s42,-1,0.0
260872,bertopic,n30_c100_s42,18,1.0
261067,bertopic,n30_c100_s42,-1,0.0
261162,bertopic,n30_c100_s42,7,1.0
263520,bertopic,n30_c100_s42,7,1.0
264399,bertopic,n30_c100_s42,-1,0.0
265775,bertopic,n30_c100_s42,20,1.0
265994,bertopic,n30_c100_s42,3,0.9220126198886265
266635,bertopic,n30_c100_s42,-1,0.0
267879,bertopic,n30_c100_s42,-1,0.0
267886,bertopic,n30_c100_s42,-1,0.0
268006,bertopic,n30_c100_s42,9,0.9976435544063357
268436,bertopic,n30_c100_s42,8,1.0
268538,bertopic,n30_c100_s42,-1,0.0
268614,bertopic,n30_c100_s42,-1,0.0
268716,bertopic,n30_c100_s42,2,0.7715240499350589
268915,bertopic,n30_c100_s42,-1,0.0
269115,bertopic,n30_c100_s42,-1,0.0
269723,bertopic,n30_c100_s42,22,1.0
269982,bertopic,n30_c100_s42,9,0.7220039433322104
270478,bertopic,n30_c100_s42,19,1.0
270535,bertopic,n30_c100_s42,8,1.0
270654,bertopic,n30_c100_s42,1,1.0
270679,bertopic,n30_c100_s42,3,0.7393373056078498
271016,bertopic,n30_c100_s42,-1,0.0
271079,bertopic,n30_c100_s42,-1,0.0
271364,bertopic,n30_c100_s42,21,0.9040644246411533
271402,bertopic,n30_c100_s42,-1,0.0
271430,bertopic,n30_c100_s42,19,1.0
271554,bertopic,n30_c100_s42,9,1.0
271922,bertopic,n30_c100_s42,9,1.0
271963,bertopic,n30_c100_s42,1,0.6785298377135384
272040,bertopic,n30_c100_s42,-1,0.0
272157,bertopic,n30_c100_s42,-1,0.0
272186,bertopic,n30_c100_s42,17,1.0
272194,bertopic,n30_c100_s42,7,0.953648263813124
272278,bertopic,n30_c100_s42,11,0.6374717518303911
272405,bertopic,n30_c100_s42,11,1.0
272438,bertopic,n30_c100_s42,16,1.0
272459,bertopic,n30_c100_s42,-1,0.0
272469,bertopic,n30_c100_s42,21,1.0
272515,bertopic,n30_c100_s42,19,1.0
272564,bertopic,n30_c100_s42,-1,0.0
272655,bertopic,n30_c100_s42,-1,0.0
272699,bertopic,n30_c100_s42,15,1.0
272704,bertopic,n30_c100_s42,13,0.7830093138034869
272878,bertopic,n30_c100_s42,2,0.5713533223544114
272913,bertopic,n30_c100_s42,-1,0.0
272980,bertopic,n30_c100_s42,-1,0.0
273050,bertopic,n30_c100_s42,-1,0.0
273357,bertopic,n30_c100_s42,4,0.9387752817512294
273409,bertopic,n30_c100_s42,-1,0.0
273533,bertopic,n30_c100_s42,2,0.7006551653074544
273554,bertopic,n30_c100_s42,-1,0.0
273650,bertopic,n30_c100_s42,2,1.0
273681,bertopic,n30_c100_s42,-1,0.0
273939,bertopic,n30_c100_s42,4,0.9507824729260618
274379,bertopic,n30_c100_s42,17,1.0
274594,bertopic,n30_c100_s42,3,1.0
274895,bertopic,n30_c100_s42,13,1.0
274977,bertopic,n30_c100_s42,16,1.0
275252,bertopic,n30_c100_s42,-1,0.0
275282,bertopic,n30_c100_s42,1,0.7409143536731629
275570,bertopic,n30_c100_s42,8,0.982473926683824
275737,bertopic,n30_c100_s42,16,1.0
275952,bertopic,n30_c100_s42,20,1.0
276099,bertopic,n30_c100_s42,14,1.0
276592,bertopic,n30_c100_s42,12,0.8071634401968317
276980,bertopic,n30_c100_s42,-1,0.0
277723,bertopic,n30_c100_s42,1,1.0
277836,bertopic,n30_c100_s42,-1,0.0
277972,bertopic,n30_c100_s42,-1,0.0
278112,bertopic,n30_c100_s42,4,0.781491595189743
278170,bertopic,n30_c100_s42,5,0.38361211184596467
278500,bertopic,n30_c100_s42,0,1.0
278699,bertopic,n30_c100_s42,-1,0.0
278876,bertopic,n30_c100_s42,-1,0.0
278930,bertopic,n30_c100_s42,3,0.7608690353518964
278968,bertopic,n30_c100_s42,-1,0.0
279066,bertopic,n30_c100_s42,3,0.9365346855725267
279107,bertopic,n30_c100_s42,5,0.4492629894264364
279342,bertopic,n30_c100_s42,12,0.6017206837761562
279487,bertopic,n30_c100_s42,16,1.0
279624,bertopic,n30_c100_s42,16,1.0
279773,bertopic,n30_c100_s42,3,0.7608690353518964
279801,bertopic,n30_c100_s42,-1,0.0
279842,bertopic,n30_c100_s42,5,0.3880791196129506
280414,bertopic,n30_c100_s42,5,0.38361211184596467
280476,bertopic,n30_c100_s42,11,0.6114808947904928
280938,bertopic,n30_c100_s42,16,1.0
281139,bertopic,n30_c100_s42,-1,0.0
281215,bertopic,n30_c100_s42,-1,0.0
281244,bertopic,n30_c100_s42,5,1.0
281296,bertopic,n30_c100_s42,11,0.8068008036134463
281469,bertopic,n30_c100_s42,16,1.0
281526,bertopic,n30_c100_s42,2,1.0
282008,bertopic,n30_c100_s42,-1,0.0
282105,bertopic,n30_c100_s42,1,0.6073508630132077
282502,bertopic,n30_c100_s42,6,0.8880080101854336
282508,bertopic,n30_c100_s42,20,1.0
282696,bertopic,n30_c100_s42,7,1.0
282727,bertopic,n30_c100_s42,0,1.0
282743,bertopic,n30_c100_s42,23,1.0
283226,bertopic,n30_c100_s42,8,0.9769802851957825
283308,bertopic,n30_c100_s42,0,0.36824908532147643
283323,bertopic,n30_c100_s42,13,1.0
283337,bertopic,n30_c100_s42,5,0.5495331245466337
283403,bertopic,n30_c100_s42,18,1.0
283427,bertopic,n30_c100_s42,5,1.0
283649,bertopic,n30_c100_s42,3,0.8532447602744132
283716,bertopic,n30_c100_s42,-1,0.0
284006,bertopic,n30_c100_s42,9,0.9976435544063357
284035,bertopic,n30_c100_s42,5,0.38361211184596467
284262,bertopic,n30_c100_s42,14,1.0
284378,bertopic,n30_c100_s42,2,1.0
284391,bertopic,n30_c100_s42,6,0.8880080101854336
284496,bertopic,n30_c100_s42,3,0.8532447602744132
284573,bertopic,n30_c100_s42,9,0.9976435544063357
284716,bertopic,n30_c100_s42,12,1.0
285007,bertopic,n30_c100_s42,11,1.0
285032,bertopic,n30_c100_s42,0,0.8293958407988011
285141,bertopic,n30_c100_s42,1,1.0
285322,bertopic,n30_c100_s42,3,0.6174466674831688
285389,bertopic,n30_c100_s42,9,1.0
285400,bertopic,n30_c100_s42,1,1.0
285480,bertopic,n30_c100_s42,-1,0.0
285595,bertopic,n30_c100_s42,11,1.0
285731,bertopic,n30_c100_s42,0,0.3914731079325007
285945,bertopic,n30_c100_s42,-1,0.0
285958,bertopic,n30_c100_s42,7,1.0
286008,bertopic,n30_c100_s42,2,1.0
286093,bertopic,n30_c100_s42,12,0.7755946313751867
286250,bertopic,n30_c100_s42,3,0.8532447602744132
286485,bertopic,n30_c100_s42,11,0.4876382647387404
286607,bertopic,n30_c100_s42,-1,0.0
286784,bertopic,n30_c100_s42,2,0.8921670033297258
287079,bertopic,n30_c100_s42,15,1.0
287116,bertopic,n30_c100_s42,-1,0.0
287307,bertopic,n30_c100_s42,4,0.5732067137923713
287325,bertopic,n30_c100_s42,-1,0.0
287328,bertopic,n30_c100_s42,16,1.0
287500,bertopic,n30_c100_s42,11,1.0
287635,bertopic,n30_c100_s42,1,0.6668538175285913
287701,bertopic,n30_c100_s42,11,0.814632685965783
287807,bertopic,n30_c100_s42,21,1.0
287881,bertopic,n30_c100_s42,22,1.0
287927,bertopic,n30_c100_s42,-1,0.0
287999,bertopic,n30_c100_s42,-1,0.0
288070,bertopic,n30_c100_s42,-1,0.0
288524,bertopic,n30_c100_s42,2,1.0
288652,bertopic,n30_c100_s42,2,1.0
288688,bertopic,n30_c100_s42,6,0.8880080101854336
288709,bertopic,n30_c100_s42,15,1.0
288752,bertopic,n30_c100_s42,2,0.8753124716276749
288928,bertopic,n30_c100_s42,-1,0.0
288948,bertopic,n30_c100_s42,16,1.0
289081,bertopic,n30_c100_s42,0,1.0
289279,bertopic,n30_c100_s42,17,1.0
289310,bertopic,n30_c100_s42,2,1.0
289482,bertopic,n30_c100_s42,2,0.3970634296040741
289554,bertopic,n30_c100_s42,8,0.9223201234285737
289750,bertopic,n30_c100_s42,20,1.0
289753,bertopic,n30_c100_s42,21,1.0
289819,bertopic,n30_c100_s42,14,1.0
289928,bertopic,n30_c100_s42,19,1.0
289949,bertopic,n30_c100_s42,10,1.0
290103,bertopic,n30_c100_s42,-1,0.0
290240,bertopic,n30_c100_s42,-1,0.0
290286,bertopic,n30_c100_s42,2,1.0
290433,bertopic,n30_c100_s42,2,1.0
290447,bertopic,n30_c100_s42,17,1.0
290670,bertopic,n30_c100_s42,5,1.0
290728,bertopic,n30_c100_s42,17,1.0
290740,bertopic,n30_c100_s42,-1,0.0
290799,bertopic,n30_c100_s42,13,1.0
290847,bertopic,n30_c100_s42,2,1.0
290951,bertopic,n30_c100_s42,2,1.0
290971,bertopic,n30_c100_s42,22,1.0
291003,bertopic,n30_c100_s42,1,0.3561933454761794
291311,bertopic,n30_c100_s42,-1,0.0
291465,bertopic,n30_c100_s42,2,1.0
291469,bertopic,n30_c100_s42,19,1.0
291644,bertopic,n30_c100_s42,2,0.4826480589796697
291740,bertopic,n30_c100_s42,2,1.0
291787,bertopic,n30_c100_s42,1,0.5994823108157888
291865,bertopic,n30_c100_s42,3,1.0
291971,bertopic,n30_c100_s42,3,0.8962995883330035
292278,bertopic,n30_c100_s42,-1,0.0
292381,bertopic,n30_c100_s42,17,1.0
292625,bertopic,n30_c100_s42,-1,0.0
292777,bertopic,n30_c100_s42,-1,0.0
292944,bertopic,n30_c100_s42,14,1.0
293006,bertopic,n30_c100_s42,9,0.9976435544063357
293055,bertopic,n30_c100_s42,-1,0.0
293144,bertopic,n30_c100_s42,8,0.982473926683824
293149,bertopic,n30_c100_s42,9,0.9976435544063357
293442,bertopic,n30_c100_s42,9,0.9976435544063357
293482,bertopic,n30_c100_s42,16,1.0
293571,bertopic,n30_c100_s42,14,1.0
293607,bertopic,n30_c100_s42,15,1.0
293754,bertopic,n30_c100_s42,13,1.0
293904,bertopic,n30_c100_s42,17,1.0
293916,bertopic,n30_c100_s42,12,1.0
293943,bertopic,n30_c100_s42,2,1.0
293980,bertopic,n30_c100_s42,2,1.0
294024,bertopic,n30_c100_s42,13,1.0
294181,bertopic,n30_c100_s42,2,1.0
294214,bertopic,n30_c100_s42,2,1.0
294306,bertopic,n30_c100_s42,-1,0.0
294412,bertopic,n30_c100_s42,3,0.7608690353518964
294513,bertopic,n30_c100_s42,-1,0.0
294516,bertopic,n30_c100_s42,-1,0.0
294540,bertopic,n30_c100_s42,3,0.7393373056078498
294595,bertopic,n30_c100_s42,4,0.5732067137923713
294697,bertopic,n30_c100_s42,5,1.0
294717,bertopic,n30_c100_s42,-1,0.0
294871,bertopic,n30_c100_s42,2,0.8901343755136408
294959,bertopic,n30_c100_s42,4,1.0
295238,bertopic,n30_c100_s42,0,1.0
295253,bertopic,n30_c100_s42,2,0.24041563658314324
295275,bertopic,n30_c100_s42,5,1.0
295347,bertopic,n30_c100_s42,9,0.9976435544063357
295405,bertopic,n30_c100_s42,2,1.0
295441,bertopic,n30_c100_s42,-1,0.0
295462,bertopic,n30_c100_s42,-1,0.0
295506,bertopic,n30_c100_s42,1,0.5816006162713444
295555,bertopic,n30_c100_s42,17,1.0
296047,bertopic,n30_c100_s42,9,0.9976435544063357
296462,bertopic,n30_c100_s42,14,1.0
296558,bertopic,n30_c100_s42,11,1.0
296601,bertopic,n30_c100_s42,-1,0.0
296717,bertopic,n30_c100_s42,19,1.0
296721,bertopic,n30_c100_s42,17,1.0
297015,bertopic,n30_c100_s42,8,0.9223201234285737
297137,bertopic,n30_c100_s42,19,1.0
297138,bertopic,n30_c100_s42,4,0.5732067137923713
297149,bertopic,n30_c100_s42,22,1.0
297435,bertopic,n30_c100_s42,3,0.9220126198886265
297577,bertopic,n30_c100_s42,18,1.0
297705,bertopic,n30_c100_s42,0,0.7491563060750464
297813,bertopic,n30_c100_s42,2,0.7032800688248696
297824,bertopic,n30_c100_s42,14,1.0
297878,bertopic,n30_c100_s42,-1,0.0
297905,bertopic,n30_c100_s42,11,0.878467356654082
298230,bertopic,n30_c100_s42,13,1.0
298271,bertopic,n30_c100_s42,0,0.5041651173221762
298300,bertopic,n30_c100_s42,2,1.0
298532,bertopic,n30_c100_s42,2,0.7715240499350589
298582,bertopic,n30_c100_s42,2,1.0
298583,bertopic,n30_c100_s42,7,1.0
298652,bertopic,n30_c100_s42,9,0.9976435544063357
298717,bertopic,n30_c100_s42,-1,0.0
298775,bertopic,n30_c100_s42,2,1.0
298935,bertopic,n30_c100_s42,17,1.0
299073,bertopic,n30_c100_s42,-1,0.0
299082,bertopic,n30_c100_s42,8,1.0
299154,bertopic,n30_c100_s42,3,1.0
299159,bertopic,n30_c100_s42,13,0.7830093138034869
299373,bertopic,n30_c100_s42,11,1.0
299586,bertopic,n30_c100_s42,-1,0.0
299631,bertopic,n30_c100_s42,2,1.0
299915,bertopic,n30_c100_s42,3,0.9365346855725267
299994,bertopic,n30_c100_s42,9,1.0
300016,bertopic,n30_c100_s42,0,1.0
300047,bertopic,n30_c100_s42,-1,0.0
300086,bertopic,n30_c100_s42,5,0.3880791196129506
300101,bertopic,n30_c100_s42,2,0.9979377910012184
300397,bertopic,n30_c100_s42,22,1.0
300514,bertopic,n30_c100_s42,9,0.9976435544063357
300559,bertopic,n30_c100_s42,-1,0.0
300570,bertopic,n30_c100_s42,5,1.0
300624,bertopic,n30_c100_s42,13,1.0
301071,bertopic,n30_c100_s42,19,1.0
301249,bertopic,n30_c100_s42,17,0.8212620173316945
301330,bertopic,n30_c100_s42,11,1.0
301671,bertopic,n30_c100_s42,-1,0.0
301907,bertopic,n30_c100_s42,19,1.0
302217,bertopic,n30_c100_s42,2,1.0
302281,bertopic,n30_c100_s42,4,1.0
302405,bertopic,n30_c100_s42,3,0.9220126198886265
302408,bertopic,n30_c100_s42,8,0.9223201234285737
302599,bertopic,n30_c100_s42,18,1.0
302663,bertopic,n30_c100_s42,5,0.7613737596153131
302705,bertopic,n30_c100_s42,2,0.7636991838507552
302791,bertopic,n30_c100_s42,8,1.0
302848,bertopic,n30_c100_s42,4,0.7476384736801182
303160,bertopic,n30_c100_s42,-1,0.0
303179,bertopic,n30_c100_s42,1,1.0
303299,bertopic,n30_c100_s42,2,1.0
303375,bertopic,n30_c100_s42,16,1.0
303382,bertopic,n30_c100_s42,1,0.7795655221872158
303394,bertopic,n30_c100_s42,17,1.0
303521,bertopic,n30_c100_s42,4,0.5841552424917711
303529,bertopic,n30_c100_s42,0,0.36824908532147643
303560,bertopic,n30_c100_s42,1,0.6785298377135384
303629,bertopic,n30_c100_s42,10,0.8498251253730283
303704,bertopic,n30_c100_s42,16,1.0
303767,bertopic,n30_c100_s42,9,1.0
303901,bertopic,n30_c100_s42,19,1.0
303912,bertopic,n30_c100_s42,13,0.40990768789223353
304183,bertopic,n30_c100_s42,2,1.0
304215,bertopic,n30_c100_s42,1,0.5152254463008867
304595,bertopic,n30_c100_s42,2,0.514093398491858
304662,bertopic,n30_c100_s42,-1,0.0
305079,bertopic,n30_c100_s42,2,0.514093398491858
305231,bertopic,n30_c100_s42,11,1.0
305320,bertopic,n30_c100_s42,2,0.514093398491858
305337,bertopic,n30_c100_s42,2,1.0
305647,bertopic,n30_c100_s42,0,0.5041651173221762
305707,bertopic,n30_c100_s42,2,1.0
306128,bertopic,n30_c100_s42,-1,0.0
306196,bertopic,n30_c100_s42,15,0.19472600883482155
306237,bertopic,n30_c100_s42,9,1.0
306352,bertopic,n30_c100_s42,3,1.0
306457,bertopic,n30_c100_s42,10,1.0
306580,bertopic,n30_c100_s42,1,0.9807216928845042
306934,bertopic,n30_c100_s42,11,0.9284899924865793
307195,bertopic,n30_c100_s42,8,0.9220254954631698
307481,bertopic,n30_c100_s42,2,0.9344691877053974
307846,bertopic,n30_c100_s42,2,0.514093398491858
307852,bertopic,n30_c100_s42,2,0.514093398491858
308189,bertopic,n30_c100_s42,11,0.8397593330511796
308198,bertopic,n30_c100_s42,1,0.7604900314910886
308290,bertopic,n30_c100_s42,-1,0.0
308415,bertopic,n30_c100_s42,7,1.0
308424,bertopic,n30_c100_s42,0,1.0
308545,bertopic,n30_c100_s42,8,0.9223201234285737
308877,bertopic,n30_c100_s42,2,1.0
308967,bertopic,n30_c100_s42,15,0.34518720702860795
308992,bertopic,n30_c100_s42,16,1.0
309067,bertopic,n30_c100_s42,8,0.9223201234285737
309411,bertopic,n30_c100_s42,-1,0.0
309482,bertopic,n30_c100_s42,4,0.5709093680444737
309687,bertopic,n30_c100_s42,2,0.9005041728689911
309756,bertopic,n30_c100_s42,-1,0.0
310163,bertopic,n30_c100_s42,4,0.5709093680444737
310334,bertopic,n30_c100_s42,4,0.5732067137923713
310375,bertopic,n30_c100_s42,3,1.0
310529,bertopic,n30_c100_s42,5,1.0
310598,bertopic,n30_c100_s42,17,1.0
310642,bertopic,n30_c100_s42,-1,0.0
310732,bertopic,n30_c100_s42,17,1.0
310742,bertopic,n30_c100_s42,6,0.8880080101854336
310752,bertopic,n30_c100_s42,-1,0.0
310869,bertopic,n30_c100_s42,0,1.0
310995,bertopic,n30_c100_s42,6,1.0
311481,bertopic,n30_c100_s42,0,1.0
311548,bertopic,n30_c100_s42,12,1.0
311781,bertopic,n30_c100_s42,-1,0.0
311805,bertopic,n30_c100_s42,-1,0.0
312254,bertopic,n30_c100_s42,6,1.0
312348,bertopic,n30_c100_s42,2,0.8376049654552421
312498,bertopic,n30_c100_s42,2,0.7715240499350589
312612,bertopic,n30_c100_s42,16,1.0
312634,bertopic,n30_c100_s42,2,0.7006551653074544
312658,bertopic,n30_c100_s42,-1,0.0
312769,bertopic,n30_c100_s42,2,0.8366223632876806
312837,bertopic,n30_c100_s42,2,0.8366223632876806
312987,bertopic,n30_c100_s42,3,0.6174466674831688
313259,bertopic,n30_c100_s42,-1,0.0
313318,bertopic,n30_c100_s42,5,0.570899818357951
313507,bertopic,n30_c100_s42,15,1.0
313981,bertopic,n30_c100_s42,8,0.8938611265674742
314101,bertopic,n30_c100_s42,-1,0.0
314390,bertopic,n30_c100_s42,0,1.0
314446,bertopic,n30_c100_s42,-1,0.0
314671,bertopic,n30_c100_s42,-1,0.0
314706,bertopic,n30_c100_s42,-1,0.0
315542,bertopic,n30_c100_s42,8,1.0
315673,bertopic,n30_c100_s42,3,0.6174466674831688
315877,bertopic,n30_c100_s42,-1,0.0
316052,bertopic,n30_c100_s42,-1,0.0
316171,bertopic,n30_c100_s42,18,1.0
316231,bertopic,n30_c100_s42,8,0.8903698789772208
316234,bertopic,n30_c100_s42,-1,0.0
316449,bertopic,n30_c100_s42,7,0.9071492201892822
316451,bertopic,n30_c100_s42,-1,0.0
316457,bertopic,n30_c100_s42,16,1.0
316465,bertopic,n30_c100_s42,-1,0.0
316477,bertopic,n30_c100_s42,19,1.0
316531,bertopic,n30_c100_s42,8,1.0
316772,bertopic,n30_c100_s42,-1,0.0
316929,bertopic,n30_c100_s42,0,1.0
316952,bertopic,n30_c100_s42,4,1.0
316989,bertopic,n30_c100_s42,18,1.0
317007,bertopic,n30_c100_s42,17,1.0
317029,bertopic,n30_c100_s42,19,1.0
318527,bertopic,n30_c100_s42,8,0.9211728339135842
318923,bertopic,n30_c100_s42,3,1.0
319099,bertopic,n30_c100_s42,15,1.0
319625,bertopic,n30_c100_s42,1,0.6785298377135384
319687,bertopic,n30_c100_s42,0,1.0
319944,bertopic,n30_c100_s42,5,0.7026986215959968
320180,bertopic,n30_c100_s42,0,0.5331143606819239
320374,bertopic,n30_c100_s42,0,1.0
320404,bertopic,n30_c100_s42,6,0.8880080101854336
320542,bertopic,n30_c100_s42,-1,0.0
320592,bertopic,n30_c100_s42,6,0.8880080101854336
321221,bertopic,n30_c100_s42,6,1.0
321544,bertopic,n30_c100_s42,6,1.0
321565,bertopic,n30_c100_s42,-1,0.0
321694,bertopic,n30_c100_s42,-1,0.0
321707,bertopic,n30_c100_s42,14,1.0
321762,bertopic,n30_c100_s42,7,1.0
321777,bertopic,n30_c100_s42,5,0.3880791196129506
321831,bertopic,n30_c100_s42,7,1.0
322070,bertopic,n30_c100_s42,6,1.0
322214,bertopic,n30_c100_s42,16,1.0
322428,bertopic,n30_c100_s42,6,1.0
322442,bertopic,n30_c100_s42,-1,0.0
322618,bertopic,n30_c100_s42,-1,0.0
322884,bertopic,n30_c100_s42,-1,0.0
323085,bertopic,n30_c100_s42,10,1.0
323182,bertopic,n30_c100_s42,11,1.0
323509,bertopic,n30_c100_s42,-1,0.0
324094,bertopic,n30_c100_s42,1,0.6785298377135384
324551,bertopic,n30_c100_s42,6,1.0
325167,bertopic,n30_c100_s42,7,1.0
325597,bertopic,n30_c100_s42,8,1.0
326466,bertopic,n30_c100_s42,17,1.0
326500,bertopic,n30_c100_s42,-1,0.0
326560,bertopic,n30_c100_s42,11,1.0
326616,bertopic,n30_c100_s42,5,0.5495331245466337
326789,bertopic,n30_c100_s42,8,1.0
326794,bertopic,n30_c100_s42,1,0.8492127952956873
326797,bertopic,n30_c100_s42,16,1.0
326822,bertopic,n30_c100_s42,8,1.0
326969,bertopic,n30_c100_s42,4,0.9387752817512294
326987,bertopic,n30_c100_s42,6,0.8880080101854336
327071,bertopic,n30_c100_s42,-1,0.0
327155,bertopic,n30_c100_s42,17,1.0
327629,bertopic,n30_c100_s42,-1,0.0
328646,bertopic,n30_c100_s42,5,0.7341005145909784
328851,bertopic,n30_c100_s42,4,0.5732067137923713
328868,bertopic,n30_c100_s42,16,1.0
329041,bertopic,n30_c100_s42,-1,0.0
329043,bertopic,n30_c100_s42,-1,0.0
329447,bertopic,n30_c100_s42,15,1.0
329479,bertopic,n30_c100_s42,1,0.5025434454410019
329613,bertopic,n30_c100_s42,15,1.0
329624,bertopic,n30_c100_s42,18,1.0
329829,bertopic,n30_c100_s42,3,1.0
330378,bertopic,n30_c100_s42,-1,0.0
330757,bertopic,n30_c100_s42,22,1.0
331768,bertopic,n30_c100_s42,14,1.0
331820,bertopic,n30_c100_s42,4,0.9387752817512294
331878,bertopic,n30_c100_s42,-1,0.0
331937,bertopic,n30_c100_s42,-1,0.0
331985,bertopic,n30_c100_s42,2,0.6727463805636839
332045,bertopic,n30_c100_s42,11,0.4876382647387404
332413,bertopic,n30_c100_s42,7,0.9545057606203089
332451,bertopic,n30_c100_s42,0,1.0
332482,bertopic,n30_c100_s42,1,1.0
332513,bertopic,n30_c100_s42,1,0.8600993635336822
332617,bertopic,n30_c100_s42,-1,0.0
332966,bertopic,n30_c100_s42,10,1.0
332986,bertopic,n30_c100_s42,3,1.0
333021,bertopic,n30_c100_s42,18,1.0
333260,bertopic,n30_c100_s42,1,1.0
333571,bertopic,n30_c100_s42,8,0.9009503370148685
333687,bertopic,n30_c100_s42,2,1.0
334172,bertopic,n30_c100_s42,-1,0.0
334243,bertopic,n30_c100_s42,-1,0.0
334550,bertopic,n30_c100_s42,20,0.7089166749076534
334772,bertopic,n30_c100_s42,1,1.0
335061,bertopic,n30_c100_s42,-1,0.0
335114,bertopic,n30_c100_s42,16,1.0
335173,bertopic,n30_c100_s42,-1,0.0
335239,bertopic,n30_c100_s42,-1,0.0
335401,bertopic,n30_c100_s42,-1,0.0
335766,bertopic,n30_c100_s42,0,1.0
335884,bertopic,n30_c100_s42,8,1.0
336033,bertopic,n30_c100_s42,-1,0.0
336178,bertopic,n30_c100_s42,7,1.0
336531,bertopic,n30_c100_s42,13,1.0
336535,bertopic,n30_c100_s42,0,0.9299984050818729
336591,bertopic,n30_c100_s42,19,1.0
336692,bertopic,n30_c100_s42,-1,0.0
336733,bertopic,n30_c100_s42,3,0.7393373056078498
336896,bertopic,n30_c100_s42,16,1.0
337401,bertopic,n30_c100_s42,7,0.8919449695796564
337596,bertopic,n30_c100_s42,-1,0.0
337610,bertopic,n30_c100_s42,13,0.8870688904974083
337631,bertopic,n30_c100_s42,13,1.0
337681,bertopic,n30_c100_s42,6,1.0
337828,bertopic,n30_c100_s42,-1,0.0
338070,bertopic,n30_c100_s42,1,0.5152254463008867
338209,bertopic,n30_c100_s42,-1,0.0
338319,bertopic,n30_c100_s42,4,1.0
338777,bertopic,n30_c100_s42,4,1.0
338781,bertopic,n30_c100_s42,16,1.0
339209,bertopic,n30_c100_s42,8,0.9220254954631698
339230,bertopic,n30_c100_s42,11,1.0
339345,bertopic,n30_c100_s42,8,1.0
339780,bertopic,n30_c100_s42,5,0.3880791196129506
340103,bertopic,n30_c100_s42,15,0.19472600883482155
340376,bertopic,n30_c100_s42,-1,0.0
340571,bertopic,n30_c100_s42,8,1.0
341178,bertopic,n30_c100_s42,11,1.0
341476,bertopic,n30_c100_s42,18,1.0
341738,bertopic,n30_c100_s42,-1,0.0
342345,bertopic,n30_c100_s42,0,1.0
342417,bertopic,n30_c100_s42,8,1.0
342509,bertopic,n30_c100_s42,6,0.8880080101854336
342627,bertopic,n30_c100_s42,19,1.0
342826,bertopic,n30_c100_s42,2,1.0
342831,bertopic,n30_c100_s42,-1,0.0
343034,bertopic,n30_c100_s42,5,1.0
343735,bertopic,n30_c100_s42,13,0.35492734665723324
343816,bertopic,n30_c100_s42,8,0.9551759725449238
343921,bertopic,n30_c100_s42,3,0.7393373056078498
344002,bertopic,n30_c100_s42,7,1.0
344068,bertopic,n30_c100_s42,4,1.0
344195,bertopic,n30_c100_s42,7,1.0
344196,bertopic,n30_c100_s42,7,0.823055623577858
344864,bertopic,n30_c100_s42,-1,0.0
345405,bertopic,n30_c100_s42,3,1.0
345444,bertopic,n30_c100_s42,-1,0.0
345565,bertopic,n30_c100_s42,17,1.0
345699,bertopic,n30_c100_s42,-1,0.0
345783,bertopic,n30_c100_s42,3,0.9365346855725267
345794,bertopic,n30_c100_s42,-1,0.0
345883,bertopic,n30_c100_s42,-1,0.0
345946,bertopic,n30_c100_s42,-1,0.0
346371,bertopic,n30_c100_s42,-1,0.0
346497,bertopic,n30_c100_s42,9,0.9689395032179361
346840,bertopic,n30_c100_s42,7,0.8586618846312398
346847,bertopic,n30_c100_s42,-1,0.0
346872,bertopic,n30_c100_s42,7,1.0
346929,bertopic,n30_c100_s42,-1,0.0
347086,bertopic,n30_c100_s42,-1,0.0
347156,bertopic,n30_c100_s42,-1,0.0
347335,bertopic,n30_c100_s42,-1,0.0
347407,bertopic,n30_c100_s42,17,1.0
347424,bertopic,n30_c100_s42,0,1.0
347437,bertopic,n30_c100_s42,5,0.570899818357951
347523,bertopic,n30_c100_s42,13,1.0
347559,bertopic,n30_c100_s42,5,1.0
347605,bertopic,n30_c100_s42,-1,0.0
347990,bertopic,n30_c100_s42,0,1.0
347991,bertopic,n30_c100_s42,10,1.0
348236,bertopic,n30_c100_s42,6,0.9840875518807113
348757,bertopic,n30_c100_s42,6,1.0
349002,bertopic,n30_c100_s42,0,1.0
349026,bertopic,n30_c100_s42,-1,0.0
349135,bertopic,n30_c100_s42,1,1.0
349140,bertopic,n30_c100_s42,11,1.0
349185,bertopic,n30_c100_s42,3,0.9365346855725267
349223,bertopic,n30_c100_s42,7,1.0
349359,bertopic,n30_c100_s42,8,0.8828898832316201
349388,bertopic,n30_c100_s42,-1,0.0
349460,bertopic,n30_c100_s42,3,1.0
349636,bertopic,n30_c100_s42,7,1.0
349639,bertopic,n30_c100_s42,13,0.9161673211529894
349700,bertopic,n30_c100_s42,-1,0.0
349833,bertopic,n30_c100_s42,7,0.969589876961123
349844,bertopic,n30_c100_s42,-1,0.0
349959,bertopic,n30_c100_s42,17,1.0
350083,bertopic,n30_c100_s42,8,1.0
350165,bertopic,n30_c100_s42,2,0.7209922034090762
350181,bertopic,n30_c100_s42,-1,0.0
350222,bertopic,n30_c100_s42,-1,0.0
350316,bertopic,n30_c100_s42,7,1.0
350352,bertopic,n30_c100_s42,10,1.0
350557,bertopic,n30_c100_s42,7,0.9687185459867529
350743,bertopic,n30_c100_s42,8,1.0
350829,bertopic,n30_c100_s42,5,1.0
351208,bertopic,n30_c100_s42,-1,0.0
351226,bertopic,n30_c100_s42,-1,0.0
351568,bertopic,n30_c100_s42,6,0.8880080101854336
352192,bertopic,n30_c100_s42,17,1.0
352193,bertopic,n30_c100_s42,-1,0.0
352236,bertopic,n30_c100_s42,7,0.8953834321732206
352407,bertopic,n30_c100_s42,20,1.0
352440,bertopic,n30_c100_s42,5,1.0
352743,bertopic,n30_c100_s42,10,1.0
352773,bertopic,n30_c100_s42,-1,0.0
352880,bertopic,n30_c100_s42,11,1.0
353145,bertopic,n30_c100_s42,9,0.9976435544063357
353146,bertopic,n30_c100_s42,7,0.8596811333012656
353420,bertopic,n30_c100_s42,3,1.0
353637,bertopic,n30_c100_s42,-1,0.0
353654,bertopic,n30_c100_s42,-1,0.0
353673,bertopic,n30_c100_s42,7,1.0
353749,bertopic,n30_c100_s42,7,1.0
353850,bertopic,n30_c100_s42,3,1.0
354103,bertopic,n30_c100_s42,3,0.7393373056078498
354136,bertopic,n30_c100_s42,7,1.0
354258,bertopic,n30_c100_s42,-1,0.0
354378,bertopic,n30_c100_s42,3,0.8115405576689553
354406,bertopic,n30_c100_s42,3,0.7393373056078498
354527,bertopic,n30_c100_s42,-1,0.0
354544,bertopic,n30_c100_s42,0,0.7593571882993493
354997,bertopic,n30_c100_s42,3,0.7608690353518964
355001,bertopic,n30_c100_s42,9,1.0
355024,bertopic,n30_c100_s42,16,1.0
355166,bertopic,n30_c100_s42,13,1.0
355343,bertopic,n30_c100_s42,7,0.969589876961123
355357,bertopic,n30_c100_s42,11,1.0
355382,bertopic,n30_c100_s42,23,1.0
355616,bertopic,n30_c100_s42,7,1.0
355630,bertopic,n30_c100_s42,7,1.0
355774,bertopic,n30_c100_s42,-1,0.0
355792,bertopic,n30_c100_s42,1,1.0
355796,bertopic,n30_c100_s42,-1,0.0
356281,bertopic,n30_c100_s42,8,0.9777163349871584
356855,bertopic,n30_c100_s42,-1,0.0
356857,bertopic,n30_c100_s42,21,1.0
358357,bertopic,n30_c100_s42,-1,0.0
358395,bertopic,n30_c100_s42,7,0.8827782894860541
358889,bertopic,n30_c100_s42,8,0.9223201234285737
358925,bertopic,n30_c100_s42,3,0.7608690353518964
358977,bertopic,n30_c100_s42,8,0.9769802851957825
359100,bertopic,n30_c100_s42,10,1.0
359205,bertopic,n30_c100_s42,17,1.0
359210,bertopic,n30_c100_s42,1,0.5025434454410019
359607,bertopic,n30_c100_s42,3,1.0
359623,bertopic,n30_c100_s42,-1,0.0
359729,bertopic,n30_c100_s42,21,1.0
359944,bertopic,n30_c100_s42,5,0.570899818357951
360267,bertopic,n30_c100_s42,7,0.8860028365400828
360683,bertopic,n30_c100_s42,10,1.0
360913,bertopic,n30_c100_s42,6,0.8880080101854336
361045,bertopic,n30_c100_s42,22,1.0
361123,bertopic,n30_c100_s42,-1,0.0
361392,bertopic,n30_c100_s42,4,0.8084066082346952
361594,bertopic,n30_c100_s42,-1,0.0
361804,bertopic,n30_c100_s42,13,0.4658853009717789
361821,bertopic,n30_c100_s42,0,1.0
361869,bertopic,n30_c100_s42,-1,0.0
361975,bertopic,n30_c100_s42,17,1.0
362027,bertopic,n30_c100_s42,-1,0.0
362116,bertopic,n30_c100_s42,13,1.0
362266,bertopic,n30_c100_s42,-1,0.0
362434,bertopic,n30_c100_s42,-1,0.0
362435,bertopic,n30_c100_s42,-1,0.0
362600,bertopic,n30_c100_s42,8,0.9672897815556183
362613,bertopic,n30_c100_s42,-1,0.0
362730,bertopic,n30_c100_s42,7,1.0
362890,bertopic,n30_c100_s42,-1,0.0
362994,bertopic,n30_c100_s42,-1,0.0
363081,bertopic,n30_c100_s42,1,0.6785298377135384
363240,bertopic,n30_c100_s42,6,1.0
363272,bertopic,n30_c100_s42,6,1.0
363322,bertopic,n30_c100_s42,0,0.8293988423858983
363461,bertopic,n30_c100_s42,-1,0.0
363508,bertopic,n30_c100_s42,8,1.0
363524,bertopic,n30_c100_s42,9,0.8682765287718118
363606,bertopic,n30_c100_s42,6,0.8880080101854336
363617,bertopic,n30_c100_s42,3,0.7393373056078498
363767,bertopic,n30_c100_s42,5,0.570899818357951
363817,bertopic,n30_c100_s42,-1,0.0
363954,bertopic,n30_c100_s42,14,0.7763660168250162
363959,bertopic,n30_c100_s42,-1,0.0
363969,bertopic,n30_c100_s42,14,0.7763660168250162
364193,bertopic,n30_c100_s42,20,1.0
364226,bertopic,n30_c100_s42,-1,0.0
364252,bertopic,n30_c100_s42,-1,0.0
364285,bertopic,n30_c100_s42,0,0.7370153618331977
364293,bertopic,n30_c100_s42,5,0.3880791196129506
364313,bertopic,n30_c100_s42,20,1.0
364340,bertopic,n30_c100_s42,8,0.9878727354033613
364349,bertopic,n30_c100_s42,-1,0.0
364369,bertopic,n30_c100_s42,-1,0.0
364415,bertopic,n30_c100_s42,8,1.0
364554,bertopic,n30_c100_s42,7,0.9480268769844447
364562,bertopic,n30_c100_s42,5,0.38361211184596467
364587,bertopic,n30_c100_s42,7,0.8219267965087577
364612,bertopic,n30_c100_s42,-1,0.0
364613,bertopic,n30_c100_s42,0,0.8168395591726897
364845,bertopic,n30_c100_s42,8,0.9220254954631698
364986,bertopic,n30_c100_s42,7,0.9159543669105439
365176,bertopic,n30_c100_s42,12,0.43131285494413596
365354,bertopic,n30_c100_s42,7,1.0
365449,bertopic,n30_c100_s42,5,0.38361211184596467
365468,bertopic,n30_c100_s42,14,1.0
365730,bertopic,n30_c100_s42,16,1.0
365767,bertopic,n30_c100_s42,18,1.0
365801,bertopic,n30_c100_s42,22,1.0
365804,bertopic,n30_c100_s42,0,1.0
365926,bertopic,n30_c100_s42,12,0.4675716841657599
366285,bertopic,n30_c100_s42,22,1.0
366460,bertopic,n30_c100_s42,4,0.5709093680444737
366529,bertopic,n30_c100_s42,13,1.0
366938,bertopic,n30_c100_s42,8,1.0
366960,bertopic,n30_c100_s42,1,0.5152254463008867
367212,bertopic,n30_c100_s42,3,0.7393373056078498
367554,bertopic,n30_c100_s42,-1,0.0
367848,bertopic,n30_c100_s42,22,1.0
367851,bertopic,n30_c100_s42,0,1.0
367852,bertopic,n30_c100_s42,0,1.0
368018,bertopic,n30_c100_s42,7,0.9757683567923252
368020,bertopic,n30_c100_s42,-1,0.0
368530,bertopic,n30_c100_s42,0,1.0
368560,bertopic,n30_c100_s42,12,1.0
368648,bertopic,n30_c100_s42,-1,0.0
368729,bertopic,n30_c100_s42,-1,0.0
368776,bertopic,n30_c100_s42,7,0.9076240872574614
368900,bertopic,n30_c100_s42,5,0.38361211184596467
369104,bertopic,n30_c100_s42,14,0.7763660168250162
369148,bertopic,n30_c100_s42,0,1.0
369697,bertopic,n30_c100_s42,-1,0.0
370001,bertopic,n30_c100_s42,22,1.0
370438,bertopic,n30_c100_s42,6,0.5002692973746768
370542,bertopic,n30_c100_s42,11,1.0
370556,bertopic,n30_c100_s42,11,1.0
370979,bertopic,n30_c100_s42,5,0.3880791196129506
370995,bertopic,n30_c100_s42,11,0.4876382647387404
371086,bertopic,n30_c100_s42,0,1.0
371300,bertopic,n30_c100_s42,7,0.8984856991300656
371747,bertopic,n30_c100_s42,8,1.0
371976,bertopic,n30_c100_s42,7,1.0
371981,bertopic,n30_c100_s42,-1,0.0
372026,bertopic,n30_c100_s42,7,1.0
372075,bertopic,n30_c100_s42,-1,0.0
372130,bertopic,n30_c100_s42,5,1.0
372378,bertopic,n30_c100_s42,1,0.38714661720625465
372396,bertopic,n30_c100_s42,-1,0.0
372397,bertopic,n30_c100_s42,13,0.4658853009717789
372435,bertopic,n30_c100_s42,7,0.8876989264908866
372668,bertopic,n30_c100_s42,3,1.0
372672,bertopic,n30_c100_s42,0,1.0
372699,bertopic,n30_c100_s42,14,0.7763660168250162
372804,bertopic,n30_c100_s42,17,1.0
372987,bertopic,n30_c100_s42,17,1.0
373063,bertopic,n30_c100_s42,1,1.0
373168,bertopic,n30_c100_s42,3,0.6174466674831688
373318,bertopic,n30_c100_s42,3,0.8532447602744132
373359,bertopic,n30_c100_s42,8,0.9223201234285737
373373,bertopic,n30_c100_s42,15,1.0
373419,bertopic,n30_c100_s42,5,1.0
373440,bertopic,n30_c100_s42,2,1.0
373453,bertopic,n30_c100_s42,4,0.5732067137923713
373536,bertopic,n30_c100_s42,2,1.0
373541,bertopic,n30_c100_s42,11,1.0
373567,bertopic,n30_c100_s42,19,1.0
373686,bertopic,n30_c100_s42,-1,0.0
373970,bertopic,n30_c100_s42,7,1.0
374413,bertopic,n30_c100_s42,5,1.0
374489,bertopic,n30_c100_s42,1,0.6392016279055549
374496,bertopic,n30_c100_s42,1,0.9807216928845042
374611,bertopic,n30_c100_s42,13,1.0
374634,bertopic,n30_c100_s42,7,1.0
374666,bertopic,n30_c100_s42,4,0.736429955839825
374801,bertopic,n30_c100_s42,4,0.5732067137923713
375062,bertopic,n30_c100_s42,15,0.3878822815151645
375111,bertopic,n30_c100_s42,-1,0.0
375119,bertopic,n30_c100_s42,13,1.0
375210,bertopic,n30_c100_s42,7,0.9934321707823623
375223,bertopic,n30_c100_s42,2,0.5910950405963806
375243,bertopic,n30_c100_s42,19,1.0
375381,bertopic,n30_c100_s42,7,1.0
375590,bertopic,n30_c100_s42,-1,0.0
375608,bertopic,n30_c100_s42,7,1.0
375682,bertopic,n30_c100_s42,-1,0.0
375820,bertopic,n30_c100_s42,3,0.7608690353518964
375824,bertopic,n30_c100_s42,8,1.0
376330,bertopic,n30_c100_s42,18,1.0
376554,bertopic,n30_c100_s42,-1,0.0
376828,bertopic,n30_c100_s42,17,1.0
376939,bertopic,n30_c100_s42,-1,0.0
377253,bertopic,n30_c100_s42,1,0.6785298377135384
377373,bertopic,n30_c100_s42,0,1.0
377897,bertopic,n30_c100_s42,-1,0.0
377918,bertopic,n30_c100_s42,-1,0.0
377955,bertopic,n30_c100_s42,15,1.0
378167,bertopic,n30_c100_s42,1,0.7409143536731629
378248,bertopic,n30_c100_s42,6,1.0
378413,bertopic,n30_c100_s42,3,0.6174466674831688
378472,bertopic,n30_c100_s42,11,0.3844597596476467
378868,bertopic,n30_c100_s42,0,1.0
379171,bertopic,n30_c100_s42,7,1.0
379369,bertopic,n30_c100_s42,-1,0.0
379568,bertopic,n30_c100_s42,-1,0.0
379757,bertopic,n30_c100_s42,8,0.9223201234285737
379842,bertopic,n30_c100_s42,4,0.4773090792304536
379954,bertopic,n30_c100_s42,6,1.0
380168,bertopic,n30_c100_s42,2,0.5713533223544114
380169,bertopic,n30_c100_s42,8,0.9223201234285737
380170,bertopic,n30_c100_s42,7,0.9477610912349541
380179,bertopic,n30_c100_s42,12,1.0
380361,bertopic,n30_c100_s42,12,1.0
380406,bertopic,n30_c100_s42,16,1.0
380732,bertopic,n30_c100_s42,7,1.0
381397,bertopic,n30_c100_s42,1,0.5025434454410019
381731,bertopic,n30_c100_s42,8,0.9220254954631698
382628,bertopic,n30_c100_s42,-1,0.0
382913,bertopic,n30_c100_s42,-1,0.0
383177,bertopic,n30_c100_s42,9,0.9996233044277475
383402,bertopic,n30_c100_s42,8,0.9220254954631698
383442,bertopic,n30_c100_s42,-1,0.0
383664,bertopic,n30_c100_s42,17,1.0
384102,bertopic,n30_c100_s42,2,0.5804792205571343
384199,bertopic,n30_c100_s42,7,1.0
384438,bertopic,n30_c100_s42,18,1.0
384749,bertopic,n30_c100_s42,2,0.7993079828269175
384797,bertopic,n30_c100_s42,11,0.4876382647387404
384900,bertopic,n30_c100_s42,2,0.8901343755136408
385053,bertopic,n30_c100_s42,11,1.0
385102,bertopic,n30_c100_s42,10,1.0
385220,bertopic,n30_c100_s42,8,0.9223201234285737
385277,bertopic,n30_c100_s42,17,1.0
385397,bertopic,n30_c100_s42,5,0.9455765856482321
385591,bertopic,n30_c100_s42,8,0.982473926683824
385771,bertopic,n30_c100_s42,13,0.4658853009717789
385791,bertopic,n30_c100_s42,2,1.0
385819,bertopic,n30_c100_s42,-1,0.0
385918,bertopic,n30_c100_s42,15,1.0
386722,bertopic,n30_c100_s42,-1,0.0
387235,bertopic,n30_c100_s42,0,1.0
389475,bertopic,n30_c100_s42,15,1.0
390533,bertopic,n30_c100_s42,8,1.0
390564,bertopic,n30_c100_s42,22,1.0
392330,bertopic,n30_c100_s42,-1,0.0
393831,bertopic,n30_c100_s42,20,1.0
394655,bertopic,n30_c100_s42,0,1.0
395842,bertopic,n30_c100_s42,7,0.8412334860811347
397292,bertopic,n30_c100_s42,-1,0.0
397671,bertopic,n30_c100_s42,19,1.0
398523,bertopic,n30_c100_s42,-1,0.0
399236,bertopic,n30_c100_s42,-1,0.0
399758,bertopic,n30_c100_s42,10,1.0
399794,bertopic,n30_c100_s42,1,0.6785298377135384
399796,bertopic,n30_c100_s42,13,0.7830093138034869
399896,bertopic,n30_c100_s42,11,1.0
399942,bertopic,n30_c100_s42,18,1.0
399951,bertopic,n30_c100_s42,19,1.0
400011,bertopic,n30_c100_s42,5,1.0
400030,bertopic,n30_c100_s42,-1,0.0
400052,bertopic,n30_c100_s42,6,0.7745953031650387
400095,bertopic,n30_c100_s42,17,1.0
400125,bertopic,n30_c100_s42,3,0.49252282187055907
400335,bertopic,n30_c100_s42,-1,0.0
400337,bertopic,n30_c100_s42,-1,0.0
400390,bertopic,n30_c100_s42,-1,0.0
400458,bertopic,n30_c100_s42,-1,0.0
400841,bertopic,n30_c100_s42,-1,0.0
400868,bertopic,n30_c100_s42,1,0.5994823108157888
400956,bertopic,n30_c100_s42,3,0.7393373056078498
400994,bertopic,n30_c100_s42,10,1.0
401406,bertopic,n30_c100_s42,0,1.0
401542,bertopic,n30_c100_s42,11,1.0
401596,bertopic,n30_c100_s42,11,1.0
402065,bertopic,n30_c100_s42,-1,0.0
402458,bertopic,n30_c100_s42,9,1.0
402907,bertopic,n30_c100_s42,8,0.9432942846322311
403133,bertopic,n30_c100_s42,9,0.9819453110162613
403359,bertopic,n30_c100_s42,1,1.0
403437,bertopic,n30_c100_s42,12,1.0
403993,bertopic,n30_c100_s42,19,1.0
404356,bertopic,n30_c100_s42,8,0.9220254954631698
404748,bertopic,n30_c100_s42,16,1.0
405026,bertopic,n30_c100_s42,-1,0.0
405270,bertopic,n30_c100_s42,16,1.0
405488,bertopic,n30_c100_s42,8,0.9220254954631698
405909,bertopic,n30_c100_s42,5,0.5587260020018894
406072,bertopic,n30_c100_s42,3,0.9365346855725267
406162,bertopic,n30_c100_s42,15,1.0
406192,bertopic,n30_c100_s42,5,0.9907899430809988
406273,bertopic,n30_c100_s42,-1,0.0
406310,bertopic,n30_c100_s42,3,0.8532447602744132
406331,bertopic,n30_c100_s42,6,1.0
406364,bertopic,n30_c100_s42,-1,0.0
406509,bertopic,n30_c100_s42,1,0.6785298377135384
406638,bertopic,n30_c100_s42,8,0.9223201234285737
406642,bertopic,n30_c100_s42,3,1.0
406712,bertopic,n30_c100_s42,5,1.0
406733,bertopic,n30_c100_s42,3,0.9220126198886265
406856,bertopic,n30_c100_s42,4,0.6853949068156177
406872,bertopic,n30_c100_s42,17,1.0
407706,bertopic,n30_c100_s42,19,1.0
408607,bertopic,n30_c100_s42,1,0.5152254463008867
409005,bertopic,n30_c100_s42,4,0.4375081456643021
409869,bertopic,n30_c100_s42,3,0.7608690353518964
410378,bertopic,n30_c100_s42,2,0.5713533223544114
410422,bertopic,n30_c100_s42,13,1.0
410469,bertopic,n30_c100_s42,-1,0.0
410583,bertopic,n30_c100_s42,16,1.0
410601,bertopic,n30_c100_s42,5,0.3880791196129506
410602,bertopic,n30_c100_s42,4,0.7576750136380185
410639,bertopic,n30_c100_s42,8,0.888170213727056
410714,bertopic,n30_c100_s42,19,1.0
410730,bertopic,n30_c100_s42,6,1.0
410770,bertopic,n30_c100_s42,5,1.0
410793,bertopic,n30_c100_s42,16,1.0
410812,bertopic,n30_c100_s42,-1,0.0
410824,bertopic,n30_c100_s42,13,1.0
410850,bertopic,n30_c100_s42,6,1.0
410941,bertopic,n30_c100_s42,7,0.969589876961123
410967,bertopic,n30_c100_s42,0,1.0
411099,bertopic,n30_c100_s42,16,1.0
411227,bertopic,n30_c100_s42,20,1.0
411242,bertopic,n30_c100_s42,10,1.0
411446,bertopic,n30_c100_s42,0,1.0
411475,bertopic,n30_c100_s42,4,0.9387752817512294
411549,bertopic,n30_c100_s42,3,0.7393373056078498
411566,bertopic,n30_c100_s42,19,1.0
411571,bertopic,n30_c100_s42,-1,0.0
411583,bertopic,n30_c100_s42,1,1.0
411584,bertopic,n30_c100_s42,-1,0.0
411605,bertopic,n30_c100_s42,18,1.0
411714,bertopic,n30_c100_s42,-1,0.0
412054,bertopic,n30_c100_s42,14,1.0
412209,bertopic,n30_c100_s42,22,0.7577807782803576
412276,bertopic,n30_c100_s42,21,1.0
412349,bertopic,n30_c100_s42,17,1.0
413027,bertopic,n30_c100_s42,15,1.0
413813,bertopic,n30_c100_s42,-1,0.0
413883,bertopic,n30_c100_s42,-1,0.0
414006,bertopic,n30_c100_s42,1,1.0
414031,bertopic,n30_c100_s42,0,1.0
414299,bertopic,n30_c100_s42,-1,0.0
414612,bertopic,n30_c100_s42,18,1.0
414743,bertopic,n30_c100_s42,-1,0.0
415423,bertopic,n30_c100_s42,2,0.8264166734270787
415781,bertopic,n30_c100_s42,2,1.0
415795,bertopic,n30_c100_s42,5,1.0
415888,bertopic,n30_c100_s42,6,1.0
415973,bertopic,n30_c100_s42,4,0.979308514554393
416061,bertopic,n30_c100_s42,-1,0.0
416180,bertopic,n30_c100_s42,13,1.0
416309,bertopic,n30_c100_s42,-1,0.0
416588,bertopic,n30_c100_s42,17,1.0
416664,bertopic,n30_c100_s42,-1,0.0
416737,bertopic,n30_c100_s42,-1,0.0
416743,bertopic,n30_c100_s42,6,0.8880080101854336
416754,bertopic,n30_c100_s42,-1,0.0
416785,bertopic,n30_c100_s42,-1,0.0
416805,bertopic,n30_c100_s42,19,1.0
416814,bertopic,n30_c100_s42,-1,0.0
416834,bertopic,n30_c100_s42,0,1.0
416863,bertopic,n30_c100_s42,1,0.5897230332550991
417199,bertopic,n30_c100_s42,-1,0.0
417221,bertopic,n30_c100_s42,3,0.9220126198886265
417252,bertopic,n30_c100_s42,2,0.7274424533103904
417296,bertopic,n30_c100_s42,-1,0.0
417325,bertopic,n30_c100_s42,-1,0.0
417779,bertopic,n30_c100_s42,17,1.0
417863,bertopic,n30_c100_s42,19,1.0
418042,bertopic,n30_c100_s42,11,1.0
418249,bertopic,n30_c100_s42,1,0.5025434454410019
418389,bertopic,n30_c100_s42,8,1.0
418544,bertopic,n30_c100_s42,-1,0.0
418940,bertopic,n30_c100_s42,18,1.0
419092,bertopic,n30_c100_s42,19,1.0
419200,bertopic,n30_c100_s42,21,1.0
419293,bertopic,n30_c100_s42,10,1.0
419579,bertopic,n30_c100_s42,4,0.5732067137923713
419946,bertopic,n30_c100_s42,7,1.0
420359,bertopic,n30_c100_s42,-1,0.0
421213,bertopic,n30_c100_s42,22,1.0
421370,bertopic,n30_c100_s42,5,0.3880791196129506
421384,bertopic,n30_c100_s42,-1,0.0
421399,bertopic,n30_c100_s42,-1,0.0
421523,bertopic,n30_c100_s42,1,0.5152254463008867
421641,bertopic,n30_c100_s42,-1,0.0
421682,bertopic,n30_c100_s42,0,0.5041651173221762
421828,bertopic,n30_c100_s42,14,1.0
421981,bertopic,n30_c100_s42,11,1.0
422047,bertopic,n30_c100_s42,17,1.0
422084,bertopic,n30_c100_s42,6,0.8880080101854336
422272,bertopic,n30_c100_s42,-1,0.0
422645,bertopic,n30_c100_s42,13,1.0
424106,bertopic,n30_c100_s42,19,1.0
424374,bertopic,n30_c100_s42,16,1.0
424711,bertopic,n30_c100_s42,-1,0.0
425154,bertopic,n30_c100_s42,0,1.0
425202,bertopic,n30_c100_s42,2,0.2481148976617643
425300,bertopic,n30_c100_s42,10,1.0
425664,bertopic,n30_c100_s42,14,1.0
425830,bertopic,n30_c100_s42,9,0.9996233044277475
426180,bertopic,n30_c100_s42,-1,0.0
426210,bertopic,n30_c100_s42,0,1.0
426230,bertopic,n30_c100_s42,-1,0.0
426323,bertopic,n30_c100_s42,4,0.781491595189743
426452,bertopic,n30_c100_s42,-1,0.0
426476,bertopic,n30_c100_s42,-1,0.0
426614,bertopic,n30_c100_s42,13,1.0
426646,bertopic,n30_c100_s42,-1,0.0
426700,bertopic,n30_c100_s42,6,1.0
427023,bertopic,n30_c100_s42,5,1.0
427185,bertopic,n30_c100_s42,4,0.9387752817512294
427552,bertopic,n30_c100_s42,14,1.0
427604,bertopic,n30_c100_s42,6,1.0
427932,bertopic,n30_c100_s42,-1,0.0
427942,bertopic,n30_c100_s42,13,1.0
428456,bertopic,n30_c100_s42,5,1.0
428710,bertopic,n30_c100_s42,3,0.7393373056078498
429070,bertopic,n30_c100_s42,-1,0.0
429410,bertopic,n30_c100_s42,15,1.0
429420,bertopic,n30_c100_s42,6,1.0
429948,bertopic,n30_c100_s42,11,0.4876382647387404
429993,bertopic,n30_c100_s42,-1,0.0
430143,bertopic,n30_c100_s42,2,0.8366223632876806
430348,bertopic,n30_c100_s42,-1,0.0
430368,bertopic,n30_c100_s42,19,1.0
430380,bertopic,n30_c100_s42,5,0.3880791196129506
430542,bertopic,n30_c100_s42,4,1.0
430739,bertopic,n30_c100_s42,3,0.9376774770798989
430874,bertopic,n30_c100_s42,-1,0.0
431240,bertopic,n30_c100_s42,18,0.910468093542145
431280,bertopic,n30_c100_s42,6,1.0
431405,bertopic,n30_c100_s42,0,1.0
431716,bertopic,n30_c100_s42,13,0.5765517052277926
431737,bertopic,n30_c100_s42,1,0.4194140799048282
431838,bertopic,n30_c100_s42,1,0.6785298377135384
431928,bertopic,n30_c100_s42,-1,0.0
431987,bertopic,n30_c100_s42,-1,0.0
432036,bertopic,n30_c100_s42,5,0.985201722101038
432064,bertopic,n30_c100_s42,-1,0.0
432081,bertopic,n30_c100_s42,5,1.0
432128,bertopic,n30_c100_s42,12,0.4752904190808425
432142,bertopic,n30_c100_s42,1,0.8650070568414381
432188,bertopic,n30_c100_s42,18,1.0
432201,bertopic,n30_c100_s42,4,0.5302263442633129
432273,bertopic,n30_c100_s42,2,1.0
432282,bertopic,n30_c100_s42,15,0.40219203122799
432293,bertopic,n30_c100_s42,-1,0.0
432308,bertopic,n30_c100_s42,14,0.7763660168250162
432405,bertopic,n30_c100_s42,11,1.0
432500,bertopic,n30_c100_s42,-1,0.0
432573,bertopic,n30_c100_s42,-1,0.0
432874,bertopic,n30_c100_s42,8,1.0
432956,bertopic,n30_c100_s42,-1,0.0
433026,bertopic,n30_c100_s42,10,1.0
433050,bertopic,n30_c100_s42,13,0.4658853009717789
433217,bertopic,n30_c100_s42,19,1.0
433539,bertopic,n30_c100_s42,2,1.0
433811,bertopic,n30_c100_s42,-1,0.0
433844,bertopic,n30_c100_s42,3,0.6174466674831688
433901,bertopic,n30_c100_s42,5,0.6770505472195747
434863,bertopic,n30_c100_s42,9,1.0
435016,bertopic,n30_c100_s42,1,0.6785298377135384
435344,bertopic,n30_c100_s42,17,0.9081615494804428
435632,bertopic,n30_c100_s42,-1,0.0
435705,bertopic,n30_c100_s42,-1,0.0
435972,bertopic,n30_c100_s42,-1,0.0
435994,bertopic,n30_c100_s42,7,0.9130332746138108
436015,bertopic,n30_c100_s42,14,0.7763660168250162
436192,bertopic,n30_c100_s42,5,0.3738773129310033
436354,bertopic,n30_c100_s42,4,1.0
436430,bertopic,n30_c100_s42,-1,0.0
436472,bertopic,n30_c100_s42,8,0.9220254954631698
436500,bertopic,n30_c100_s42,7,0.9545057606203089
436545,bertopic,n30_c100_s42,6,0.580065348757462
436747,bertopic,n30_c100_s42,19,1.0
436820,bertopic,n30_c100_s42,-1,0.0
436919,bertopic,n30_c100_s42,15,1.0
436961,bertopic,n30_c100_s42,-1,0.0
436965,bertopic,n30_c100_s42,4,0.9387752817512294
437039,bertopic,n30_c100_s42,3,1.0
437146,bertopic,n30_c100_s42,-1,0.0
437291,bertopic,n30_c100_s42,5,0.3880791196129506
437371,bertopic,n30_c100_s42,1,0.8238001341841181
437429,bertopic,n30_c100_s42,-1,0.0
437446,bertopic,n30_c100_s42,1,0.6126746861795682
437461,bertopic,n30_c100_s42,-1,0.0
437471,bertopic,n30_c100_s42,12,1.0
437519,bertopic,n30_c100_s42,18,1.0
437537,bertopic,n30_c100_s42,4,0.8649618747387116
437582,bertopic,n30_c100_s42,18,1.0
438876,bertopic,n30_c100_s42,2,1.0
438905,bertopic,n30_c100_s42,17,1.0
438920,bertopic,n30_c100_s42,-1,0.0
439044,bertopic,n30_c100_s42,17,0.5542050654296738
439481,bertopic,n30_c100_s42,16,1.0
439601,bertopic,n30_c100_s42,-1,0.0
439609,bertopic,n30_c100_s42,18,1.0
439833,bertopic,n30_c100_s42,-1,0.0
439902,bertopic,n30_c100_s42,4,0.8693102932300939
440280,bertopic,n30_c100_s42,14,1.0
440299,bertopic,n30_c100_s42,21,0.9333346177963753
440355,bertopic,n30_c100_s42,-1,0.0
440418,bertopic,n30_c100_s42,2,0.8731934715969019
440443,bertopic,n30_c100_s42,17,1.0
440529,bertopic,n30_c100_s42,16,1.0
440690,bertopic,n30_c100_s42,4,0.8995001303153227
440719,bertopic,n30_c100_s42,1,0.6785298377135384
440801,bertopic,n30_c100_s42,8,0.9220254954631698
440806,bertopic,n30_c100_s42,18,1.0
440908,bertopic,n30_c100_s42,-1,0.0
440919,bertopic,n30_c100_s42,3,1.0
440924,bertopic,n30_c100_s42,8,0.921493270908116
440955,bertopic,n30_c100_s42,7,1.0
441037,bertopic,n30_c100_s42,8,1.0
441127,bertopic,n30_c100_s42,0,1.0
441312,bertopic,n30_c100_s42,-1,0.0
441314,bertopic,n30_c100_s42,22,1.0
441480,bertopic,n30_c100_s42,6,0.8880080101854336
441491,bertopic,n30_c100_s42,3,0.7393373056078498
441563,bertopic,n30_c100_s42,17,1.0
441624,bertopic,n30_c100_s42,6,0.8880080101854336
441717,bertopic,n30_c100_s42,14,1.0
441964,bertopic,n30_c100_s42,13,1.0
442031,bertopic,n30_c100_s42,2,0.7715240499350589
442054,bertopic,n30_c100_s42,15,1.0
442293,bertopic,n30_c100_s42,-1,0.0
442316,bertopic,n30_c100_s42,6,0.951268942977471
442463,bertopic,n30_c100_s42,8,1.0
442476,bertopic,n30_c100_s42,4,1.0
442486,bertopic,n30_c100_s42,1,0.8355614385777256
442635,bertopic,n30_c100_s42,6,1.0
442647,bertopic,n30_c100_s42,20,1.0
442817,bertopic,n30_c100_s42,8,0.9223201234285737
442842,bertopic,n30_c100_s42,5,0.985201722101038
442873,bertopic,n30_c100_s42,0,0.7926269156262562
442900,bertopic,n30_c100_s42,7,0.821920454166488
443029,bertopic,n30_c100_s42,19,1.0
443179,bertopic,n30_c100_s42,13,0.7830093138034869
443180,bertopic,n30_c100_s42,-1,0.0
443196,bertopic,n30_c100_s42,9,0.8103544014152686
443393,bertopic,n30_c100_s42,2,0.7526420824568892
443401,bertopic,n30_c100_s42,8,0.9223201234285737
443405,bertopic,n30_c100_s42,21,1.0
443462,bertopic,n30_c100_s42,12,1.0
443555,bertopic,n30_c100_s42,1,0.9807216928845042
443618,bertopic,n30_c100_s42,8,0.9220254954631698
443777,bertopic,n30_c100_s42,3,0.7608690353518964
443843,bertopic,n30_c100_s42,17,0.8662993389096302
443870,bertopic,n30_c100_s42,1,1.0
443871,bertopic,n30_c100_s42,1,0.5932160114476897
444055,bertopic,n30_c100_s42,3,1.0
444057,bertopic,n30_c100_s42,8,0.9223201234285737
444104,bertopic,n30_c100_s42,11,0.3844597596476467
444181,bertopic,n30_c100_s42,-1,0.0
444344,bertopic,n30_c100_s42,-1,0.0
444371,bertopic,n30_c100_s42,3,0.7562719586595706
444439,bertopic,n30_c100_s42,6,1.0
444561,bertopic,n30_c100_s42,13,1.0
444803,bertopic,n30_c100_s42,-1,0.0
444832,bertopic,n30_c100_s42,17,1.0
445494,bertopic,n30_c100_s42,7,1.0
445857,bertopic,n30_c100_s42,12,1.0
445867,bertopic,n30_c100_s42,-1,0.0
445956,bertopic,n30_c100_s42,15,1.0
446064,bertopic,n30_c100_s42,4,0.8978040447275785
446319,bertopic,n30_c100_s42,-1,0.0
446324,bertopic,n30_c100_s42,3,0.5860715667627935
446379,bertopic,n30_c100_s42,1,0.93415060304931
446490,bertopic,n30_c100_s42,18,1.0
446522,bertopic,n30_c100_s42,19,1.0
446581,bertopic,n30_c100_s42,-1,0.0
446623,bertopic,n30_c100_s42,-1,0.0
446710,bertopic,n30_c100_s42,-1,0.0
446777,bertopic,n30_c100_s42,1,1.0
446902,bertopic,n30_c100_s42,20,1.0
446927,bertopic,n30_c100_s42,20,0.6498682543000163
446956,bertopic,n30_c100_s42,-1,0.0
446957,bertopic,n30_c100_s42,-1,0.0
446958,bertopic,n30_c100_s42,-1,0.0
447010,bertopic,n30_c100_s42,16,1.0
447073,bertopic,n30_c100_s42,19,1.0
447095,bertopic,n30_c100_s42,8,0.9223201234285737
447123,bertopic,n30_c100_s42,17,1.0
447125,bertopic,n30_c100_s42,8,1.0
447429,bertopic,n30_c100_s42,1,1.0
449355,bertopic,n30_c100_s42,11,1.0
449680,bertopic,n30_c100_s42,19,1.0
450038,bertopic,n30_c100_s42,1,0.6785298377135384
450056,bertopic,n30_c100_s42,-1,0.0
450066,bertopic,n30_c100_s42,-1,0.0
450128,bertopic,n30_c100_s42,-1,0.0
450227,bertopic,n30_c100_s42,3,0.7393373056078498
450231,bertopic,n30_c100_s42,-1,0.0
450272,bertopic,n30_c100_s42,-1,0.0
450292,bertopic,n30_c100_s42,3,0.9220126198886265
450360,bertopic,n30_c100_s42,2,0.7006551653074544
450364,bertopic,n30_c100_s42,8,1.0
450446,bertopic,n30_c100_s42,0,0.8606445462373702
450553,bertopic,n30_c100_s42,-1,0.0
450596,bertopic,n30_c100_s42,-1,0.0
450715,bertopic,n30_c100_s42,7,1.0
450766,bertopic,n30_c100_s42,6,1.0
450804,bertopic,n30_c100_s42,3,0.7608690353518964
450805,bertopic,n30_c100_s42,-1,0.0
451002,bertopic,n30_c100_s42,7,0.9545057606203089
451025,bertopic,n30_c100_s42,6,0.8502827839454343
451077,bertopic,n30_c100_s42,7,0.9371536373310516
451223,bertopic,n30_c100_s42,14,1.0
453369,bertopic,n30_c100_s42,20,0.9737664647614086
453386,bertopic,n30_c100_s42,20,1.0
453392,bertopic,n30_c100_s42,5,1.0
453457,bertopic,n30_c100_s42,-1,0.0
453459,bertopic,n30_c100_s42,19,1.0
453483,bertopic,n30_c100_s42,18,1.0
453595,bertopic,n30_c100_s42,-1,0.0
453643,bertopic,n30_c100_s42,0,1.0
453678,bertopic,n30_c100_s42,6,1.0
453699,bertopic,n30_c100_s42,-1,0.0
453721,bertopic,n30_c100_s42,5,0.3880791196129506
453738,bertopic,n30_c100_s42,-1,0.0
453778,bertopic,n30_c100_s42,-1,0.0
453786,bertopic,n30_c100_s42,19,1.0
453843,bertopic,n30_c100_s42,4,0.7252596210970852
453858,bertopic,n30_c100_s42,-1,0.0
454168,bertopic,n30_c100_s42,5,0.49274185327964165
454675,bertopic,n30_c100_s42,-1,0.0
455316,bertopic,n30_c100_s42,10,1.0
455374,bertopic,n30_c100_s42,5,1.0
455404,bertopic,n30_c100_s42,2,0.514093398491858
455502,bertopic,n30_c100_s42,8,1.0
455676,bertopic,n30_c100_s42,4,0.9387752817512294
455693,bertopic,n30_c100_s42,18,0.9331508522873335
456011,bertopic,n30_c100_s42,13,1.0
456920,bertopic,n30_c100_s42,-1,0.0
457247,bertopic,n30_c100_s42,3,0.8532447602744132
457271,bertopic,n30_c100_s42,18,1.0
457301,bertopic,n30_c100_s42,3,0.7393373056078498
457323,bertopic,n30_c100_s42,1,0.5152254463008867
457352,bertopic,n30_c100_s42,8,1.0
457417,bertopic,n30_c100_s42,-1,0.0
457430,bertopic,n30_c100_s42,16,1.0
457438,bertopic,n30_c100_s42,2,1.0
457513,bertopic,n30_c100_s42,15,0.4040520448086677
457530,bertopic,n30_c100_s42,-1,0.0
457574,bertopic,n30_c100_s42,22,1.0
457646,bertopic,n30_c100_s42,5,0.9381571685782357
457650,bertopic,n30_c100_s42,-1,0.0
457678,bertopic,n30_c100_s42,13,0.6127290053324308
457682,bertopic,n30_c100_s42,4,0.8060539186420358
457758,bertopic,n30_c100_s42,3,1.0
458664,bertopic,n30_c100_s42,14,1.0
459503,bertopic,n30_c100_s42,2,0.4374156687117163
459535,bertopic,n30_c100_s42,21,1.0
459544,bertopic,n30_c100_s42,12,1.0
459576,bertopic,n30_c100_s42,22,1.0
459584,bertopic,n30_c100_s42,-1,0.0
459605,bertopic,n30_c100_s42,7,1.0
459618,bertopic,n30_c100_s42,17,1.0
459658,bertopic,n30_c100_s42,-1,0.0
459684,bertopic,n30_c100_s42,20,1.0
459724,bertopic,n30_c100_s42,19,1.0
459733,bertopic,n30_c100_s42,18,1.0
459735,bertopic,n30_c100_s42,-1,0.0
459768,bertopic,n30_c100_s42,4,0.5732067137923713
459774,bertopic,n30_c100_s42,17,1.0
459887,bertopic,n30_c100_s42,4,1.0
459888,bertopic,n30_c100_s42,-1,0.0
459900,bertopic,n30_c100_s42,4,0.47066913491675183
459918,bertopic,n30_c100_s42,12,1.0
459969,bertopic,n30_c100_s42,-1,0.0
460287,bertopic,n30_c100_s42,0,1.0
461040,bertopic,n30_c100_s42,-1,0.0
461287,bertopic,n30_c100_s42,15,1.0
461333,bertopic,n30_c100_s42,1,0.7409143536731629
461337,bertopic,n30_c100_s42,-1,0.0
461387,bertopic,n30_c100_s42,2,0.9791640567735169
461399,bertopic,n30_c100_s42,-1,0.0
461405,bertopic,n30_c100_s42,17,1.0
461467,bertopic,n30_c100_s42,-1,0.0
461530,bertopic,n30_c100_s42,4,0.7791203726588757
461544,bertopic,n30_c100_s42,-1,0.0
461612,bertopic,n30_c100_s42,13,1.0
461658,bertopic,n30_c100_s42,-1,0.0
461704,bertopic,n30_c100_s42,3,1.0
461751,bertopic,n30_c100_s42,4,0.9387752817512294
461759,bertopic,n30_c100_s42,-1,0.0
462095,bertopic,n30_c100_s42,15,0.19472600883482155
463196,bertopic,n30_c100_s42,0,1.0
463323,bertopic,n30_c100_s42,1,0.6558201167911402
463443,bertopic,n30_c100_s42,16,1.0
463533,bertopic,n30_c100_s42,3,0.7393373056078498
463575,bertopic,n30_c100_s42,-1,0.0
463653,bertopic,n30_c100_s42,22,1.0
463679,bertopic,n30_c100_s42,-1,0.0
463689,bertopic,n30_c100_s42,-1,0.0
463804,bertopic,n30_c100_s42,8,0.9223201234285737
463935,bertopic,n30_c100_s42,-1,0.0
464032,bertopic,n30_c100_s42,14,1.0
464041,bertopic,n30_c100_s42,-1,0.0
464042,bertopic,n30_c100_s42,20,1.0
464082,bertopic,n30_c100_s42,20,1.0
464092,bertopic,n30_c100_s42,4,1.0
464100,bertopic,n30_c100_s42,2,0.6045870786494074
464111,bertopic,n30_c100_s42,8,0.9220254954631698
464208,bertopic,n30_c100_s42,11,1.0
464536,bertopic,n30_c100_s42,10,1.0
465432,bertopic,n30_c100_s42,-1,0.0
465781,bertopic,n30_c100_s42,2,0.2481148976617643
465844,bertopic,n30_c100_s42,-1,0.0
465866,bertopic,n30_c100_s42,-1,0.0
465913,bertopic,n30_c100_s42,8,0.8816645873294734
465926,bertopic,n30_c100_s42,-1,0.0
465945,bertopic,n30_c100_s42,2,0.4472734949573142
466029,bertopic,n30_c100_s42,4,0.9387752817512294
466125,bertopic,n30_c100_s42,1,0.9807216928845042
466164,bertopic,n30_c100_s42,-1,0.0
466207,bertopic,n30_c100_s42,4,0.6892038775215139
466216,bertopic,n30_c100_s42,1,0.8055365907202222
466336,bertopic,n30_c100_s42,14,1.0
466399,bertopic,n30_c100_s42,1,0.5025434454410019
466437,bertopic,n30_c100_s42,1,0.9807216928845042
466467,bertopic,n30_c100_s42,8,1.0
466476,bertopic,n30_c100_s42,-1,0.0
466492,bertopic,n30_c100_s42,4,1.0
466520,bertopic,n30_c100_s42,10,1.0
467327,bertopic,n30_c100_s42,-1,0.0
467945,bertopic,n30_c100_s42,19,1.0
468316,bertopic,n30_c100_s42,14,1.0
468557,bertopic,n30_c100_s42,18,1.0
468562,bertopic,n30_c100_s42,6,0.8880080101854336
468595,bertopic,n30_c100_s42,-1,0.0
468651,bertopic,n30_c100_s42,22,0.716727530081758
468652,bertopic,n30_c100_s42,0,0.7216410902451207
469100,bertopic,n30_c100_s42,1,1.0
469225,bertopic,n30_c100_s42,7,0.9578973468541419
469920,bertopic,n30_c100_s42,-1,0.0
471063,bertopic,n30_c100_s42,-1,0.0
471085,bertopic,n30_c100_s42,5,0.570899818357951
471416,bertopic,n30_c100_s42,4,1.0
471430,bertopic,n30_c100_s42,12,0.8644599252470159
471445,bertopic,n30_c100_s42,3,1.0
471638,bertopic,n30_c100_s42,20,1.0
471661,bertopic,n30_c100_s42,-1,0.0
471675,bertopic,n30_c100_s42,5,0.3577758798256685
471703,bertopic,n30_c100_s42,13,0.4658853009717789
471759,bertopic,n30_c100_s42,0,1.0
471912,bertopic,n30_c100_s42,8,0.982473926683824
471933,bertopic,n30_c100_s42,-1,0.0
471939,bertopic,n30_c100_s42,-1,0.0
471973,bertopic,n30_c100_s42,4,1.0
473216,bertopic,n30_c100_s42,-1,0.0
473286,bertopic,n30_c100_s42,-1,0.0
473793,bertopic,n30_c100_s42,-1,0.0
474289,bertopic,n30_c100_s42,13,0.4658853009717789
474337,bertopic,n30_c100_s42,6,1.0
474487,bertopic,n30_c100_s42,-1,0.0
474538,bertopic,n30_c100_s42,7,0.8999240778921035
474898,bertopic,n30_c100_s42,16,1.0
475795,bertopic,n30_c100_s42,1,0.5025434454410019
476332,bertopic,n30_c100_s42,14,1.0
476927,bertopic,n30_c100_s42,15,1.0
476963,bertopic,n30_c100_s42,-1,0.0
476968,bertopic,n30_c100_s42,-1,0.0
476978,bertopic,n30_c100_s42,16,1.0
477077,bertopic,n30_c100_s42,5,0.38361211184596467
477088,bertopic,n30_c100_s42,5,1.0
477101,bertopic,n30_c100_s42,6,0.8880080101854336
477106,bertopic,n30_c100_s42,19,1.0
477235,bertopic,n30_c100_s42,-1,0.0
477305,bertopic,n30_c100_s42,8,1.0
477370,bertopic,n30_c100_s42,16,1.0
477437,bertopic,n30_c100_s42,-1,0.0
477459,bertopic,n30_c100_s42,18,1.0
477539,bertopic,n30_c100_s42,-1,0.0
477635,bertopic,n30_c100_s42,-1,0.0
477658,bertopic,n30_c100_s42,-1,0.0
477660,bertopic,n30_c100_s42,11,0.4876382647387404
477682,bertopic,n30_c100_s42,14,1.0
478016,bertopic,n30_c100_s42,17,1.0
478817,bertopic,n30_c100_s42,5,0.8370862818613268
478943,bertopic,n30_c100_s42,-1,0.0
479036,bertopic,n30_c100_s42,4,0.5732067137923713
479099,bertopic,n30_c100_s42,-1,0.0
479410,bertopic,n30_c100_s42,5,1.0
479415,bertopic,n30_c100_s42,7,0.969589876961123
479431,bertopic,n30_c100_s42,10,0.7241696228583396
479438,bertopic,n30_c100_s42,19,1.0
479522,bertopic,n30_c100_s42,21,1.0
479581,bertopic,n30_c100_s42,11,0.8240672571210244
479583,bertopic,n30_c100_s42,2,0.8366223632876806
479614,bertopic,n30_c100_s42,12,0.7115756445005392
479619,bertopic,n30_c100_s42,12,0.4752904190808425
479651,bertopic,n30_c100_s42,-1,0.0
479838,bertopic,n30_c100_s42,1,0.5025434454410019
479873,bertopic,n30_c100_s42,10,1.0
479921,bertopic,n30_c100_s42,13,1.0
479926,bertopic,n30_c100_s42,-1,0.0
479980,bertopic,n30_c100_s42,-1,0.0
479986,bertopic,n30_c100_s42,8,0.9223201234285737
480028,bertopic,n30_c100_s42,3,0.716336159797146
480768,bertopic,n30_c100_s42,-1,0.0
480783,bertopic,n30_c100_s42,6,0.4842411657917274
481646,bertopic,n30_c100_s42,0,1.0
481749,bertopic,n30_c100_s42,1,0.6696517474646547
481767,bertopic,n30_c100_s42,11,1.0
481820,bertopic,n30_c100_s42,-1,0.0
482152,bertopic,n30_c100_s42,7,0.9099758505338046
482238,bertopic,n30_c100_s42,7,0.9829738349812418
482241,bertopic,n30_c100_s42,1,1.0
482319,bertopic,n30_c100_s42,-1,0.0
482353,bertopic,n30_c100_s42,10,1.0
482421,bertopic,n30_c100_s42,8,0.9223201234285737
482627,bertopic,n30_c100_s42,7,1.0
483784,bertopic,n30_c100_s42,22,1.0
483838,bertopic,n30_c100_s42,22,1.0
483988,bertopic,n30_c100_s42,6,0.6872694896157351
484073,bertopic,n30_c100_s42,-1,0.0
484079,bertopic,n30_c100_s42,-1,0.0
484115,bertopic,n30_c100_s42,17,0.9631578513838097
484157,bertopic,n30_c100_s42,1,0.2603485158763221
484220,bertopic,n30_c100_s42,9,1.0
484288,bertopic,n30_c100_s42,5,1.0
484435,bertopic,n30_c100_s42,3,0.8532447602744132
484439,bertopic,n30_c100_s42,18,1.0
484456,bertopic,n30_c100_s42,16,1.0
484608,bertopic,n30_c100_s42,4,0.5732067137923713
484629,bertopic,n30_c100_s42,1,0.5152254463008867
484751,bertopic,n30_c100_s42,3,0.7608690353518964
484858,bertopic,n30_c100_s42,18,0.6636789787310747
485518,bertopic,n30_c100_s42,5,0.3584681423621947
486011,bertopic,n30_c100_s42,17,1.0
486798,bertopic,n30_c100_s42,16,1.0
486860,bertopic,n30_c100_s42,7,1.0
486861,bertopic,n30_c100_s42,13,1.0
486877,bertopic,n30_c100_s42,0,1.0
486978,bertopic,n30_c100_s42,16,1.0
487012,bertopic,n30_c100_s42,3,0.6174466674831688
487016,bertopic,n30_c100_s42,5,0.7613737596153131
487085,bertopic,n30_c100_s42,-1,0.0
487216,bertopic,n30_c100_s42,11,0.9350912592477313
487977,bertopic,n30_c100_s42,18,1.0
488172,bertopic,n30_c100_s42,2,1.0
488824,bertopic,n30_c100_s42,-1,0.0
488825,bertopic,n30_c100_s42,-1,0.0
488844,bertopic,n30_c100_s42,-1,0.0
488874,bertopic,n30_c100_s42,13,1.0
488913,bertopic,n30_c100_s42,1,0.7565785702218009
489064,bertopic,n30_c100_s42,1,1.0
489107,bertopic,n30_c100_s42,9,0.9976435544063357
489114,bertopic,n30_c100_s42,11,0.4876382647387404
489163,bertopic,n30_c100_s42,13,1.0
489221,bertopic,n30_c100_s42,5,0.3880791196129506
489234,bertopic,n30_c100_s42,-1,0.0
489263,bertopic,n30_c100_s42,7,0.9545057606203089
489337,bertopic,n30_c100_s42,-1,0.0
489439,bertopic,n30_c100_s42,-1,0.0
489482,bertopic,n30_c100_s42,3,0.6174466674831688
489530,bertopic,n30_c100_s42,11,0.4876382647387404
489559,bertopic,n30_c100_s42,-1,0.0
489653,bertopic,n30_c100_s42,14,0.7763660168250162
489735,bertopic,n30_c100_s42,-1,0.0
489819,bertopic,n30_c100_s42,11,0.4876382647387404
491067,bertopic,n30_c100_s42,9,0.6669551467923672
491375,bertopic,n30_c100_s42,-1,0.0
491428,bertopic,n30_c100_s42,2,1.0
491542,bertopic,n30_c100_s42,17,1.0
491548,bertopic,n30_c100_s42,-1,0.0
491598,bertopic,n30_c100_s42,1,0.4679189518057373
491620,bertopic,n30_c100_s42,21,1.0
491822,bertopic,n30_c100_s42,15,0.7390826165679704
492212,bertopic,n30_c100_s42,0,1.0
493979,bertopic,n30_c100_s42,2,0.8366223632876806
494027,bertopic,n30_c100_s42,-1,0.0
494031,bertopic,n30_c100_s42,3,0.4287895535556105
494115,bertopic,n30_c100_s42,4,0.9335998490613276
494161,bertopic,n30_c100_s42,12,0.8854695817320494
494229,bertopic,n30_c100_s42,21,1.0
494282,bertopic,n30_c100_s42,12,0.5655453050495145
494525,bertopic,n30_c100_s42,2,0.7214865469305083
494626,bertopic,n30_c100_s42,10,1.0
494723,bertopic,n30_c100_s42,-1,0.0
496131,bertopic,n30_c100_s42,4,0.5732067137923713
496220,bertopic,n30_c100_s42,-1,0.0
496252,bertopic,n30_c100_s42,5,1.0
496366,bertopic,n30_c100_s42,-1,0.0
496445,bertopic,n30_c100_s42,11,1.0
496447,bertopic,n30_c100_s42,-1,0.0
496606,bertopic,n30_c100_s42,5,0.7613737596153131
496752,bertopic,n30_c100_s42,-1,0.0
496800,bertopic,n30_c100_s42,11,0.749164343829506
496813,bertopic,n30_c100_s42,-1,0.0
496913,bertopic,n30_c100_s42,-1,0.0
496952,bertopic,n30_c100_s42,22,1.0
496962,bertopic,n30_c100_s42,11,0.33455269495019246
497038,bertopic,n30_c100_s42,11,1.0
497100,bertopic,n30_c100_s42,-1,0.0
497255,bertopic,n30_c100_s42,-1,0.0
497274,bertopic,n30_c100_s42,12,1.0
497296,bertopic,n30_c100_s42,-1,0.0
497304,bertopic,n30_c100_s42,3,0.9220126198886265
497322,bertopic,n30_c100_s42,17,1.0
497392,bertopic,n30_c100_s42,-1,0.0
497413,bertopic,n30_c100_s42,-1,0.0
497497,bertopic,n30_c100_s42,14,0.7763660168250162
497505,bertopic,n30_c100_s42,4,0.9387752817512294
497555,bertopic,n30_c100_s42,-1,0.0
497666,bertopic,n30_c100_s42,14,1.0
497718,bertopic,n30_c100_s42,-1,0.0
497727,bertopic,n30_c100_s42,19,1.0
497750,bertopic,n30_c100_s42,-1,0.0
497856,bertopic,n30_c100_s42,3,0.8532447602744132
497874,bertopic,n30_c100_s42,14,1.0
497890,bertopic,n30_c100_s42,8,0.982473926683824
497893,bertopic,n30_c100_s42,16,1.0
498063,bertopic,n30_c100_s42,8,0.9220254954631698
498085,bertopic,n30_c100_s42,7,0.9545057606203089
498088,bertopic,n30_c100_s42,13,1.0
498101,bertopic,n30_c100_s42,11,0.9204300526760347
498246,bertopic,n30_c100_s42,18,0.5868834568917454
498337,bertopic,n30_c100_s42,8,1.0
498671,bertopic,n30_c100_s42,19,1.0
498912,bertopic,n30_c100_s42,-1,0.0
498918,bertopic,n30_c100_s42,2,0.9788740732587082
498964,bertopic,n30_c100_s42,18,1.0
498969,bertopic,n30_c100_s42,1,1.0
499000,bertopic,n30_c100_s42,20,0.7089166749076534
499097,bertopic,n30_c100_s42,14,1.0
499113,bertopic,n30_c100_s42,20,1.0
499154,bertopic,n30_c100_s42,2,0.865859752582567
499189,bertopic,n30_c100_s42,-1,0.0
499248,bertopic,n30_c100_s42,-1,0.0
499278,bertopic,n30_c100_s42,1,0.6785298377135384
499333,bertopic,n30_c100_s42,19,1.0
499356,bertopic,n30_c100_s42,18,0.6283505791722838
499390,bertopic,n30_c100_s42,-1,0.0
499418,bertopic,n30_c100_s42,-1,0.0
499439,bertopic,n30_c100_s42,3,0.655087488741389
499463,bertopic,n30_c100_s42,-1,0.0
500081,bertopic,n30_c100_s42,14,0.7715915352979179
500196,bertopic,n30_c100_s42,0,1.0
500279,bertopic,n30_c100_s42,11,0.9852473844309866
500333,bertopic,n30_c100_s42,11,0.4187854387522932
500345,bertopic,n30_c100_s42,-1,0.0
500537,bertopic,n30_c100_s42,-1,0.0
502006,bertopic,n30_c100_s42,16,1.0
503632,bertopic,n30_c100_s42,11,0.9284899924865793
503778,bertopic,n30_c100_s42,11,1.0
505906,bertopic,n30_c100_s42,9,1.0
506635,bertopic,n30_c100_s42,1,0.6638111096505589
506955,bertopic,n30_c100_s42,8,1.0
507122,bertopic,n30_c100_s42,6,1.0
508115,bertopic,n30_c100_s42,-1,0.0
508869,bertopic,n30_c100_s42,18,0.8838294367044478
508937,bertopic,n30_c100_s42,2,1.0
509506,bertopic,n30_c100_s42,9,0.9976435544063357
511170,bertopic,n30_c100_s42,14,1.0
511179,bertopic,n30_c100_s42,18,1.0
511252,bertopic,n30_c100_s42,-1,0.0
511331,bertopic,n30_c100_s42,17,0.9081615494804428
511345,bertopic,n30_c100_s42,3,1.0
511399,bertopic,n30_c100_s42,16,1.0
511565,bertopic,n30_c100_s42,21,0.8792894495885396
511588,bertopic,n30_c100_s42,14,1.0
511730,bertopic,n30_c100_s42,-1,0.0
511777,bertopic,n30_c100_s42,-1,0.0
511797,bertopic,n30_c100_s42,4,0.5709093680444737
511823,bertopic,n30_c100_s42,1,0.5152254463008867
511827,bertopic,n30_c100_s42,-1,0.0
511961,bertopic,n30_c100_s42,-1,0.0
511962,bertopic,n30_c100_s42,9,1.0
512005,bertopic,n30_c100_s42,9,1.0
512013,bertopic,n30_c100_s42,9,1.0
512039,bertopic,n30_c100_s42,1,0.6376458454058052
512057,bertopic,n30_c100_s42,9,1.0
512300,bertopic,n30_c100_s42,5,0.448574495313608
512473,bertopic,n30_c100_s42,0,1.0
512660,bertopic,n30_c100_s42,-1,0.0
512733,bertopic,n30_c100_s42,-1,0.0
512832,bertopic,n30_c100_s42,1,0.2603485158763221
512852,bertopic,n30_c100_s42,-1,0.0
512924,bertopic,n30_c100_s42,-1,0.0
513063,bertopic,n30_c100_s42,13,0.372752981165459
513118,bertopic,n30_c100_s42,-1,0.0
513363,bertopic,n30_c100_s42,12,0.696986863996025
513460,bertopic,n30_c100_s42,-1,0.0
513500,bertopic,n30_c100_s42,7,0.969589876961123
513642,bertopic,n30_c100_s42,8,1.0
513775,bertopic,n30_c100_s42,1,0.5152254463008867
513805,bertopic,n30_c100_s42,-1,0.0
513841,bertopic,n30_c100_s42,22,1.0
514057,bertopic,n30_c100_s42,4,0.9387752817512294
514133,bertopic,n30_c100_s42,-1,0.0
514176,bertopic,n30_c100_s42,19,1.0
514182,bertopic,n30_c100_s42,-1,0.0
514664,bertopic,n30_c100_s42,-1,0.0
514787,bertopic,n30_c100_s42,9,1.0
514805,bertopic,n30_c100_s42,3,0.9220126198886265
514832,bertopic,n30_c100_s42,5,1.0
514860,bertopic,n30_c100_s42,8,1.0
514938,bertopic,n30_c100_s42,4,0.9387752817512294
514960,bertopic,n30_c100_s42,-1,0.0
514974,bertopic,n30_c100_s42,4,1.0
515042,bertopic,n30_c100_s42,9,0.9976435544063357
515080,bertopic,n30_c100_s42,4,1.0
515136,bertopic,n30_c100_s42,8,1.0
515159,bertopic,n30_c100_s42,11,1.0
515219,bertopic,n30_c100_s42,20,0.9129371184120748
515272,bertopic,n30_c100_s42,-1,0.0
515699,bertopic,n30_c100_s42,-1,0.0
515842,bertopic,n30_c100_s42,12,0.8823469044821861
515927,bertopic,n30_c100_s42,-1,0.0
515958,bertopic,n30_c100_s42,22,1.0
516092,bertopic,n30_c100_s42,20,1.0
516109,bertopic,n30_c100_s42,0,1.0
516293,bertopic,n30_c100_s42,16,1.0
516330,bertopic,n30_c100_s42,16,1.0
516367,bertopic,n30_c100_s42,20,1.0
516403,bertopic,n30_c100_s42,-1,0.0
516408,bertopic,n30_c100_s42,13,1.0
516409,bertopic,n30_c100_s42,1,0.2603485158763221
516421,bertopic,n30_c100_s42,21,1.0
516440,bertopic,n30_c100_s42,22,1.0
516488,bertopic,n30_c100_s42,9,0.9976435544063357
517090,bertopic,n30_c100_s42,-1,0.0
517138,bertopic,n30_c100_s42,-1,0.0
517204,bertopic,n30_c100_s42,-1,0.0
517420,bertopic,n30_c100_s42,0,1.0
517505,bertopic,n30_c100_s42,11,1.0
517550,bertopic,n30_c100_s42,7,0.8823217493450556
517674,bertopic,n30_c100_s42,9,0.9996233044277475
517758,bertopic,n30_c100_s42,16,1.0
517821,bertopic,n30_c100_s42,0,1.0
517822,bertopic,n30_c100_s42,9,0.9996233044277475
517838,bertopic,n30_c100_s42,1,0.5152254463008867
517852,bertopic,n30_c100_s42,9,0.9996233044277475
517981,bertopic,n30_c100_s42,1,0.5152254463008867
518213,bertopic,n30_c100_s42,7,0.9545057606203089
518246,bertopic,n30_c100_s42,1,0.5152254463008867
518263,bertopic,n30_c100_s42,1,0.5152254463008867
518483,bertopic,n30_c100_s42,14,0.6762621525127875
518526,bertopic,n30_c100_s42,1,0.5152254463008867
518600,bertopic,n30_c100_s42,20,0.7176487080070906
518770,bertopic,n30_c100_s42,-1,0.0
518930,bertopic,n30_c100_s42,1,0.2603485158763221
519054,bertopic,n30_c100_s42,11,0.4876382647387404
519122,bertopic,n30_c100_s42,-1,0.0
519227,bertopic,n30_c100_s42,13,1.0
519285,bertopic,n30_c100_s42,5,0.9874639111031661
519442,bertopic,n30_c100_s42,22,1.0
519454,bertopic,n30_c100_s42,5,0.9907899430809988
519497,bertopic,n30_c100_s42,-1,0.0
519678,bertopic,n30_c100_s42,14,0.7763660168250162
519737,bertopic,n30_c100_s42,0,0.9714313247710052
519768,bertopic,n30_c100_s42,-1,0.0
520270,bertopic,n30_c100_s42,3,0.7608690353518964
520379,bertopic,n30_c100_s42,7,0.9244358433481588
520436,bertopic,n30_c100_s42,-1,0.0
520508,bertopic,n30_c100_s42,-1,0.0
520596,bertopic,n30_c100_s42,1,0.5152254463008867
520696,bertopic,n30_c100_s42,20,0.7089166749076534
520721,bertopic,n30_c100_s42,-1,0.0
521362,bertopic,n30_c100_s42,-1,0.0
521484,bertopic,n30_c100_s42,3,0.7608690353518964
521891,bertopic,n30_c100_s42,-1,0.0
521904,bertopic,n30_c100_s42,8,1.0
522426,bertopic,n30_c100_s42,0,1.0
522438,bertopic,n30_c100_s42,0,1.0
522469,bertopic,n30_c100_s42,20,1.0
522791,bertopic,n30_c100_s42,-1,0.0
523019,bertopic,n30_c100_s42,-1,0.0
523222,bertopic,n30_c100_s42,0,1.0
523316,bertopic,n30_c100_s42,-1,0.0
523377,bertopic,n30_c100_s42,-1,0.0
523538,bertopic,n30_c100_s42,0,1.0
523850,bertopic,n30_c100_s42,0,1.0
523908,bertopic,n30_c100_s42,3,0.7608690353518964
524036,bertopic,n30_c100_s42,15,1.0
524145,bertopic,n30_c100_s42,-1,0.0
524190,bertopic,n30_c100_s42,-1,0.0
524511,bertopic,n30_c100_s42,16,1.0
524536,bertopic,n30_c100_s42,1,0.5152254463008867
524630,bertopic,n30_c100_s42,-1,0.0
524757,bertopic,n30_c100_s42,0,1.0
524928,bertopic,n30_c100_s42,17,1.0
524986,bertopic,n30_c100_s42,3,1.0
525124,bertopic,n30_c100_s42,22,1.0
525133,bertopic,n30_c100_s42,16,1.0
525139,bertopic,n30_c100_s42,13,1.0
525194,bertopic,n30_c100_s42,-1,0.0
525300,bertopic,n30_c100_s42,-1,0.0
525367,bertopic,n30_c100_s42,18,1.0
525409,bertopic,n30_c100_s42,-1,0.0
525412,bertopic,n30_c100_s42,22,0.9749494787795401
525456,bertopic,n30_c100_s42,12,1.0
525516,bertopic,n30_c100_s42,-1,0.0
525732,bertopic,n30_c100_s42,7,1.0
525922,bertopic,n30_c100_s42,11,1.0
525979,bertopic,n30_c100_s42,16,1.0
526042,bertopic,n30_c100_s42,6,0.8591851774887203
526238,bertopic,n30_c100_s42,16,1.0
526366,bertopic,n30_c100_s42,16,1.0
526532,bertopic,n30_c100_s42,15,1.0
526678,bertopic,n30_c100_s42,3,1.0
526726,bertopic,n30_c100_s42,22,1.0
526886,bertopic,n30_c100_s42,0,1.0
526947,bertopic,n30_c100_s42,14,1.0
526953,bertopic,n30_c100_s42,22,1.0
526970,bertopic,n30_c100_s42,-1,0.0
527032,bertopic,n30_c100_s42,9,0.9551165897224847
527100,bertopic,n30_c100_s42,9,1.0
527102,bertopic,n30_c100_s42,9,1.0
527245,bertopic,n30_c100_s42,-1,0.0
527272,bertopic,n30_c100_s42,21,1.0
527358,bertopic,n30_c100_s42,-1,0.0
527538,bertopic,n30_c100_s42,-1,0.0
527542,bertopic,n30_c100_s42,20,1.0
527555,bertopic,n30_c100_s42,-1,0.0
527579,bertopic,n30_c100_s42,14,1.0
527763,bertopic,n30_c100_s42,-1,0.0
527928,bertopic,n30_c100_s42,-1,0.0
528014,bertopic,n30_c100_s42,11,0.4876382647387404
528219,bertopic,n30_c100_s42,13,0.9336871392020762
528257,bertopic,n30_c100_s42,1,0.5152254463008867
528287,bertopic,n30_c100_s42,-1,0.0
528469,bertopic,n30_c100_s42,-1,0.0
528560,bertopic,n30_c100_s42,21,1.0
528562,bertopic,n30_c100_s42,15,1.0
528614,bertopic,n30_c100_s42,-1,0.0
528663,bertopic,n30_c100_s42,8,1.0
528701,bertopic,n30_c100_s42,21,1.0
528715,bertopic,n30_c100_s42,21,1.0
528747,bertopic,n30_c100_s42,0,1.0
528750,bertopic,n30_c100_s42,22,1.0
528769,bertopic,n30_c100_s42,0,1.0
528783,bertopic,n30_c100_s42,0,0.9457904265431604
528784,bertopic,n30_c100_s42,0,1.0
528785,bertopic,n30_c100_s42,0,1.0
528799,bertopic,n30_c100_s42,0,0.9097426481700608
528806,bertopic,n30_c100_s42,0,1.0
528994,bertopic,n30_c100_s42,1,0.344687574980614
529019,bertopic,n30_c100_s42,16,1.0
529024,bertopic,n30_c100_s42,13,1.0
529054,bertopic,n30_c100_s42,0,1.0
529298,bertopic,n30_c100_s42,-1,0.0
529411,bertopic,n30_c100_s42,8,0.9677030093339538
529430,bertopic,n30_c100_s42,11,0.3844597596476467
529729,bertopic,n30_c100_s42,6,0.8556568562932456
530150,bertopic,n30_c100_s42,18,1.0
530361,bertopic,n30_c100_s42,-1,0.0
530398,bertopic,n30_c100_s42,11,1.0
530405,bertopic,n30_c100_s42,0,1.0
530436,bertopic,n30_c100_s42,21,1.0
530451,bertopic,n30_c100_s42,-1,0.0
530462,bertopic,n30_c100_s42,4,0.7824851347546645
530489,bertopic,n30_c100_s42,9,0.9184885037684344
530549,bertopic,n30_c100_s42,6,0.8880080101854336
530658,bertopic,n30_c100_s42,7,1.0
530817,bertopic,n30_c100_s42,-1,0.0
530840,bertopic,n30_c100_s42,-1,0.0
530871,bertopic,n30_c100_s42,18,1.0
530990,bertopic,n30_c100_s42,15,1.0
531039,bertopic,n30_c100_s42,22,1.0
531051,bertopic,n30_c100_s42,3,0.7608690353518964
531151,bertopic,n30_c100_s42,-1,0.0
531339,bertopic,n30_c100_s42,16,1.0
531459,bertopic,n30_c100_s42,16,1.0
531474,bertopic,n30_c100_s42,9,1.0
531490,bertopic,n30_c100_s42,1,0.5152254463008867
531522,bertopic,n30_c100_s42,9,0.9613828664578542
531531,bertopic,n30_c100_s42,1,0.5152254463008867
531537,bertopic,n30_c100_s42,1,0.5152254463008867
531554,bertopic,n30_c100_s42,22,1.0
531594,bertopic,n30_c100_s42,6,0.8880080101854336
531597,bertopic,n30_c100_s42,8,0.9117831582851991
531615,bertopic,n30_c100_s42,6,0.8880080101854336
531744,bertopic,n30_c100_s42,10,0.6979979028975885
531745,bertopic,n30_c100_s42,6,0.8880080101854336
531801,bertopic,n30_c100_s42,1,0.6785298377135384
531894,bertopic,n30_c100_s42,6,0.8880080101854336
531964,bertopic,n30_c100_s42,6,0.8880080101854336
531978,bertopic,n30_c100_s42,21,1.0
531987,bertopic,n30_c100_s42,6,0.9505898561787366
532013,bertopic,n30_c100_s42,0,1.0
532151,bertopic,n30_c100_s42,3,1.0
532231,bertopic,n30_c100_s42,0,1.0
532235,bertopic,n30_c100_s42,12,1.0
532242,bertopic,n30_c100_s42,4,1.0
532245,bertopic,n30_c100_s42,-1,0.0
532266,bertopic,n30_c100_s42,12,0.8524008685719883
532268,bertopic,n30_c100_s42,-1,0.0
532278,bertopic,n30_c100_s42,4,0.5709093680444737
532325,bertopic,n30_c100_s42,21,1.0
532346,bertopic,n30_c100_s42,18,1.0
532373,bertopic,n30_c100_s42,21,1.0
532416,bertopic,n30_c100_s42,21,1.0
532425,bertopic,n30_c100_s42,18,1.0
532443,bertopic,n30_c100_s42,-1,0.0
532449,bertopic,n30_c100_s42,20,1.0
532513,bertopic,n30_c100_s42,-1,0.0
532573,bertopic,n30_c100_s42,16,1.0
532644,bertopic,n30_c100_s42,16,1.0
532654,bertopic,n30_c100_s42,21,1.0
532663,bertopic,n30_c100_s42,16,1.0
532672,bertopic,n30_c100_s42,20,1.0
532693,bertopic,n30_c100_s42,0,1.0
532716,bertopic,n30_c100_s42,-1,0.0
532781,bertopic,n30_c100_s42,1,0.6785298377135384
532782,bertopic,n30_c100_s42,0,1.0
532799,bertopic,n30_c100_s42,-1,0.0
532812,bertopic,n30_c100_s42,21,0.9817220209316445
532823,bertopic,n30_c100_s42,-1,0.0
532828,bertopic,n30_c100_s42,21,1.0
532896,bertopic,n30_c100_s42,-1,0.0
532914,bertopic,n30_c100_s42,-1,0.0
532953,bertopic,n30_c100_s42,9,0.8155101597940211
533057,bertopic,n30_c100_s42,8,0.8959953219823233
533058,bertopic,n30_c100_s42,-1,0.0
533085,bertopic,n30_c100_s42,1,0.5152254463008867
533196,bertopic,n30_c100_s42,8,0.982473926683824
533242,bertopic,n30_c100_s42,0,1.0
533250,bertopic,n30_c100_s42,0,1.0
533262,bertopic,n30_c100_s42,-1,0.0
533285,bertopic,n30_c100_s42,5,1.0
533288,bertopic,n30_c100_s42,-1,0.0
533306,bertopic,n30_c100_s42,-1,0.0
533407,bertopic,n30_c100_s42,8,0.9220254954631698
533428,bertopic,n30_c100_s42,-1,0.0
533642,bertopic,n30_c100_s42,2,0.2481148976617643
533835,bertopic,n30_c100_s42,9,1.0
533845,bertopic,n30_c100_s42,20,1.0
533871,bertopic,n30_c100_s42,-1,0.0
533882,bertopic,n30_c100_s42,17,1.0
533917,bertopic,n30_c100_s42,5,0.8586210695688413
533998,bertopic,n30_c100_s42,10,1.0
534007,bertopic,n30_c100_s42,22,1.0
534077,bertopic,n30_c100_s42,21,1.0
534195,bertopic,n30_c100_s42,-1,0.0
534290,bertopic,n30_c100_s42,6,0.8880080101854336
534308,bertopic,n30_c100_s42,5,0.9818341660134688
534363,bertopic,n30_c100_s42,14,1.0
534382,bertopic,n30_c100_s42,3,0.8532447602744132
534472,bertopic,n30_c100_s42,-1,0.0
534489,bertopic,n30_c100_s42,9,0.9976435544063357
534509,bertopic,n30_c100_s42,1,0.5152254463008867
534534,bertopic,n30_c100_s42,-1,0.0
534575,bertopic,n30_c100_s42,-1,0.0
534716,bertopic,n30_c100_s42,5,0.8997333754515444
534884,bertopic,n30_c100_s42,6,0.9547311750270857
534886,bertopic,n30_c100_s42,-1,0.0
534985,bertopic,n30_c100_s42,2,1.0
535092,bertopic,n30_c100_s42,13,1.0
535101,bertopic,n30_c100_s42,2,1.0
535122,bertopic,n30_c100_s42,6,0.8880080101854336
535230,bertopic,n30_c100_s42,-1,0.0
535237,bertopic,n30_c100_s42,6,0.8880080101854336
535242,bertopic,n30_c100_s42,9,1.0
535311,bertopic,n30_c100_s42,3,1.0
535323,bertopic,n30_c100_s42,-1,0.0
535451,bertopic,n30_c100_s42,6,0.8880080101854336
535473,bertopic,n30_c100_s42,-1,0.0
535564,bertopic,n30_c100_s42,12,1.0
535633,bertopic,n30_c100_s42,-1,0.0
535724,bertopic,n30_c100_s42,11,0.4876382647387404
535802,bertopic,n30_c100_s42,-1,0.0
535817,bertopic,n30_c100_s42,2,1.0
535879,bertopic,n30_c100_s42,-1,0.0
535909,bertopic,n30_c100_s42,18,1.0
536024,bertopic,n30_c100_s42,16,1.0
536518,bertopic,n30_c100_s42,6,1.0
536545,bertopic,n30_c100_s42,6,1.0
536605,bertopic,n30_c100_s42,-1,0.0
536618,bertopic,n30_c100_s42,-1,0.0
536920,bertopic,n30_c100_s42,8,0.9223201234285737
536999,bertopic,n30_c100_s42,20,1.0
537046,bertopic,n30_c100_s42,-1,0.0
537187,bertopic,n30_c100_s42,2,1.0
537251,bertopic,n30_c100_s42,0,0.36824908532147643
537257,bertopic,n30_c100_s42,0,1.0
537353,bertopic,n30_c100_s42,4,0.9387752817512294
537401,bertopic,n30_c100_s42,17,1.0
537422,bertopic,n30_c100_s42,-1,0.0
537437,bertopic,n30_c100_s42,12,0.469666024052343
537486,bertopic,n30_c100_s42,15,1.0
537540,bertopic,n30_c100_s42,0,0.36824908532147643
537622,bertopic,n30_c100_s42,12,0.7963864432548793
537714,bertopic,n30_c100_s42,-1,0.0
537741,bertopic,n30_c100_s42,11,1.0
538018,bertopic,n30_c100_s42,-1,0.0
538067,bertopic,n30_c100_s42,1,1.0
538170,bertopic,n30_c100_s42,15,1.0
538222,bertopic,n30_c100_s42,2,0.5713533223544114
538244,bertopic,n30_c100_s42,-1,0.0
538337,bertopic,n30_c100_s42,-1,0.0
538458,bertopic,n30_c100_s42,-1,0.0
538473,bertopic,n30_c100_s42,-1,0.0
538492,bertopic,n30_c100_s42,2,0.6525281822384201
538519,bertopic,n30_c100_s42,9,1.0
538680,bertopic,n30_c100_s42,9,1.0
538689,bertopic,n30_c100_s42,13,1.0
538703,bertopic,n30_c100_s42,0,1.0
538717,bertopic,n30_c100_s42,22,0.8759645614524391
538770,bertopic,n30_c100_s42,-1,0.0
538792,bertopic,n30_c100_s42,5,0.5495331245466337
538833,bertopic,n30_c100_s42,16,1.0
538838,bertopic,n30_c100_s42,1,1.0
538955,bertopic,n30_c100_s42,2,1.0
539051,bertopic,n30_c100_s42,2,1.0
539052,bertopic,n30_c100_s42,1,0.3788816043002571
539101,bertopic,n30_c100_s42,1,0.5152254463008867
539223,bertopic,n30_c100_s42,13,1.0
539365,bertopic,n30_c100_s42,3,0.9220126198886265
539369,bertopic,n30_c100_s42,3,0.9220126198886265
539540,bertopic,n30_c100_s42,-1,0.0
539737,bertopic,n30_c100_s42,2,0.5713533223544114
539863,bertopic,n30_c100_s42,8,1.0
539927,bertopic,n30_c100_s42,1,0.9807216928845042
540126,bertopic,n30_c100_s42,14,1.0
540219,bertopic,n30_c100_s42,-1,0.0
540367,bertopic,n30_c100_s42,12,1.0
540368,bertopic,n30_c100_s42,14,1.0
540442,bertopic,n30_c100_s42,15,1.0
540451,bertopic,n30_c100_s42,5,1.0
540477,bertopic,n30_c100_s42,1,0.2603485158763221
540534,bertopic,n30_c100_s42,1,0.6954090518593544
540630,bertopic,n30_c100_s42,14,1.0
540669,bertopic,n30_c100_s42,3,0.7393373056078498
540693,bertopic,n30_c100_s42,-1,0.0
540869,bertopic,n30_c100_s42,-1,0.0
540895,bertopic,n30_c100_s42,0,0.48838472012142187
540914,bertopic,n30_c100_s42,-1,0.0
540964,bertopic,n30_c100_s42,-1,0.0
541045,bertopic,n30_c100_s42,1,0.628994986272184
541104,bertopic,n30_c100_s42,16,1.0
541137,bertopic,n30_c100_s42,12,1.0
541162,bertopic,n30_c100_s42,3,0.7393373056078498
541211,bertopic,n30_c100_s42,-1,0.0
541339,bertopic,n30_c100_s42,-1,0.0
541374,bertopic,n30_c100_s42,-1,0.0
541385,bertopic,n30_c100_s42,13,0.7830093138034869
541402,bertopic,n30_c100_s42,11,1.0
541424,bertopic,n30_c100_s42,13,1.0
541446,bertopic,n30_c100_s42,11,1.0
541518,bertopic,n30_c100_s42,-1,0.0
541556,bertopic,n30_c100_s42,-1,0.0
541586,bertopic,n30_c100_s42,-1,0.0
541848,bertopic,n30_c100_s42,23,1.0
541900,bertopic,n30_c100_s42,-1,0.0
541933,bertopic,n30_c100_s42,-1,0.0
541967,bertopic,n30_c100_s42,9,0.9976435544063357
542073,bertopic,n30_c100_s42,-1,0.0
542075,bertopic,n30_c100_s42,14,1.0
542164,bertopic,n30_c100_s42,20,1.0
542345,bertopic,n30_c100_s42,13,1.0
542423,bertopic,n30_c100_s42,0,1.0
542446,bertopic,n30_c100_s42,0,1.0
542542,bertopic,n30_c100_s42,15,1.0
542770,bertopic,n30_c100_s42,-1,0.0
542814,bertopic,n30_c100_s42,3,0.9365346855725267
542853,bertopic,n30_c100_s42,12,0.9393358766280786
542860,bertopic,n30_c100_s42,5,0.7356042155179628
542911,bertopic,n30_c100_s42,18,1.0
542917,bertopic,n30_c100_s42,0,0.5041651173221762
542927,bertopic,n30_c100_s42,0,1.0
543061,bertopic,n30_c100_s42,0,0.6597451585688398
543074,bertopic,n30_c100_s42,-1,0.0
543199,bertopic,n30_c100_s42,20,0.7089166749076534
543253,bertopic,n30_c100_s42,3,0.8532447602744132
543527,bertopic,n30_c100_s42,15,1.0
543631,bertopic,n30_c100_s42,0,0.8759463692399438
543752,bertopic,n30_c100_s42,12,1.0
543798,bertopic,n30_c100_s42,4,1.0
543801,bertopic,n30_c100_s42,3,1.0
543888,bertopic,n30_c100_s42,21,1.0
543931,bertopic,n30_c100_s42,14,0.7763660168250162
543982,bertopic,n30_c100_s42,-1,0.0
544171,bertopic,n30_c100_s42,9,0.9976435544063357
544222,bertopic,n30_c100_s42,14,1.0
544370,bertopic,n30_c100_s42,9,1.0
544383,bertopic,n30_c100_s42,0,1.0
544495,bertopic,n30_c100_s42,3,0.9365346855725267
544549,bertopic,n30_c100_s42,-1,0.0
544691,bertopic,n30_c100_s42,1,0.6785298377135384
544717,bertopic,n30_c100_s42,-1,0.0
544815,bertopic,n30_c100_s42,0,1.0
544945,bertopic,n30_c100_s42,21,0.9274750198686978
545076,bertopic,n30_c100_s42,14,1.0
545090,bertopic,n30_c100_s42,-1,0.0
545113,bertopic,n30_c100_s42,2,0.5007298980653443
545349,bertopic,n30_c100_s42,2,1.0
545356,bertopic,n30_c100_s42,2,0.7531382612162335
545373,bertopic,n30_c100_s42,-1,0.0
545605,bertopic,n30_c100_s42,17,0.639352892879448
545612,bertopic,n30_c100_s42,7,0.8747785196909389
545631,bertopic,n30_c100_s42,1,0.6748963622104048
545646,bertopic,n30_c100_s42,16,1.0
545698,bertopic,n30_c100_s42,-1,0.0
545713,bertopic,n30_c100_s42,2,0.514093398491858
545815,bertopic,n30_c100_s42,8,1.0
545913,bertopic,n30_c100_s42,5,0.5495331245466337
545996,bertopic,n30_c100_s42,15,1.0
546020,bertopic,n30_c100_s42,17,1.0
546031,bertopic,n30_c100_s42,-1,0.0
546045,bertopic,n30_c100_s42,2,0.8131056569068811
546051,bertopic,n30_c100_s42,-1,0.0
546058,bertopic,n30_c100_s42,14,0.7763660168250162
546154,bertopic,n30_c100_s42,-1,0.0
546160,bertopic,n30_c100_s42,0,1.0
546207,bertopic,n30_c100_s42,18,1.0
546245,bertopic,n30_c100_s42,-1,0.0
546308,bertopic,n30_c100_s42,1,0.5025434454410019
546320,bertopic,n30_c100_s42,8,0.982473926683824
546374,bertopic,n30_c100_s42,-1,0.0
546490,bertopic,n30_c100_s42,1,1.0
546531,bertopic,n30_c100_s42,21,1.0
546575,bertopic,n30_c100_s42,4,0.9387752817512294
546698,bertopic,n30_c100_s42,-1,0.0
546719,bertopic,n30_c100_s42,1,1.0
546846,bertopic,n30_c100_s42,14,0.8357702578506014
546848,bertopic,n30_c100_s42,-1,0.0
547261,bertopic,n30_c100_s42,16,1.0
547350,bertopic,n30_c100_s42,15,0.4006704415937316
547354,bertopic,n30_c100_s42,14,1.0
547487,bertopic,n30_c100_s42,2,0.514093398491858
547492,bertopic,n30_c100_s42,1,1.0
547511,bertopic,n30_c100_s42,-1,0.0
547560,bertopic,n30_c100_s42,17,1.0
547575,bertopic,n30_c100_s42,5,1.0
547684,bertopic,n30_c100_s42,0,0.36824908532147643
547687,bertopic,n30_c100_s42,-1,0.0
547776,bertopic,n30_c100_s42,7,0.8255652198616933
547821,bertopic,n30_c100_s42,14,1.0
547826,bertopic,n30_c100_s42,-1,0.0
547863,bertopic,n30_c100_s42,0,0.5041651173221762
547928,bertopic,n30_c100_s42,0,1.0
547959,bertopic,n30_c100_s42,15,0.6297205189900177
548026,bertopic,n30_c100_s42,-1,0.0
548152,bertopic,n30_c100_s42,2,0.514093398491858
548169,bertopic,n30_c100_s42,16,1.0
548254,bertopic,n30_c100_s42,2,0.514093398491858
548362,bertopic,n30_c100_s42,1,0.7868613931502817
548526,bertopic,n30_c100_s42,-1,0.0
548559,bertopic,n30_c100_s42,21,1.0
548607,bertopic,n30_c100_s42,12,1.0
548636,bertopic,n30_c100_s42,21,1.0
548701,bertopic,n30_c100_s42,-1,0.0
548736,bertopic,n30_c100_s42,4,0.5709093680444737
548773,bertopic,n30_c100_s42,-1,0.0
548800,bertopic,n30_c100_s42,-1,0.0
548878,bertopic,n30_c100_s42,21,1.0
548965,bertopic,n30_c100_s42,-1,0.0
548981,bertopic,n30_c100_s42,21,1.0
549015,bertopic,n30_c100_s42,-1,0.0
549049,bertopic,n30_c100_s42,16,1.0
549108,bertopic,n30_c100_s42,3,0.7774994136181671
549122,bertopic,n30_c100_s42,21,1.0
549135,bertopic,n30_c100_s42,-1,0.0
549219,bertopic,n30_c100_s42,-1,0.0
549236,bertopic,n30_c100_s42,6,0.5068420773921642
549255,bertopic,n30_c100_s42,14,1.0
549333,bertopic,n30_c100_s42,21,1.0
549355,bertopic,n30_c100_s42,-1,0.0
549361,bertopic,n30_c100_s42,5,0.985201722101038
549367,bertopic,n30_c100_s42,1,0.992920848802981
549379,bertopic,n30_c100_s42,-1,0.0
549443,bertopic,n30_c100_s42,7,0.910051433269341
549469,bertopic,n30_c100_s42,2,0.39348399381802346
549481,bertopic,n30_c100_s42,8,0.9223201234285737
549579,bertopic,n30_c100_s42,21,1.0
549605,bertopic,n30_c100_s42,-1,0.0
549711,bertopic,n30_c100_s42,1,0.8720125582746118
549737,bertopic,n30_c100_s42,-1,0.0
549751,bertopic,n30_c100_s42,5,1.0
549914,bertopic,n30_c100_s42,15,1.0
550064,bertopic,n30_c100_s42,1,0.6785298377135384
550072,bertopic,n30_c100_s42,3,0.7393373056078498
550080,bertopic,n30_c100_s42,-1,0.0
550108,bertopic,n30_c100_s42,-1,0.0
550249,bertopic,n30_c100_s42,-1,0.0
550273,bertopic,n30_c100_s42,2,0.8366223632876806
550330,bertopic,n30_c100_s42,2,0.8150825044378658
550411,bertopic,n30_c100_s42,0,0.8782728102940425
550444,bertopic,n30_c100_s42,0,1.0
550450,bertopic,n30_c100_s42,2,0.7715240499350589
550480,bertopic,n30_c100_s42,2,0.8366223632876806
550483,bertopic,n30_c100_s42,2,0.7715240499350589
550508,bertopic,n30_c100_s42,2,0.7006551653074544
550534,bertopic,n30_c100_s42,2,0.7715240499350589
550553,bertopic,n30_c100_s42,2,0.7006551653074544
550590,bertopic,n30_c100_s42,-1,0.0
550666,bertopic,n30_c100_s42,2,0.7715240499350589
550820,bertopic,n30_c100_s42,-1,0.0
550836,bertopic,n30_c100_s42,10,0.8498251253730283
550872,bertopic,n30_c100_s42,21,1.0
550901,bertopic,n30_c100_s42,-1,0.0
551022,bertopic,n30_c100_s42,17,1.0
551073,bertopic,n30_c100_s42,-1,0.0
551081,bertopic,n30_c100_s42,12,0.8152258809101189
551096,bertopic,n30_c100_s42,-1,0.0
551207,bertopic,n30_c100_s42,-1,0.0
551265,bertopic,n30_c100_s42,3,1.0
551280,bertopic,n30_c100_s42,1,1.0
551297,bertopic,n30_c100_s42,-1,0.0
551395,bertopic,n30_c100_s42,6,0.7270920070780871
551428,bertopic,n30_c100_s42,-1,0.0
551481,bertopic,n30_c100_s42,-1,0.0
551515,bertopic,n30_c100_s42,9,0.8190037885010707
551580,bertopic,n30_c100_s42,21,1.0
551582,bertopic,n30_c100_s42,21,1.0
551586,bertopic,n30_c100_s42,13,1.0
551716,bertopic,n30_c100_s42,14,1.0
551754,bertopic,n30_c100_s42,1,0.916890601824901
551912,bertopic,n30_c100_s42,1,1.0
552002,bertopic,n30_c100_s42,14,1.0
552020,bertopic,n30_c100_s42,5,0.985201722101038
552086,bertopic,n30_c100_s42,22,0.9086225637055022
552104,bertopic,n30_c100_s42,9,0.9850827202471998
552167,bertopic,n30_c100_s42,6,1.0
552188,bertopic,n30_c100_s42,6,1.0
552206,bertopic,n30_c100_s42,6,0.8537191272357046
552207,bertopic,n30_c100_s42,6,1.0
552221,bertopic,n30_c100_s42,2,0.7715240499350589
552260,bertopic,n30_c100_s42,15,1.0
552364,bertopic,n30_c100_s42,6,1.0
552399,bertopic,n30_c100_s42,11,1.0
552421,bertopic,n30_c100_s42,6,0.6875975786075417
552476,bertopic,n30_c100_s42,-1,0.0
552500,bertopic,n30_c100_s42,1,0.6785298377135384
552506,bertopic,n30_c100_s42,6,0.8880080101854336
552513,bertopic,n30_c100_s42,16,1.0
552543,bertopic,n30_c100_s42,6,0.8616426915251116
552561,bertopic,n30_c100_s42,13,0.3230853965569894
552584,bertopic,n30_c100_s42,6,1.0
552663,bertopic,n30_c100_s42,16,1.0
552667,bertopic,n30_c100_s42,6,1.0
552725,bertopic,n30_c100_s42,21,1.0
552737,bertopic,n30_c100_s42,21,1.0
552741,bertopic,n30_c100_s42,0,1.0
552761,bertopic,n30_c100_s42,1,0.6785298377135384
552791,bertopic,n30_c100_s42,15,1.0
553200,bertopic,n30_c100_s42,6,1.0
553205,bertopic,n30_c100_s42,17,1.0
553270,bertopic,n30_c100_s42,7,1.0
553278,bertopic,n30_c100_s42,1,0.7409143536731629
553460,bertopic,n30_c100_s42,14,1.0
553484,bertopic,n30_c100_s42,0,0.4577092386754814
553628,bertopic,n30_c100_s42,4,0.781491595189743
553802,bertopic,n30_c100_s42,4,0.6065398785157216
553941,bertopic,n30_c100_s42,4,0.9387752817512294
553997,bertopic,n30_c100_s42,-1,0.0
554009,bertopic,n30_c100_s42,0,0.9989861032156754
554062,bertopic,n30_c100_s42,6,0.5135564138304264
554121,bertopic,n30_c100_s42,4,0.497070421358433
554126,bertopic,n30_c100_s42,6,1.0
554133,bertopic,n30_c100_s42,-1,0.0
554230,bertopic,n30_c100_s42,7,1.0
554294,bertopic,n30_c100_s42,6,1.0
554391,bertopic,n30_c100_s42,-1,0.0
554442,bertopic,n30_c100_s42,12,0.6091255472911545
554492,bertopic,n30_c100_s42,11,0.4876382647387404
554543,bertopic,n30_c100_s42,-1,0.0
554685,bertopic,n30_c100_s42,-1,0.0
554745,bertopic,n30_c100_s42,6,1.0
554759,bertopic,n30_c100_s42,21,0.9928287478700768
554820,bertopic,n30_c100_s42,6,1.0
554844,bertopic,n30_c100_s42,15,1.0
555019,bertopic,n30_c100_s42,3,0.6174466674831688
555048,bertopic,n30_c100_s42,1,0.6785298377135384
555056,bertopic,n30_c100_s42,5,0.5756701441751488
555062,bertopic,n30_c100_s42,-1,0.0
555506,bertopic,n30_c100_s42,0,1.0
555549,bertopic,n30_c100_s42,3,1.0
555641,bertopic,n30_c100_s42,21,1.0
555737,bertopic,n30_c100_s42,17,1.0
555783,bertopic,n30_c100_s42,5,0.7535642818059299
555870,bertopic,n30_c100_s42,13,0.9015555777375471
555933,bertopic,n30_c100_s42,3,0.7673761928161835
555969,bertopic,n30_c100_s42,-1,0.0
556008,bertopic,n30_c100_s42,-1,0.0
556034,bertopic,n30_c100_s42,6,1.0
556197,bertopic,n30_c100_s42,3,0.7393373056078498
556377,bertopic,n30_c100_s42,7,1.0
556380,bertopic,n30_c100_s42,11,1.0
556557,bertopic,n30_c100_s42,15,0.19472600883482155
556570,bertopic,n30_c100_s42,6,1.0
556585,bertopic,n30_c100_s42,20,1.0
556622,bertopic,n30_c100_s42,13,0.7830093138034869
556635,bertopic,n30_c100_s42,1,0.6785298377135384
556708,bertopic,n30_c100_s42,-1,0.0
556751,bertopic,n30_c100_s42,4,1.0
556948,bertopic,n30_c100_s42,1,1.0
556974,bertopic,n30_c100_s42,-1,0.0
557015,bertopic,n30_c100_s42,6,1.0
557078,bertopic,n30_c100_s42,1,0.6785298377135384
557122,bertopic,n30_c100_s42,14,0.8515351675267004
557176,bertopic,n30_c100_s42,20,1.0
557244,bertopic,n30_c100_s42,13,1.0
557262,bertopic,n30_c100_s42,-1,0.0
557284,bertopic,n30_c100_s42,1,1.0
557350,bertopic,n30_c100_s42,0,1.0
557442,bertopic,n30_c100_s42,-1,0.0
557857,bertopic,n30_c100_s42,3,0.7393373056078498
557868,bertopic,n30_c100_s42,3,0.9365346855725267
557988,bertopic,n30_c100_s42,-1,0.0
557996,bertopic,n30_c100_s42,1,0.9757096163090707
558178,bertopic,n30_c100_s42,-1,0.0
558413,bertopic,n30_c100_s42,15,1.0
558564,bertopic,n30_c100_s42,16,1.0
558652,bertopic,n30_c100_s42,21,1.0
558731,bertopic,n30_c100_s42,-1,0.0
558769,bertopic,n30_c100_s42,3,0.7393373056078498
558896,bertopic,n30_c100_s42,-1,0.0
558940,bertopic,n30_c100_s42,3,1.0
559059,bertopic,n30_c100_s42,0,1.0
559407,bertopic,n30_c100_s42,17,1.0
559507,bertopic,n30_c100_s42,5,0.8923624280295076
559536,bertopic,n30_c100_s42,21,1.0
559585,bertopic,n30_c100_s42,0,1.0
559597,bertopic,n30_c100_s42,9,1.0
559815,bertopic,n30_c100_s42,16,1.0
559853,bertopic,n30_c100_s42,1,1.0
559866,bertopic,n30_c100_s42,7,1.0
559920,bertopic,n30_c100_s42,11,1.0
560010,bertopic,n30_c100_s42,-1,0.0
560052,bertopic,n30_c100_s42,0,1.0
560283,bertopic,n30_c100_s42,0,1.0
560291,bertopic,n30_c100_s42,4,0.6607289298626349
560327,bertopic,n30_c100_s42,3,1.0
560330,bertopic,n30_c100_s42,-1,0.0
560368,bertopic,n30_c100_s42,14,1.0
560409,bertopic,n30_c100_s42,16,1.0
560436,bertopic,n30_c100_s42,-1,0.0
560649,bertopic,n30_c100_s42,18,1.0
560713,bertopic,n30_c100_s42,1,0.5745912714200716
560910,bertopic,n30_c100_s42,6,1.0
561017,bertopic,n30_c100_s42,0,1.0
561059,bertopic,n30_c100_s42,23,1.0
561102,bertopic,n30_c100_s42,19,1.0
561262,bertopic,n30_c100_s42,1,1.0
561342,bertopic,n30_c100_s42,3,1.0
561402,bertopic,n30_c100_s42,3,1.0
562011,bertopic,n30_c100_s42,9,0.9976435544063357
562096,bertopic,n30_c100_s42,1,1.0
562373,bertopic,n30_c100_s42,6,0.877897544491848
562627,bertopic,n30_c100_s42,15,1.0
562656,bertopic,n30_c100_s42,2,0.6581975749273719
562705,bertopic,n30_c100_s42,6,1.0
562713,bertopic,n30_c100_s42,-1,0.0
562777,bertopic,n30_c100_s42,6,1.0
562962,bertopic,n30_c100_s42,12,0.8545292599803642
563028,bertopic,n30_c100_s42,-1,0.0
563043,bertopic,n30_c100_s42,5,1.0
563237,bertopic,n30_c100_s42,21,1.0
563310,bertopic,n30_c100_s42,3,0.7393373056078498
563428,bertopic,n30_c100_s42,13,0.4596422657272307
563562,bertopic,n30_c100_s42,3,0.7608690353518964
563606,bertopic,n30_c100_s42,3,0.7393373056078498
563716,bertopic,n30_c100_s42,1,0.978961159426064
563736,bertopic,n30_c100_s42,19,1.0
563774,bertopic,n30_c100_s42,1,0.5025434454410019
563870,bertopic,n30_c100_s42,15,1.0
564061,bertopic,n30_c100_s42,0,1.0
564110,bertopic,n30_c100_s42,15,0.19472600883482155
564294,bertopic,n30_c100_s42,-1,0.0
564426,bertopic,n30_c100_s42,-1,0.0
564476,bertopic,n30_c100_s42,-1,0.0
564562,bertopic,n30_c100_s42,3,0.7393373056078498
564695,bertopic,n30_c100_s42,-1,0.0
564808,bertopic,n30_c100_s42,-1,0.0
564887,bertopic,n30_c100_s42,22,1.0
564981,bertopic,n30_c100_s42,15,1.0
565085,bertopic,n30_c100_s42,20,1.0
565323,bertopic,n30_c100_s42,0,1.0
565485,bertopic,n30_c100_s42,6,1.0
565529,bertopic,n30_c100_s42,1,0.5471469675397996
565598,bertopic,n30_c100_s42,-1,0.0
565654,bertopic,n30_c100_s42,4,1.0
565790,bertopic,n30_c100_s42,-1,0.0
565832,bertopic,n30_c100_s42,0,1.0
565873,bertopic,n30_c100_s42,3,0.7393373056078498
565886,bertopic,n30_c100_s42,20,1.0
565964,bertopic,n30_c100_s42,-1,0.0
566067,bertopic,n30_c100_s42,-1,0.0
566139,bertopic,n30_c100_s42,2,0.2481148976617643
566214,bertopic,n30_c100_s42,2,0.2481148976617643
566438,bertopic,n30_c100_s42,8,1.0
566451,bertopic,n30_c100_s42,-1,0.0
566478,bertopic,n30_c100_s42,7,1.0
566626,bertopic,n30_c100_s42,12,1.0
566687,bertopic,n30_c100_s42,-1,0.0
566735,bertopic,n30_c100_s42,-1,0.0
566827,bertopic,n30_c100_s42,1,1.0
566929,bertopic,n30_c100_s42,5,0.38361211184596467
567016,bertopic,n30_c100_s42,0,1.0
567033,bertopic,n30_c100_s42,0,1.0
567038,bertopic,n30_c100_s42,0,1.0
567040,bertopic,n30_c100_s42,0,1.0
567094,bertopic,n30_c100_s42,21,0.9333346177963753
567137,bertopic,n30_c100_s42,0,0.9719111116506057
567141,bertopic,n30_c100_s42,0,1.0
567285,bertopic,n30_c100_s42,0,0.36824908532147643
567617,bertopic,n30_c100_s42,1,0.6785298377135384
567672,bertopic,n30_c100_s42,5,1.0
567805,bertopic,n30_c100_s42,12,1.0
568002,bertopic,n30_c100_s42,0,1.0
568156,bertopic,n30_c100_s42,-1,0.0
568166,bertopic,n30_c100_s42,13,0.4658853009717789
568243,bertopic,n30_c100_s42,3,1.0
568292,bertopic,n30_c100_s42,-1,0.0
568837,bertopic,n30_c100_s42,-1,0.0
568992,bertopic,n30_c100_s42,3,0.7608690353518964
569009,bertopic,n30_c100_s42,16,1.0
569044,bertopic,n30_c100_s42,3,1.0
569205,bertopic,n30_c100_s42,3,1.0
569354,bertopic,n30_c100_s42,1,0.6785298377135384
569480,bertopic,n30_c100_s42,3,0.8532447602744132
569506,bertopic,n30_c100_s42,15,0.43784077372203073
569629,bertopic,n30_c100_s42,1,0.9588712828669046
570603,bertopic,n30_c100_s42,1,0.35581811041735245
571389,bertopic,n30_c100_s42,5,0.38361211184596467
576920,bertopic,n30_c100_s42,-1,0.0
577338,bertopic,n30_c100_s42,9,0.9976435544063357
578713,bertopic,n30_c100_s42,18,1.0
582036,bertopic,n30_c100_s42,11,1.0
586844,bertopic,n30_c100_s42,-1,0.0
587422,bertopic,n30_c100_s42,22,1.0
589437,bertopic,n30_c100_s42,9,0.9976435544063357
590150,bertopic,n30_c100_s42,-1,0.0
592051,bertopic,n30_c100_s42,7,1.0
598866,bertopic,n30_c100_s42,15,0.19472600883482155
600392,bertopic,n30_c100_s42,2,0.5713533223544114
600706,bertopic,n30_c100_s42,11,1.0
602727,bertopic,n30_c100_s42,18,0.7771855118915268
602851,bertopic,n30_c100_s42,-1,0.0
603832,bertopic,n30_c100_s42,0,1.0
604489,bertopic,n30_c100_s42,9,0.7941322014834854
608360,bertopic,n30_c100_s42,5,1.0
608599,bertopic,n30_c100_s42,12,0.5707971988907055
609335,bertopic,n30_c100_s42,17,1.0
610962,bertopic,n30_c100_s42,-1,0.0
614593,bertopic,n30_c100_s42,11,1.0
615041,bertopic,n30_c100_s42,6,1.0
617701,bertopic,n30_c100_s42,-1,0.0
619719,bertopic,n30_c100_s42,7,0.9545057606203089
620069,bertopic,n30_c100_s42,7,1.0
622146,bertopic,n30_c100_s42,11,0.4876382647387404
623162,bertopic,n30_c100_s42,5,1.0
623174,bertopic,n30_c100_s42,-1,0.0
624005,bertopic,n30_c100_s42,11,0.4876382647387404
625400,bertopic,n30_c100_s42,-1,0.0
627373,bertopic,n30_c100_s42,20,1.0
629330,bertopic,n30_c100_s42,11,1.0
635355,bertopic,n30_c100_s42,-1,0.0
636059,bertopic,n30_c100_s42,12,0.461763375848585
641233,bertopic,n30_c100_s42,10,0.7208274752551447
641254,bertopic,n30_c100_s42,15,1.0
641306,bertopic,n30_c100_s42,-1,0.0
645141,bertopic,n30_c100_s42,-1,0.0
646775,bertopic,n30_c100_s42,8,0.982473926683824
646853,bertopic,n30_c100_s42,3,0.7393373056078498
647749,bertopic,n30_c100_s42,4,1.0
647793,bertopic,n30_c100_s42,4,0.9387752817512294
648284,bertopic,n30_c100_s42,7,0.9145206138499337
649738,bertopic,n30_c100_s42,13,1.0
650217,bertopic,n30_c100_s42,1,1.0
650310,bertopic,n30_c100_s42,12,1.0
650337,bertopic,n30_c100_s42,12,0.5013090427088416
650456,bertopic,n30_c100_s42,20,1.0
650686,bertopic,n30_c100_s42,22,1.0
650941,bertopic,n30_c100_s42,7,0.9545057606203089
651000,bertopic,n30_c100_s42,8,0.9223201234285737
651240,bertopic,n30_c100_s42,8,1.0
651890,bertopic,n30_c100_s42,-1,0.0
654131,bertopic,n30_c100_s42,-1,0.0
654463,bertopic,n30_c100_s42,17,1.0
654552,bertopic,n30_c100_s42,9,1.0
654648,bertopic,n30_c100_s42,11,0.3844597596476467
656038,bertopic,n30_c100_s42,3,0.9220126198886265
656246,bertopic,n30_c100_s42,3,0.6174466674831688
657205,bertopic,n30_c100_s42,18,1.0
657566,bertopic,n30_c100_s42,12,1.0
658037,bertopic,n30_c100_s42,8,1.0
658203,bertopic,n30_c100_s42,-1,0.0
658396,bertopic,n30_c100_s42,11,0.9284899924865793
658987,bertopic,n30_c100_s42,2,0.5174436515555476
659058,bertopic,n30_c100_s42,1,0.7409143536731629
659235,bertopic,n30_c100_s42,4,0.8431238376607438
659272,bertopic,n30_c100_s42,2,0.5923000449927992
659284,bertopic,n30_c100_s42,0,1.0
659365,bertopic,n30_c100_s42,-1,0.0
659788,bertopic,n30_c100_s42,5,1.0
659832,bertopic,n30_c100_s42,0,1.0
660079,bertopic,n30_c100_s42,-1,0.0
660113,bertopic,n30_c100_s42,3,0.7608690353518964
660369,bertopic,n30_c100_s42,0,1.0
660608,bertopic,n30_c100_s42,6,0.9705795247053427
660755,bertopic,n30_c100_s42,7,0.9099758505338046
660895,bertopic,n30_c100_s42,20,1.0
660904,bertopic,n30_c100_s42,5,1.0
661062,bertopic,n30_c100_s42,3,0.9220126198886265
661200,bertopic,n30_c100_s42,0,1.0
661215,bertopic,n30_c100_s42,9,0.9976435544063357
661574,bertopic,n30_c100_s42,-1,0.0
661725,bertopic,n30_c100_s42,14,0.7763660168250162
662701,bertopic,n30_c100_s42,5,0.40871995422744906
663919,bertopic,n30_c100_s42,5,0.8425110023916971
665315,bertopic,n30_c100_s42,11,0.9284899924865793
666200,bertopic,n30_c100_s42,-1,0.0
666810,bertopic,n30_c100_s42,12,1.0
667190,bertopic,n30_c100_s42,8,1.0
667860,bertopic,n30_c100_s42,3,0.9220126198886265
669845,bertopic,n30_c100_s42,4,0.9387752817512294
669848,bertopic,n30_c100_s42,9,0.9976435544063357
669937,bertopic,n30_c100_s42,-1,0.0
669941,bertopic,n30_c100_s42,4,0.9387752817512294
670968,bertopic,n30_c100_s42,8,1.0
671140,bertopic,n30_c100_s42,5,0.570899818357951
671264,bertopic,n30_c100_s42,20,1.0
671332,bertopic,n30_c100_s42,7,0.883940729985621
671530,bertopic,n30_c100_s42,10,1.0
671716,bertopic,n30_c100_s42,4,0.9387752817512294
671874,bertopic,n30_c100_s42,3,1.0
672187,bertopic,n30_c100_s42,8,1.0
672188,bertopic,n30_c100_s42,8,1.0
672208,bertopic,n30_c100_s42,-1,0.0
672216,bertopic,n30_c100_s42,8,0.946674068051928
672224,bertopic,n30_c100_s42,20,1.0
672255,bertopic,n30_c100_s42,8,0.973382410332643
672259,bertopic,n30_c100_s42,8,0.914871256485195
672266,bertopic,n30_c100_s42,7,0.9099758505338046
672285,bertopic,n30_c100_s42,17,1.0
672350,bertopic,n30_c100_s42,8,1.0
672648,bertopic,n30_c100_s42,11,0.9284899924865793
672738,bertopic,n30_c100_s42,-1,0.0
672889,bertopic,n30_c100_s42,7,0.9104399475640395
673275,bertopic,n30_c100_s42,17,1.0
673442,bertopic,n30_c100_s42,4,0.5309823299431728
673580,bertopic,n30_c100_s42,20,0.9197926301476982
674506,bertopic,n30_c100_s42,7,1.0
674842,bertopic,n30_c100_s42,-1,0.0
675026,bertopic,n30_c100_s42,0,1.0
675108,bertopic,n30_c100_s42,-1,0.0
675446,bertopic,n30_c100_s42,8,0.9120895332095206
675822,bertopic,n30_c100_s42,3,0.8347226551881018
675946,bertopic,n30_c100_s42,6,1.0
677283,bertopic,n30_c100_s42,-1,0.0
678454,bertopic,n30_c100_s42,-1,0.0
678786,bertopic,n30_c100_s42,12,1.0
679255,bertopic,n30_c100_s42,3,0.7393373056078498
679282,bertopic,n30_c100_s42,-1,0.0
680093,bertopic,n30_c100_s42,4,0.5083756835558684
681005,bertopic,n30_c100_s42,3,1.0
681256,bertopic,n30_c100_s42,0,0.5041651173221762
682450,bertopic,n30_c100_s42,-1,0.0
682792,bertopic,n30_c100_s42,-1,0.0
682795,bertopic,n30_c100_s42,20,1.0
684367,bertopic,n30_c100_s42,0,1.0
684523,bertopic,n30_c100_s42,-1,0.0
684662,bertopic,n30_c100_s42,20,0.903958759098375
685773,bertopic,n30_c100_s42,11,0.3844597596476467
686017,bertopic,n30_c100_s42,0,1.0
686476,bertopic,n30_c100_s42,4,0.9387752817512294
686825,bertopic,n30_c100_s42,1,0.2603485158763221
686901,bertopic,n30_c100_s42,10,0.6559900290550739
687371,bertopic,n30_c100_s42,18,0.588097091534563
687392,bertopic,n30_c100_s42,-1,0.0
687573,bertopic,n30_c100_s42,13,0.490651501040854
687672,bertopic,n30_c100_s42,11,1.0
687861,bertopic,n30_c100_s42,0,0.36824908532147643
688223,bertopic,n30_c100_s42,-1,0.0
688427,bertopic,n30_c100_s42,4,0.781491595189743
689217,bertopic,n30_c100_s42,1,0.2603485158763221
689930,bertopic,n30_c100_s42,-1,0.0
690064,bertopic,n30_c100_s42,-1,0.0
690689,bertopic,n30_c100_s42,1,0.6785298377135384
691058,bertopic,n30_c100_s42,-1,0.0
692064,bertopic,n30_c100_s42,14,0.7763660168250162
692103,bertopic,n30_c100_s42,3,0.9220126198886265
693494,bertopic,n30_c100_s42,21,1.0
693639,bertopic,n30_c100_s42,6,1.0
693796,bertopic,n30_c100_s42,14,0.57488973841126
694629,bertopic,n30_c100_s42,11,1.0
695507,bertopic,n30_c100_s42,0,1.0
695646,bertopic,n30_c100_s42,9,0.9976435544063357
695834,bertopic,n30_c100_s42,-1,0.0
696932,bertopic,n30_c100_s42,-1,0.0
697017,bertopic,n30_c100_s42,20,1.0
697046,bertopic,n30_c100_s42,5,0.9630229876728015
697183,bertopic,n30_c100_s42,-1,0.0
697295,bertopic,n30_c100_s42,21,1.0
697643,bertopic,n30_c100_s42,-1,0.0
697663,bertopic,n30_c100_s42,12,0.8754469785553448
697849,bertopic,n30_c100_s42,14,0.7763660168250162
698280,bertopic,n30_c100_s42,3,1.0
698457,bertopic,n30_c100_s42,-1,0.0
699032,bertopic,n30_c100_s42,5,0.5188029298920006
699594,bertopic,n30_c100_s42,7,0.8229892497040225
699720,bertopic,n30_c100_s42,14,1.0
701079,bertopic,n30_c100_s42,-1,0.0
703683,bertopic,n30_c100_s42,22,1.0
703890,bertopic,n30_c100_s42,16,1.0
704137,bertopic,n30_c100_s42,-1,0.0
704168,bertopic,n30_c100_s42,6,1.0
704790,bertopic,n30_c100_s42,-1,0.0
704909,bertopic,n30_c100_s42,-1,0.0
704931,bertopic,n30_c100_s42,0,1.0
706120,bertopic,n30_c100_s42,11,0.9894983364857073
707021,bertopic,n30_c100_s42,-1,0.0
707393,bertopic,n30_c100_s42,15,1.0
707539,bertopic,n30_c100_s42,-1,0.0
708274,bertopic,n30_c100_s42,-1,0.0
709574,bertopic,n30_c100_s42,-1,0.0
710220,bertopic,n30_c100_s42,-1,0.0
710778,bertopic,n30_c100_s42,15,1.0
710990,bertopic,n30_c100_s42,-1,0.0
711238,bertopic,n30_c100_s42,2,1.0
711327,bertopic,n30_c100_s42,9,0.9976435544063357
711526,bertopic,n30_c100_s42,-1,0.0
711747,bertopic,n30_c100_s42,16,1.0
713563,bertopic,n30_c100_s42,7,1.0
713863,bertopic,n30_c100_s42,-1,0.0
714598,bertopic,n30_c100_s42,20,1.0
715089,bertopic,n30_c100_s42,4,1.0
715332,bertopic,n30_c100_s42,2,0.9606417734525508
715731,bertopic,n30_c100_s42,2,0.5357458030182117
716169,bertopic,n30_c100_s42,17,1.0
717048,bertopic,n30_c100_s42,0,1.0
718752,bertopic,n30_c100_s42,16,1.0
719093,bertopic,n30_c100_s42,16,1.0
719149,bertopic,n30_c100_s42,2,0.5566512238350397
719493,bertopic,n30_c100_s42,3,1.0
720256,bertopic,n30_c100_s42,14,0.8681409237788452
720997,bertopic,n30_c100_s42,-1,0.0
721187,bertopic,n30_c100_s42,2,0.7006551653074544
721633,bertopic,n30_c100_s42,10,0.7208274752551447
722331,bertopic,n30_c100_s42,15,1.0
723845,bertopic,n30_c100_s42,3,1.0
725574,bertopic,n30_c100_s42,1,0.6785298377135384
725605,bertopic,n30_c100_s42,0,1.0
725827,bertopic,n30_c100_s42,15,1.0
727150,bertopic,n30_c100_s42,12,1.0
727347,bertopic,n30_c100_s42,-1,0.0
727745,bertopic,n30_c100_s42,-1,0.0
728317,bertopic,n30_c100_s42,8,0.9220254954631698
729085,bertopic,n30_c100_s42,14,0.7763660168250162
729270,bertopic,n30_c100_s42,11,1.0
730351,bertopic,n30_c100_s42,1,0.6785298377135384
730651,bertopic,n30_c100_s42,9,1.0
731051,bertopic,n30_c100_s42,18,1.0
734258,bertopic,n30_c100_s42,-1,0.0
735258,bertopic,n30_c100_s42,20,1.0
735350,bertopic,n30_c100_s42,6,1.0
735597,bertopic,n30_c100_s42,5,1.0
736369,bertopic,n30_c100_s42,0,0.991454564202098
736628,bertopic,n30_c100_s42,5,0.9047483953770367
736713,bertopic,n30_c100_s42,5,0.38361211184596467
737005,bertopic,n30_c100_s42,16,1.0
737083,bertopic,n30_c100_s42,18,1.0
737896,bertopic,n30_c100_s42,1,0.6785298377135384
738247,bertopic,n30_c100_s42,20,1.0
738462,bertopic,n30_c100_s42,-1,0.0
738524,bertopic,n30_c100_s42,3,1.0
738718,bertopic,n30_c100_s42,-1,0.0
739406,bertopic,n30_c100_s42,-1,0.0
739497,bertopic,n30_c100_s42,-1,0.0
740804,bertopic,n30_c100_s42,15,1.0
741068,bertopic,n30_c100_s42,0,1.0
741213,bertopic,n30_c100_s42,7,0.8537472066091131
742014,bertopic,n30_c100_s42,14,1.0
742272,bertopic,n30_c100_s42,0,0.5041651173221762
742408,bertopic,n30_c100_s42,-1,0.0
743015,bertopic,n30_c100_s42,21,1.0
743992,bertopic,n30_c100_s42,14,0.7763660168250162
744328,bertopic,n30_c100_s42,10,0.8498251253730283
744612,bertopic,n30_c100_s42,4,1.0
744814,bertopic,n30_c100_s42,0,1.0
745242,bertopic,n30_c100_s42,-1,0.0
746933,bertopic,n30_c100_s42,1,0.5152254463008867
747079,bertopic,n30_c100_s42,21,0.9121968219558237
748725,bertopic,n30_c100_s42,7,1.0
749422,bertopic,n30_c100_s42,3,1.0
751604,bertopic,n30_c100_s42,8,1.0
751753,bertopic,n30_c100_s42,-1,0.0
752173,bertopic,n30_c100_s42,9,0.9976435544063357
753032,bertopic,n30_c100_s42,18,1.0
755679,bertopic,n30_c100_s42,5,0.5495331245466337
756819,bertopic,n30_c100_s42,16,1.0
757036,bertopic,n30_c100_s42,21,1.0
757221,bertopic,n30_c100_s42,-1,0.0
757276,bertopic,n30_c100_s42,3,1.0
757335,bertopic,n30_c100_s42,2,0.7715240499350589
758285,bertopic,n30_c100_s42,15,1.0
758405,bertopic,n30_c100_s42,21,1.0
759519,bertopic,n30_c100_s42,13,1.0
759725,bertopic,n30_c100_s42,-1,0.0
759807,bertopic,n30_c100_s42,14,1.0
759838,bertopic,n30_c100_s42,7,1.0
760498,bertopic,n30_c100_s42,-1,0.0
761422,bertopic,n30_c100_s42,17,1.0
761724,bertopic,n30_c100_s42,3,0.7393373056078498
761897,bertopic,n30_c100_s42,1,1.0
762072,bertopic,n30_c100_s42,9,1.0
762193,bertopic,n30_c100_s42,14,1.0
762384,bertopic,n30_c100_s42,17,0.8327639786493839
763279,bertopic,n30_c100_s42,-1,0.0
764188,bertopic,n30_c100_s42,-1,0.0
764314,bertopic,n30_c100_s42,-1,0.0
764835,bertopic,n30_c100_s42,0,0.8308289884871721
766713,bertopic,n30_c100_s42,-1,0.0
766993,bertopic,n30_c100_s42,-1,0.0
767883,bertopic,n30_c100_s42,-1,0.0
769465,bertopic,n30_c100_s42,13,0.6506283760288244
770322,bertopic,n30_c100_s42,-1,0.0
771869,bertopic,n30_c100_s42,22,1.0
771928,bertopic,n30_c100_s42,11,1.0
772136,bertopic,n30_c100_s42,21,1.0
772217,bertopic,n30_c100_s42,4,0.5709093680444737
773372,bertopic,n30_c100_s42,5,0.40871995422744906
773611,bertopic,n30_c100_s42,16,1.0
774457,bertopic,n30_c100_s42,6,1.0
774968,bertopic,n30_c100_s42,0,1.0
776924,bertopic,n30_c100_s42,11,1.0
777495,bertopic,n30_c100_s42,0,1.0
777620,bertopic,n30_c100_s42,13,0.7830093138034869
778092,bertopic,n30_c100_s42,6,0.8880080101854336
778468,bertopic,n30_c100_s42,18,0.840443549866947
778870,bertopic,n30_c100_s42,15,0.9309353912739362
779172,bertopic,n30_c100_s42,1,0.9807216928845042
779958,bertopic,n30_c100_s42,-1,0.0
780578,bertopic,n30_c100_s42,13,1.0
781275,bertopic,n30_c100_s42,-1,0.0
781432,bertopic,n30_c100_s42,4,0.7290125133876737
781582,bertopic,n30_c100_s42,0,0.9026405349248202
782090,bertopic,n30_c100_s42,10,0.7208274752551447
782821,bertopic,n30_c100_s42,1,0.5025434454410019
783607,bertopic,n30_c100_s42,5,0.985201722101038
784006,bertopic,n30_c100_s42,-1,0.0
784090,bertopic,n30_c100_s42,0,0.9438791393786828
784568,bertopic,n30_c100_s42,1,1.0
784877,bertopic,n30_c100_s42,-1,0.0
785271,bertopic,n30_c100_s42,5,0.7613737596153131
786056,bertopic,n30_c100_s42,5,1.0
786573,bertopic,n30_c100_s42,-1,0.0
788354,bertopic,n30_c100_s42,13,1.0
788517,bertopic,n30_c100_s42,-1,0.0
788620,bertopic,n30_c100_s42,21,1.0
789059,bertopic,n30_c100_s42,2,0.47027231210706216
789077,bertopic,n30_c100_s42,15,0.8229619194751513
789163,bertopic,n30_c100_s42,12,0.7447148598783603
790004,bertopic,n30_c100_s42,11,1.0
790446,bertopic,n30_c100_s42,-1,0.0
791899,bertopic,n30_c100_s42,-1,0.0
791926,bertopic,n30_c100_s42,0,1.0
792286,bertopic,n30_c100_s42,14,0.7763660168250162
792589,bertopic,n30_c100_s42,6,1.0
792727,bertopic,n30_c100_s42,0,1.0
793151,bertopic,n30_c100_s42,19,1.0
793457,bertopic,n30_c100_s42,-1,0.0
793694,bertopic,n30_c100_s42,6,0.9717057356359312
794269,bertopic,n30_c100_s42,15,1.0
794318,bertopic,n30_c100_s42,9,0.9996233044277475
794584,bertopic,n30_c100_s42,14,1.0
794590,bertopic,n30_c100_s42,-1,0.0
794646,bertopic,n30_c100_s42,0,1.0
794905,bertopic,n30_c100_s42,7,0.9545057606203089
794972,bertopic,n30_c100_s42,0,1.0
795345,bertopic,n30_c100_s42,-1,0.0
795664,bertopic,n30_c100_s42,6,0.6439554474332776
795837,bertopic,n30_c100_s42,-1,0.0
795956,bertopic,n30_c100_s42,6,1.0
796487,bertopic,n30_c100_s42,-1,0.0
797103,bertopic,n30_c100_s42,14,1.0
797985,bertopic,n30_c100_s42,-1,0.0
798188,bertopic,n30_c100_s42,-1,0.0
798365,bertopic,n30_c100_s42,13,1.0
798457,bertopic,n30_c100_s42,14,1.0
798666,bertopic,n30_c100_s42,0,0.36824908532147643
798803,bertopic,n30_c100_s42,12,1.0
801936,bertopic,n30_c100_s42,15,1.0
802290,bertopic,n30_c100_s42,3,1.0
803132,bertopic,n30_c100_s42,1,1.0
803138,bertopic,n30_c100_s42,2,1.0
803194,bertopic,n30_c100_s42,7,0.9745058558426647
803576,bertopic,n30_c100_s42,1,0.2603485158763221
804067,bertopic,n30_c100_s42,2,0.514093398491858
804529,bertopic,n30_c100_s42,1,0.6785298377135384
804591,bertopic,n30_c100_s42,22,1.0
805419,bertopic,n30_c100_s42,8,0.9223201234285737
805485,bertopic,n30_c100_s42,-1,0.0
806530,bertopic,n30_c100_s42,-1,0.0
806751,bertopic,n30_c100_s42,12,0.43555916629092883
807671,bertopic,n30_c100_s42,4,1.0
809437,bertopic,n30_c100_s42,6,0.8880080101854336
809730,bertopic,n30_c100_s42,-1,0.0
809864,bertopic,n30_c100_s42,7,0.9545057606203089
810393,bertopic,n30_c100_s42,1,0.33890926002935856
811330,bertopic,n30_c100_s42,-1,0.0
811461,bertopic,n30_c100_s42,4,0.5709093680444737
811718,bertopic,n30_c100_s42,-1,0.0
812041,bertopic,n30_c100_s42,0,1.0
812080,bertopic,n30_c100_s42,-1,0.0
813514,bertopic,n30_c100_s42,0,1.0
813811,bertopic,n30_c100_s42,0,1.0
814041,bertopic,n30_c100_s42,11,0.9054131938090778
814542,bertopic,n30_c100_s42,13,1.0
815056,bertopic,n30_c100_s42,11,0.4876382647387404
816239,bertopic,n30_c100_s42,-1,0.0
816490,bertopic,n30_c100_s42,-1,0.0
816512,bertopic,n30_c100_s42,1,1.0
816686,bertopic,n30_c100_s42,0,1.0
817063,bertopic,n30_c100_s42,3,1.0
817240,bertopic,n30_c100_s42,16,1.0
817356,bertopic,n30_c100_s42,1,0.5025434454410019
818744,bertopic,n30_c100_s42,10,1.0
819637,bertopic,n30_c100_s42,-1,0.0
820417,bertopic,n30_c100_s42,21,1.0
820499,bertopic,n30_c100_s42,21,1.0
820808,bertopic,n30_c100_s42,21,1.0
821259,bertopic,n30_c100_s42,15,1.0
822463,bertopic,n30_c100_s42,20,1.0
823365,bertopic,n30_c100_s42,3,0.9457079713203267
823757,bertopic,n30_c100_s42,2,1.0
825847,bertopic,n30_c100_s42,-1,0.0
826079,bertopic,n30_c100_s42,0,0.5041651173221762
826309,bertopic,n30_c100_s42,1,1.0
826448,bertopic,n30_c100_s42,-1,0.0
826583,bertopic,n30_c100_s42,-1,0.0
829336,bertopic,n30_c100_s42,8,0.982473926683824
829401,bertopic,n30_c100_s42,2,1.0
829443,bertopic,n30_c100_s42,21,1.0
829512,bertopic,n30_c100_s42,2,0.5713533223544114
829925,bertopic,n30_c100_s42,1,1.0
830755,bertopic,n30_c100_s42,-1,0.0
830861,bertopic,n30_c100_s42,13,0.418933635915701
831003,bertopic,n30_c100_s42,1,0.6785298377135384
831140,bertopic,n30_c100_s42,21,1.0
831455,bertopic,n30_c100_s42,14,1.0
832164,bertopic,n30_c100_s42,8,0.9223201234285737
832451,bertopic,n30_c100_s42,1,0.5025434454410019
832539,bertopic,n30_c100_s42,-1,0.0
833507,bertopic,n30_c100_s42,14,1.0
833652,bertopic,n30_c100_s42,-1,0.0
833753,bertopic,n30_c100_s42,16,1.0
833755,bertopic,n30_c100_s42,7,0.9844408483681951
834089,bertopic,n30_c100_s42,7,0.9283782036481576
834965,bertopic,n30_c100_s42,-1,0.0
835091,bertopic,n30_c100_s42,18,1.0
836593,bertopic,n30_c100_s42,0,1.0
836771,bertopic,n30_c100_s42,9,1.0
837069,bertopic,n30_c100_s42,-1,0.0
837722,bertopic,n30_c100_s42,11,1.0
837949,bertopic,n30_c100_s42,22,0.8160183898885478
838913,bertopic,n30_c100_s42,4,1.0
839276,bertopic,n30_c100_s42,4,0.5709093680444737
839417,bertopic,n30_c100_s42,16,1.0
839428,bertopic,n30_c100_s42,21,1.0
839954,bertopic,n30_c100_s42,7,0.9353765360347182
840427,bertopic,n30_c100_s42,15,1.0
840576,bertopic,n30_c100_s42,8,0.9220254954631698
840991,bertopic,n30_c100_s42,13,0.4658853009717789
841015,bertopic,n30_c100_s42,21,1.0
842319,bertopic,n30_c100_s42,20,1.0
844378,bertopic,n30_c100_s42,0,1.0
845221,bertopic,n30_c100_s42,-1,0.0
845621,bertopic,n30_c100_s42,1,0.6785298377135384
845957,bertopic,n30_c100_s42,18,1.0
846074,bertopic,n30_c100_s42,-1,0.0
846205,bertopic,n30_c100_s42,-1,0.0
846430,bertopic,n30_c100_s42,-1,0.0
846635,bertopic,n30_c100_s42,12,1.0
846655,bertopic,n30_c100_s42,3,0.8532447602744132
847418,bertopic,n30_c100_s42,7,1.0
848231,bertopic,n30_c100_s42,13,0.27958750022056095
848372,bertopic,n30_c100_s42,0,1.0
848879,bertopic,n30_c100_s42,-1,0.0
850856,bertopic,n30_c100_s42,0,1.0
850916,bertopic,n30_c100_s42,21,1.0
851542,bertopic,n30_c100_s42,21,1.0
852157,bertopic,n30_c100_s42,1,0.6785298377135384
852174,bertopic,n30_c100_s42,0,0.7511861877346938
852434,bertopic,n30_c100_s42,20,0.7089166749076534
854666,bertopic,n30_c100_s42,-1,0.0
855462,bertopic,n30_c100_s42,-1,0.0
856248,bertopic,n30_c100_s42,16,1.0
858622,bertopic,n30_c100_s42,5,0.3880791196129506
858970,bertopic,n30_c100_s42,10,1.0
859505,bertopic,n30_c100_s42,11,0.3844597596476467
863262,bertopic,n30_c100_s42,-1,0.0
864280,bertopic,n30_c100_s42,-1,0.0
865209,bertopic,n30_c100_s42,2,0.514093398491858
868781,bertopic,n30_c100_s42,3,0.7608690353518964
869869,bertopic,n30_c100_s42,16,1.0
871970,bertopic,n30_c100_s42,-1,0.0
873775,bertopic,n30_c100_s42,3,1.0
875499,bertopic,n30_c100_s42,-1,0.0
876108,bertopic,n30_c100_s42,11,1.0
876480,bertopic,n30_c100_s42,1,0.5152254463008867
876541,bertopic,n30_c100_s42,-1,0.0
877267,bertopic,n30_c100_s42,5,0.40871995422744906
878033,bertopic,n30_c100_s42,16,1.0
881117,bertopic,n30_c100_s42,-1,0.0
882051,bertopic,n30_c100_s42,13,0.6790556925927524
882911,bertopic,n30_c100_s42,0,1.0
888566,bertopic,n30_c100_s42,9,1.0
889190,bertopic,n30_c100_s42,20,1.0
889993,bertopic,n30_c100_s42,9,0.9976435544063357
890018,bertopic,n30_c100_s42,6,0.8880080101854336
890036,bertopic,n30_c100_s42,-1,0.0
891180,bertopic,n30_c100_s42,5,0.38361211184596467
891504,bertopic,n30_c100_s42,5,0.5495331245466337
892785,bertopic,n30_c100_s42,18,1.0
893155,bertopic,n30_c100_s42,-1,0.0
894631,bertopic,n30_c100_s42,-1,0.0
895040,bertopic,n30_c100_s42,9,0.9976435544063357
896968,bertopic,n30_c100_s42,-1,0.0
898207,bertopic,n30_c100_s42,11,0.9284899924865793
898994,bertopic,n30_c100_s42,4,0.6131604928807816
900355,bertopic,n30_c100_s42,6,0.7135401530789578
901198,bertopic,n30_c100_s42,8,0.9220254954631698
903482,bertopic,n30_c100_s42,-1,0.0
903837,bertopic,n30_c100_s42,-1,0.0
904099,bertopic,n30_c100_s42,11,0.9284899924865793
906185,bertopic,n30_c100_s42,4,0.8425638026786602
906511,bertopic,n30_c100_s42,3,1.0
907428,bertopic,n30_c100_s42,13,1.0
907506,bertopic,n30_c100_s42,3,1.0
908241,bertopic,n30_c100_s42,1,0.5152254463008867
909050,bertopic,n30_c100_s42,-1,0.0
909535,bertopic,n30_c100_s42,11,0.3844597596476467
910391,bertopic,n30_c100_s42,20,1.0
910966,bertopic,n30_c100_s42,6,1.0
911482,bertopic,n30_c100_s42,-1,0.0
912087,bertopic,n30_c100_s42,10,0.5143017985110653
912459,bertopic,n30_c100_s42,-1,0.0
912821,bertopic,n30_c100_s42,0,1.0
913484,bertopic,n30_c100_s42,2,0.7715240499350589
913524,bertopic,n30_c100_s42,2,0.48378503661912314
913700,bertopic,n30_c100_s42,18,1.0
913708,bertopic,n30_c100_s42,1,0.6785298377135384
914128,bertopic,n30_c100_s42,13,1.0
914767,bertopic,n30_c100_s42,13,1.0
914838,bertopic,n30_c100_s42,11,1.0
915745,bertopic,n30_c100_s42,-1,0.0
917093,bertopic,n30_c100_s42,-1,0.0
919888,bertopic,n30_c100_s42,-1,0.0
920139,bertopic,n30_c100_s42,16,1.0
920360,bertopic,n30_c100_s42,1,1.0
920513,bertopic,n30_c100_s42,-1,0.0
921356,bertopic,n30_c100_s42,0,1.0
921590,bertopic,n30_c100_s42,7,1.0
922266,bertopic,n30_c100_s42,0,1.0
923043,bertopic,n30_c100_s42,-1,0.0
923715,bertopic,n30_c100_s42,3,0.9365346855725267
924953,bertopic,n30_c100_s42,15,0.8321523839949148
925391,bertopic,n30_c100_s42,16,1.0
925961,bertopic,n30_c100_s42,1,1.0
926212,bertopic,n30_c100_s42,-1,0.0
926526,bertopic,n30_c100_s42,3,1.0
926858,bertopic,n30_c100_s42,12,1.0
926992,bertopic,n30_c100_s42,-1,0.0
927582,bertopic,n30_c100_s42,-1,0.0
928473,bertopic,n30_c100_s42,5,0.570899818357951
929989,bertopic,n30_c100_s42,-1,0.0
931446,bertopic,n30_c100_s42,5,0.38361211184596467
931451,bertopic,n30_c100_s42,9,0.9976435544063357
931661,bertopic,n30_c100_s42,-1,0.0
932266,bertopic,n30_c100_s42,0,1.0
932468,bertopic,n30_c100_s42,-1,0.0
933784,bertopic,n30_c100_s42,20,1.0
936437,bertopic,n30_c100_s42,9,0.7397013883641521
936494,bertopic,n30_c100_s42,16,1.0
938557,bertopic,n30_c100_s42,7,0.8732138800261706
938810,bertopic,n30_c100_s42,7,0.815533408053334
939062,bertopic,n30_c100_s42,5,0.5495331245466337
939431,bertopic,n30_c100_s42,-1,0.0
939974,bertopic,n30_c100_s42,1,0.5152254463008867
940148,bertopic,n30_c100_s42,8,0.9220254954631698
942698,bertopic,n30_c100_s42,20,1.0
943473,bertopic,n30_c100_s42,-1,0.0
943536,bertopic,n30_c100_s42,2,1.0
944349,bertopic,n30_c100_s42,3,0.7608690353518964
944415,bertopic,n30_c100_s42,1,0.6785298377135384
946748,bertopic,n30_c100_s42,11,1.0
947165,bertopic,n30_c100_s42,16,1.0
947678,bertopic,n30_c100_s42,0,1.0
949593,bertopic,n30_c100_s42,7,0.9858731192855813
951771,bertopic,n30_c100_s42,1,0.6283350116369323
951940,bertopic,n30_c100_s42,15,1.0
952202,bertopic,n30_c100_s42,-1,0.0
952335,bertopic,n30_c100_s42,0,1.0
955033,bertopic,n30_c100_s42,2,0.7583757649742827
955035,bertopic,n30_c100_s42,9,0.9976435544063357
956899,bertopic,n30_c100_s42,10,0.7208274752551447
966254,bertopic,n30_c100_s42,3,0.7393373056078498
966855,bertopic,n30_c100_s42,15,0.19472600883482155
967053,bertopic,n30_c100_s42,-1,0.0
967464,bertopic,n30_c100_s42,14,0.7763660168250162
967645,bertopic,n30_c100_s42,6,0.6649350389714724
968273,bertopic,n30_c100_s42,22,1.0
968481,bertopic,n30_c100_s42,0,0.7926269156262562
968642,bertopic,n30_c100_s42,6,1.0
968857,bertopic,n30_c100_s42,23,0.8460990844841116
970440,bertopic,n30_c100_s42,6,1.0
970571,bertopic,n30_c100_s42,9,1.0
971340,bertopic,n30_c100_s42,15,1.0
971558,bertopic,n30_c100_s42,0,1.0
971958,bertopic,n30_c100_s42,11,1.0
972573,bertopic,n30_c100_s42,3,0.7393373056078498
973210,bertopic,n30_c100_s42,0,0.36824908532147643
975342,bertopic,n30_c100_s42,0,1.0
975444,bertopic,n30_c100_s42,18,0.7593261372492563
975611,bertopic,n30_c100_s42,20,0.9027661648389421
975756,bertopic,n30_c100_s42,20,0.9554773095354282
976410,bertopic,n30_c100_s42,0,0.36824908532147643
978624,bertopic,n30_c100_s42,-1,0.0
979489,bertopic,n30_c100_s42,0,1.0
979552,bertopic,n30_c100_s42,21,1.0
979962,bertopic,n30_c100_s42,8,0.9220254954631698
980182,bertopic,n30_c100_s42,8,0.9220254954631698
980581,bertopic,n30_c100_s42,11,1.0
980991,bertopic,n30_c100_s42,5,1.0
981047,bertopic,n30_c100_s42,5,0.38361211184596467
981270,bertopic,n30_c100_s42,10,1.0
981287,bertopic,n30_c100_s42,16,1.0
981413,bertopic,n30_c100_s42,21,1.0
981727,bertopic,n30_c100_s42,-1,0.0
982506,bertopic,n30_c100_s42,11,0.6426163578861525
983155,bertopic,n30_c100_s42,1,0.5152254463008867
983284,bertopic,n30_c100_s42,17,1.0
984215,bertopic,n30_c100_s42,18,0.861198584054313
984662,bertopic,n30_c100_s42,3,1.0
986295,bertopic,n30_c100_s42,11,1.0
986633,bertopic,n30_c100_s42,-1,0.0
986953,bertopic,n30_c100_s42,-1,0.0
987048,bertopic,n30_c100_s42,6,1.0
987253,bertopic,n30_c100_s42,15,1.0
987483,bertopic,n30_c100_s42,3,0.7608690353518964
987539,bertopic,n30_c100_s42,0,1.0
988656,bertopic,n30_c100_s42,-1,0.0
988691,bertopic,n30_c100_s42,15,1.0
988991,bertopic,n30_c100_s42,3,0.7608690353518964
990161,bertopic,n30_c100_s42,1,1.0
990208,bertopic,n30_c100_s42,3,0.7608690353518964
991167,bertopic,n30_c100_s42,1,1.0
991269,bertopic,n30_c100_s42,0,1.0
991872,bertopic,n30_c100_s42,5,0.39940952794519013
991935,bertopic,n30_c100_s42,7,0.9874743334534261
992944,bertopic,n30_c100_s42,15,1.0
993158,bertopic,n30_c100_s42,5,0.5005229231688436
993844,bertopic,n30_c100_s42,1,1.0
994375,bertopic,n30_c100_s42,17,0.8422068805182514
994611,bertopic,n30_c100_s42,15,1.0
995628,bertopic,n30_c100_s42,2,0.6222709533488088
996167,bertopic,n30_c100_s42,11,0.9284899924865793
996276,bertopic,n30_c100_s42,3,0.6174466674831688
996714,bertopic,n30_c100_s42,2,0.7715240499350589
996931,bertopic,n30_c100_s42,11,0.3844597596476467
996940,bertopic,n30_c100_s42,-1,0.0
998870,bertopic,n30_c100_s42,14,1.0
998995,bertopic,n30_c100_s42,-1,0.0
999286,bertopic,n30_c100_s42,5,1.0
999384,bertopic,n30_c100_s42,4,0.5709093680444737
999559,bertopic,n30_c100_s42,15,0.35289312412126483
999623,bertopic,n30_c100_s42,3,0.8875303477325421
1000178,bertopic,n30_c100_s42,3,0.9220126198886265
1000189,bertopic,n30_c100_s42,11,1.0
1000307,bertopic,n30_c100_s42,4,0.5709093680444737
1000340,bertopic,n30_c100_s42,5,0.8470080420899566
1000380,bertopic,n30_c100_s42,1,0.34920526569234095
1000528,bertopic,n30_c100_s42,9,1.0
1000611,bertopic,n30_c100_s42,5,0.570899818357951
1000749,bertopic,n30_c100_s42,-1,0.0
1001047,bertopic,n30_c100_s42,-1,0.0
1001274,bertopic,n30_c100_s42,3,0.7608690353518964
1001458,bertopic,n30_c100_s42,3,0.7608690353518964
1002776,bertopic,n30_c100_s42,2,0.5713533223544114
1003046,bertopic,n30_c100_s42,7,1.0
1003287,bertopic,n30_c100_s42,20,1.0
1003291,bertopic,n30_c100_s42,12,0.4662770728311489
1003352,bertopic,n30_c100_s42,15,1.0
1003542,bertopic,n30_c100_s42,6,0.8462803449813159
1004826,bertopic,n30_c100_s42,15,0.19472600883482155
1005957,bertopic,n30_c100_s42,13,0.4658853009717789
1006766,bertopic,n30_c100_s42,-1,0.0
1008637,bertopic,n30_c100_s42,19,1.0
1008724,bertopic,n30_c100_s42,1,1.0
1009546,bertopic,n30_c100_s42,0,1.0
1009940,bertopic,n30_c100_s42,0,1.0
1010256,bertopic,n30_c100_s42,4,1.0
1010446,bertopic,n30_c100_s42,-1,0.0
1010509,bertopic,n30_c100_s42,-1,0.0
1010772,bertopic,n30_c100_s42,3,0.7393373056078498
1011128,bertopic,n30_c100_s42,20,1.0
1011670,bertopic,n30_c100_s42,14,0.7763660168250162
1011897,bertopic,n30_c100_s42,0,1.0
1011957,bertopic,n30_c100_s42,-1,0.0
1013214,bertopic,n30_c100_s42,6,1.0
1013505,bertopic,n30_c100_s42,5,0.570899818357951
1013715,bertopic,n30_c100_s42,3,1.0
1013753,bertopic,n30_c100_s42,5,0.38361211184596467
1014352,bertopic,n30_c100_s42,3,0.7393373056078498
1014631,bertopic,n30_c100_s42,0,1.0
1015842,bertopic,n30_c100_s42,3,0.8411859626607936
1015982,bertopic,n30_c100_s42,7,0.9545057606203089
1016249,bertopic,n30_c100_s42,5,0.570899818357951
1016372,bertopic,n30_c100_s42,2,0.2481148976617643
1017197,bertopic,n30_c100_s42,-1,0.0
1017852,bertopic,n30_c100_s42,5,0.40871995422744906
1018156,bertopic,n30_c100_s42,2,0.514093398491858
1019074,bertopic,n30_c100_s42,4,0.5709093680444737
1019171,bertopic,n30_c100_s42,-1,0.0
1019255,bertopic,n30_c100_s42,20,1.0
1019557,bertopic,n30_c100_s42,14,0.7763660168250162
1019722,bertopic,n30_c100_s42,-1,0.0
1019745,bertopic,n30_c100_s42,1,0.9807216928845042
1020533,bertopic,n30_c100_s42,16,1.0
1020889,bertopic,n30_c100_s42,12,0.8225783984613482
1020917,bertopic,n30_c100_s42,8,0.982473926683824
1020940,bertopic,n30_c100_s42,-1,0.0
1021384,bertopic,n30_c100_s42,14,1.0
1021736,bertopic,n30_c100_s42,-1,0.0
1021989,bertopic,n30_c100_s42,6,1.0
1022416,bertopic,n30_c100_s42,13,1.0
1022856,bertopic,n30_c100_s42,5,1.0
1022941,bertopic,n30_c100_s42,5,0.38361211184596467
1023622,bertopic,n30_c100_s42,0,1.0
1023669,bertopic,n30_c100_s42,1,0.8605819273044703
1023726,bertopic,n30_c100_s42,0,1.0
1023811,bertopic,n30_c100_s42,22,1.0
1023901,bertopic,n30_c100_s42,0,1.0
1024280,bertopic,n30_c100_s42,7,0.969589876961123
1024345,bertopic,n30_c100_s42,0,1.0
1025219,bertopic,n30_c100_s42,15,1.0
1025410,bertopic,n30_c100_s42,0,0.5648985095706546
1025600,bertopic,n30_c100_s42,-1,0.0
1026708,bertopic,n30_c100_s42,0,1.0
1026799,bertopic,n30_c100_s42,0,1.0
1027124,bertopic,n30_c100_s42,9,0.9351686499440762
1028597,bertopic,n30_c100_s42,9,0.9033078703731092
1029189,bertopic,n30_c100_s42,0,1.0
1029846,bertopic,n30_c100_s42,16,1.0
1029892,bertopic,n30_c100_s42,13,0.7830093138034869
1030051,bertopic,n30_c100_s42,0,1.0
1030230,bertopic,n30_c100_s42,0,1.0
1031034,bertopic,n30_c100_s42,3,0.9220126198886265
1031347,bertopic,n30_c100_s42,3,1.0
1031601,bertopic,n30_c100_s42,0,1.0
1032243,bertopic,n30_c100_s42,21,1.0
1032430,bertopic,n30_c100_s42,13,1.0
1032439,bertopic,n30_c100_s42,-1,0.0
1032462,bertopic,n30_c100_s42,4,0.6018520314815544
1032772,bertopic,n30_c100_s42,0,1.0
1033027,bertopic,n30_c100_s42,3,0.6174466674831688
1033232,bertopic,n30_c100_s42,-1,0.0
1033395,bertopic,n30_c100_s42,7,1.0
1034845,bertopic,n30_c100_s42,-1,0.0
1034900,bertopic,n30_c100_s42,-1,0.0
1034953,bertopic,n30_c100_s42,3,0.7608690353518964
1035229,bertopic,n30_c100_s42,19,1.0
1035289,bertopic,n30_c100_s42,17,1.0
1035310,bertopic,n30_c100_s42,5,1.0
1035367,bertopic,n30_c100_s42,-1,0.0
1035380,bertopic,n30_c100_s42,8,1.0
1035388,bertopic,n30_c100_s42,-1,0.0
1035429,bertopic,n30_c100_s42,3,0.7393373056078498
1035544,bertopic,n30_c100_s42,3,0.8532447602744132
1035994,bertopic,n30_c100_s42,6,1.0
1036613,bertopic,n30_c100_s42,0,1.0
1037469,bertopic,n30_c100_s42,-1,0.0
1037617,bertopic,n30_c100_s42,6,1.0
1038352,bertopic,n30_c100_s42,17,0.6953841469937875
1040208,bertopic,n30_c100_s42,0,1.0
1040297,bertopic,n30_c100_s42,-1,0.0
1040352,bertopic,n30_c100_s42,0,1.0
1042129,bertopic,n30_c100_s42,-1,0.0
1043663,bertopic,n30_c100_s42,6,1.0
1043877,bertopic,n30_c100_s42,1,0.6551902671640557
1044229,bertopic,n30_c100_s42,12,1.0
1044609,bertopic,n30_c100_s42,8,0.982473926683824
1044777,bertopic,n30_c100_s42,3,0.7608690353518964
1044904,bertopic,n30_c100_s42,0,0.9566404057971176
1044974,bertopic,n30_c100_s42,-1,0.0
1044981,bertopic,n30_c100_s42,20,0.9370757816904158
1045140,bertopic,n30_c100_s42,2,0.514093398491858
1045154,bertopic,n30_c100_s42,3,0.7608690353518964
1047012,bertopic,n30_c100_s42,-1,0.0
1047052,bertopic,n30_c100_s42,10,0.8795471043414791
1048141,bertopic,n30_c100_s42,8,0.9220254954631698
1048375,bertopic,n30_c100_s42,-1,0.0
1048410,bertopic,n30_c100_s42,13,1.0
1048805,bertopic,n30_c100_s42,3,0.7346595222286592
1049420,bertopic,n30_c100_s42,-1,0.0
1050845,bertopic,n30_c100_s42,15,1.0
1051104,bertopic,n30_c100_s42,3,0.9365346855725267
1053526,bertopic,n30_c100_s42,1,1.0
1053725,bertopic,n30_c100_s42,-1,0.0
1053754,bertopic,n30_c100_s42,9,1.0
1055222,bertopic,n30_c100_s42,11,1.0
1055609,bertopic,n30_c100_s42,5,0.38361211184596467
1055813,bertopic,n30_c100_s42,7,0.9843256217951293
1056195,bertopic,n30_c100_s42,15,0.8800833309459029
1056210,bertopic,n30_c100_s42,-1,0.0
1056986,bertopic,n30_c100_s42,3,0.7393373056078498
1057503,bertopic,n30_c100_s42,1,0.6785298377135384
1057649,bertopic,n30_c100_s42,-1,0.0
1059360,bertopic,n30_c100_s42,11,1.0
1059969,bertopic,n30_c100_s42,0,1.0
1060043,bertopic,n30_c100_s42,11,0.3844597596476467
1060532,bertopic,n30_c100_s42,22,1.0
1060803,bertopic,n30_c100_s42,-1,0.0
1061551,bertopic,n30_c100_s42,15,0.7101695006455996
1061978,bertopic,n30_c100_s42,7,0.8834449104729313
1062074,bertopic,n30_c100_s42,21,1.0
1062739,bertopic,n30_c100_s42,-1,0.0
1062797,bertopic,n30_c100_s42,9,0.9976435544063357
1063424,bertopic,n30_c100_s42,14,1.0
1063437,bertopic,n30_c100_s42,0,0.5041651173221762
1063454,bertopic,n30_c100_s42,9,1.0
1063476,bertopic,n30_c100_s42,12,0.4274101400241141
1064404,bertopic,n30_c100_s42,1,0.5152254463008867
1065299,bertopic,n30_c100_s42,6,0.8880080101854336
1065448,bertopic,n30_c100_s42,1,0.6785298377135384
1066123,bertopic,n30_c100_s42,0,1.0
1066522,bertopic,n30_c100_s42,6,0.8880080101854336
1067578,bertopic,n30_c100_s42,18,1.0
1067693,bertopic,n30_c100_s42,0,1.0
1069084,bertopic,n30_c100_s42,5,0.40871995422744906
1069106,bertopic,n30_c100_s42,14,0.6140102911005022
1069254,bertopic,n30_c100_s42,1,0.5025434454410019
1069513,bertopic,n30_c100_s42,-1,0.0
1069835,bertopic,n30_c100_s42,11,0.3844597596476467
1069840,bertopic,n30_c100_s42,0,1.0
1070162,bertopic,n30_c100_s42,8,0.982473926683824
1070665,bertopic,n30_c100_s42,13,1.0
1070969,bertopic,n30_c100_s42,3,0.9220126198886265
1071080,bertopic,n30_c100_s42,-1,0.0
1071107,bertopic,n30_c100_s42,-1,0.0
1071215,bertopic,n30_c100_s42,1,0.6785298377135384
1072037,bertopic,n30_c100_s42,0,0.36824908532147643
1072289,bertopic,n30_c100_s42,9,1.0
1072551,bertopic,n30_c100_s42,15,0.3463861336876936
1072623,bertopic,n30_c100_s42,-1,0.0
1073104,bertopic,n30_c100_s42,7,0.9963245588594405
1073234,bertopic,n30_c100_s42,-1,0.0
1073292,bertopic,n30_c100_s42,9,0.9976435544063357
1073802,bertopic,n30_c100_s42,1,0.5152254463008867
1074110,bertopic,n30_c100_s42,20,0.6729031436106782
1074238,bertopic,n30_c100_s42,-1,0.0
1076235,bertopic,n30_c100_s42,8,1.0
1076466,bertopic,n30_c100_s42,-1,0.0
1076467,bertopic,n30_c100_s42,13,1.0
1076495,bertopic,n30_c100_s42,13,0.7830093138034869
1076705,bertopic,n30_c100_s42,21,1.0
1077122,bertopic,n30_c100_s42,-1,0.0
1077485,bertopic,n30_c100_s42,20,1.0
1078023,bertopic,n30_c100_s42,11,1.0
1078248,bertopic,n30_c100_s42,2,0.8366223632876806
1078560,bertopic,n30_c100_s42,-1,0.0
1078592,bertopic,n30_c100_s42,17,0.9429525275863816
1079076,bertopic,n30_c100_s42,0,0.7668876494453416
1079790,bertopic,n30_c100_s42,0,0.7327086909246572
1080149,bertopic,n30_c100_s42,-1,0.0
1080614,bertopic,n30_c100_s42,0,1.0
1080759,bertopic,n30_c100_s42,3,1.0
1080788,bertopic,n30_c100_s42,-1,0.0
1080884,bertopic,n30_c100_s42,0,1.0
1081001,bertopic,n30_c100_s42,7,1.0
1081342,bertopic,n30_c100_s42,1,0.669311091501351
1081892,bertopic,n30_c100_s42,8,1.0
1082238,bertopic,n30_c100_s42,7,0.969589876961123
1083077,bertopic,n30_c100_s42,7,0.964183705433718
1083556,bertopic,n30_c100_s42,0,1.0
1084556,bertopic,n30_c100_s42,1,1.0
1084685,bertopic,n30_c100_s42,-1,0.0
1084698,bertopic,n30_c100_s42,-1,0.0
1084727,bertopic,n30_c100_s42,9,0.9976435544063357
1084772,bertopic,n30_c100_s42,-1,0.0
1085540,bertopic,n30_c100_s42,-1,0.0
1086110,bertopic,n30_c100_s42,9,0.9976435544063357
1086352,bertopic,n30_c100_s42,8,0.9223201234285737
1087088,bertopic,n30_c100_s42,7,0.969589876961123
1087763,bertopic,n30_c100_s42,13,0.4228633869547047
1087979,bertopic,n30_c100_s42,15,0.4517618516822475
1088031,bertopic,n30_c100_s42,1,0.6684501556460644
1088610,bertopic,n30_c100_s42,20,1.0
1088726,bertopic,n30_c100_s42,20,0.9141400036814519
1089680,bertopic,n30_c100_s42,0,1.0
1089743,bertopic,n30_c100_s42,21,1.0
1089980,bertopic,n30_c100_s42,2,0.2481148976617643
1090059,bertopic,n30_c100_s42,-1,0.0
1090082,bertopic,n30_c100_s42,5,1.0
1090851,bertopic,n30_c100_s42,-1,0.0
1091144,bertopic,n30_c100_s42,3,0.9220126198886265
1091597,bertopic,n30_c100_s42,20,0.9520671164395018
1091700,bertopic,n30_c100_s42,20,1.0
1092044,bertopic,n30_c100_s42,1,0.2603485158763221
1092137,bertopic,n30_c100_s42,4,0.5709093680444737
1092142,bertopic,n30_c100_s42,3,0.7393373056078498
1093059,bertopic,n30_c100_s42,10,0.8234048989030487
1093801,bertopic,n30_c100_s42,11,1.0
1094257,bertopic,n30_c100_s42,-1,0.0
1094353,bertopic,n30_c100_s42,16,1.0
1095314,bertopic,n30_c100_s42,-1,0.0
1095730,bertopic,n30_c100_s42,14,1.0
1095744,bertopic,n30_c100_s42,-1,0.0
1095794,bertopic,n30_c100_s42,16,1.0
1096069,bertopic,n30_c100_s42,3,1.0
1096200,bertopic,n30_c100_s42,-1,0.0
1096241,bertopic,n30_c100_s42,9,1.0
1096298,bertopic,n30_c100_s42,9,0.8352330465788221
1096461,bertopic,n30_c100_s42,-1,0.0
1096507,bertopic,n30_c100_s42,-1,0.0
1096572,bertopic,n30_c100_s42,8,0.8758775850767994
1096749,bertopic,n30_c100_s42,0,1.0
1097185,bertopic,n30_c100_s42,1,0.2603485158763221
1097300,bertopic,n30_c100_s42,-1,0.0
1097409,bertopic,n30_c100_s42,7,1.0
1097521,bertopic,n30_c100_s42,-1,0.0
1097866,bertopic,n30_c100_s42,1,0.9663927895526171
1098259,bertopic,n30_c100_s42,8,1.0
1098545,bertopic,n30_c100_s42,-1,0.0
1098819,bertopic,n30_c100_s42,-1,0.0
1098963,bertopic,n30_c100_s42,-1,0.0
1098982,bertopic,n30_c100_s42,-1,0.0
1099091,bertopic,n30_c100_s42,8,1.0
1099235,bertopic,n30_c100_s42,5,1.0
1099490,bertopic,n30_c100_s42,-1,0.0
1099494,bertopic,n30_c100_s42,13,0.3037018774089346
1099514,bertopic,n30_c100_s42,9,0.9575484106285552
1099526,bertopic,n30_c100_s42,20,0.7990719033562242
1099659,bertopic,n30_c100_s42,8,1.0
1099789,bertopic,n30_c100_s42,-1,0.0
1099991,bertopic,n30_c100_s42,-1,0.0
1100292,bertopic,n30_c100_s42,-1,0.0
1100313,bertopic,n30_c100_s42,-1,0.0
1100338,bertopic,n30_c100_s42,1,0.2603485158763221
1100413,bertopic,n30_c100_s42,-1,0.0
1100434,bertopic,n30_c100_s42,11,1.0
1100449,bertopic,n30_c100_s42,8,0.9699510134343139
1100552,bertopic,n30_c100_s42,13,1.0
1100594,bertopic,n30_c100_s42,16,1.0
1100861,bertopic,n30_c100_s42,-1,0.0
1100932,bertopic,n30_c100_s42,17,0.3620144103644091
1100975,bertopic,n30_c100_s42,0,1.0
1100995,bertopic,n30_c100_s42,-1,0.0
1101219,bertopic,n30_c100_s42,8,1.0
1101347,bertopic,n30_c100_s42,0,1.0
1101600,bertopic,n30_c100_s42,1,0.5152254463008867
1101650,bertopic,n30_c100_s42,8,1.0
1101774,bertopic,n30_c100_s42,20,0.78214383101139
1101833,bertopic,n30_c100_s42,1,0.5152254463008867
1102145,bertopic,n30_c100_s42,1,0.5152254463008867
1102171,bertopic,n30_c100_s42,13,1.0
1102209,bertopic,n30_c100_s42,22,1.0
1102291,bertopic,n30_c100_s42,-1,0.0
1102329,bertopic,n30_c100_s42,-1,0.0
1102357,bertopic,n30_c100_s42,-1,0.0
1102380,bertopic,n30_c100_s42,4,0.5709093680444737
1102591,bertopic,n30_c100_s42,7,1.0
1102629,bertopic,n30_c100_s42,1,0.5152254463008867
1102677,bertopic,n30_c100_s42,8,1.0
1102830,bertopic,n30_c100_s42,7,0.9275243121588785
1102838,bertopic,n30_c100_s42,-1,0.0
1102965,bertopic,n30_c100_s42,-1,0.0
1103065,bertopic,n30_c100_s42,-1,0.0
1103081,bertopic,n30_c100_s42,8,0.9220254954631698
1103395,bertopic,n30_c100_s42,-1,0.0
1103566,bertopic,n30_c100_s42,-1,0.0
1103673,bertopic,n30_c100_s42,8,0.8899992374391713
1103695,bertopic,n30_c100_s42,-1,0.0
1103889,bertopic,n30_c100_s42,0,1.0
1103910,bertopic,n30_c100_s42,0,1.0
1104481,bertopic,n30_c100_s42,-1,0.0
1104538,bertopic,n30_c100_s42,0,1.0
1105907,bertopic,n30_c100_s42,3,1.0
1105913,bertopic,n30_c100_s42,8,0.9220254954631698
1105941,bertopic,n30_c100_s42,22,1.0
1105952,bertopic,n30_c100_s42,22,1.0
1106184,bertopic,n30_c100_s42,12,1.0
1106279,bertopic,n30_c100_s42,-1,0.0
1106821,bertopic,n30_c100_s42,0,0.8977799534390634
1107054,bertopic,n30_c100_s42,9,0.8335127910177387
1107129,bertopic,n30_c100_s42,14,1.0
1107310,bertopic,n30_c100_s42,13,1.0
1107428,bertopic,n30_c100_s42,-1,0.0
1107525,bertopic,n30_c100_s42,22,1.0
1107629,bertopic,n30_c100_s42,-1,0.0
1108008,bertopic,n30_c100_s42,22,1.0
1108317,bertopic,n30_c100_s42,0,0.8252363441655078
1108557,bertopic,n30_c100_s42,21,1.0
1108766,bertopic,n30_c100_s42,14,0.6232072478238039
1109432,bertopic,n30_c100_s42,12,0.6001418223150998
1109710,bertopic,n30_c100_s42,15,0.6659762868300348
1109970,bertopic,n30_c100_s42,1,0.5152254463008867
1110115,bertopic,n30_c100_s42,6,0.8880080101854336
1110127,bertopic,n30_c100_s42,4,0.8703655567295971
1110172,bertopic,n30_c100_s42,6,0.8880080101854336
1110269,bertopic,n30_c100_s42,6,0.8880080101854336
1110328,bertopic,n30_c100_s42,6,0.8783090087830774
1110439,bertopic,n30_c100_s42,7,1.0
1110451,bertopic,n30_c100_s42,0,1.0
1110625,bertopic,n30_c100_s42,-1,0.0
1110676,bertopic,n30_c100_s42,4,0.5709093680444737
1110709,bertopic,n30_c100_s42,4,1.0
1110792,bertopic,n30_c100_s42,8,0.9193981361898871
1110901,bertopic,n30_c100_s42,0,1.0
1110981,bertopic,n30_c100_s42,2,0.7715240499350589
1111001,bertopic,n30_c100_s42,-1,0.0
1111532,bertopic,n30_c100_s42,6,0.8880080101854336
1111947,bertopic,n30_c100_s42,0,0.5177722801887799
1112028,bertopic,n30_c100_s42,-1,0.0
1112046,bertopic,n30_c100_s42,2,0.7715240499350589
1112330,bertopic,n30_c100_s42,6,0.8880080101854336
1112600,bertopic,n30_c100_s42,18,1.0
1112879,bertopic,n30_c100_s42,7,1.0
1113001,bertopic,n30_c100_s42,1,0.6785298377135384
1113004,bertopic,n30_c100_s42,2,1.0
1113072,bertopic,n30_c100_s42,4,0.5709093680444737
1113366,bertopic,n30_c100_s42,15,1.0
1113844,bertopic,n30_c100_s42,2,0.579198146440417
1113949,bertopic,n30_c100_s42,7,0.8324370534653994
1114316,bertopic,n30_c100_s42,2,1.0
1114352,bertopic,n30_c100_s42,2,0.5713533223544114
1114794,bertopic,n30_c100_s42,5,0.36029800678492685
1114827,bertopic,n30_c100_s42,2,0.34389304259815195
1114891,bertopic,n30_c100_s42,4,0.781491595189743
1114995,bertopic,n30_c100_s42,12,1.0
1115098,bertopic,n30_c100_s42,16,1.0
1115154,bertopic,n30_c100_s42,12,1.0
1115204,bertopic,n30_c100_s42,-1,0.0
1115380,bertopic,n30_c100_s42,2,0.8125487939838829
1115412,bertopic,n30_c100_s42,3,0.7608690353518964
1115576,bertopic,n30_c100_s42,2,0.8714275178677742
1115643,bertopic,n30_c100_s42,2,0.7715240499350589
1115941,bertopic,n30_c100_s42,14,1.0
1116089,bertopic,n30_c100_s42,2,0.6147528259831992
1116562,bertopic,n30_c100_s42,3,0.9365346855725267
1116827,bertopic,n30_c100_s42,16,0.852716953020306
1116858,bertopic,n30_c100_s42,6,0.8880080101854336
1116913,bertopic,n30_c100_s42,15,1.0
1117195,bertopic,n30_c100_s42,9,0.9976435544063357
1117230,bertopic,n30_c100_s42,-1,0.0
1117275,bertopic,n30_c100_s42,2,1.0
1117493,bertopic,n30_c100_s42,3,0.9365346855725267
1117508,bertopic,n30_c100_s42,9,1.0
1117531,bertopic,n30_c100_s42,2,0.9129411150804517
1117684,bertopic,n30_c100_s42,2,1.0
1117698,bertopic,n30_c100_s42,8,0.9220254954631698
1118052,bertopic,n30_c100_s42,2,0.9689528299930997
1118073,bertopic,n30_c100_s42,2,0.6360937858873601
1118141,bertopic,n30_c100_s42,9,0.9976435544063357
1118205,bertopic,n30_c100_s42,5,0.9647256196845844
1118246,bertopic,n30_c100_s42,1,1.0
1118312,bertopic,n30_c100_s42,2,1.0
1118440,bertopic,n30_c100_s42,14,0.7763660168250162
1118480,bertopic,n30_c100_s42,4,0.9387752817512294
1118533,bertopic,n30_c100_s42,21,1.0
1118668,bertopic,n30_c100_s42,1,1.0
1118759,bertopic,n30_c100_s42,2,0.7209922034090762
1118824,bertopic,n30_c100_s42,1,1.0
1118923,bertopic,n30_c100_s42,7,1.0
1119095,bertopic,n30_c100_s42,4,0.4793287227802842
1119264,bertopic,n30_c100_s42,2,0.7715240499350589
1119296,bertopic,n30_c100_s42,1,1.0
1119321,bertopic,n30_c100_s42,2,0.514093398491858
1119376,bertopic,n30_c100_s42,5,0.5076366744703438
1119387,bertopic,n30_c100_s42,2,0.514093398491858
1119504,bertopic,n30_c100_s42,-1,0.0
1119709,bertopic,n30_c100_s42,18,1.0
1119724,bertopic,n30_c100_s42,5,1.0
1119732,bertopic,n30_c100_s42,2,0.514093398491858
1119837,bertopic,n30_c100_s42,2,0.514093398491858
1119949,bertopic,n30_c100_s42,-1,0.0
1120028,bertopic,n30_c100_s42,1,0.5725617691921522
1120135,bertopic,n30_c100_s42,4,0.5709093680444737
1120334,bertopic,n30_c100_s42,-1,0.0
1121077,bertopic,n30_c100_s42,8,1.0
1121307,bertopic,n30_c100_s42,2,0.7715240499350589
1121314,bertopic,n30_c100_s42,2,0.7715240499350589
1121341,bertopic,n30_c100_s42,2,0.8366223632876806
1121447,bertopic,n30_c100_s42,2,0.7006551653074544
1121643,bertopic,n30_c100_s42,4,0.6278476761767791
1121926,bertopic,n30_c100_s42,-1,0.0
1122060,bertopic,n30_c100_s42,23,1.0
1122687,bertopic,n30_c100_s42,6,1.0
1122913,bertopic,n30_c100_s42,6,1.0
1123071,bertopic,n30_c100_s42,6,1.0
1123093,bertopic,n30_c100_s42,-1,0.0
1124310,bertopic,n30_c100_s42,4,0.5709093680444737
1124347,bertopic,n30_c100_s42,6,1.0
1124353,bertopic,n30_c100_s42,6,0.45648589792909283
1124387,bertopic,n30_c100_s42,6,0.8643560788560636
1124797,bertopic,n30_c100_s42,22,1.0
1124824,bertopic,n30_c100_s42,-1,0.0
1124977,bertopic,n30_c100_s42,-1,0.0
1125019,bertopic,n30_c100_s42,0,1.0
1125021,bertopic,n30_c100_s42,12,0.9372752059910534
1125760,bertopic,n30_c100_s42,6,1.0
1126048,bertopic,n30_c100_s42,4,1.0
1126258,bertopic,n30_c100_s42,15,0.19472600883482155
1126719,bertopic,n30_c100_s42,1,0.5152254463008867
1126733,bertopic,n30_c100_s42,1,0.6785298377135384
1127164,bertopic,n30_c100_s42,2,0.2481148976617643
1127853,bertopic,n30_c100_s42,22,1.0
1128790,bertopic,n30_c100_s42,-1,0.0
1128885,bertopic,n30_c100_s42,6,1.0
1128919,bertopic,n30_c100_s42,1,0.7409143536731629
1128965,bertopic,n30_c100_s42,0,1.0
1129054,bertopic,n30_c100_s42,2,1.0
1129221,bertopic,n30_c100_s42,1,0.639083889002683
1129241,bertopic,n30_c100_s42,7,1.0
1129745,bertopic,n30_c100_s42,4,0.9387752817512294
1129847,bertopic,n30_c100_s42,1,1.0
1129929,bertopic,n30_c100_s42,-1,0.0
1130065,bertopic,n30_c100_s42,5,0.3880791196129506
1130119,bertopic,n30_c100_s42,2,0.6147528259831992
1130131,bertopic,n30_c100_s42,6,1.0
1130323,bertopic,n30_c100_s42,4,0.5709093680444737
1130384,bertopic,n30_c100_s42,1,0.7017593044608844
1130842,bertopic,n30_c100_s42,19,1.0
1130955,bertopic,n30_c100_s42,15,1.0
1131856,bertopic,n30_c100_s42,14,0.7763660168250162
1132014,bertopic,n30_c100_s42,6,1.0
1132074,bertopic,n30_c100_s42,4,0.9387752817512294
1132163,bertopic,n30_c100_s42,-1,0.0
1132406,bertopic,n30_c100_s42,13,1.0
1132415,bertopic,n30_c100_s42,23,1.0
1132790,bertopic,n30_c100_s42,3,0.443215375014644
1133215,bertopic,n30_c100_s42,15,1.0
1133283,bertopic,n30_c100_s42,1,0.5025434454410019
1133321,bertopic,n30_c100_s42,17,1.0
1133411,bertopic,n30_c100_s42,0,1.0
1133518,bertopic,n30_c100_s42,0,1.0
1133697,bertopic,n30_c100_s42,-1,0.0
1133760,bertopic,n30_c100_s42,0,1.0
1133776,bertopic,n30_c100_s42,12,0.7869456380467347
1133880,bertopic,n30_c100_s42,15,0.5568047582090988
1134028,bertopic,n30_c100_s42,13,0.4658853009717789
1134165,bertopic,n30_c100_s42,3,1.0
1134199,bertopic,n30_c100_s42,15,1.0
1134222,bertopic,n30_c100_s42,0,1.0
1134608,bertopic,n30_c100_s42,-1,0.0
1134753,bertopic,n30_c100_s42,22,0.8284329666426501
1134862,bertopic,n30_c100_s42,6,0.9126677029326261
1135019,bertopic,n30_c100_s42,15,0.4892687782704521
1135134,bertopic,n30_c100_s42,1,0.7409143536731629
1135142,bertopic,n30_c100_s42,15,1.0
1136015,bertopic,n30_c100_s42,0,1.0
1136884,bertopic,n30_c100_s42,1,0.6785298377135384
1137187,bertopic,n30_c100_s42,3,0.9365346855725267
1137490,bertopic,n30_c100_s42,-1,0.0
1137796,bertopic,n30_c100_s42,1,0.5384994361919798
1138035,bertopic,n30_c100_s42,16,1.0
1138182,bertopic,n30_c100_s42,14,0.7423551600759051
1138623,bertopic,n30_c100_s42,12,0.4633178778326115
1138707,bertopic,n30_c100_s42,4,0.5326533379714162
1139842,bertopic,n30_c100_s42,-1,0.0
1140181,bertopic,n30_c100_s42,0,1.0
1140801,bertopic,n30_c100_s42,11,1.0
1141046,bertopic,n30_c100_s42,15,1.0
1141197,bertopic,n30_c100_s42,15,0.19472600883482155
1141638,bertopic,n30_c100_s42,16,1.0
1141813,bertopic,n30_c100_s42,8,0.9220254954631698
1141951,bertopic,n30_c100_s42,0,1.0
1142937,bertopic,n30_c100_s42,-1,0.0
1144824,bertopic,n30_c100_s42,-1,0.0
1145165,bertopic,n30_c100_s42,14,1.0
1145638,bertopic,n30_c100_s42,9,1.0
1146027,bertopic,n30_c100_s42,-1,0.0
1146042,bertopic,n30_c100_s42,6,1.0
1146152,bertopic,n30_c100_s42,-1,0.0
1146252,bertopic,n30_c100_s42,22,1.0
1146352,bertopic,n30_c100_s42,7,0.9545057606203089
1147158,bertopic,n30_c100_s42,20,1.0
1147273,bertopic,n30_c100_s42,-1,0.0
1147402,bertopic,n30_c100_s42,-1,0.0
1147699,bertopic,n30_c100_s42,1,1.0
1148447,bertopic,n30_c100_s42,3,1.0
1148547,bertopic,n30_c100_s42,6,1.0
1148606,bertopic,n30_c100_s42,0,1.0
1148875,bertopic,n30_c100_s42,5,1.0
1149101,bertopic,n30_c100_s42,20,1.0
1149294,bertopic,n30_c100_s42,20,1.0
1149383,bertopic,n30_c100_s42,5,0.985201722101038
1150390,bertopic,n30_c100_s42,2,0.6023615304336046
1150687,bertopic,n30_c100_s42,3,1.0
1151009,bertopic,n30_c100_s42,0,1.0
1151445,bertopic,n30_c100_s42,1,0.5152254463008867
1151675,bertopic,n30_c100_s42,5,1.0
1151793,bertopic,n30_c100_s42,22,0.734739252838138
1154042,bertopic,n30_c100_s42,0,1.0
1154242,bertopic,n30_c100_s42,6,0.8880080101854336
1154680,bertopic,n30_c100_s42,0,0.864278930475371
1155302,bertopic,n30_c100_s42,18,1.0
1156050,bertopic,n30_c100_s42,-1,0.0
1158781,bertopic,n30_c100_s42,-1,0.0
1159641,bertopic,n30_c100_s42,-1,0.0
1160696,bertopic,n30_c100_s42,-1,0.0
1161665,bertopic,n30_c100_s42,-1,0.0
1161789,bertopic,n30_c100_s42,16,1.0
1161895,bertopic,n30_c100_s42,18,1.0
1162509,bertopic,n30_c100_s42,-1,0.0
1162778,bertopic,n30_c100_s42,14,1.0
1163727,bertopic,n30_c100_s42,0,1.0
1163846,bertopic,n30_c100_s42,2,1.0
1166428,bertopic,n30_c100_s42,10,1.0
1166606,bertopic,n30_c100_s42,18,0.7963773052271637
1172193,bertopic,n30_c100_s42,10,1.0
1173734,bertopic,n30_c100_s42,18,1.0
1176583,bertopic,n30_c100_s42,10,0.7337638636135482
1176973,bertopic,n30_c100_s42,9,1.0
1177723,bertopic,n30_c100_s42,13,0.7830093138034869
1177972,bertopic,n30_c100_s42,-1,0.0
1178665,bertopic,n30_c100_s42,5,0.570899818357951
1179288,bertopic,n30_c100_s42,5,0.3880791196129506
1179930,bertopic,n30_c100_s42,14,0.7763660168250162
1180166,bertopic,n30_c100_s42,0,1.0
1180430,bertopic,n30_c100_s42,-1,0.0
1180915,bertopic,n30_c100_s42,-1,0.0
1182632,bertopic,n30_c100_s42,9,0.9976435544063357
1185968,bertopic,n30_c100_s42,-1,0.0
1189527,bertopic,n30_c100_s42,6,1.0
1189737,bertopic,n30_c100_s42,0,1.0
1190471,bertopic,n30_c100_s42,1,0.5152254463008867
1191095,bertopic,n30_c100_s42,-1,0.0
1191971,bertopic,n30_c100_s42,6,0.8880080101854336
1192253,bertopic,n30_c100_s42,-1,0.0
1192680,bertopic,n30_c100_s42,-1,0.0
1193022,bertopic,n30_c100_s42,0,0.7217390602409205
1196817,bertopic,n30_c100_s42,-1,0.0
1198108,bertopic,n30_c100_s42,-1,0.0
1200295,bertopic,n30_c100_s42,-1,0.0
1200453,bertopic,n30_c100_s42,-1,0.0
1200649,bertopic,n30_c100_s42,18,1.0
1200694,bertopic,n30_c100_s42,18,1.0
1202138,bertopic,n30_c100_s42,2,1.0
1202164,bertopic,n30_c100_s42,13,1.0
1202753,bertopic,n30_c100_s42,3,1.0
1203775,bertopic,n30_c100_s42,9,0.7625261792860987
1205723,bertopic,n30_c100_s42,6,1.0
1207633,bertopic,n30_c100_s42,-1,0.0
1208066,bertopic,n30_c100_s42,-1,0.0
1209971,bertopic,n30_c100_s42,21,1.0
1213628,bertopic,n30_c100_s42,11,1.0
1214551,bertopic,n30_c100_s42,-1,0.0
1215205,bertopic,n30_c100_s42,1,0.6785298377135384
1215569,bertopic,n30_c100_s42,9,0.9976435544063357
1215831,bertopic,n30_c100_s42,20,1.0
1216753,bertopic,n30_c100_s42,9,1.0
1217154,bertopic,n30_c100_s42,3,1.0
1217384,bertopic,n30_c100_s42,-1,0.0
1222251,bertopic,n30_c100_s42,4,1.0
1222276,bertopic,n30_c100_s42,12,1.0
1223277,bertopic,n30_c100_s42,4,0.5966362899324213
1223412,bertopic,n30_c100_s42,1,0.6785298377135384
1225916,bertopic,n30_c100_s42,-1,0.0
1226995,bertopic,n30_c100_s42,-1,0.0
1227271,bertopic,n30_c100_s42,12,1.0
1227710,bertopic,n30_c100_s42,11,0.3844597596476467
1228096,bertopic,n30_c100_s42,20,1.0
1228776,bertopic,n30_c100_s42,6,1.0
1229008,bertopic,n30_c100_s42,-1,0.0
1229988,bertopic,n30_c100_s42,4,1.0
1231622,bertopic,n30_c100_s42,11,0.9387491827952383
1231635,bertopic,n30_c100_s42,-1,0.0
1231901,bertopic,n30_c100_s42,12,1.0
1232008,bertopic,n30_c100_s42,3,0.7608690353518964
1232174,bertopic,n30_c100_s42,2,1.0
1233088,bertopic,n30_c100_s42,14,0.8748929998115023
1233385,bertopic,n30_c100_s42,18,1.0
1233422,bertopic,n30_c100_s42,4,1.0
1235322,bertopic,n30_c100_s42,2,0.48114109850665154
1236378,bertopic,n30_c100_s42,4,0.9387752817512294
1237031,bertopic,n30_c100_s42,6,1.0
1237170,bertopic,n30_c100_s42,2,0.6203788471019649
1237413,bertopic,n30_c100_s42,20,1.0
1237848,bertopic,n30_c100_s42,15,1.0
1237922,bertopic,n30_c100_s42,13,1.0
1238889,bertopic,n30_c100_s42,20,1.0
1238961,bertopic,n30_c100_s42,9,1.0
1239523,bertopic,n30_c100_s42,12,1.0
1240026,bertopic,n30_c100_s42,-1,0.0
1241291,bertopic,n30_c100_s42,11,0.3844597596476467
1242184,bertopic,n30_c100_s42,16,0.7960814291736142
1245244,bertopic,n30_c100_s42,1,0.5152254463008867
1248105,bertopic,n30_c100_s42,8,0.9166977097182274
1248204,bertopic,n30_c100_s42,3,0.7608690353518964
1248300,bertopic,n30_c100_s42,9,0.9976435544063357
1250399,bertopic,n30_c100_s42,7,1.0
1251753,bertopic,n30_c100_s42,-1,0.0
1252071,bertopic,n30_c100_s42,17,0.6540861365276491
1252327,bertopic,n30_c100_s42,12,1.0
1254524,bertopic,n30_c100_s42,22,1.0
1256404,bertopic,n30_c100_s42,11,1.0
1257472,bertopic,n30_c100_s42,6,0.36117491628339793
1260426,bertopic,n30_c100_s42,6,0.8880080101854336
1261053,bertopic,n30_c100_s42,-1,0.0
1261757,bertopic,n30_c100_s42,0,1.0
1262969,bertopic,n30_c100_s42,3,0.4249589864642115
1263492,bertopic,n30_c100_s42,16,1.0
1264343,bertopic,n30_c100_s42,12,1.0
1264590,bertopic,n30_c100_s42,9,0.9976435544063357
1264716,bertopic,n30_c100_s42,11,0.4876382647387404
1266683,bertopic,n30_c100_s42,-1,0.0
1267035,bertopic,n30_c100_s42,9,1.0
1267428,bertopic,n30_c100_s42,6,0.8880080101854336
1267998,bertopic,n30_c100_s42,0,1.0
1270171,bertopic,n30_c100_s42,5,0.38361211184596467
1271152,bertopic,n30_c100_s42,13,0.591481133685933
1271406,bertopic,n30_c100_s42,-1,0.0
1273521,bertopic,n30_c100_s42,16,1.0
1274004,bertopic,n30_c100_s42,11,1.0
1275243,bertopic,n30_c100_s42,20,1.0
1275309,bertopic,n30_c100_s42,1,0.3539627404672357
1276979,bertopic,n30_c100_s42,3,0.7608690353518964
1277211,bertopic,n30_c100_s42,9,1.0
1277828,bertopic,n30_c100_s42,-1,0.0
1278728,bertopic,n30_c100_s42,-1,0.0
1280692,bertopic,n30_c100_s42,2,1.0
1282492,bertopic,n30_c100_s42,10,0.7208274752551447
1282669,bertopic,n30_c100_s42,-1,0.0
1283815,bertopic,n30_c100_s42,15,1.0
1285885,bertopic,n30_c100_s42,9,1.0
1286087,bertopic,n30_c100_s42,-1,0.0
1286957,bertopic,n30_c100_s42,20,1.0
1288369,bertopic,n30_c100_s42,2,1.0
1293162,bertopic,n30_c100_s42,20,1.0
1293332,bertopic,n30_c100_s42,16,1.0
1293933,bertopic,n30_c100_s42,11,1.0
1295827,bertopic,n30_c100_s42,11,0.4876382647387404
1295853,bertopic,n30_c100_s42,10,1.0
1295865,bertopic,n30_c100_s42,-1,0.0
1295888,bertopic,n30_c100_s42,-1,0.0
1296775,bertopic,n30_c100_s42,16,1.0
1297875,bertopic,n30_c100_s42,0,1.0
1298653,bertopic,n30_c100_s42,-1,0.0
1303438,bertopic,n30_c100_s42,1,0.5152254463008867
1303474,bertopic,n30_c100_s42,20,1.0
1304857,bertopic,n30_c100_s42,0,1.0
1305880,bertopic,n30_c100_s42,-1,0.0
1306813,bertopic,n30_c100_s42,3,1.0
1307171,bertopic,n30_c100_s42,-1,0.0
1311466,bertopic,n30_c100_s42,-1,0.0
1312605,bertopic,n30_c100_s42,12,1.0
1312667,bertopic,n30_c100_s42,-1,0.0
1312787,bertopic,n30_c100_s42,21,0.9962008918007779
1313336,bertopic,n30_c100_s42,9,0.8135974839761311
1314141,bertopic,n30_c100_s42,0,0.5041651173221762
1314588,bertopic,n30_c100_s42,0,0.36824908532147643
1315353,bertopic,n30_c100_s42,-1,0.0
1316358,bertopic,n30_c100_s42,7,1.0
1317422,bertopic,n30_c100_s42,1,0.5152254463008867
1319309,bertopic,n30_c100_s42,10,1.0
1319652,bertopic,n30_c100_s42,20,0.7089166749076534
1322468,bertopic,n30_c100_s42,-1,0.0
1322941,bertopic,n30_c100_s42,20,1.0
1325291,bertopic,n30_c100_s42,-1,0.0
1326263,bertopic,n30_c100_s42,20,1.0
1326419,bertopic,n30_c100_s42,2,0.2481148976617643
1327705,bertopic,n30_c100_s42,22,1.0
1328425,bertopic,n30_c100_s42,17,0.8505312283058936
1328433,bertopic,n30_c100_s42,14,1.0
1328559,bertopic,n30_c100_s42,18,0.7583399684581625
1328590,bertopic,n30_c100_s42,14,1.0
1328629,bertopic,n30_c100_s42,14,1.0
1328920,bertopic,n30_c100_s42,-1,0.0
1329456,bertopic,n30_c100_s42,-1,0.0
1330537,bertopic,n30_c100_s42,16,1.0
1331105,bertopic,n30_c100_s42,-1,0.0
1331247,bertopic,n30_c100_s42,21,1.0
1331568,bertopic,n30_c100_s42,13,0.9996886049416474
1331824,bertopic,n30_c100_s42,8,1.0
1332132,bertopic,n30_c100_s42,11,1.0
1332151,bertopic,n30_c100_s42,21,1.0
1333447,bertopic,n30_c100_s42,5,1.0
1333466,bertopic,n30_c100_s42,-1,0.0
1333612,bertopic,n30_c100_s42,11,0.8588653859608127
1333849,bertopic,n30_c100_s42,-1,0.0
1333894,bertopic,n30_c100_s42,7,1.0
1334215,bertopic,n30_c100_s42,22,1.0
1334660,bertopic,n30_c100_s42,-1,0.0
1334867,bertopic,n30_c100_s42,9,0.8550163817010455
1334990,bertopic,n30_c100_s42,4,1.0
1335182,bertopic,n30_c100_s42,4,0.9746923169208733
1335569,bertopic,n30_c100_s42,-1,0.0
1335873,bertopic,n30_c100_s42,8,0.8957876590503734
1336013,bertopic,n30_c100_s42,21,1.0
1336227,bertopic,n30_c100_s42,6,0.8880080101854336
1336272,bertopic,n30_c100_s42,-1,0.0
1336457,bertopic,n30_c100_s42,17,1.0
1336508,bertopic,n30_c100_s42,6,0.8880080101854336
1336545,bertopic,n30_c100_s42,-1,0.0
1336635,bertopic,n30_c100_s42,-1,0.0
1336697,bertopic,n30_c100_s42,7,0.9918600900553454
1336889,bertopic,n30_c100_s42,21,1.0
1337777,bertopic,n30_c100_s42,2,1.0
1337833,bertopic,n30_c100_s42,8,0.9373020906274879
1337953,bertopic,n30_c100_s42,4,0.5709093680444737
1338185,bertopic,n30_c100_s42,2,1.0
1338187,bertopic,n30_c100_s42,0,1.0
1338591,bertopic,n30_c100_s42,8,0.9223201234285737
1338720,bertopic,n30_c100_s42,-1,0.0
1339546,bertopic,n30_c100_s42,2,0.5713533223544114
1339717,bertopic,n30_c100_s42,-1,0.0
1339936,bertopic,n30_c100_s42,-1,0.0
1340018,bertopic,n30_c100_s42,0,0.36824908532147643
1340221,bertopic,n30_c100_s42,7,1.0
1340290,bertopic,n30_c100_s42,14,1.0
1340354,bertopic,n30_c100_s42,7,0.8245831488463152
1340550,bertopic,n30_c100_s42,10,0.8498251253730283
1340579,bertopic,n30_c100_s42,-1,0.0
1340837,bertopic,n30_c100_s42,7,1.0
1340896,bertopic,n30_c100_s42,4,0.7926475346622232
1341084,bertopic,n30_c100_s42,19,1.0
1341136,bertopic,n30_c100_s42,14,1.0
1341197,bertopic,n30_c100_s42,5,1.0
1341211,bertopic,n30_c100_s42,3,0.9365346855725267
1341349,bertopic,n30_c100_s42,1,1.0
1341492,bertopic,n30_c100_s42,17,1.0
1341518,bertopic,n30_c100_s42,13,1.0
1341529,bertopic,n30_c100_s42,19,1.0
1341600,bertopic,n30_c100_s42,19,1.0
1341631,bertopic,n30_c100_s42,21,1.0
1341648,bertopic,n30_c100_s42,2,0.8366223632876806
1341653,bertopic,n30_c100_s42,7,1.0
1341654,bertopic,n30_c100_s42,4,0.9387752817512294
1341717,bertopic,n30_c100_s42,-1,0.0
1341723,bertopic,n30_c100_s42,-1,0.0
1341731,bertopic,n30_c100_s42,13,0.4658853009717789
1341735,bertopic,n30_c100_s42,17,0.9138076559969622
1341778,bertopic,n30_c100_s42,-1,0.0
1341855,bertopic,n30_c100_s42,19,1.0
1341861,bertopic,n30_c100_s42,7,1.0
1341976,bertopic,n30_c100_s42,1,0.5025434454410019
1341980,bertopic,n30_c100_s42,19,1.0
1341997,bertopic,n30_c100_s42,1,0.6312483911245466
1342072,bertopic,n30_c100_s42,19,1.0
1342094,bertopic,n30_c100_s42,-1,0.0
1342147,bertopic,n30_c100_s42,-1,0.0
1342200,bertopic,n30_c100_s42,4,0.6334397198486608
1342209,bertopic,n30_c100_s42,-1,0.0
1342353,bertopic,n30_c100_s42,2,0.9330071661480961
1342385,bertopic,n30_c100_s42,-1,0.0
1342387,bertopic,n30_c100_s42,2,0.514093398491858
1342400,bertopic,n30_c100_s42,2,0.9049985189084235
1342431,bertopic,n30_c100_s42,2,0.8366223632876806
1342456,bertopic,n30_c100_s42,11,0.6732096107746383
1342504,bertopic,n30_c100_s42,19,1.0
1342820,bertopic,n30_c100_s42,16,1.0
1342923,bertopic,n30_c100_s42,19,1.0
1343205,bertopic,n30_c100_s42,-1,0.0
1343217,bertopic,n30_c100_s42,-1,0.0
1343397,bertopic,n30_c100_s42,19,1.0
1343705,bertopic,n30_c100_s42,-1,0.0
1343918,bertopic,n30_c100_s42,-1,0.0
1346153,bertopic,n30_c100_s42,20,1.0
1347867,bertopic,n30_c100_s42,20,1.0
1349045,bertopic,n30_c100_s42,18,0.7442640511952275
1350240,bertopic,n30_c100_s42,3,1.0
1350512,bertopic,n30_c100_s42,5,0.38361211184596467
1350627,bertopic,n30_c100_s42,-1,0.0
1350933,bertopic,n30_c100_s42,0,1.0
1352422,bertopic,n30_c100_s42,1,0.6785298377135384
1352426,bertopic,n30_c100_s42,3,0.7393373056078498
1352433,bertopic,n30_c100_s42,17,1.0
1352468,bertopic,n30_c100_s42,7,1.0
1352471,bertopic,n30_c100_s42,2,0.8366223632876806
1352495,bertopic,n30_c100_s42,-1,0.0
1352496,bertopic,n30_c100_s42,19,1.0
1352515,bertopic,n30_c100_s42,-1,0.0
1352534,bertopic,n30_c100_s42,2,0.5286875970130451
1352596,bertopic,n30_c100_s42,2,0.8366223632876806
1352613,bertopic,n30_c100_s42,2,0.7726286328789231
1352718,bertopic,n30_c100_s42,19,1.0
1352820,bertopic,n30_c100_s42,-1,0.0
1352903,bertopic,n30_c100_s42,19,1.0
1352958,bertopic,n30_c100_s42,17,1.0
1352995,bertopic,n30_c100_s42,19,1.0
1353016,bertopic,n30_c100_s42,1,1.0
1353060,bertopic,n30_c100_s42,-1,0.0
1353072,bertopic,n30_c100_s42,1,0.9807216928845042
1353120,bertopic,n30_c100_s42,19,1.0
1353281,bertopic,n30_c100_s42,-1,0.0
1353290,bertopic,n30_c100_s42,-1,0.0
1353320,bertopic,n30_c100_s42,-1,0.0
1353323,bertopic,n30_c100_s42,19,1.0
1353372,bertopic,n30_c100_s42,-1,0.0
1353458,bertopic,n30_c100_s42,0,0.8392037090913005
1353520,bertopic,n30_c100_s42,19,1.0
1353567,bertopic,n30_c100_s42,17,1.0
1353575,bertopic,n30_c100_s42,12,1.0
1353735,bertopic,n30_c100_s42,19,1.0
1353748,bertopic,n30_c100_s42,7,0.969589876961123
1353809,bertopic,n30_c100_s42,-1,0.0
1353844,bertopic,n30_c100_s42,19,1.0
1353851,bertopic,n30_c100_s42,6,0.5586953270781375
1353908,bertopic,n30_c100_s42,19,1.0
1354016,bertopic,n30_c100_s42,7,0.969589876961123
1354033,bertopic,n30_c100_s42,19,1.0
1354073,bertopic,n30_c100_s42,4,1.0
1354115,bertopic,n30_c100_s42,4,0.5826476948921551
1354131,bertopic,n30_c100_s42,4,0.8127193385079811
1354200,bertopic,n30_c100_s42,19,1.0
1354225,bertopic,n30_c100_s42,6,1.0
1354386,bertopic,n30_c100_s42,-1,0.0
1354429,bertopic,n30_c100_s42,17,1.0
1354493,bertopic,n30_c100_s42,19,1.0
1354538,bertopic,n30_c100_s42,8,1.0
1354555,bertopic,n30_c100_s42,19,1.0
1354623,bertopic,n30_c100_s42,3,0.7393373056078498
1354630,bertopic,n30_c100_s42,-1,0.0
1354634,bertopic,n30_c100_s42,19,1.0
1354764,bertopic,n30_c100_s42,5,0.7356042155179628
1354790,bertopic,n30_c100_s42,19,1.0
1354799,bertopic,n30_c100_s42,19,1.0
1354892,bertopic,n30_c100_s42,4,0.43240784452771486
1354928,bertopic,n30_c100_s42,7,1.0
1355075,bertopic,n30_c100_s42,19,1.0
1355098,bertopic,n30_c100_s42,5,0.3880791196129506
1355148,bertopic,n30_c100_s42,19,1.0
1355189,bertopic,n30_c100_s42,17,1.0
1355212,bertopic,n30_c100_s42,19,1.0
1355277,bertopic,n30_c100_s42,0,1.0
1355289,bertopic,n30_c100_s42,-1,0.0
1355306,bertopic,n30_c100_s42,0,1.0
1355387,bertopic,n30_c100_s42,-1,0.0
1355464,bertopic,n30_c100_s42,17,0.2790952437260615
1355474,bertopic,n30_c100_s42,-1,0.0
1355513,bertopic,n30_c100_s42,8,1.0
1355600,bertopic,n30_c100_s42,0,1.0
1355641,bertopic,n30_c100_s42,-1,0.0
1355698,bertopic,n30_c100_s42,17,1.0
1355959,bertopic,n30_c100_s42,-1,0.0
1356010,bertopic,n30_c100_s42,4,0.7598792586994776
1356076,bertopic,n30_c100_s42,19,1.0
1356190,bertopic,n30_c100_s42,13,1.0
1356274,bertopic,n30_c100_s42,19,1.0
1356290,bertopic,n30_c100_s42,4,0.5709093680444737
1356495,bertopic,n30_c100_s42,4,0.5709093680444737
1356519,bertopic,n30_c100_s42,19,1.0
1356599,bertopic,n30_c100_s42,19,1.0
1356604,bertopic,n30_c100_s42,-1,0.0
1356627,bertopic,n30_c100_s42,11,0.9284899924865793
1356668,bertopic,n30_c100_s42,14,1.0
1356670,bertopic,n30_c100_s42,15,1.0
1356825,bertopic,n30_c100_s42,7,0.8247468885080649
1356942,bertopic,n30_c100_s42,19,1.0
1356967,bertopic,n30_c100_s42,19,1.0
1356975,bertopic,n30_c100_s42,4,0.9387752817512294
1357163,bertopic,n30_c100_s42,-1,0.0
1357414,bertopic,n30_c100_s42,19,1.0
1357473,bertopic,n30_c100_s42,3,0.7608690353518964
1357554,bertopic,n30_c100_s42,19,1.0
1357652,bertopic,n30_c100_s42,7,0.9099758505338046
1357665,bertopic,n30_c100_s42,6,1.0
1357813,bertopic,n30_c100_s42,19,1.0
1357853,bertopic,n30_c100_s42,19,1.0
1357960,bertopic,n30_c100_s42,19,1.0
1358114,bertopic,n30_c100_s42,-1,0.0
1358178,bertopic,n30_c100_s42,11,0.3844597596476467
1358210,bertopic,n30_c100_s42,-1,0.0
1358250,bertopic,n30_c100_s42,-1,0.0
1358624,bertopic,n30_c100_s42,15,1.0
1358742,bertopic,n30_c100_s42,-1,0.0
1358818,bertopic,n30_c100_s42,19,1.0
1358971,bertopic,n30_c100_s42,0,1.0
1359310,bertopic,n30_c100_s42,0,1.0
1359637,bertopic,n30_c100_s42,-1,0.0
1359667,bertopic,n30_c100_s42,-1,0.0
1359688,bertopic,n30_c100_s42,19,1.0
1359697,bertopic,n30_c100_s42,19,1.0
1360008,bertopic,n30_c100_s42,5,0.38361211184596467
1360222,bertopic,n30_c100_s42,8,0.9220254954631698
1360241,bertopic,n30_c100_s42,0,1.0
1360518,bertopic,n30_c100_s42,-1,0.0
1360532,bertopic,n30_c100_s42,12,1.0
1360803,bertopic,n30_c100_s42,19,1.0
1361392,bertopic,n30_c100_s42,19,1.0
1361989,bertopic,n30_c100_s42,7,0.8883566515956166
1362085,bertopic,n30_c100_s42,4,0.5688660029840983
1362270,bertopic,n30_c100_s42,3,0.7393373056078498
1363598,bertopic,n30_c100_s42,8,0.982473926683824
1364107,bertopic,n30_c100_s42,-1,0.0
1364501,bertopic,n30_c100_s42,7,0.9545057606203089
1365761,bertopic,n30_c100_s42,-1,0.0
1365820,bertopic,n30_c100_s42,18,0.6739238440903896
1365942,bertopic,n30_c100_s42,6,1.0
1366210,bertopic,n30_c100_s42,1,0.5152254463008867
1367076,bertopic,n30_c100_s42,4,0.5709093680444737
1367334,bertopic,n30_c100_s42,3,1.0
1368672,bertopic,n30_c100_s42,-1,0.0
1368830,bertopic,n30_c100_s42,-1,0.0
1369052,bertopic,n30_c100_s42,1,0.5152254463008867
1369207,bertopic,n30_c100_s42,-1,0.0
1370009,bertopic,n30_c100_s42,13,1.0
1370734,bertopic,n30_c100_s42,14,1.0
1371099,bertopic,n30_c100_s42,20,1.0
1372834,bertopic,n30_c100_s42,-1,0.0
1373382,bertopic,n30_c100_s42,20,1.0
1373517,bertopic,n30_c100_s42,-1,0.0
1374213,bertopic,n30_c100_s42,-1,0.0
1374351,bertopic,n30_c100_s42,13,0.7830093138034869
1374888,bertopic,n30_c100_s42,7,0.9573849607511531
1375962,bertopic,n30_c100_s42,-1,0.0
1377305,bertopic,n30_c100_s42,9,0.9996233044277475
1378147,bertopic,n30_c100_s42,15,0.31593159858128844
1378625,bertopic,n30_c100_s42,16,1.0
1378806,bertopic,n30_c100_s42,1,0.5152254463008867
1379129,bertopic,n30_c100_s42,14,0.6475216259022102
1379802,bertopic,n30_c100_s42,-1,0.0
1380129,bertopic,n30_c100_s42,6,0.8906979464096024
1381254,bertopic,n30_c100_s42,13,1.0
1381696,bertopic,n30_c100_s42,-1,0.0
1381808,bertopic,n30_c100_s42,22,1.0
1383057,bertopic,n30_c100_s42,0,1.0
1383889,bertopic,n30_c100_s42,3,0.9220126198886265
1385669,bertopic,n30_c100_s42,-1,0.0
1386600,bertopic,n30_c100_s42,10,1.0
1386891,bertopic,n30_c100_s42,0,0.5096191718679219
1386909,bertopic,n30_c100_s42,3,1.0
1386978,bertopic,n30_c100_s42,-1,0.0
1387913,bertopic,n30_c100_s42,-1,0.0
1388481,bertopic,n30_c100_s42,16,1.0
1388627,bertopic,n30_c100_s42,4,1.0
1389193,bertopic,n30_c100_s42,8,0.9223201234285737
1389237,bertopic,n30_c100_s42,18,1.0
1389776,bertopic,n30_c100_s42,6,0.6458730424495062
1389785,bertopic,n30_c100_s42,0,1.0
1391001,bertopic,n30_c100_s42,7,0.9241511773645147
1391878,bertopic,n30_c100_s42,-1,0.0
1392171,bertopic,n30_c100_s42,-1,0.0
1392616,bertopic,n30_c100_s42,0,0.43329494264099006
1392742,bertopic,n30_c100_s42,5,0.570899818357951
1393021,bertopic,n30_c100_s42,7,0.8387872304356052
1393149,bertopic,n30_c100_s42,0,1.0
1393280,bertopic,n30_c100_s42,-1,0.0
1393391,bertopic,n30_c100_s42,-1,0.0
1393488,bertopic,n30_c100_s42,13,1.0
1393512,bertopic,n30_c100_s42,0,1.0
1393553,bertopic,n30_c100_s42,-1,0.0
1393777,bertopic,n30_c100_s42,3,0.7393373056078498
1394418,bertopic,n30_c100_s42,0,0.5526167910628234
1394813,bertopic,n30_c100_s42,15,0.5380098542930157
1395113,bertopic,n30_c100_s42,-1,0.0
1396305,bertopic,n30_c100_s42,0,1.0
1396536,bertopic,n30_c100_s42,4,0.5732067137923713
1397992,bertopic,n30_c100_s42,0,1.0
1398139,bertopic,n30_c100_s42,3,1.0
1398174,bertopic,n30_c100_s42,3,1.0
1398252,bertopic,n30_c100_s42,3,1.0
1398346,bertopic,n30_c100_s42,8,0.9220254954631698
1399933,bertopic,n30_c100_s42,-1,0.0
1400276,bertopic,n30_c100_s42,8,0.958258304573626
1401281,bertopic,n30_c100_s42,13,1.0
1401776,bertopic,n30_c100_s42,18,1.0
1403499,bertopic,n30_c100_s42,22,1.0
1403543,bertopic,n30_c100_s42,10,1.0
1403618,bertopic,n30_c100_s42,0,0.8139567757496424
1403934,bertopic,n30_c100_s42,-1,0.0
1404262,bertopic,n30_c100_s42,14,1.0
1404449,bertopic,n30_c100_s42,8,1.0
1404526,bertopic,n30_c100_s42,9,1.0
1405038,bertopic,n30_c100_s42,0,1.0
1405327,bertopic,n30_c100_s42,-1,0.0
1406803,bertopic,n30_c100_s42,7,1.0
1407139,bertopic,n30_c100_s42,-1,0.0
1407233,bertopic,n30_c100_s42,14,0.7763660168250162
1407371,bertopic,n30_c100_s42,-1,0.0
1407589,bertopic,n30_c100_s42,15,1.0
1408074,bertopic,n30_c100_s42,15,1.0
1408639,bertopic,n30_c100_s42,4,0.5732067137923713
1408737,bertopic,n30_c100_s42,4,0.5732067137923713
1409160,bertopic,n30_c100_s42,-1,0.0
1409834,bertopic,n30_c100_s42,15,0.998848271271367
1410309,bertopic,n30_c100_s42,-1,0.0
1410817,bertopic,n30_c100_s42,0,1.0
1410862,bertopic,n30_c100_s42,0,0.9481338574453191
1410997,bertopic,n30_c100_s42,0,1.0
1411119,bertopic,n30_c100_s42,0,1.0
1411519,bertopic,n30_c100_s42,13,1.0
1411756,bertopic,n30_c100_s42,15,0.8961469507229506
1412149,bertopic,n30_c100_s42,0,1.0
1412424,bertopic,n30_c100_s42,-1,0.0
1412975,bertopic,n30_c100_s42,11,0.3844597596476467
1413114,bertopic,n30_c100_s42,-1,0.0
1413469,bertopic,n30_c100_s42,-1,0.0
1413886,bertopic,n30_c100_s42,8,0.9220254954631698
1414377,bertopic,n30_c100_s42,8,0.982473926683824
1414621,bertopic,n30_c100_s42,0,1.0
1414854,bertopic,n30_c100_s42,13,1.0
1418587,bertopic,n30_c100_s42,7,0.891258208340961
1419130,bertopic,n30_c100_s42,10,1.0
1419281,bertopic,n30_c100_s42,8,0.8961047035421562
1419373,bertopic,n30_c100_s42,15,1.0
1420150,bertopic,n30_c100_s42,11,0.5135545027159646
1420359,bertopic,n30_c100_s42,16,1.0
1420676,bertopic,n30_c100_s42,-1,0.0
1421290,bertopic,n30_c100_s42,6,0.8880080101854336
1421554,bertopic,n30_c100_s42,5,0.8210589045571803
1421739,bertopic,n30_c100_s42,-1,0.0
1422211,bertopic,n30_c100_s42,10,1.0
1422237,bertopic,n30_c100_s42,11,0.3844597596476467
1422305,bertopic,n30_c100_s42,1,0.6785298377135384
1422445,bertopic,n30_c100_s42,13,1.0
1422449,bertopic,n30_c100_s42,21,1.0
1422805,bertopic,n30_c100_s42,0,0.9138251829180609
1423023,bertopic,n30_c100_s42,10,1.0
1423636,bertopic,n30_c100_s42,-1,0.0
1423827,bertopic,n30_c100_s42,0,1.0
1424324,bertopic,n30_c100_s42,4,0.5709093680444737
1424560,bertopic,n30_c100_s42,21,1.0
1424726,bertopic,n30_c100_s42,18,1.0
1425329,bertopic,n30_c100_s42,3,1.0
1425381,bertopic,n30_c100_s42,1,0.6785298377135384
1425396,bertopic,n30_c100_s42,10,1.0
1425918,bertopic,n30_c100_s42,0,0.4661282928050527
1426603,bertopic,n30_c100_s42,21,1.0
1427271,bertopic,n30_c100_s42,4,1.0
1427504,bertopic,n30_c100_s42,0,1.0
1428060,bertopic,n30_c100_s42,16,1.0
1428577,bertopic,n30_c100_s42,7,0.969589876961123
1429008,bertopic,n30_c100_s42,-1,0.0
1429314,bertopic,n30_c100_s42,-1,0.0
1429483,bertopic,n30_c100_s42,2,0.2481148976617643
1429660,bertopic,n30_c100_s42,-1,0.0
1430221,bertopic,n30_c100_s42,20,1.0
1430422,bertopic,n30_c100_s42,-1,0.0
1431867,bertopic,n30_c100_s42,5,0.570899818357951
1433003,bertopic,n30_c100_s42,3,0.8532447602744132
1433177,bertopic,n30_c100_s42,0,1.0
1433228,bertopic,n30_c100_s42,18,1.0
1433399,bertopic,n30_c100_s42,22,1.0
1433559,bertopic,n30_c100_s42,1,0.5152254463008867
1434021,bertopic,n30_c100_s42,6,0.30736945522137005
1434138,bertopic,n30_c100_s42,7,0.891258208340961
1435315,bertopic,n30_c100_s42,-1,0.0
1435944,bertopic,n30_c100_s42,2,0.8360861162845837
1435954,bertopic,n30_c100_s42,18,1.0
1435966,bertopic,n30_c100_s42,12,1.0
1436002,bertopic,n30_c100_s42,2,1.0
1436096,bertopic,n30_c100_s42,13,1.0
1436232,bertopic,n30_c100_s42,7,0.9545057606203089
1436382,bertopic,n30_c100_s42,4,1.0
1436761,bertopic,n30_c100_s42,4,1.0
1436769,bertopic,n30_c100_s42,6,0.8880080101854336
1437201,bertopic,n30_c100_s42,3,0.9220126198886265
1437730,bertopic,n30_c100_s42,18,1.0
1438428,bertopic,n30_c100_s42,8,1.0
1438672,bertopic,n30_c100_s42,4,1.0
1439249,bertopic,n30_c100_s42,-1,0.0
1439868,bertopic,n30_c100_s42,15,0.8585946793637297
1440498,bertopic,n30_c100_s42,7,0.9183084152867348
1442827,bertopic,n30_c100_s42,7,0.969589876961123
1443154,bertopic,n30_c100_s42,4,0.4588088625511208
1443270,bertopic,n30_c100_s42,18,1.0
1443466,bertopic,n30_c100_s42,18,1.0
1443642,bertopic,n30_c100_s42,18,1.0
1443675,bertopic,n30_c100_s42,18,1.0
1443679,bertopic,n30_c100_s42,18,1.0
1443967,bertopic,n30_c100_s42,18,1.0
1444123,bertopic,n30_c100_s42,5,0.985201722101038
1444388,bertopic,n30_c100_s42,9,0.9996233044277475
1444407,bertopic,n30_c100_s42,2,0.7715240499350589
1444816,bertopic,n30_c100_s42,-1,0.0
1445155,bertopic,n30_c100_s42,-1,0.0
1445868,bertopic,n30_c100_s42,11,1.0
1446344,bertopic,n30_c100_s42,4,1.0
1447236,bertopic,n30_c100_s42,11,0.8899108105702878
1447277,bertopic,n30_c100_s42,11,0.7886350813961615
1447518,bertopic,n30_c100_s42,17,1.0
1447668,bertopic,n30_c100_s42,2,1.0
1448206,bertopic,n30_c100_s42,2,1.0
1448247,bertopic,n30_c100_s42,4,0.5146001580971403
1448250,bertopic,n30_c100_s42,-1,0.0
1448327,bertopic,n30_c100_s42,-1,0.0
1448611,bertopic,n30_c100_s42,10,1.0
1448896,bertopic,n30_c100_s42,2,0.4472734949573142
1449283,bertopic,n30_c100_s42,0,1.0
1449372,bertopic,n30_c100_s42,11,0.4400959173353284
1449655,bertopic,n30_c100_s42,2,1.0
1449677,bertopic,n30_c100_s42,0,1.0
1449683,bertopic,n30_c100_s42,0,1.0
1449805,bertopic,n30_c100_s42,11,0.9284899924865793
1449843,bertopic,n30_c100_s42,11,0.9284899924865793
1450043,bertopic,n30_c100_s42,2,0.7859161980422217
1450121,bertopic,n30_c100_s42,21,1.0
1450731,bertopic,n30_c100_s42,8,0.9220254954631698
1450759,bertopic,n30_c100_s42,5,0.40871995422744906
1451103,bertopic,n30_c100_s42,-1,0.0
1451408,bertopic,n30_c100_s42,5,0.5461015702431312
1451509,bertopic,n30_c100_s42,0,0.6014241622758669
1451529,bertopic,n30_c100_s42,0,0.6956455595173909
1451625,bertopic,n30_c100_s42,15,1.0
1452133,bertopic,n30_c100_s42,11,1.0
1453222,bertopic,n30_c100_s42,-1,0.0
1453255,bertopic,n30_c100_s42,15,1.0
1453330,bertopic,n30_c100_s42,-1,0.0
1453464,bertopic,n30_c100_s42,1,0.6785298377135384
1453989,bertopic,n30_c100_s42,2,0.5713533223544114
1454189,bertopic,n30_c100_s42,-1,0.0
1454199,bertopic,n30_c100_s42,-1,0.0
1454244,bertopic,n30_c100_s42,5,0.985201722101038
1454277,bertopic,n30_c100_s42,-1,0.0
1454429,bertopic,n30_c100_s42,4,0.9008218258338254
1454947,bertopic,n30_c100_s42,8,1.0
1454949,bertopic,n30_c100_s42,4,0.9387752817512294
1455111,bertopic,n30_c100_s42,-1,0.0
1455238,bertopic,n30_c100_s42,0,0.8897071302000444
1455283,bertopic,n30_c100_s42,7,0.969589876961123
1455354,bertopic,n30_c100_s42,18,1.0
1455402,bertopic,n30_c100_s42,2,1.0
1455720,bertopic,n30_c100_s42,-1,0.0
1455994,bertopic,n30_c100_s42,9,1.0
1456517,bertopic,n30_c100_s42,8,0.8806263502069476
1456665,bertopic,n30_c100_s42,12,1.0
1456962,bertopic,n30_c100_s42,12,0.47753735021568566
1457263,bertopic,n30_c100_s42,7,1.0
1457325,bertopic,n30_c100_s42,-1,0.0
1457859,bertopic,n30_c100_s42,2,1.0
1457932,bertopic,n30_c100_s42,-1,0.0
1457983,bertopic,n30_c100_s42,1,0.3890202286603803
1458072,bertopic,n30_c100_s42,2,0.8924456819317139
1458241,bertopic,n30_c100_s42,-1,0.0
1458262,bertopic,n30_c100_s42,4,0.5732067137923713
1458275,bertopic,n30_c100_s42,4,0.5732067137923713
1458437,bertopic,n30_c100_s42,14,0.7763660168250162
1458616,bertopic,n30_c100_s42,2,0.7715240499350589
1458672,bertopic,n30_c100_s42,21,1.0
1458964,bertopic,n30_c100_s42,8,1.0
1459015,bertopic,n30_c100_s42,13,1.0
1459678,bertopic,n30_c100_s42,20,1.0
1459715,bertopic,n30_c100_s42,22,1.0
1459749,bertopic,n30_c100_s42,3,0.9220126198886265
1459777,bertopic,n30_c100_s42,3,0.9220126198886265
1459845,bertopic,n30_c100_s42,12,0.7313353029209985
1459893,bertopic,n30_c100_s42,13,1.0
1459929,bertopic,n30_c100_s42,3,0.9220126198886265
1459987,bertopic,n30_c100_s42,-1,0.0
1460048,bertopic,n30_c100_s42,-1,0.0
1460075,bertopic,n30_c100_s42,3,0.9220126198886265
1460145,bertopic,n30_c100_s42,1,0.5994823108157888
1460432,bertopic,n30_c100_s42,12,1.0
1460462,bertopic,n30_c100_s42,1,0.48678161069520903
1460518,bertopic,n30_c100_s42,8,0.923458609792958
1461227,bertopic,n30_c100_s42,-1,0.0
1461289,bertopic,n30_c100_s42,-1,0.0
1461300,bertopic,n30_c100_s42,-1,0.0
1461315,bertopic,n30_c100_s42,-1,0.0
1461357,bertopic,n30_c100_s42,2,0.5713533223544114
1461797,bertopic,n30_c100_s42,7,0.8219267965087577
1461825,bertopic,n30_c100_s42,0,0.7751480239144386
1461835,bertopic,n30_c100_s42,-1,0.0
1461873,bertopic,n30_c100_s42,11,1.0
1461916,bertopic,n30_c100_s42,11,0.3844597596476467
1462157,bertopic,n30_c100_s42,10,1.0
1462192,bertopic,n30_c100_s42,10,1.0
1462467,bertopic,n30_c100_s42,5,0.570899818357951
1464287,bertopic,n30_c100_s42,6,0.8880080101854336
1464707,bertopic,n30_c100_s42,7,1.0
1465268,bertopic,n30_c100_s42,10,1.0
1465580,bertopic,n30_c100_s42,-1,0.0
1465862,bertopic,n30_c100_s42,-1,0.0
1467500,bertopic,n30_c100_s42,4,1.0
1468123,bertopic,n30_c100_s42,-1,0.0
1468145,bertopic,n30_c100_s42,4,1.0
1468240,bertopic,n30_c100_s42,6,1.0
1468764,bertopic,n30_c100_s42,12,1.0
1469128,bertopic,n30_c100_s42,15,1.0
1471831,bertopic,n30_c100_s42,1,0.5152254463008867
1472174,bertopic,n30_c100_s42,7,0.9213223777121239
1472393,bertopic,n30_c100_s42,12,1.0
1472475,bertopic,n30_c100_s42,14,0.984995059196106
1472765,bertopic,n30_c100_s42,0,0.5255309555313084
1473282,bertopic,n30_c100_s42,2,0.9347654483262858
1473571,bertopic,n30_c100_s42,12,1.0
1473593,bertopic,n30_c100_s42,10,1.0
1473646,bertopic,n30_c100_s42,4,0.9387752817512294
1473689,bertopic,n30_c100_s42,5,0.40871995422744906
1473885,bertopic,n30_c100_s42,15,0.6815736819564381
1474107,bertopic,n30_c100_s42,11,1.0
1474637,bertopic,n30_c100_s42,0,0.36824908532147643
1475061,bertopic,n30_c100_s42,11,0.8096960483985358
1475207,bertopic,n30_c100_s42,2,1.0
1475268,bertopic,n30_c100_s42,4,0.5847520507073646
1476126,bertopic,n30_c100_s42,11,1.0
1476496,bertopic,n30_c100_s42,11,1.0
1476625,bertopic,n30_c100_s42,2,0.9776727020942335
1476870,bertopic,n30_c100_s42,-1,0.0
1477069,bertopic,n30_c100_s42,8,0.9220254954631698
1477305,bertopic,n30_c100_s42,-1,0.0
1477493,bertopic,n30_c100_s42,4,0.5841552424917711
1477562,bertopic,n30_c100_s42,12,0.47169321189934565
1479172,bertopic,n30_c100_s42,11,1.0
1479182,bertopic,n30_c100_s42,-1,0.0
1479188,bertopic,n30_c100_s42,-1,0.0
1479421,bertopic,n30_c100_s42,8,0.9223201234285737
1479744,bertopic,n30_c100_s42,14,1.0
1479969,bertopic,n30_c100_s42,0,1.0
1480263,bertopic,n30_c100_s42,14,1.0
1480343,bertopic,n30_c100_s42,11,0.3844597596476467
1480473,bertopic,n30_c100_s42,18,1.0
1480689,bertopic,n30_c100_s42,2,1.0
1481916,bertopic,n30_c100_s42,1,0.5152254463008867
1482195,bertopic,n30_c100_s42,15,1.0
1482391,bertopic,n30_c100_s42,-1,0.0
1482463,bertopic,n30_c100_s42,14,0.5532876639285825
1482515,bertopic,n30_c100_s42,2,0.7715240499350589
1482810,bertopic,n30_c100_s42,0,0.9327931668138495
1483028,bertopic,n30_c100_s42,5,0.570899818357951
1483236,bertopic,n30_c100_s42,2,0.7715240499350589
1483699,bertopic,n30_c100_s42,-1,0.0
1483702,bertopic,n30_c100_s42,-1,0.0
1483857,bertopic,n30_c100_s42,18,1.0
1484827,bertopic,n30_c100_s42,0,0.41795653408419176
1484861,bertopic,n30_c100_s42,12,1.0
1485022,bertopic,n30_c100_s42,2,0.7715240499350589
1485226,bertopic,n30_c100_s42,20,0.7089166749076534
1485402,bertopic,n30_c100_s42,3,0.8532447602744132
1485515,bertopic,n30_c100_s42,2,1.0
1486206,bertopic,n30_c100_s42,12,1.0
1486828,bertopic,n30_c100_s42,1,0.866271521240983
1486861,bertopic,n30_c100_s42,15,1.0
1487166,bertopic,n30_c100_s42,-1,0.0
1487279,bertopic,n30_c100_s42,9,0.9967896241802864
1487657,bertopic,n30_c100_s42,8,0.9220254954631698
1488073,bertopic,n30_c100_s42,-1,0.0
1488503,bertopic,n30_c100_s42,12,1.0
1489314,bertopic,n30_c100_s42,9,1.0
1489479,bertopic,n30_c100_s42,5,0.9583368213142912
1489556,bertopic,n30_c100_s42,1,0.5152254463008867
1489671,bertopic,n30_c100_s42,15,0.3476771843239021
1489886,bertopic,n30_c100_s42,8,0.8899167858988233
1489966,bertopic,n30_c100_s42,4,0.7832971645789256
1490025,bertopic,n30_c100_s42,-1,0.0
1490662,bertopic,n30_c100_s42,0,1.0
1490725,bertopic,n30_c100_s42,21,1.0
1490887,bertopic,n30_c100_s42,18,0.8807367406225672
1491534,bertopic,n30_c100_s42,-1,0.0
1491726,bertopic,n30_c100_s42,22,1.0
1491889,bertopic,n30_c100_s42,1,0.6608750864294771
1492240,bertopic,n30_c100_s42,10,1.0
1492365,bertopic,n30_c100_s42,-1,0.0
1492483,bertopic,n30_c100_s42,0,0.8758383839691743
1492756,bertopic,n30_c100_s42,0,1.0
1492867,bertopic,n30_c100_s42,17,1.0
1492957,bertopic,n30_c100_s42,0,1.0
1493310,bertopic,n30_c100_s42,4,1.0
1493469,bertopic,n30_c100_s42,5,0.570899818357951
1493972,bertopic,n30_c100_s42,0,1.0
1494075,bertopic,n30_c100_s42,14,0.956963572489696
1494496,bertopic,n30_c100_s42,5,0.9437564849362436
1494699,bertopic,n30_c100_s42,-1,0.0
1494894,bertopic,n30_c100_s42,5,0.570899818357951
1495194,bertopic,n30_c100_s42,1,0.8046422130256422
1495228,bertopic,n30_c100_s42,3,0.9220126198886265
1495233,bertopic,n30_c100_s42,2,1.0
1495239,bertopic,n30_c100_s42,21,0.9147599463440287
1495404,bertopic,n30_c100_s42,2,0.9527986855240962
1495440,bertopic,n30_c100_s42,5,1.0
1495553,bertopic,n30_c100_s42,-1,0.0
1495677,bertopic,n30_c100_s42,5,0.41711901561105535
1495775,bertopic,n30_c100_s42,4,1.0
1496266,bertopic,n30_c100_s42,7,0.9388879347830597
1496293,bertopic,n30_c100_s42,1,0.5152254463008867
1496432,bertopic,n30_c100_s42,1,0.8502608626382787
1496436,bertopic,n30_c100_s42,5,0.9643419417690655
1496526,bertopic,n30_c100_s42,11,1.0
1496680,bertopic,n30_c100_s42,5,0.38361211184596467
1496826,bertopic,n30_c100_s42,16,1.0
1497092,bertopic,n30_c100_s42,5,0.570899818357951
1497392,bertopic,n30_c100_s42,3,1.0
1497441,bertopic,n30_c100_s42,10,1.0
1497562,bertopic,n30_c100_s42,5,0.570899818357951
1497811,bertopic,n30_c100_s42,-1,0.0
1498127,bertopic,n30_c100_s42,8,1.0
1498364,bertopic,n30_c100_s42,5,0.5495331245466337
1498493,bertopic,n30_c100_s42,7,1.0
1498498,bertopic,n30_c100_s42,20,1.0
1498576,bertopic,n30_c100_s42,16,1.0
1498626,bertopic,n30_c100_s42,8,1.0
1498789,bertopic,n30_c100_s42,8,0.982473926683824
1499016,bertopic,n30_c100_s42,-1,0.0
1499096,bertopic,n30_c100_s42,-1,0.0
1499112,bertopic,n30_c100_s42,14,0.7763660168250162
1499270,bertopic,n30_c100_s42,14,0.7763660168250162
1499361,bertopic,n30_c100_s42,-1,0.0
1499586,bertopic,n30_c100_s42,3,1.0
1499672,bertopic,n30_c100_s42,0,1.0
1499709,bertopic,n30_c100_s42,6,1.0
1499813,bertopic,n30_c100_s42,-1,0.0
1499973,bertopic,n30_c100_s42,5,0.985201722101038
1500095,bertopic,n30_c100_s42,0,0.8264986032405711
1500173,bertopic,n30_c100_s42,0,0.8617556386155876
1500499,bertopic,n30_c100_s42,-1,0.0
1500634,bertopic,n30_c100_s42,1,0.5025434454410019
1500676,bertopic,n30_c100_s42,3,0.9220126198886265
1500738,bertopic,n30_c100_s42,3,1.0
1500963,bertopic,n30_c100_s42,4,0.5732067137923713
1501574,bertopic,n30_c100_s42,1,1.0
1501578,bertopic,n30_c100_s42,1,1.0
1502199,bertopic,n30_c100_s42,1,0.6785298377135384
1502390,bertopic,n30_c100_s42,22,1.0
1502766,bertopic,n30_c100_s42,8,0.982473926683824
1502904,bertopic,n30_c100_s42,7,0.969589876961123
1502922,bertopic,n30_c100_s42,4,0.9387752817512294
1503008,bertopic,n30_c100_s42,-1,0.0
1503312,bertopic,n30_c100_s42,1,1.0
1503519,bertopic,n30_c100_s42,12,1.0
1503634,bertopic,n30_c100_s42,-1,0.0
1503852,bertopic,n30_c100_s42,0,1.0
1504597,bertopic,n30_c100_s42,8,0.982473926683824
1504665,bertopic,n30_c100_s42,0,1.0
1504919,bertopic,n30_c100_s42,8,0.982473926683824
1505312,bertopic,n30_c100_s42,0,1.0
1505383,bertopic,n30_c100_s42,7,0.9267477243763882
1505704,bertopic,n30_c100_s42,5,0.570899818357951
1505868,bertopic,n30_c100_s42,-1,0.0
1505959,bertopic,n30_c100_s42,22,1.0
1506500,bertopic,n30_c100_s42,15,0.6056357462809444
1507104,bertopic,n30_c100_s42,2,0.514093398491858
1507401,bertopic,n30_c100_s42,5,0.8175648824519316
1507627,bertopic,n30_c100_s42,5,0.985201722101038
1507831,bertopic,n30_c100_s42,5,0.5281668848364783
1507969,bertopic,n30_c100_s42,2,0.514093398491858
1508022,bertopic,n30_c100_s42,5,0.570899818357951
1508136,bertopic,n30_c100_s42,12,1.0
1508674,bertopic,n30_c100_s42,12,1.0
1509113,bertopic,n30_c100_s42,3,0.889100435273413
1509437,bertopic,n30_c100_s42,3,0.7393373056078498
1509486,bertopic,n30_c100_s42,11,1.0
1509498,bertopic,n30_c100_s42,0,1.0
1509817,bertopic,n30_c100_s42,3,1.0
1509923,bertopic,n30_c100_s42,7,1.0
1510125,bertopic,n30_c100_s42,11,1.0
1510588,bertopic,n30_c100_s42,2,0.7525443562196527
1510958,bertopic,n30_c100_s42,2,0.514093398491858
1511533,bertopic,n30_c100_s42,5,0.570899818357951
1511673,bertopic,n30_c100_s42,-1,0.0
1511859,bertopic,n30_c100_s42,-1,0.0
1511860,bertopic,n30_c100_s42,15,1.0
1512573,bertopic,n30_c100_s42,10,1.0
1512689,bertopic,n30_c100_s42,-1,0.0
1513723,bertopic,n30_c100_s42,7,1.0
1513871,bertopic,n30_c100_s42,4,0.5709093680444737
1514186,bertopic,n30_c100_s42,16,1.0
1514274,bertopic,n30_c100_s42,-1,0.0
1514325,bertopic,n30_c100_s42,7,1.0
1514580,bertopic,n30_c100_s42,3,1.0
1514606,bertopic,n30_c100_s42,18,1.0
1515184,bertopic,n30_c100_s42,-1,0.0
1515210,bertopic,n30_c100_s42,5,0.8905695632901964
1515246,bertopic,n30_c100_s42,4,0.5732067137923713
1515274,bertopic,n30_c100_s42,2,0.514093398491858
1515359,bertopic,n30_c100_s42,8,0.9223201234285737
1515570,bertopic,n30_c100_s42,3,0.6279542471280002
1515598,bertopic,n30_c100_s42,3,0.9220126198886265
1515749,bertopic,n30_c100_s42,11,0.3844597596476467
1515808,bertopic,n30_c100_s42,-1,0.0
1516138,bertopic,n30_c100_s42,-1,0.0
1516280,bertopic,n30_c100_s42,2,0.7715240499350589
1516649,bertopic,n30_c100_s42,16,1.0
1516702,bertopic,n30_c100_s42,8,0.982473926683824
1516736,bertopic,n30_c100_s42,20,1.0
1517627,bertopic,n30_c100_s42,11,0.743855946707987
1517695,bertopic,n30_c100_s42,-1,0.0
1517727,bertopic,n30_c100_s42,13,0.4658853009717789
1517867,bertopic,n30_c100_s42,4,0.704355902422532
1517964,bertopic,n30_c100_s42,3,0.9220126198886265
1518533,bertopic,n30_c100_s42,17,1.0
1519045,bertopic,n30_c100_s42,3,0.7393373056078498
1519200,bertopic,n30_c100_s42,1,0.6785298377135384
1519498,bertopic,n30_c100_s42,-1,0.0
1519584,bertopic,n30_c100_s42,0,0.8497833463850574
1519848,bertopic,n30_c100_s42,-1,0.0
1520160,bertopic,n30_c100_s42,20,1.0
1520425,bertopic,n30_c100_s42,2,0.8366223632876806
1520737,bertopic,n30_c100_s42,2,0.7715240499350589
1520908,bertopic,n30_c100_s42,2,0.7715240499350589
1520918,bertopic,n30_c100_s42,13,1.0
1521008,bertopic,n30_c100_s42,5,0.570899818357951
1521252,bertopic,n30_c100_s42,2,0.7715240499350589
1521557,bertopic,n30_c100_s42,-1,0.0
1521679,bertopic,n30_c100_s42,2,0.7006551653074544
1521726,bertopic,n30_c100_s42,2,0.7715240499350589
1521733,bertopic,n30_c100_s42,2,0.7006551653074544
1522251,bertopic,n30_c100_s42,11,1.0
1522969,bertopic,n30_c100_s42,0,1.0
1523554,bertopic,n30_c100_s42,0,0.9276440059857949
1524302,bertopic,n30_c100_s42,20,1.0
1524595,bertopic,n30_c100_s42,-1,0.0
1524652,bertopic,n30_c100_s42,3,0.9402559955333837
1524974,bertopic,n30_c100_s42,-1,0.0
1525140,bertopic,n30_c100_s42,-1,0.0
1525270,bertopic,n30_c100_s42,4,0.7338897839752011
1525606,bertopic,n30_c100_s42,-1,0.0
1525636,bertopic,n30_c100_s42,0,0.7815975281797942
1526226,bertopic,n30_c100_s42,13,1.0
1526572,bertopic,n30_c100_s42,12,1.0
1526808,bertopic,n30_c100_s42,-1,0.0
1526886,bertopic,n30_c100_s42,0,0.36824908532147643
1527006,bertopic,n30_c100_s42,1,0.8720307728014471
1527106,bertopic,n30_c100_s42,0,1.0
1527270,bertopic,n30_c100_s42,-1,0.0
1527880,bertopic,n30_c100_s42,14,1.0
1528242,bertopic,n30_c100_s42,3,1.0
1529188,bertopic,n30_c100_s42,7,1.0
1529305,bertopic,n30_c100_s42,-1,0.0
1529625,bertopic,n30_c100_s42,2,1.0
1529644,bertopic,n30_c100_s42,6,1.0
1530080,bertopic,n30_c100_s42,6,1.0
1530590,bertopic,n30_c100_s42,1,0.6785298377135384
1530603,bertopic,n30_c100_s42,-1,0.0
1530720,bertopic,n30_c100_s42,0,0.8409191503130538
1530764,bertopic,n30_c100_s42,6,1.0
1530838,bertopic,n30_c100_s42,13,0.2959970958933175
1531212,bertopic,n30_c100_s42,16,1.0
1531260,bertopic,n30_c100_s42,10,1.0
1531273,bertopic,n30_c100_s42,21,1.0
1531420,bertopic,n30_c100_s42,17,1.0
1531571,bertopic,n30_c100_s42,0,1.0
1532111,bertopic,n30_c100_s42,-1,0.0
1532719,bertopic,n30_c100_s42,4,0.7622532241284825
1534162,bertopic,n30_c100_s42,6,0.9709288374185476
1534179,bertopic,n30_c100_s42,22,0.7182831928955642
1534504,bertopic,n30_c100_s42,7,0.8472841004747222
1534796,bertopic,n30_c100_s42,11,0.3844597596476467
1535832,bertopic,n30_c100_s42,0,1.0
1536549,bertopic,n30_c100_s42,-1,0.0
1536697,bertopic,n30_c100_s42,-1,0.0
1537297,bertopic,n30_c100_s42,0,1.0
1537636,bertopic,n30_c100_s42,0,1.0
1537770,bertopic,n30_c100_s42,-1,0.0
1537887,bertopic,n30_c100_s42,14,0.7763660168250162
1538407,bertopic,n30_c100_s42,7,0.8233552238714335
1538570,bertopic,n30_c100_s42,0,1.0
1538663,bertopic,n30_c100_s42,18,1.0
1538868,bertopic,n30_c100_s42,7,1.0
1539324,bertopic,n30_c100_s42,7,0.9545057606203089
1539331,bertopic,n30_c100_s42,-1,0.0
1539395,bertopic,n30_c100_s42,6,0.8880080101854336
1539403,bertopic,n30_c100_s42,4,1.0
1540711,bertopic,n30_c100_s42,0,1.0
1540756,bertopic,n30_c100_s42,-1,0.0
1540774,bertopic,n30_c100_s42,1,1.0
1540776,bertopic,n30_c100_s42,1,0.6205403255868672
1540884,bertopic,n30_c100_s42,0,1.0
1541021,bertopic,n30_c100_s42,-1,0.0
1541093,bertopic,n30_c100_s42,0,1.0
1541238,bertopic,n30_c100_s42,4,0.729849743145864
1541869,bertopic,n30_c100_s42,11,0.4876382647387404
1542070,bertopic,n30_c100_s42,-1,0.0
1542322,bertopic,n30_c100_s42,-1,0.0
1542483,bertopic,n30_c100_s42,-1,0.0
1542514,bertopic,n30_c100_s42,5,1.0
1542601,bertopic,n30_c100_s42,17,1.0
1542888,bertopic,n30_c100_s42,3,1.0
1542963,bertopic,n30_c100_s42,15,1.0
1542983,bertopic,n30_c100_s42,14,0.8587282988274169
1543175,bertopic,n30_c100_s42,6,1.0
1543371,bertopic,n30_c100_s42,15,1.0
1543670,bertopic,n30_c100_s42,12,1.0
1543874,bertopic,n30_c100_s42,0,0.507988868054129
1544114,bertopic,n30_c100_s42,0,0.6917688548967814
1544170,bertopic,n30_c100_s42,-1,0.0
1544450,bertopic,n30_c100_s42,-1,0.0
1544451,bertopic,n30_c100_s42,1,0.6785298377135384
1544501,bertopic,n30_c100_s42,-1,0.0
1544521,bertopic,n30_c100_s42,5,0.8738380563050033
1545235,bertopic,n30_c100_s42,-1,0.0
1545283,bertopic,n30_c100_s42,-1,0.0
1546012,bertopic,n30_c100_s42,0,1.0
1546283,bertopic,n30_c100_s42,0,1.0
1546486,bertopic,n30_c100_s42,0,1.0
1546803,bertopic,n30_c100_s42,7,1.0
1547028,bertopic,n30_c100_s42,1,1.0
1547799,bertopic,n30_c100_s42,5,1.0
1547850,bertopic,n30_c100_s42,15,1.0
1547868,bertopic,n30_c100_s42,3,0.7988033352793784
1548025,bertopic,n30_c100_s42,10,1.0
1548624,bertopic,n30_c100_s42,-1,0.0
1549095,bertopic,n30_c100_s42,6,1.0
1549163,bertopic,n30_c100_s42,-1,0.0
1549742,bertopic,n30_c100_s42,15,1.0
1549766,bertopic,n30_c100_s42,8,1.0
1549906,bertopic,n30_c100_s42,16,1.0
1550076,bertopic,n30_c100_s42,1,0.6785298377135384
1550274,bertopic,n30_c100_s42,3,0.7393373056078498
1551201,bertopic,n30_c100_s42,-1,0.0
1552027,bertopic,n30_c100_s42,2,0.4472734949573142
1552042,bertopic,n30_c100_s42,15,0.19472600883482155
1552436,bertopic,n30_c100_s42,17,1.0
1552526,bertopic,n30_c100_s42,6,1.0
1553823,bertopic,n30_c100_s42,4,1.0
1554221,bertopic,n30_c100_s42,-1,0.0
1554319,bertopic,n30_c100_s42,1,1.0
1554328,bertopic,n30_c100_s42,4,0.5732067137923713
1554564,bertopic,n30_c100_s42,-1,0.0
1554656,bertopic,n30_c100_s42,-1,0.0
1554691,bertopic,n30_c100_s42,-1,0.0
1555133,bertopic,n30_c100_s42,1,0.6785298377135384
1555803,bertopic,n30_c100_s42,-1,0.0
1555945,bertopic,n30_c100_s42,13,1.0
1555952,bertopic,n30_c100_s42,1,1.0
1555957,bertopic,n30_c100_s42,4,0.5732067137923713
1556983,bertopic,n30_c100_s42,0,1.0
1557452,bertopic,n30_c100_s42,13,1.0
1557814,bertopic,n30_c100_s42,0,1.0
1558294,bertopic,n30_c100_s42,6,0.8770506222740981
1558297,bertopic,n30_c100_s42,0,1.0
1558386,bertopic,n30_c100_s42,13,0.7424016314433192
1558528,bertopic,n30_c100_s42,0,0.7010704835362613
1558705,bertopic,n30_c100_s42,18,0.590882044685943
1558919,bertopic,n30_c100_s42,4,0.8587873628902284
1559241,bertopic,n30_c100_s42,-1,0.0
1559325,bertopic,n30_c100_s42,0,1.0
1559378,bertopic,n30_c100_s42,-1,0.0
1559538,bertopic,n30_c100_s42,2,0.2481148976617643
1559623,bertopic,n30_c100_s42,-1,0.0
1559836,bertopic,n30_c100_s42,22,1.0
1560054,bertopic,n30_c100_s42,15,0.7831211845197532
1560368,bertopic,n30_c100_s42,-1,0.0
1561560,bertopic,n30_c100_s42,1,1.0
1561578,bertopic,n30_c100_s42,1,0.5994823108157888
1562046,bertopic,n30_c100_s42,15,1.0
1562100,bertopic,n30_c100_s42,-1,0.0
1562779,bertopic,n30_c100_s42,4,0.5732067137923713
1563006,bertopic,n30_c100_s42,11,1.0
1563857,bertopic,n30_c100_s42,18,0.7671847375114245
1564679,bertopic,n30_c100_s42,11,1.0
1564741,bertopic,n30_c100_s42,20,1.0
1565071,bertopic,n30_c100_s42,4,0.9387752817512294
1565468,bertopic,n30_c100_s42,17,0.5794145502185466
1567458,bertopic,n30_c100_s42,14,0.7763660168250162
1567486,bertopic,n30_c100_s42,3,0.7608690353518964
1568134,bertopic,n30_c100_s42,17,1.0
1568789,bertopic,n30_c100_s42,5,1.0
1568922,bertopic,n30_c100_s42,10,1.0
1568979,bertopic,n30_c100_s42,5,1.0
1568982,bertopic,n30_c100_s42,0,0.9770013764144158
1568998,bertopic,n30_c100_s42,5,0.38361211184596467
1569529,bertopic,n30_c100_s42,9,1.0
1570798,bertopic,n30_c100_s42,4,0.8386348699292876
1570810,bertopic,n30_c100_s42,1,0.6341530652347956
1571139,bertopic,n30_c100_s42,-1,0.0
1571143,bertopic,n30_c100_s42,5,0.38361211184596467
1571368,bertopic,n30_c100_s42,12,1.0
1571604,bertopic,n30_c100_s42,-1,0.0
1571733,bertopic,n30_c100_s42,8,0.9220254954631698
1571748,bertopic,n30_c100_s42,2,0.47792152008922734
1572189,bertopic,n30_c100_s42,12,0.46515165759807037
1572248,bertopic,n30_c100_s42,-1,0.0
1572346,bertopic,n30_c100_s42,-1,0.0
1572459,bertopic,n30_c100_s42,12,0.6422582791253291
1572646,bertopic,n30_c100_s42,3,0.9220126198886265
1572813,bertopic,n30_c100_s42,-1,0.0
1573020,bertopic,n30_c100_s42,8,0.9223201234285737
1573782,bertopic,n30_c100_s42,0,1.0
1573787,bertopic,n30_c100_s42,3,0.7608690353518964
1574359,bertopic,n30_c100_s42,3,0.9220126198886265
1574564,bertopic,n30_c100_s42,1,0.728129886234716
1575547,bertopic,n30_c100_s42,11,1.0
1576207,bertopic,n30_c100_s42,11,1.0
1580503,bertopic,n30_c100_s42,16,1.0
1581015,bertopic,n30_c100_s42,0,0.8906984326251951
1581556,bertopic,n30_c100_s42,3,1.0
1581904,bertopic,n30_c100_s42,3,0.7608690353518964
1582089,bertopic,n30_c100_s42,3,1.0
1582804,bertopic,n30_c100_s42,-1,0.0
1583328,bertopic,n30_c100_s42,5,0.570899818357951
1583384,bertopic,n30_c100_s42,1,0.7820862905348677
1583464,bertopic,n30_c100_s42,4,0.5545963028111084
1583692,bertopic,n30_c100_s42,11,0.4876382647387404
1584072,bertopic,n30_c100_s42,5,1.0
1584290,bertopic,n30_c100_s42,3,1.0
1584463,bertopic,n30_c100_s42,3,1.0
1584561,bertopic,n30_c100_s42,6,1.0
1584690,bertopic,n30_c100_s42,15,0.3691691493865174
1584702,bertopic,n30_c100_s42,0,0.5041651173221762
1584723,bertopic,n30_c100_s42,11,0.4876382647387404
1585232,bertopic,n30_c100_s42,3,1.0
1585252,bertopic,n30_c100_s42,1,1.0
1585805,bertopic,n30_c100_s42,3,0.7608690353518964
1586519,bertopic,n30_c100_s42,20,1.0
1587467,bertopic,n30_c100_s42,2,0.5873765601753687
1588089,bertopic,n30_c100_s42,6,1.0
1588714,bertopic,n30_c100_s42,5,0.40871995422744906
1589034,bertopic,n30_c100_s42,5,0.40871995422744906
1590072,bertopic,n30_c100_s42,21,1.0
1590296,bertopic,n30_c100_s42,3,0.7393373056078498
1590539,bertopic,n30_c100_s42,4,0.5732067137923713
1590598,bertopic,n30_c100_s42,20,1.0
1590801,bertopic,n30_c100_s42,-1,0.0
1590969,bertopic,n30_c100_s42,21,1.0
1591081,bertopic,n30_c100_s42,21,1.0
1591317,bertopic,n30_c100_s42,11,0.4876382647387404
1592648,bertopic,n30_c100_s42,3,0.7393373056078498
1592996,bertopic,n30_c100_s42,-1,0.0
1593360,bertopic,n30_c100_s42,-1,0.0
1593802,bertopic,n30_c100_s42,15,1.0
1593842,bertopic,n30_c100_s42,15,0.5466886813062848
1593942,bertopic,n30_c100_s42,4,0.7105194600560174
1594238,bertopic,n30_c100_s42,15,1.0
1594886,bertopic,n30_c100_s42,20,1.0
1595108,bertopic,n30_c100_s42,13,1.0
1595174,bertopic,n30_c100_s42,15,0.19472600883482155
1595833,bertopic,n30_c100_s42,0,1.0
1596054,bertopic,n30_c100_s42,-1,0.0
1596086,bertopic,n30_c100_s42,-1,0.0
1596783,bertopic,n30_c100_s42,-1,0.0
1597618,bertopic,n30_c100_s42,-1,0.0
1597802,bertopic,n30_c100_s42,0,0.7219225299250764
1598813,bertopic,n30_c100_s42,5,0.570899818357951
1599011,bertopic,n30_c100_s42,13,0.4658853009717789
1601162,bertopic,n30_c100_s42,15,0.37561949928161986
1601255,bertopic,n30_c100_s42,-1,0.0
1601952,bertopic,n30_c100_s42,0,1.0
1602097,bertopic,n30_c100_s42,0,0.6951766930949964
1602124,bertopic,n30_c100_s42,0,0.6998948078898829
1602322,bertopic,n30_c100_s42,0,1.0
1603249,bertopic,n30_c100_s42,9,0.9976435544063357
1603303,bertopic,n30_c100_s42,0,1.0
1603708,bertopic,n30_c100_s42,20,1.0
1603749,bertopic,n30_c100_s42,-1,0.0
1604979,bertopic,n30_c100_s42,2,0.612041094893925
1605083,bertopic,n30_c100_s42,-1,0.0
1605481,bertopic,n30_c100_s42,15,0.7486719741774946
1605630,bertopic,n30_c100_s42,9,0.9976435544063357
1606053,bertopic,n30_c100_s42,15,1.0
1606367,bertopic,n30_c100_s42,20,1.0
1606471,bertopic,n30_c100_s42,20,1.0
1607996,bertopic,n30_c100_s42,3,0.7608690353518964
1608050,bertopic,n30_c100_s42,3,0.7608690353518964
1608305,bertopic,n30_c100_s42,6,1.0
1608343,bertopic,n30_c100_s42,6,1.0
1608523,bertopic,n30_c100_s42,-1,0.0
1608611,bertopic,n30_c100_s42,6,0.947079522346707
1608877,bertopic,n30_c100_s42,1,0.6785298377135384
1608878,bertopic,n30_c100_s42,17,1.0
1609173,bertopic,n30_c100_s42,6,1.0
1610786,bertopic,n30_c100_s42,5,0.570899818357951
1611689,bertopic,n30_c100_s42,3,0.9220126198886265
1612202,bertopic,n30_c100_s42,10,1.0
1612234,bertopic,n30_c100_s42,5,0.38361211184596467
1612259,bertopic,n30_c100_s42,5,0.38361211184596467
1612810,bertopic,n30_c100_s42,-1,0.0
1612909,bertopic,n30_c100_s42,16,1.0
1614015,bertopic,n30_c100_s42,9,1.0
1614893,bertopic,n30_c100_s42,14,0.7763660168250162
1615227,bertopic,n30_c100_s42,14,0.7763660168250162
1615573,bertopic,n30_c100_s42,14,0.7763660168250162
1615715,bertopic,n30_c100_s42,16,1.0
1615722,bertopic,n30_c100_s42,3,0.8914416506084815
1615725,bertopic,n30_c100_s42,-1,0.0
1616337,bertopic,n30_c100_s42,2,0.2481148976617643
1616763,bertopic,n30_c100_s42,2,0.2481148976617643
1618925,bertopic,n30_c100_s42,14,0.7763660168250162
1619965,bertopic,n30_c100_s42,-1,0.0
1620427,bertopic,n30_c100_s42,14,0.7763660168250162
1620477,bertopic,n30_c100_s42,20,1.0
1620517,bertopic,n30_c100_s42,14,0.7763660168250162
1620531,bertopic,n30_c100_s42,14,0.7763660168250162
1620652,bertopic,n30_c100_s42,11,0.3844597596476467
1620730,bertopic,n30_c100_s42,20,1.0
1620782,bertopic,n30_c100_s42,4,0.5732067137923713
1621203,bertopic,n30_c100_s42,20,1.0
1621700,bertopic,n30_c100_s42,2,1.0
1621877,bertopic,n30_c100_s42,8,0.8896694487557709
1622181,bertopic,n30_c100_s42,-1,0.0
1622524,bertopic,n30_c100_s42,7,0.8348070449343348
1622573,bertopic,n30_c100_s42,20,1.0
1622698,bertopic,n30_c100_s42,0,1.0
1622930,bertopic,n30_c100_s42,-1,0.0
1624003,bertopic,n30_c100_s42,0,1.0
1624371,bertopic,n30_c100_s42,22,1.0
1625072,bertopic,n30_c100_s42,-1,0.0
1625326,bertopic,n30_c100_s42,0,1.0
1626063,bertopic,n30_c100_s42,3,0.9220126198886265
1626112,bertopic,n30_c100_s42,2,0.7715240499350589
1626193,bertopic,n30_c100_s42,4,0.9387752817512294
1626305,bertopic,n30_c100_s42,12,0.5885466972798657
1626331,bertopic,n30_c100_s42,1,0.5994823108157888
1626414,bertopic,n30_c100_s42,12,1.0
1626427,bertopic,n30_c100_s42,5,0.38361211184596467
1626513,bertopic,n30_c100_s42,12,0.787166156539844
1627048,bertopic,n30_c100_s42,12,1.0
1627976,bertopic,n30_c100_s42,0,0.36824908532147643
1628020,bertopic,n30_c100_s42,17,1.0
1628061,bertopic,n30_c100_s42,15,1.0
1628085,bertopic,n30_c100_s42,15,0.8428515586330256
1628354,bertopic,n30_c100_s42,5,0.38361211184596467
1628417,bertopic,n30_c100_s42,-1,0.0
1628529,bertopic,n30_c100_s42,5,0.38361211184596467
1628847,bertopic,n30_c100_s42,0,1.0
1628863,bertopic,n30_c100_s42,0,1.0
1628928,bertopic,n30_c100_s42,0,1.0
1628955,bertopic,n30_c100_s42,0,1.0
1629053,bertopic,n30_c100_s42,3,0.7393373056078498
1629082,bertopic,n30_c100_s42,14,0.7763660168250162
1629201,bertopic,n30_c100_s42,0,1.0
1629324,bertopic,n30_c100_s42,0,1.0
1629357,bertopic,n30_c100_s42,3,0.5227335288385643
1629527,bertopic,n30_c100_s42,11,0.24570591850580514
1629581,bertopic,n30_c100_s42,0,1.0
1629804,bertopic,n30_c100_s42,12,0.6398527720711901
1630109,bertopic,n30_c100_s42,3,1.0
1630227,bertopic,n30_c100_s42,0,1.0
1630233,bertopic,n30_c100_s42,0,1.0
1630240,bertopic,n30_c100_s42,0,1.0
1630342,bertopic,n30_c100_s42,12,0.705750066196408
1630541,bertopic,n30_c100_s42,3,0.9220126198886265
1630643,bertopic,n30_c100_s42,-1,0.0
1631344,bertopic,n30_c100_s42,-1,0.0
1631698,bertopic,n30_c100_s42,11,1.0
1631752,bertopic,n30_c100_s42,-1,0.0
1632025,bertopic,n30_c100_s42,0,1.0
1633050,bertopic,n30_c100_s42,14,0.7763660168250162
1633094,bertopic,n30_c100_s42,0,1.0
1633144,bertopic,n30_c100_s42,14,0.7763660168250162
1633190,bertopic,n30_c100_s42,14,0.7763660168250162
1633362,bertopic,n30_c100_s42,5,1.0
1633392,bertopic,n30_c100_s42,1,0.6785298377135384
1633401,bertopic,n30_c100_s42,5,1.0
1633413,bertopic,n30_c100_s42,14,0.7763660168250162
1633448,bertopic,n30_c100_s42,0,0.8637867978336136
1634199,bertopic,n30_c100_s42,17,1.0
1634480,bertopic,n30_c100_s42,12,0.7094724828174839
1634535,bertopic,n30_c100_s42,0,1.0
1634924,bertopic,n30_c100_s42,12,1.0
1635457,bertopic,n30_c100_s42,13,1.0
1635558,bertopic,n30_c100_s42,13,0.7830093138034869
1635802,bertopic,n30_c100_s42,12,1.0
1635844,bertopic,n30_c100_s42,-1,0.0
1635991,bertopic,n30_c100_s42,0,1.0
1636083,bertopic,n30_c100_s42,0,1.0
1636243,bertopic,n30_c100_s42,0,1.0
1636404,bertopic,n30_c100_s42,0,1.0
1636431,bertopic,n30_c100_s42,0,1.0
1636592,bertopic,n30_c100_s42,0,1.0
1636718,bertopic,n30_c100_s42,0,1.0
1636835,bertopic,n30_c100_s42,-1,0.0
1637154,bertopic,n30_c100_s42,-1,0.0
1637297,bertopic,n30_c100_s42,-1,0.0
1637388,bertopic,n30_c100_s42,-1,0.0
1637480,bertopic,n30_c100_s42,13,0.4658853009717789
1637484,bertopic,n30_c100_s42,13,0.4658853009717789
1637670,bertopic,n30_c100_s42,17,1.0
1637750,bertopic,n30_c100_s42,0,1.0
1637917,bertopic,n30_c100_s42,0,1.0
1637962,bertopic,n30_c100_s42,3,1.0
1638213,bertopic,n30_c100_s42,-1,0.0
1638474,bertopic,n30_c100_s42,0,0.45868015336448714
1638879,bertopic,n30_c100_s42,-1,0.0
1640012,bertopic,n30_c100_s42,-1,0.0
1641201,bertopic,n30_c100_s42,0,1.0
1641467,bertopic,n30_c100_s42,-1,0.0
1642038,bertopic,n30_c100_s42,15,0.633504550636105
1642741,bertopic,n30_c100_s42,-1,0.0
1642850,bertopic,n30_c100_s42,-1,0.0
1643225,bertopic,n30_c100_s42,3,0.7608690353518964
1643304,bertopic,n30_c100_s42,0,1.0
1643410,bertopic,n30_c100_s42,3,0.7608690353518964
1643593,bertopic,n30_c100_s42,16,1.0
1643672,bertopic,n30_c100_s42,16,1.0
1643689,bertopic,n30_c100_s42,16,1.0
1643801,bertopic,n30_c100_s42,3,1.0
1643812,bertopic,n30_c100_s42,3,0.7826391589514567
1644104,bertopic,n30_c100_s42,3,0.7608690353518964
1644107,bertopic,n30_c100_s42,-1,0.0
1644185,bertopic,n30_c100_s42,0,0.5382488383526756
1644238,bertopic,n30_c100_s42,3,0.7608690353518964
1644289,bertopic,n30_c100_s42,11,1.0
1644777,bertopic,n30_c100_s42,5,0.570899818357951
1645053,bertopic,n30_c100_s42,3,1.0
1645255,bertopic,n30_c100_s42,16,1.0
1645318,bertopic,n30_c100_s42,16,1.0
1645518,bertopic,n30_c100_s42,11,0.39119471528439864
1645809,bertopic,n30_c100_s42,3,0.7393373056078498
1645828,bertopic,n30_c100_s42,0,1.0
1645964,bertopic,n30_c100_s42,16,1.0
1646059,bertopic,n30_c100_s42,1,0.6785298377135384
1646133,bertopic,n30_c100_s42,10,1.0
1647389,bertopic,n30_c100_s42,15,0.44999492207916253
1647652,bertopic,n30_c100_s42,10,1.0
1647853,bertopic,n30_c100_s42,4,0.5732067137923713
1648054,bertopic,n30_c100_s42,1,0.6785298377135384
1648219,bertopic,n30_c100_s42,10,1.0
1648790,bertopic,n30_c100_s42,8,0.8919885874215879
1649210,bertopic,n30_c100_s42,1,0.6579613705722769
1649646,bertopic,n30_c100_s42,20,1.0
1649970,bertopic,n30_c100_s42,5,0.5456012072007876
1650049,bertopic,n30_c100_s42,5,0.40545015352751634
1650196,bertopic,n30_c100_s42,0,1.0
1650249,bertopic,n30_c100_s42,1,1.0
1650886,bertopic,n30_c100_s42,8,0.9223201234285737
1651326,bertopic,n30_c100_s42,3,0.7608690353518964
1651339,bertopic,n30_c100_s42,3,0.7608690353518964
1651505,bertopic,n30_c100_s42,3,0.7608690353518964
1651781,bertopic,n30_c100_s42,3,0.7608690353518964
1651888,bertopic,n30_c100_s42,3,0.7608690353518964
1651889,bertopic,n30_c100_s42,3,0.7608690353518964
1651902,bertopic,n30_c100_s42,3,0.7608690353518964
1651924,bertopic,n30_c100_s42,3,0.7608690353518964
1652591,bertopic,n30_c100_s42,0,0.6960403260284418
1653181,bertopic,n30_c100_s42,-1,0.0
1654123,bertopic,n30_c100_s42,5,0.38361211184596467
1654397,bertopic,n30_c100_s42,20,1.0
1654474,bertopic,n30_c100_s42,11,0.4876382647387404
1655065,bertopic,n30_c100_s42,5,1.0
1655750,bertopic,n30_c100_s42,0,1.0
1656280,bertopic,n30_c100_s42,0,1.0
1656434,bertopic,n30_c100_s42,-1,0.0
1657720,bertopic,n30_c100_s42,4,0.6512820608951836
1658202,bertopic,n30_c100_s42,11,0.4876382647387404
1658204,bertopic,n30_c100_s42,-1,0.0
1660561,bertopic,n30_c100_s42,13,1.0
1660628,bertopic,n30_c100_s42,-1,0.0
1661755,bertopic,n30_c100_s42,1,0.8317125838863805
1662908,bertopic,n30_c100_s42,22,1.0
1663598,bertopic,n30_c100_s42,0,1.0
1664651,bertopic,n30_c100_s42,-1,0.0
1664667,bertopic,n30_c100_s42,6,0.688658144980006
1664914,bertopic,n30_c100_s42,18,1.0
1665044,bertopic,n30_c100_s42,6,1.0
1665218,bertopic,n30_c100_s42,15,1.0
1666448,bertopic,n30_c100_s42,1,0.6785298377135384
1666522,bertopic,n30_c100_s42,3,0.6174466674831688
1666592,bertopic,n30_c100_s42,5,0.8968088397177089
1666754,bertopic,n30_c100_s42,-1,0.0
1667161,bertopic,n30_c100_s42,-1,0.0
1669889,bertopic,n30_c100_s42,14,0.49430089183613457
1671510,bertopic,n30_c100_s42,6,1.0
1673964,bertopic,n30_c100_s42,4,0.8013048820808362
1674689,bertopic,n30_c100_s42,-1,0.0
1676225,bertopic,n30_c100_s42,4,1.0
1676319,bertopic,n30_c100_s42,4,0.781491595189743
1676925,bertopic,n30_c100_s42,3,1.0
1677219,bertopic,n30_c100_s42,6,1.0
1678071,bertopic,n30_c100_s42,13,0.9508878410836098
1679362,bertopic,n30_c100_s42,0,0.9040369541364914
1681379,bertopic,n30_c100_s42,9,0.9996233044277475
1682395,bertopic,n30_c100_s42,9,1.0
1683078,bertopic,n30_c100_s42,4,0.9387752817512294
1683091,bertopic,n30_c100_s42,9,0.9976435544063357
1683109,bertopic,n30_c100_s42,7,1.0
1683130,bertopic,n30_c100_s42,7,0.8164219214295206
1683707,bertopic,n30_c100_s42,-1,0.0
1684733,bertopic,n30_c100_s42,7,0.9480606832080224
1684815,bertopic,n30_c100_s42,-1,0.0
1685072,bertopic,n30_c100_s42,2,0.5713533223544114
1685266,bertopic,n30_c100_s42,3,0.9220126198886265
1686021,bertopic,n30_c100_s42,-1,0.0
1686112,bertopic,n30_c100_s42,-1,0.0
1686355,bertopic,n30_c100_s42,22,1.0
1686518,bertopic,n30_c100_s42,4,0.5709093680444737
1687000,bertopic,n30_c100_s42,9,1.0
1687424,bertopic,n30_c100_s42,-1,0.0
1688112,bertopic,n30_c100_s42,14,1.0
1689823,bertopic,n30_c100_s42,0,1.0
1690809,bertopic,n30_c100_s42,3,1.0
1691665,bertopic,n30_c100_s42,9,1.0
1691862,bertopic,n30_c100_s42,9,1.0
1692560,bertopic,n30_c100_s42,9,0.7094762415529386
1693028,bertopic,n30_c100_s42,7,1.0
1693980,bertopic,n30_c100_s42,23,1.0
1695724,bertopic,n30_c100_s42,9,1.0
1697471,bertopic,n30_c100_s42,9,1.0
1697669,bertopic,n30_c100_s42,15,1.0
1697963,bertopic,n30_c100_s42,23,1.0
1698281,bertopic,n30_c100_s42,15,1.0
1698411,bertopic,n30_c100_s42,-1,0.0
1698475,bertopic,n30_c100_s42,7,1.0
1698981,bertopic,n30_c100_s42,8,1.0
1699396,bertopic,n30_c100_s42,6,0.8880080101854336
1699699,bertopic,n30_c100_s42,2,1.0
1699718,bertopic,n30_c100_s42,5,0.5495331245466337
1700125,bertopic,n30_c100_s42,9,0.9976435544063357
1700225,bertopic,n30_c100_s42,23,1.0
1700548,bertopic,n30_c100_s42,15,1.0
1700627,bertopic,n30_c100_s42,9,1.0
1700716,bertopic,n30_c100_s42,1,0.5152254463008867
1701825,bertopic,n30_c100_s42,-1,0.0
1702604,bertopic,n30_c100_s42,9,1.0
1702894,bertopic,n30_c100_s42,9,1.0
1703304,bertopic,n30_c100_s42,23,1.0
1704668,bertopic,n30_c100_s42,9,0.9976435544063357
1704740,bertopic,n30_c100_s42,23,1.0
1705265,bertopic,n30_c100_s42,-1,0.0
1705327,bertopic,n30_c100_s42,-1,0.0
1706168,bertopic,n30_c100_s42,23,1.0
1706486,bertopic,n30_c100_s42,9,0.9996233044277475
1706496,bertopic,n30_c100_s42,7,1.0
1706540,bertopic,n30_c100_s42,12,1.0
1706737,bertopic,n30_c100_s42,23,1.0
1707062,bertopic,n30_c100_s42,9,1.0
1708593,bertopic,n30_c100_s42,12,1.0
1709044,bertopic,n30_c100_s42,7,0.8251572566300328
1709656,bertopic,n30_c100_s42,23,1.0
1709805,bertopic,n30_c100_s42,7,1.0
1709939,bertopic,n30_c100_s42,-1,0.0
1710264,bertopic,n30_c100_s42,7,1.0
1710764,bertopic,n30_c100_s42,23,1.0
1710933,bertopic,n30_c100_s42,9,0.9976435544063357
1711239,bertopic,n30_c100_s42,23,1.0
1711692,bertopic,n30_c100_s42,-1,0.0
1712207,bertopic,n30_c100_s42,23,1.0
1712797,bertopic,n30_c100_s42,1,0.2603485158763221
1713263,bertopic,n30_c100_s42,-1,0.0
1714928,bertopic,n30_c100_s42,9,1.0
1715015,bertopic,n30_c100_s42,9,1.0
1715532,bertopic,n30_c100_s42,2,0.9498134334178948
1715850,bertopic,n30_c100_s42,23,1.0
1715958,bertopic,n30_c100_s42,9,1.0
1716332,bertopic,n30_c100_s42,7,1.0
1717227,bertopic,n30_c100_s42,-1,0.0
1717561,bertopic,n30_c100_s42,9,1.0
1718260,bertopic,n30_c100_s42,6,0.8880080101854336
1718954,bertopic,n30_c100_s42,23,1.0
1719182,bertopic,n30_c100_s42,-1,0.0
1719361,bertopic,n30_c100_s42,4,0.5732067137923713
1719455,bertopic,n30_c100_s42,7,0.849011469307223
1719954,bertopic,n30_c100_s42,23,1.0
1720340,bertopic,n30_c100_s42,23,1.0
1720393,bertopic,n30_c100_s42,23,1.0
1722098,bertopic,n30_c100_s42,-1,0.0
1722301,bertopic,n30_c100_s42,9,0.9976435544063357
1723071,bertopic,n30_c100_s42,7,0.8943903960671434
1723124,bertopic,n30_c100_s42,6,0.5391035857505319
1723294,bertopic,n30_c100_s42,22,1.0
1724660,bertopic,n30_c100_s42,9,1.0
1725087,bertopic,n30_c100_s42,23,1.0
1725177,bertopic,n30_c100_s42,9,1.0
1726786,bertopic,n30_c100_s42,9,1.0
1727314,bertopic,n30_c100_s42,9,0.9976435544063357
1727348,bertopic,n30_c100_s42,23,1.0
1727748,bertopic,n30_c100_s42,12,0.5412769442375686
1728274,bertopic,n30_c100_s42,-1,0.0
1728370,bertopic,n30_c100_s42,-1,0.0
1728791,bertopic,n30_c100_s42,9,0.935721565930737
1729194,bertopic,n30_c100_s42,9,0.8692061763342874
1731850,bertopic,n30_c100_s42,-1,0.0
1732329,bertopic,n30_c100_s42,6,0.8880080101854336
1732611,bertopic,n30_c100_s42,-1,0.0
1733429,bertopic,n30_c100_s42,0,1.0
1733690,bertopic,n30_c100_s42,23,1.0
1734395,bertopic,n30_c100_s42,-1,0.0
1734997,bertopic,n30_c100_s42,23,1.0
1737105,bertopic,n30_c100_s42,17,0.6043535465767081
1737159,bertopic,n30_c100_s42,23,1.0
1737367,bertopic,n30_c100_s42,7,1.0
1738246,bertopic,n30_c100_s42,9,1.0
1739309,bertopic,n30_c100_s42,23,1.0
1740679,bertopic,n30_c100_s42,13,0.4658853009717789
1740693,bertopic,n30_c100_s42,17,0.5916133325227452
1741399,bertopic,n30_c100_s42,23,1.0
1743180,bertopic,n30_c100_s42,-1,0.0
1743215,bertopic,n30_c100_s42,-1,0.0
1743803,bertopic,n30_c100_s42,7,1.0
1745237,bertopic,n30_c100_s42,9,1.0
1745303,bertopic,n30_c100_s42,9,0.9996233044277475
1745896,bertopic,n30_c100_s42,0,1.0
1745972,bertopic,n30_c100_s42,11,1.0
1746476,bertopic,n30_c100_s42,23,1.0
1746753,bertopic,n30_c100_s42,-1,0.0
1747022,bertopic,n30_c100_s42,0,1.0
1747741,bertopic,n30_c100_s42,-1,0.0
1748179,bertopic,n30_c100_s42,5,0.40871995422744906
1748483,bertopic,n30_c100_s42,9,0.9976435544063357
1748926,bertopic,n30_c100_s42,-1,0.0
1749111,bertopic,n30_c100_s42,12,1.0
1749433,bertopic,n30_c100_s42,-1,0.0
1749525,bertopic,n30_c100_s42,7,1.0
1749569,bertopic,n30_c100_s42,12,1.0
1749755,bertopic,n30_c100_s42,7,0.9075272615117645
1749859,bertopic,n30_c100_s42,7,0.8965773998853344
1749863,bertopic,n30_c100_s42,7,1.0
1750089,bertopic,n30_c100_s42,23,1.0
1750589,bertopic,n30_c100_s42,14,0.8472393909098933
1750711,bertopic,n30_c100_s42,-1,0.0
1750919,bertopic,n30_c100_s42,4,1.0
1750939,bertopic,n30_c100_s42,9,0.9976435544063357
1751352,bertopic,n30_c100_s42,23,1.0
1752783,bertopic,n30_c100_s42,2,1.0
1753410,bertopic,n30_c100_s42,-1,0.0
1754216,bertopic,n30_c100_s42,12,1.0
1756841,bertopic,n30_c100_s42,1,0.9022071074872543
1757662,bertopic,n30_c100_s42,2,0.514093398491858
1757765,bertopic,n30_c100_s42,23,1.0
1757933,bertopic,n30_c100_s42,9,0.9976435544063357
1759498,bertopic,n30_c100_s42,23,1.0
1759830,bertopic,n30_c100_s42,23,1.0
1759873,bertopic,n30_c100_s42,23,1.0
1760552,bertopic,n30_c100_s42,9,0.9976435544063357
1761953,bertopic,n30_c100_s42,9,1.0
1762654,bertopic,n30_c100_s42,23,1.0
1762824,bertopic,n30_c100_s42,-1,0.0
1762994,bertopic,n30_c100_s42,-1,0.0
1763439,bertopic,n30_c100_s42,23,1.0
1764269,bertopic,n30_c100_s42,6,1.0
1765393,bertopic,n30_c100_s42,23,1.0
1765897,bertopic,n30_c100_s42,14,1.0
1765978,bertopic,n30_c100_s42,23,1.0
1766021,bertopic,n30_c100_s42,14,1.0
1766529,bertopic,n30_c100_s42,7,1.0
1766769,bertopic,n30_c100_s42,23,1.0
1766969,bertopic,n30_c100_s42,6,1.0
1767208,bertopic,n30_c100_s42,9,0.9976435544063357
1767405,bertopic,n30_c100_s42,1,0.5759288606858833
1767580,bertopic,n30_c100_s42,7,1.0
1768327,bertopic,n30_c100_s42,7,0.9937681001292247
1768788,bertopic,n30_c100_s42,23,1.0
1769257,bertopic,n30_c100_s42,9,0.9976435544063357
1769738,bertopic,n30_c100_s42,2,0.7006551653074544
1770600,bertopic,n30_c100_s42,23,1.0
1770622,bertopic,n30_c100_s42,1,1.0
1771324,bertopic,n30_c100_s42,7,0.9581818766806911
1771782,bertopic,n30_c100_s42,23,1.0
1772764,bertopic,n30_c100_s42,23,1.0
1772835,bertopic,n30_c100_s42,9,1.0
1772931,bertopic,n30_c100_s42,9,0.9976435544063357
1773425,bertopic,n30_c100_s42,23,1.0
1774287,bertopic,n30_c100_s42,23,1.0
1774660,bertopic,n30_c100_s42,23,1.0
1774761,bertopic,n30_c100_s42,9,0.9976435544063357
1774912,bertopic,n30_c100_s42,9,0.8516990511963421
1775048,bertopic,n30_c100_s42,23,1.0
1775531,bertopic,n30_c100_s42,9,0.9976435544063357
1777220,bertopic,n30_c100_s42,13,1.0
1777819,bertopic,n30_c100_s42,7,1.0
1778040,bertopic,n30_c100_s42,9,0.9976435544063357
1778220,bertopic,n30_c100_s42,0,0.5674162187078615
1778534,bertopic,n30_c100_s42,23,1.0
1779124,bertopic,n30_c100_s42,23,1.0
1780784,bertopic,n30_c100_s42,9,0.9976435544063357
1780870,bertopic,n30_c100_s42,23,1.0
1781369,bertopic,n30_c100_s42,23,1.0
1781371,bertopic,n30_c100_s42,12,1.0
1781465,bertopic,n30_c100_s42,-1,0.0
1781567,bertopic,n30_c100_s42,3,0.9365346855725267
1781757,bertopic,n30_c100_s42,16,1.0
1782449,bertopic,n30_c100_s42,6,0.6988022289373726
1782773,bertopic,n30_c100_s42,6,1.0
1782894,bertopic,n30_c100_s42,23,1.0
1783088,bertopic,n30_c100_s42,7,1.0
1783472,bertopic,n30_c100_s42,-1,0.0
1784023,bertopic,n30_c100_s42,23,1.0
1784510,bertopic,n30_c100_s42,-1,0.0
1786605,bertopic,n30_c100_s42,0,1.0
1786860,bertopic,n30_c100_s42,1,0.6802933164278135
1787190,bertopic,n30_c100_s42,23,1.0
1787369,bertopic,n30_c100_s42,23,1.0
1787402,bertopic,n30_c100_s42,23,1.0
1788046,bertopic,n30_c100_s42,23,1.0
1788210,bertopic,n30_c100_s42,23,1.0
1788249,bertopic,n30_c100_s42,7,1.0
1788658,bertopic,n30_c100_s42,23,1.0
1788669,bertopic,n30_c100_s42,9,0.9976435544063357
1788823,bertopic,n30_c100_s42,9,0.9976435544063357
1789010,bertopic,n30_c100_s42,7,1.0
1789341,bertopic,n30_c100_s42,23,1.0
1790219,bertopic,n30_c100_s42,6,1.0
1790464,bertopic,n30_c100_s42,-1,0.0
1790795,bertopic,n30_c100_s42,7,1.0
1792141,bertopic,n30_c100_s42,8,1.0
1792754,bertopic,n30_c100_s42,7,1.0
1793048,bertopic,n30_c100_s42,23,1.0
1793349,bertopic,n30_c100_s42,8,1.0
1793500,bertopic,n30_c100_s42,-1,0.0
1793650,bertopic,n30_c100_s42,23,1.0
1794330,bertopic,n30_c100_s42,-1,0.0
1794525,bertopic,n30_c100_s42,6,1.0
1794830,bertopic,n30_c100_s42,7,0.8556837480138142
1794940,bertopic,n30_c100_s42,1,0.43764146310812707
1795442,bertopic,n30_c100_s42,9,0.9976435544063357
1795528,bertopic,n30_c100_s42,9,0.9976435544063357
1795592,bertopic,n30_c100_s42,4,0.9387752817512294
1795901,bertopic,n30_c100_s42,2,0.7006551653074544
1796159,bertopic,n30_c100_s42,23,1.0
1796275,bertopic,n30_c100_s42,6,1.0
1797065,bertopic,n30_c100_s42,5,0.40871995422744906
1797180,bertopic,n30_c100_s42,6,1.0
1797356,bertopic,n30_c100_s42,6,1.0
1798409,bertopic,n30_c100_s42,-1,0.0
1798748,bertopic,n30_c100_s42,13,1.0
1799072,bertopic,n30_c100_s42,4,1.0
1799196,bertopic,n30_c100_s42,-1,0.0
1799623,bertopic,n30_c100_s42,6,1.0
1800294,bertopic,n30_c100_s42,7,0.8388025148562294
1800390,bertopic,n30_c100_s42,23,1.0
1801977,bertopic,n30_c100_s42,-1,0.0
1802483,bertopic,n30_c100_s42,6,1.0
1803579,bertopic,n30_c100_s42,23,1.0
1803645,bertopic,n30_c100_s42,7,0.9616247480170449
1804034,bertopic,n30_c100_s42,9,1.0
1804666,bertopic,n30_c100_s42,1,0.7288506966635031
1804998,bertopic,n30_c100_s42,-1,0.0
1805507,bertopic,n30_c100_s42,-1,0.0
1806946,bertopic,n30_c100_s42,-1,0.0
1807432,bertopic,n30_c100_s42,-1,0.0
1807741,bertopic,n30_c100_s42,-1,0.0
1808525,bertopic,n30_c100_s42,-1,0.0
1808878,bertopic,n30_c100_s42,7,1.0
1809279,bertopic,n30_c100_s42,-1,0.0
1809745,bertopic,n30_c100_s42,23,1.0
1810050,bertopic,n30_c100_s42,7,1.0
1811161,bertopic,n30_c100_s42,-1,0.0
1811551,bertopic,n30_c100_s42,-1,0.0
1812418,bertopic,n30_c100_s42,7,1.0
1812560,bertopic,n30_c100_s42,7,1.0
1812849,bertopic,n30_c100_s42,15,0.7727583897824928
1812942,bertopic,n30_c100_s42,3,0.8914416506084815
1814127,bertopic,n30_c100_s42,-1,0.0
1814492,bertopic,n30_c100_s42,23,1.0
1814823,bertopic,n30_c100_s42,-1,0.0
1814857,bertopic,n30_c100_s42,-1,0.0
1815057,bertopic,n30_c100_s42,-1,0.0
1815347,bertopic,n30_c100_s42,0,1.0
1816307,bertopic,n30_c100_s42,-1,0.0
1816824,bertopic,n30_c100_s42,7,1.0
1817789,bertopic,n30_c100_s42,-1,0.0
1817911,bertopic,n30_c100_s42,-1,0.0
1819002,bertopic,n30_c100_s42,-1,0.0
1819063,bertopic,n30_c100_s42,8,1.0
1819183,bertopic,n30_c100_s42,-1,0.0
1819282,bertopic,n30_c100_s42,-1,0.0
1819310,bertopic,n30_c100_s42,-1,0.0
1819353,bertopic,n30_c100_s42,7,1.0
1819427,bertopic,n30_c100_s42,-1,0.0
1819806,bertopic,n30_c100_s42,-1,0.0
1819857,bertopic,n30_c100_s42,-1,0.0
1821007,bertopic,n30_c100_s42,-1,0.0
1821156,bertopic,n30_c100_s42,-1,0.0
1821596,bertopic,n30_c100_s42,15,0.19472600883482155
1824215,bertopic,n30_c100_s42,-1,0.0
1824347,bertopic,n30_c100_s42,-1,0.0
1824634,bertopic,n30_c100_s42,-1,0.0
1825156,bertopic,n30_c100_s42,-1,0.0
1826482,bertopic,n30_c100_s42,-1,0.0
1828952,bertopic,n30_c100_s42,7,0.9502916176456221
1828997,bertopic,n30_c100_s42,23,1.0
1829044,bertopic,n30_c100_s42,9,0.9976435544063357
1829612,bertopic,n30_c100_s42,-1,0.0
1830227,bertopic,n30_c100_s42,-1,0.0
1832511,bertopic,n30_c100_s42,6,1.0
1833174,bertopic,n30_c100_s42,9,1.0
1833629,bertopic,n30_c100_s42,2,0.2481148976617643
1833849,bertopic,n30_c100_s42,6,1.0
1834610,bertopic,n30_c100_s42,5,1.0
1835823,bertopic,n30_c100_s42,-1,0.0
1836084,bertopic,n30_c100_s42,6,1.0
1837582,bertopic,n30_c100_s42,-1,0.0
1838801,bertopic,n30_c100_s42,-1,0.0
1839338,bertopic,n30_c100_s42,-1,0.0
1840067,bertopic,n30_c100_s42,-1,0.0
1840353,bertopic,n30_c100_s42,1,1.0
1841915,bertopic,n30_c100_s42,23,1.0
1844676,bertopic,n30_c100_s42,23,1.0
1846581,bertopic,n30_c100_s42,9,0.9976435544063357
1848894,bertopic,n30_c100_s42,5,0.38361211184596467
1849673,bertopic,n30_c100_s42,23,1.0
1850279,bertopic,n30_c100_s42,4,0.9387752817512294
1850586,bertopic,n30_c100_s42,-1,0.0
1850605,bertopic,n30_c100_s42,13,1.0
1850613,bertopic,n30_c100_s42,13,0.4658853009717789
1850656,bertopic,n30_c100_s42,10,1.0
1850658,bertopic,n30_c100_s42,4,0.5081883458856683
1850698,bertopic,n30_c100_s42,-1,0.0
1850775,bertopic,n30_c100_s42,1,0.5025434454410019
1850805,bertopic,n30_c100_s42,23,1.0
1852817,bertopic,n30_c100_s42,23,1.0
1853776,bertopic,n30_c100_s42,0,1.0
1854231,bertopic,n30_c100_s42,1,1.0
1854565,bertopic,n30_c100_s42,-1,0.0
1855730,bertopic,n30_c100_s42,13,0.4658853009717789
1857855,bertopic,n30_c100_s42,7,0.9099758505338046
1859703,bertopic,n30_c100_s42,9,0.9976435544063357
1859873,bertopic,n30_c100_s42,1,0.5025434454410019
1859986,bertopic,n30_c100_s42,23,1.0
1861945,bertopic,n30_c100_s42,9,0.9976435544063357
1864354,bertopic,n30_c100_s42,11,0.9284899924865793
1864798,bertopic,n30_c100_s42,1,0.5771607609262228
1877554,bertopic,n30_c100_s42,22,1.0
1877561,bertopic,n30_c100_s42,9,1.0
1878318,bertopic,n30_c100_s42,9,0.967086218668393
1882764,bertopic,n30_c100_s42,9,1.0
1887908,bertopic,n30_c100_s42,0,1.0
1898150,bertopic,n30_c100_s42,9,0.9976435544063357
1903287,bertopic,n30_c100_s42,23,1.0
1903507,bertopic,n30_c100_s42,9,0.9136286401134965
1909651,bertopic,n30_c100_s42,-1,0.0
1910159,bertopic,n30_c100_s42,5,1.0
1910233,bertopic,n30_c100_s42,9,0.9996233044277475
1910817,bertopic,n30_c100_s42,4,0.5149729226783566
1911320,bertopic,n30_c100_s42,9,0.9996233044277475
1911491,bertopic,n30_c100_s42,1,0.5152254463008867
1911514,bertopic,n30_c100_s42,9,0.9996233044277475
1912688,bertopic,n30_c100_s42,-1,0.0
1912825,bertopic,n30_c100_s42,0,1.0
1913064,bertopic,n30_c100_s42,-1,0.0
1913151,bertopic,n30_c100_s42,0,1.0
1913394,bertopic,n30_c100_s42,-1,0.0
1913513,bertopic,n30_c100_s42,0,1.0
1913582,bertopic,n30_c100_s42,0,1.0
1914067,bertopic,n30_c100_s42,16,1.0
1914123,bertopic,n30_c100_s42,3,1.0
1914502,bertopic,n30_c100_s42,-1,0.0
1914556,bertopic,n30_c100_s42,-1,0.0
1914857,bertopic,n30_c100_s42,22,1.0
1914916,bertopic,n30_c100_s42,3,1.0
1914999,bertopic,n30_c100_s42,9,1.0
1915075,bertopic,n30_c100_s42,22,1.0
1915304,bertopic,n30_c100_s42,16,1.0
1915804,bertopic,n30_c100_s42,0,1.0
1916053,bertopic,n30_c100_s42,13,1.0
1916441,bertopic,n30_c100_s42,9,1.0
1917032,bertopic,n30_c100_s42,9,1.0
1917329,bertopic,n30_c100_s42,22,1.0
1917366,bertopic,n30_c100_s42,1,0.5152254463008867
1917376,bertopic,n30_c100_s42,6,0.8880080101854336
1917392,bertopic,n30_c100_s42,6,0.8880080101854336
1917662,bertopic,n30_c100_s42,6,0.8880080101854336
1917921,bertopic,n30_c100_s42,14,1.0
1918072,bertopic,n30_c100_s42,-1,0.0
1918118,bertopic,n30_c100_s42,9,1.0
1918149,bertopic,n30_c100_s42,1,0.6785298377135384
1919027,bertopic,n30_c100_s42,22,1.0
1919141,bertopic,n30_c100_s42,3,0.8532447602744132
1919384,bertopic,n30_c100_s42,22,1.0
1919642,bertopic,n30_c100_s42,12,0.9603595973011588
1919898,bertopic,n30_c100_s42,2,1.0
1920049,bertopic,n30_c100_s42,10,0.7208274752551447
1920139,bertopic,n30_c100_s42,6,0.6503338807320028
1920344,bertopic,n30_c100_s42,6,1.0
1920462,bertopic,n30_c100_s42,6,1.0
1920552,bertopic,n30_c100_s42,0,1.0
1920614,bertopic,n30_c100_s42,2,1.0
1920979,bertopic,n30_c100_s42,2,1.0
1921087,bertopic,n30_c100_s42,2,0.2481148976617643
1921245,bertopic,n30_c100_s42,2,0.5713533223544114
1921288,bertopic,n30_c100_s42,2,1.0
1921294,bertopic,n30_c100_s42,2,1.0
1921486,bertopic,n30_c100_s42,2,0.5818763808125939
1921595,bertopic,n30_c100_s42,2,0.8867404709430615
1921610,bertopic,n30_c100_s42,22,0.9018235977585357
1921687,bertopic,n30_c100_s42,2,1.0
1921781,bertopic,n30_c100_s42,2,1.0
1921794,bertopic,n30_c100_s42,2,0.5713533223544114
1921824,bertopic,n30_c100_s42,23,1.0
1921913,bertopic,n30_c100_s42,17,1.0
1922057,bertopic,n30_c100_s42,2,0.972804849718423
1922173,bertopic,n30_c100_s42,1,0.9807216928845042
1922205,bertopic,n30_c100_s42,2,0.5713533223544114
1922459,bertopic,n30_c100_s42,14,1.0
1922629,bertopic,n30_c100_s42,2,0.6490335782333619
1922795,bertopic,n30_c100_s42,12,1.0
1922828,bertopic,n30_c100_s42,15,1.0
1922977,bertopic,n30_c100_s42,12,1.0
1923009,bertopic,n30_c100_s42,12,1.0
1923146,bertopic,n30_c100_s42,2,0.9527986855240962
1923374,bertopic,n30_c100_s42,12,1.0
1923479,bertopic,n30_c100_s42,2,1.0
1923644,bertopic,n30_c100_s42,2,0.6640502225541952
1923697,bertopic,n30_c100_s42,2,1.0
1924497,bertopic,n30_c100_s42,6,0.5558109472207186
1924855,bertopic,n30_c100_s42,12,1.0
1924864,bertopic,n30_c100_s42,2,0.7715240499350589
1925034,bertopic,n30_c100_s42,12,0.4752904190808425
1925150,bertopic,n30_c100_s42,2,0.7715240499350589
1925327,bertopic,n30_c100_s42,2,1.0
1925452,bertopic,n30_c100_s42,12,0.4752904190808425
1925613,bertopic,n30_c100_s42,3,0.8616417462085427
1927157,bertopic,n30_c100_s42,12,1.0
1927201,bertopic,n30_c100_s42,2,0.7449415329384189
1927890,bertopic,n30_c100_s42,8,0.8925413708191482
1928474,bertopic,n30_c100_s42,2,0.514093398491858
1928645,bertopic,n30_c100_s42,22,1.0
1928724,bertopic,n30_c100_s42,2,0.514093398491858
1929485,bertopic,n30_c100_s42,0,1.0
1929633,bertopic,n30_c100_s42,2,0.514093398491858
1929760,bertopic,n30_c100_s42,2,0.7715240499350589
1929763,bertopic,n30_c100_s42,2,0.8366223632876806
1929767,bertopic,n30_c100_s42,2,0.7715240499350589
1929768,bertopic,n30_c100_s42,2,0.7006551653074544
1930608,bertopic,n30_c100_s42,1,0.6785298377135384
1931300,bertopic,n30_c100_s42,0,1.0
1931498,bertopic,n30_c100_s42,6,0.5473923592220902
1931996,bertopic,n30_c100_s42,6,1.0
1936683,bertopic,n30_c100_s42,-1,0.0
1945070,bertopic,n30_c100_s42,-1,0.0
1945313,bertopic,n30_c100_s42,2,0.4472734949573142
1945319,bertopic,n30_c100_s42,-1,0.0
1945374,bertopic,n30_c100_s42,7,0.9182281532729779
1945392,bertopic,n30_c100_s42,8,0.9088989855439399
1945405,bertopic,n30_c100_s42,17,1.0
1945418,bertopic,n30_c100_s42,10,1.0
1945429,bertopic,n30_c100_s42,1,0.5209457737811021
1945490,bertopic,n30_c100_s42,1,0.4682222754620487
1945530,bertopic,n30_c100_s42,4,0.9387752817512294
1945546,bertopic,n30_c100_s42,3,0.9351080027077253
1945567,bertopic,n30_c100_s42,19,1.0
1945611,bertopic,n30_c100_s42,2,0.4472734949573142
1945733,bertopic,n30_c100_s42,3,0.6174466674831688
1946223,bertopic,n30_c100_s42,17,0.4569245797280924
1947980,bertopic,n30_c100_s42,1,0.5152254463008867
1948740,bertopic,n30_c100_s42,5,0.37863857957597163
1948741,bertopic,n30_c100_s42,-1,0.0
1949482,bertopic,n30_c100_s42,10,0.8498251253730283
1949955,bertopic,n30_c100_s42,-1,0.0
1950075,bertopic,n30_c100_s42,14,1.0
1950644,bertopic,n30_c100_s42,7,0.9545057606203089
1951609,bertopic,n30_c100_s42,10,1.0
1951771,bertopic,n30_c100_s42,4,0.5709093680444737
1952739,bertopic,n30_c100_s42,-1,0.0
1953711,bertopic,n30_c100_s42,9,1.0
1955309,bertopic,n30_c100_s42,-1,0.0
1957301,bertopic,n30_c100_s42,-1,0.0
1960077,bertopic,n30_c100_s42,-1,0.0
1964448,bertopic,n30_c100_s42,5,1.0
1965386,bertopic,n30_c100_s42,7,0.8908539575520641
1967155,bertopic,n30_c100_s42,10,1.0
1967951,bertopic,n30_c100_s42,4,1.0
1970492,bertopic,n30_c100_s42,11,1.0
1970500,bertopic,n30_c100_s42,11,1.0
1970785,bertopic,n30_c100_s42,5,0.570899818357951
1971369,bertopic,n30_c100_s42,9,0.9996233044277475
1975413,bertopic,n30_c100_s42,-1,0.0
1976203,bertopic,n30_c100_s42,-1,0.0
1977473,bertopic,n30_c100_s42,1,0.5152254463008867
1977542,bertopic,n30_c100_s42,1,0.5152254463008867
1978978,bertopic,n30_c100_s42,4,0.781491595189743
1980594,bertopic,n30_c100_s42,13,0.9557677169103925
1983301,bertopic,n30_c100_s42,-1,0.0
1985714,bertopic,n30_c100_s42,-1,0.0
1985731,bertopic,n30_c100_s42,-1,0.0
1986698,bertopic,n30_c100_s42,-1,0.0
1987308,bertopic,n30_c100_s42,7,0.9576369154117433
1987373,bertopic,n30_c100_s42,0,1.0
1987812,bertopic,n30_c100_s42,7,0.9545057606203089
1987816,bertopic,n30_c100_s42,0,1.0
1988414,bertopic,n30_c100_s42,0,1.0
1988762,bertopic,n30_c100_s42,0,1.0
1988873,bertopic,n30_c100_s42,10,0.8498251253730283
1988877,bertopic,n30_c100_s42,10,0.8498251253730283
1989809,bertopic,n30_c100_s42,0,1.0
1989941,bertopic,n30_c100_s42,7,0.8870960680083521
1990045,bertopic,n30_c100_s42,-1,0.0
1991285,bertopic,n30_c100_s42,0,1.0
1991332,bertopic,n30_c100_s42,7,1.0
1991560,bertopic,n30_c100_s42,8,1.0
1991578,bertopic,n30_c100_s42,-1,0.0
1991582,bertopic,n30_c100_s42,-1,0.0
1991685,bertopic,n30_c100_s42,-1,0.0
1991804,bertopic,n30_c100_s42,7,1.0
1992116,bertopic,n30_c100_s42,0,1.0
1992590,bertopic,n30_c100_s42,-1,0.0
1993112,bertopic,n30_c100_s42,-1,0.0
1993759,bertopic,n30_c100_s42,22,1.0
1993811,bertopic,n30_c100_s42,18,1.0
1994088,bertopic,n30_c100_s42,10,0.8498251253730283
1994200,bertopic,n30_c100_s42,-1,0.0
1994540,bertopic,n30_c100_s42,7,1.0
1994982,bertopic,n30_c100_s42,1,0.5152254463008867
1995093,bertopic,n30_c100_s42,14,0.6795327105163296
1996158,bertopic,n30_c100_s42,23,1.0
1996364,bertopic,n30_c100_s42,2,0.4472734949573142
1997760,bertopic,n30_c100_s42,22,1.0
1997762,bertopic,n30_c100_s42,22,1.0
1997763,bertopic,n30_c100_s42,12,0.4271900091735407
1998455,bertopic,n30_c100_s42,4,0.9387752817512294
1998813,bertopic,n30_c100_s42,15,1.0
1998814,bertopic,n30_c100_s42,15,1.0
1998925,bertopic,n30_c100_s42,0,1.0
1998992,bertopic,n30_c100_s42,0,0.659268889946776
1999136,bertopic,n30_c100_s42,0,1.0
1999406,bertopic,n30_c100_s42,19,1.0
1999413,bertopic,n30_c100_s42,-1,0.0
1999416,bertopic,n30_c100_s42,-1,0.0
1999419,bertopic,n30_c100_s42,2,0.7715240499350589
1999799,bertopic,n30_c100_s42,10,0.8498251253730283
1999800,bertopic,n30_c100_s42,10,0.8498251253730283
1999902,bertopic,n30_c100_s42,13,1.0
1999907,bertopic,n30_c100_s42,3,0.9547136296094221
2000287,bertopic,n30_c100_s42,0,1.0
2000408,bertopic,n30_c100_s42,9,1.0
2001063,bertopic,n30_c100_s42,10,1.0
2001078,bertopic,n30_c100_s42,10,1.0
2001263,bertopic,n30_c100_s42,22,1.0
2002133,bertopic,n30_c100_s42,9,1.0
2002376,bertopic,n30_c100_s42,0,0.9452184472996475
2002387,bertopic,n30_c100_s42,7,0.9890710562828167
2003038,bertopic,n30_c100_s42,22,1.0
2003363,bertopic,n30_c100_s42,0,0.7552167963964457
2003965,bertopic,n30_c100_s42,-1,0.0
2005390,bertopic,n30_c100_s42,4,0.5632155157015559
2007388,bertopic,n30_c100_s42,-1,0.0
2007389,bertopic,n30_c100_s42,7,1.0
2007445,bertopic,n30_c100_s42,13,1.0
2007592,bertopic,n30_c100_s42,4,0.9387752817512294
2007707,bertopic,n30_c100_s42,0,1.0
2008279,bertopic,n30_c100_s42,7,1.0
2009227,bertopic,n30_c100_s42,-1,0.0
2009404,bertopic,n30_c100_s42,4,1.0
2009473,bertopic,n30_c100_s42,-1,0.0
2009559,bertopic,n30_c100_s42,-1,0.0
2011091,bertopic,n30_c100_s42,18,1.0
2011679,bertopic,n30_c100_s42,4,0.9387752817512294
2013225,bertopic,n30_c100_s42,-1,0.0
2013501,bertopic,n30_c100_s42,4,0.9387752817512294
2013569,bertopic,n30_c100_s42,-1,0.0
2014497,bertopic,n30_c100_s42,-1,0.0
2014759,bertopic,n30_c100_s42,9,1.0
2015012,bertopic,n30_c100_s42,7,1.0
2015030,bertopic,n30_c100_s42,1,0.5152254463008867
2015337,bertopic,n30_c100_s42,10,0.8498251253730283
2015402,bertopic,n30_c100_s42,4,1.0
2015579,bertopic,n30_c100_s42,1,0.5152254463008867
2015581,bertopic,n30_c100_s42,-1,0.0
2015910,bertopic,n30_c100_s42,6,0.8880080101854336
2016180,bertopic,n30_c100_s42,-1,0.0
2017225,bertopic,n30_c100_s42,-1,0.0
2017594,bertopic,n30_c100_s42,4,1.0
2017937,bertopic,n30_c100_s42,22,1.0
2017938,bertopic,n30_c100_s42,6,0.8880080101854336
2017939,bertopic,n30_c100_s42,6,0.8880080101854336
2019441,bertopic,n30_c100_s42,13,1.0
2019516,bertopic,n30_c100_s42,1,0.6785298377135384
2021619,bertopic,n30_c100_s42,12,1.0
2021983,bertopic,n30_c100_s42,0,1.0
2022527,bertopic,n30_c100_s42,-1,0.0
2023244,bertopic,n30_c100_s42,2,0.7715240499350589
2023474,bertopic,n30_c100_s42,12,1.0
2024007,bertopic,n30_c100_s42,12,1.0
2024008,bertopic,n30_c100_s42,12,1.0
2024011,bertopic,n30_c100_s42,12,1.0
2024174,bertopic,n30_c100_s42,8,0.9220254954631698
2024289,bertopic,n30_c100_s42,10,0.8498251253730283
2024401,bertopic,n30_c100_s42,3,0.8532447602744132
2024482,bertopic,n30_c100_s42,20,1.0
2024509,bertopic,n30_c100_s42,2,0.7715240499350589
2024682,bertopic,n30_c100_s42,23,1.0
2025132,bertopic,n30_c100_s42,10,0.7208274752551447
2025463,bertopic,n30_c100_s42,2,0.7715240499350589
2026211,bertopic,n30_c100_s42,-1,0.0
2028370,bertopic,n30_c100_s42,-1,0.0
2028405,bertopic,n30_c100_s42,10,0.7208274752551447
2028568,bertopic,n30_c100_s42,-1,0.0
2028611,bertopic,n30_c100_s42,10,1.0
2028764,bertopic,n30_c100_s42,11,0.4876382647387404
2029014,bertopic,n30_c100_s42,10,0.8498251253730283
2029290,bertopic,n30_c100_s42,2,0.756867774518517
2029717,bertopic,n30_c100_s42,18,1.0
2029718,bertopic,n30_c100_s42,18,1.0
2030076,bertopic,n30_c100_s42,14,0.7763660168250162
2030240,bertopic,n30_c100_s42,10,1.0
2030242,bertopic,n30_c100_s42,10,1.0
2030261,bertopic,n30_c100_s42,10,0.7323121217530771
2031168,bertopic,n30_c100_s42,4,1.0
2031195,bertopic,n30_c100_s42,8,1.0
2031196,bertopic,n30_c100_s42,-1,0.0
2031472,bertopic,n30_c100_s42,10,0.8498251253730283
2031482,bertopic,n30_c100_s42,2,0.8809255376048892
2031483,bertopic,n30_c100_s42,18,1.0
2031486,bertopic,n30_c100_s42,12,1.0
2032150,bertopic,n30_c100_s42,2,0.9737126496427021
2032154,bertopic,n30_c100_s42,6,1.0
2032266,bertopic,n30_c100_s42,2,1.0
2033352,bertopic,n30_c100_s42,15,1.0
2033927,bertopic,n30_c100_s42,1,1.0
2034218,bertopic,n30_c100_s42,10,0.8498251253730283
2034219,bertopic,n30_c100_s42,10,0.8498251253730283
2034220,bertopic,n30_c100_s42,10,0.8498251253730283
2034376,bertopic,n30_c100_s42,5,0.8424614295582672
2034377,bertopic,n30_c100_s42,5,0.570899818357951
2034608,bertopic,n30_c100_s42,8,0.9220254954631698
2035212,bertopic,n30_c100_s42,4,0.9291210736657388
2035473,bertopic,n30_c100_s42,8,0.9220254954631698
2036373,bertopic,n30_c100_s42,0,1.0
2036375,bertopic,n30_c100_s42,5,0.4597296597641851
2036922,bertopic,n30_c100_s42,2,1.0
2036923,bertopic,n30_c100_s42,2,0.42091935399395297
2036924,bertopic,n30_c100_s42,12,1.0
2037033,bertopic,n30_c100_s42,1,1.0
2037304,bertopic,n30_c100_s42,11,0.4876382647387404
2038117,bertopic,n30_c100_s42,3,0.9220126198886265
2038130,bertopic,n30_c100_s42,3,0.9220126198886265
2038366,bertopic,n30_c100_s42,10,0.7208274752551447
2038672,bertopic,n30_c100_s42,2,0.7715240499350589
2039029,bertopic,n30_c100_s42,10,0.8498251253730283
2039030,bertopic,n30_c100_s42,10,0.8498251253730283
2039035,bertopic,n30_c100_s42,10,0.8498251253730283
2039173,bertopic,n30_c100_s42,3,0.9220126198886265
2039175,bertopic,n30_c100_s42,3,0.9220126198886265
2039530,bertopic,n30_c100_s42,2,0.7715240499350589
2039950,bertopic,n30_c100_s42,2,1.0
2039969,bertopic,n30_c100_s42,12,0.4752904190808425
2040358,bertopic,n30_c100_s42,10,1.0
2040360,bertopic,n30_c100_s42,10,1.0
2040363,bertopic,n30_c100_s42,10,0.9737707668794587
2040365,bertopic,n30_c100_s42,1,0.3212422214809303
2040367,bertopic,n30_c100_s42,10,1.0
2040368,bertopic,n30_c100_s42,10,1.0
2040369,bertopic,n30_c100_s42,10,1.0
2040569,bertopic,n30_c100_s42,22,1.0
2040735,bertopic,n30_c100_s42,22,1.0
2041509,bertopic,n30_c100_s42,2,0.5713533223544114
2041628,bertopic,n30_c100_s42,-1,0.0
2042151,bertopic,n30_c100_s42,2,1.0
2042152,bertopic,n30_c100_s42,12,0.4430424434063276
2042154,bertopic,n30_c100_s42,2,0.5713533223544114
2042157,bertopic,n30_c100_s42,2,0.5713533223544114
2042158,bertopic,n30_c100_s42,2,1.0
2042316,bertopic,n30_c100_s42,17,1.0
2042976,bertopic,n30_c100_s42,7,1.0
2043450,bertopic,n30_c100_s42,8,0.982473926683824
2043453,bertopic,n30_c100_s42,-1,0.0
2043934,bertopic,n30_c100_s42,-1,0.0
2044003,bertopic,n30_c100_s42,18,1.0
2044156,bertopic,n30_c100_s42,-1,0.0
2044184,bertopic,n30_c100_s42,21,1.0
2044257,bertopic,n30_c100_s42,10,0.8498251253730283
2044423,bertopic,n30_c100_s42,4,1.0
2044436,bertopic,n30_c100_s42,5,0.570899818357951
2045872,bertopic,n30_c100_s42,14,1.0
2046239,bertopic,n30_c100_s42,7,0.8812408504394789
2047211,bertopic,n30_c100_s42,12,1.0
2047219,bertopic,n30_c100_s42,12,1.0
2047320,bertopic,n30_c100_s42,1,0.6785298377135384
2047539,bertopic,n30_c100_s42,-1,0.0
2048315,bertopic,n30_c100_s42,9,0.9976435544063357
2049150,bertopic,n30_c100_s42,10,0.8498251253730283
2050124,bertopic,n30_c100_s42,14,1.0
2050252,bertopic,n30_c100_s42,-1,0.0
2050630,bertopic,n30_c100_s42,22,1.0
2051044,bertopic,n30_c100_s42,10,0.7208274752551447
2051060,bertopic,n30_c100_s42,4,0.8591841841535547
2051915,bertopic,n30_c100_s42,2,1.0
2052862,bertopic,n30_c100_s42,15,1.0
2053100,bertopic,n30_c100_s42,13,1.0
2053572,bertopic,n30_c100_s42,18,1.0
2053691,bertopic,n30_c100_s42,10,0.8498251253730283
2053719,bertopic,n30_c100_s42,20,0.7089166749076534
2054476,bertopic,n30_c100_s42,2,1.0
2054776,bertopic,n30_c100_s42,8,0.9220254954631698
2055852,bertopic,n30_c100_s42,13,1.0
2056125,bertopic,n30_c100_s42,3,1.0
2056550,bertopic,n30_c100_s42,12,1.0
2056757,bertopic,n30_c100_s42,8,1.0
2057845,bertopic,n30_c100_s42,4,0.5844911941926011
2058363,bertopic,n30_c100_s42,17,1.0
2058406,bertopic,n30_c100_s42,14,0.7763660168250162
2058433,bertopic,n30_c100_s42,4,1.0
2058922,bertopic,n30_c100_s42,-1,0.0
2059350,bertopic,n30_c100_s42,14,1.0
2059784,bertopic,n30_c100_s42,8,1.0
2060050,bertopic,n30_c100_s42,10,1.0
2060367,bertopic,n30_c100_s42,9,0.9976435544063357
2060632,bertopic,n30_c100_s42,0,1.0
2061242,bertopic,n30_c100_s42,2,1.0
2062317,bertopic,n30_c100_s42,5,0.37863857957597163
2062938,bertopic,n30_c100_s42,7,1.0
2063072,bertopic,n30_c100_s42,10,0.8498251253730283
2063227,bertopic,n30_c100_s42,5,0.8104372116813641
2063228,bertopic,n30_c100_s42,5,0.39143406602172937
2063522,bertopic,n30_c100_s42,4,0.5320599342194897
2063675,bertopic,n30_c100_s42,1,1.0
2063954,bertopic,n30_c100_s42,2,1.0
2064159,bertopic,n30_c100_s42,14,0.7763660168250162
2064339,bertopic,n30_c100_s42,7,1.0
2064505,bertopic,n30_c100_s42,4,1.0
2065168,bertopic,n30_c100_s42,5,0.5495331245466337
2065425,bertopic,n30_c100_s42,4,0.9387752817512294
2065523,bertopic,n30_c100_s42,10,1.0
2065880,bertopic,n30_c100_s42,4,1.0
2066166,bertopic,n30_c100_s42,7,1.0
2066291,bertopic,n30_c100_s42,-1,0.0
2066373,bertopic,n30_c100_s42,7,1.0
2066451,bertopic,n30_c100_s42,7,1.0
2067016,bertopic,n30_c100_s42,7,1.0
2067515,bertopic,n30_c100_s42,4,1.0
2067699,bertopic,n30_c100_s42,3,0.6442282741430869
2067894,bertopic,n30_c100_s42,10,0.8498251253730283
2068031,bertopic,n30_c100_s42,5,0.9719601727426451
2068606,bertopic,n30_c100_s42,2,0.514093398491858
2068811,bertopic,n30_c100_s42,14,0.7763660168250162
2068903,bertopic,n30_c100_s42,10,0.7208274752551447
2069482,bertopic,n30_c100_s42,2,0.514093398491858
2069818,bertopic,n30_c100_s42,13,1.0
2069830,bertopic,n30_c100_s42,10,0.7208274752551447
2070092,bertopic,n30_c100_s42,0,0.5041651173221762
2070126,bertopic,n30_c100_s42,7,0.8401251394715272
2070198,bertopic,n30_c100_s42,8,0.9220254954631698
2070252,bertopic,n30_c100_s42,0,0.36824908532147643
2070261,bertopic,n30_c100_s42,7,0.8367861847877801
2070336,bertopic,n30_c100_s42,10,1.0
2070644,bertopic,n30_c100_s42,16,1.0
2070739,bertopic,n30_c100_s42,1,0.628994986272184
2070740,bertopic,n30_c100_s42,2,1.0
2070741,bertopic,n30_c100_s42,1,0.9337059106626063
2070892,bertopic,n30_c100_s42,21,1.0
2070928,bertopic,n30_c100_s42,6,1.0
2072426,bertopic,n30_c100_s42,10,0.8498251253730283
2072531,bertopic,n30_c100_s42,3,0.8914416506084815
2072532,bertopic,n30_c100_s42,3,0.8672760903938701
2074928,bertopic,n30_c100_s42,16,1.0
2074981,bertopic,n30_c100_s42,2,0.514093398491858
2074983,bertopic,n30_c100_s42,2,0.514093398491858
2076397,bertopic,n30_c100_s42,7,1.0
2076827,bertopic,n30_c100_s42,3,0.9220126198886265
2076872,bertopic,n30_c100_s42,5,1.0
2078495,bertopic,n30_c100_s42,2,0.8366223632876806
2078807,bertopic,n30_c100_s42,4,0.5709093680444737
2079697,bertopic,n30_c100_s42,10,1.0
2080208,bertopic,n30_c100_s42,1,0.6668538175285913
2080520,bertopic,n30_c100_s42,-1,0.0
2080524,bertopic,n30_c100_s42,10,0.7208274752551447
2080559,bertopic,n30_c100_s42,-1,0.0
2080964,bertopic,n30_c100_s42,10,0.8498251253730283
2081038,bertopic,n30_c100_s42,8,0.9220254954631698
2081158,bertopic,n30_c100_s42,4,0.5617271590285252
2081268,bertopic,n30_c100_s42,4,0.6179456676456649
2081505,bertopic,n30_c100_s42,2,0.7715240499350589
2081635,bertopic,n30_c100_s42,10,0.7208274752551447
2082839,bertopic,n30_c100_s42,10,1.0
2082840,bertopic,n30_c100_s42,10,1.0
2083475,bertopic,n30_c100_s42,2,0.7006551653074544
2083552,bertopic,n30_c100_s42,2,0.8366223632876806
2083754,bertopic,n30_c100_s42,10,0.7208274752551447
2083779,bertopic,n30_c100_s42,2,0.7715240499350589
2083848,bertopic,n30_c100_s42,2,0.41326101785254205
2084534,bertopic,n30_c100_s42,10,1.0
2084870,bertopic,n30_c100_s42,10,0.7208274752551447
2084875,bertopic,n30_c100_s42,10,1.0
2085254,bertopic,n30_c100_s42,7,1.0
2085345,bertopic,n30_c100_s42,13,0.3632047987330713
2085382,bertopic,n30_c100_s42,10,0.7208274752551447
2085383,bertopic,n30_c100_s42,10,0.7208274752551447
2085405,bertopic,n30_c100_s42,0,1.0
2085623,bertopic,n30_c100_s42,10,0.7208274752551447
2085747,bertopic,n30_c100_s42,-1,0.0
2086233,bertopic,n30_c100_s42,7,1.0
2086322,bertopic,n30_c100_s42,14,1.0
2086458,bertopic,n30_c100_s42,10,1.0
2086745,bertopic,n30_c100_s42,10,1.0
2087273,bertopic,n30_c100_s42,6,1.0
2087489,bertopic,n30_c100_s42,2,0.3805550478453713
2087557,bertopic,n30_c100_s42,10,1.0
2087571,bertopic,n30_c100_s42,0,1.0
2087572,bertopic,n30_c100_s42,0,1.0
2087621,bertopic,n30_c100_s42,7,1.0
2087788,bertopic,n30_c100_s42,-1,0.0
2087950,bertopic,n30_c100_s42,6,1.0
2088184,bertopic,n30_c100_s42,6,1.0
2088185,bertopic,n30_c100_s42,6,0.9547311750270857
2088188,bertopic,n30_c100_s42,6,0.969593560878739
2088189,bertopic,n30_c100_s42,13,1.0
2088286,bertopic,n30_c100_s42,1,0.9217747533128484
2088386,bertopic,n30_c100_s42,10,1.0
2088411,bertopic,n30_c100_s42,10,1.0
2088466,bertopic,n30_c100_s42,-1,0.0
2088611,bertopic,n30_c100_s42,20,1.0
2088722,bertopic,n30_c100_s42,10,1.0
2089535,bertopic,n30_c100_s42,8,1.0
2090286,bertopic,n30_c100_s42,0,1.0
2093107,bertopic,n30_c100_s42,0,1.0
2093714,bertopic,n30_c100_s42,-1,0.0
2093845,bertopic,n30_c100_s42,15,1.0
2094139,bertopic,n30_c100_s42,10,0.7208274752551447
2094453,bertopic,n30_c100_s42,10,1.0
2094577,bertopic,n30_c100_s42,10,1.0
2094582,bertopic,n30_c100_s42,6,1.0
2095270,bertopic,n30_c100_s42,4,1.0
2095462,bertopic,n30_c100_s42,14,1.0
2096702,bertopic,n30_c100_s42,21,0.9333346177963753
2096779,bertopic,n30_c100_s42,5,0.38361211184596467
2097577,bertopic,n30_c100_s42,12,1.0
2097674,bertopic,n30_c100_s42,1,0.6785298377135384
2097712,bertopic,n30_c100_s42,-1,0.0
2098828,bertopic,n30_c100_s42,3,0.7608690353518964
2099736,bertopic,n30_c100_s42,3,0.8393651355314085
2100693,bertopic,n30_c100_s42,4,0.9387752817512294
2101432,bertopic,n30_c100_s42,4,1.0
2102016,bertopic,n30_c100_s42,10,1.0
2102637,bertopic,n30_c100_s42,21,1.0
2103764,bertopic,n30_c100_s42,11,1.0
2103914,bertopic,n30_c100_s42,10,1.0
2104181,bertopic,n30_c100_s42,-1,0.0
2105529,bertopic,n30_c100_s42,8,1.0
2106385,bertopic,n30_c100_s42,10,0.8498251253730283
2106386,bertopic,n30_c100_s42,10,0.7702527208073797
2106496,bertopic,n30_c100_s42,7,1.0
2106680,bertopic,n30_c100_s42,11,1.0
2106820,bertopic,n30_c100_s42,1,0.6785298377135384
2107672,bertopic,n30_c100_s42,11,0.6217905489152039
2107801,bertopic,n30_c100_s42,-1,0.0
2108028,bertopic,n30_c100_s42,10,0.7016108425360106
2108304,bertopic,n30_c100_s42,10,1.0
2109054,bertopic,n30_c100_s42,-1,0.0
2109302,bertopic,n30_c100_s42,3,0.7393373056078498
2110285,bertopic,n30_c100_s42,8,0.9220254954631698
2111097,bertopic,n30_c100_s42,12,1.0
2111098,bertopic,n30_c100_s42,22,1.0
2112280,bertopic,n30_c100_s42,11,0.4876382647387404
2114346,bertopic,n30_c100_s42,17,0.6121712550543418
2117367,bertopic,n30_c100_s42,10,1.0
2117965,bertopic,n30_c100_s42,5,1.0
2119976,bertopic,n30_c100_s42,7,0.8202850796039255
2120551,bertopic,n30_c100_s42,12,0.38748969443751136
2120569,bertopic,n30_c100_s42,8,1.0
2120993,bertopic,n30_c100_s42,21,1.0
2121720,bertopic,n30_c100_s42,4,0.781491595189743
2121738,bertopic,n30_c100_s42,4,0.9387752817512294
2122258,bertopic,n30_c100_s42,10,1.0
2122262,bertopic,n30_c100_s42,10,0.9637566201870168
2122631,bertopic,n30_c100_s42,5,1.0
2123001,bertopic,n30_c100_s42,-1,0.0
2123541,bertopic,n30_c100_s42,5,0.7957845885457059
2124983,bertopic,n30_c100_s42,8,0.8893819327713028
2125414,bertopic,n30_c100_s42,5,0.570899818357951
2125946,bertopic,n30_c100_s42,10,0.6341741089280937
2126187,bertopic,n30_c100_s42,3,0.7393373056078498
2128711,bertopic,n30_c100_s42,10,0.7208274752551447
2129151,bertopic,n30_c100_s42,10,1.0
2129451,bertopic,n30_c100_s42,6,1.0
2129452,bertopic,n30_c100_s42,6,1.0
2129768,bertopic,n30_c100_s42,1,0.8575774489137595
2130756,bertopic,n30_c100_s42,4,0.5709093680444737
2131032,bertopic,n30_c100_s42,10,1.0
2131071,bertopic,n30_c100_s42,4,0.5709093680444737
2131333,bertopic,n30_c100_s42,3,0.7608690353518964
2131728,bertopic,n30_c100_s42,4,0.7143719531944952
2134018,bertopic,n30_c100_s42,-1,0.0
2134131,bertopic,n30_c100_s42,4,0.48915920974582966
2134846,bertopic,n30_c100_s42,-1,0.0
2137522,bertopic,n30_c100_s42,-1,0.0
2139002,bertopic,n30_c100_s42,-1,0.0
2139271,bertopic,n30_c100_s42,12,1.0
2139819,bertopic,n30_c100_s42,10,1.0
2139832,bertopic,n30_c100_s42,14,0.7763660168250162
2140049,bertopic,n30_c100_s42,7,0.8030760461211495
2140167,bertopic,n30_c100_s42,3,0.8914416506084815
2140169,bertopic,n30_c100_s42,7,1.0
2141099,bertopic,n30_c100_s42,-1,0.0
2141765,bertopic,n30_c100_s42,6,0.8533461027458553
2142186,bertopic,n30_c100_s42,5,0.38361211184596467
2142632,bertopic,n30_c100_s42,4,0.756333251716339
2142633,bertopic,n30_c100_s42,10,1.0
2143076,bertopic,n30_c100_s42,4,0.9387752817512294
2143209,bertopic,n30_c100_s42,-1,0.0
2144273,bertopic,n30_c100_s42,11,0.9284899924865793
2144775,bertopic,n30_c100_s42,10,1.0
2144781,bertopic,n30_c100_s42,10,1.0
2144906,bertopic,n30_c100_s42,0,1.0
2145081,bertopic,n30_c100_s42,3,0.6294810813578067
2145129,bertopic,n30_c100_s42,-1,0.0
2147478,bertopic,n30_c100_s42,10,1.0
2147479,bertopic,n30_c100_s42,10,1.0
2147481,bertopic,n30_c100_s42,10,0.9092539432128132
2147483,bertopic,n30_c100_s42,-1,0.0
2147788,bertopic,n30_c100_s42,12,0.7060974577384802
2147793,bertopic,n30_c100_s42,5,0.38361211184596467
2149520,bertopic,n30_c100_s42,10,1.0
2149543,bertopic,n30_c100_s42,12,1.0
2149836,bertopic,n30_c100_s42,-1,0.0
2150869,bertopic,n30_c100_s42,14,0.7763660168250162
2151907,bertopic,n30_c100_s42,12,0.9421184888114155
2154569,bertopic,n30_c100_s42,-1,0.0
2154732,bertopic,n30_c100_s42,-1,0.0
2154885,bertopic,n30_c100_s42,7,1.0
2156785,bertopic,n30_c100_s42,0,1.0
2159159,bertopic,n30_c100_s42,10,1.0
2159180,bertopic,n30_c100_s42,2,0.4472734949573142
2159712,bertopic,n30_c100_s42,3,0.9220126198886265
2160028,bertopic,n30_c100_s42,-1,0.0
2161919,bertopic,n30_c100_s42,2,0.4472734949573142
2162503,bertopic,n30_c100_s42,12,1.0
2162627,bertopic,n30_c100_s42,13,0.4658853009717789
2162681,bertopic,n30_c100_s42,4,0.6722771290103903
2162877,bertopic,n30_c100_s42,2,0.4472734949573142
2162951,bertopic,n30_c100_s42,2,0.4472734949573142
2162976,bertopic,n30_c100_s42,-1,0.0
2162990,bertopic,n30_c100_s42,0,0.36824908532147643
2163143,bertopic,n30_c100_s42,-1,0.0
2163236,bertopic,n30_c100_s42,9,0.8676785011291563
2163395,bertopic,n30_c100_s42,13,0.4658853009717789
2163553,bertopic,n30_c100_s42,1,0.4750253976310303
2163644,bertopic,n30_c100_s42,1,1.0
2163683,bertopic,n30_c100_s42,-1,0.0
2163686,bertopic,n30_c100_s42,2,0.4472734949573142
2163786,bertopic,n30_c100_s42,11,0.4876382647387404
2163794,bertopic,n30_c100_s42,9,1.0
2163834,bertopic,n30_c100_s42,9,0.9976435544063357
2163839,bertopic,n30_c100_s42,3,1.0
2164487,bertopic,n30_c100_s42,2,0.4472734949573142
2165196,bertopic,n30_c100_s42,2,0.4472734949573142
2165527,bertopic,n30_c100_s42,11,0.4876382647387404
2165918,bertopic,n30_c100_s42,2,0.37976873091078484
2166015,bertopic,n30_c100_s42,9,1.0
2166447,bertopic,n30_c100_s42,2,0.4472734949573142
2167891,bertopic,n30_c100_s42,2,0.4472734949573142
2168655,bertopic,n30_c100_s42,11,0.4876382647387404
2168938,bertopic,n30_c100_s42,-1,0.0
2168954,bertopic,n30_c100_s42,2,0.4472734949573142
2168975,bertopic,n30_c100_s42,2,0.48384879396169056
2168979,bertopic,n30_c100_s42,2,0.5771011589014705
2169334,bertopic,n30_c100_s42,1,1.0
2169579,bertopic,n30_c100_s42,-1,0.0
2169600,bertopic,n30_c100_s42,-1,0.0
2169622,bertopic,n30_c100_s42,-1,0.0
2169647,bertopic,n30_c100_s42,3,1.0
2169648,bertopic,n30_c100_s42,7,1.0
2169704,bertopic,n30_c100_s42,8,1.0
2169734,bertopic,n30_c100_s42,1,0.37368366168262857
2169845,bertopic,n30_c100_s42,-1,0.0
2169877,bertopic,n30_c100_s42,-1,0.0
2170122,bertopic,n30_c100_s42,7,0.9013892564577518
2170128,bertopic,n30_c100_s42,2,0.47952828843204526
2170246,bertopic,n30_c100_s42,4,1.0
2170291,bertopic,n30_c100_s42,11,0.4876382647387404
2170306,bertopic,n30_c100_s42,-1,0.0
2170354,bertopic,n30_c100_s42,0,1.0
2170365,bertopic,n30_c100_s42,2,0.4472734949573142
2170366,bertopic,n30_c100_s42,2,0.4472734949573142
2171003,bertopic,n30_c100_s42,7,1.0
2171330,bertopic,n30_c100_s42,11,0.4876382647387404
2171357,bertopic,n30_c100_s42,9,1.0
2270064,bertopic,n30_c100_s42,0,1.0
2270568,bertopic,n30_c100_s42,0,1.0
2272889,bertopic,n30_c100_s42,12,1.0
2272891,bertopic,n30_c100_s42,0,1.0
2272915,bertopic,n30_c100_s42,8,1.0
2272942,bertopic,n30_c100_s42,17,0.6810218754432064
2273245,bertopic,n30_c100_s42,0,1.0
2273570,bertopic,n30_c100_s42,22,1.0
2277189,bertopic,n30_c100_s42,1,0.9807216928845042
2277467,bertopic,n30_c100_s42,3,0.7608690353518964
2278541,bertopic,n30_c100_s42,3,0.7608690353518964
2280645,bertopic,n30_c100_s42,6,0.3465480650469192
2280776,bertopic,n30_c100_s42,-1,0.0
2280856,bertopic,n30_c100_s42,1,0.29063957098130344
2281139,bertopic,n30_c100_s42,0,1.0
2281140,bertopic,n30_c100_s42,11,0.9284899924865793
2281329,bertopic,n30_c100_s42,0,1.0
2281379,bertopic,n30_c100_s42,2,0.4472734949573142
2281391,bertopic,n30_c100_s42,0,1.0
2281433,bertopic,n30_c100_s42,0,1.0
2281596,bertopic,n30_c100_s42,0,1.0
2282243,bertopic,n30_c100_s42,-1,0.0
2282417,bertopic,n30_c100_s42,4,0.5732067137923713
2283293,bertopic,n30_c100_s42,0,1.0
2284109,bertopic,n30_c100_s42,1,0.9807216928845042
2287359,bertopic,n30_c100_s42,14,0.7763660168250162
2288483,bertopic,n30_c100_s42,13,0.4658853009717789
2289482,bertopic,n30_c100_s42,16,0.7330738560348524
2293266,bertopic,n30_c100_s42,0,0.921658840395709
2293601,bertopic,n30_c100_s42,13,0.4658853009717789
2293654,bertopic,n30_c100_s42,-1,0.0
2293728,bertopic,n30_c100_s42,19,1.0
2293859,bertopic,n30_c100_s42,13,0.4658853009717789
2295287,bertopic,n30_c100_s42,3,1.0
2295356,bertopic,n30_c100_s42,-1,0.0
2295524,bertopic,n30_c100_s42,-1,0.0
2298894,bertopic,n30_c100_s42,8,0.9223201234285737
2299116,bertopic,n30_c100_s42,3,1.0
2299401,bertopic,n30_c100_s42,8,0.9223201234285737
2301712,bertopic,n30_c100_s42,-1,0.0
2306157,bertopic,n30_c100_s42,0,1.0
2306633,bertopic,n30_c100_s42,0,1.0
2306647,bertopic,n30_c100_s42,-1,0.0
2306688,bertopic,n30_c100_s42,10,1.0
2307453,bertopic,n30_c100_s42,-1,0.0
2307952,bertopic,n30_c100_s42,13,1.0
2308112,bertopic,n30_c100_s42,-1,0.0
2308238,bertopic,n30_c100_s42,6,0.7358641041032116
2308500,bertopic,n30_c100_s42,3,1.0
2308765,bertopic,n30_c100_s42,-1,0.0
2308783,bertopic,n30_c100_s42,-1,0.0
2308894,bertopic,n30_c100_s42,3,1.0
2309588,bertopic,n30_c100_s42,3,1.0
2310365,bertopic,n30_c100_s42,1,0.5994823108157888
2310520,bertopic,n30_c100_s42,-1,0.0
2310833,bertopic,n30_c100_s42,1,0.5994823108157888
2311213,bertopic,n30_c100_s42,9,0.9976435544063357
2311647,bertopic,n30_c100_s42,9,0.7919864242112816
2311966,bertopic,n30_c100_s42,23,1.0
2312404,bertopic,n30_c100_s42,11,1.0
2312451,bertopic,n30_c100_s42,3,1.0
2312509,bertopic,n30_c100_s42,-1,0.0
2312748,bertopic,n30_c100_s42,8,1.0
2312793,bertopic,n30_c100_s42,8,0.9093630416012155
2312825,bertopic,n30_c100_s42,8,1.0
2312891,bertopic,n30_c100_s42,-1,0.0
2313111,bertopic,n30_c100_s42,-1,0.0
2313217,bertopic,n30_c100_s42,3,0.956963436104273
2316602,bertopic,n30_c100_s42,12,0.8735674318388817
2316736,bertopic,n30_c100_s42,-1,0.0
2316738,bertopic,n30_c100_s42,0,1.0
2316833,bertopic,n30_c100_s42,7,0.969589876961123
2317157,bertopic,n30_c100_s42,0,1.0
2317230,bertopic,n30_c100_s42,8,0.9220254954631698
2317233,bertopic,n30_c100_s42,5,0.3880791196129506
2317316,bertopic,n30_c100_s42,1,1.0
2317425,bertopic,n30_c100_s42,0,1.0
2317764,bertopic,n30_c100_s42,0,1.0
2318600,bertopic,n30_c100_s42,0,1.0
2318956,bertopic,n30_c100_s42,1,1.0
2322155,bertopic,n30_c100_s42,18,0.8135428570819623
2325883,bertopic,n30_c100_s42,5,0.38361211184596467
2326309,bertopic,n30_c100_s42,19,1.0
2328929,bertopic,n30_c100_s42,7,0.9369138571526895
2328989,bertopic,n30_c100_s42,11,1.0
2335380,bertopic,n30_c100_s42,4,0.5281364324993151
2335404,bertopic,n30_c100_s42,19,1.0
2335527,bertopic,n30_c100_s42,7,1.0
2335539,bertopic,n30_c100_s42,8,1.0
2335905,bertopic,n30_c100_s42,0,0.9140736605692116
2335966,bertopic,n30_c100_s42,11,0.4876382647387404
2338108,bertopic,n30_c100_s42,23,1.0
2340111,bertopic,n30_c100_s42,1,1.0
2340129,bertopic,n30_c100_s42,-1,0.0
2340150,bertopic,n30_c100_s42,13,0.7830093138034869
2340172,bertopic,n30_c100_s42,10,1.0
2340199,bertopic,n30_c100_s42,1,0.6785298377135384
2340203,bertopic,n30_c100_s42,-1,0.0
2340237,bertopic,n30_c100_s42,12,0.8449161497454203
2340317,bertopic,n30_c100_s42,19,1.0
2340428,bertopic,n30_c100_s42,16,1.0
2340431,bertopic,n30_c100_s42,8,0.9216638833621763
2342367,bertopic,n30_c100_s42,-1,0.0
2342503,bertopic,n30_c100_s42,-1,0.0
2342771,bertopic,n30_c100_s42,-1,0.0
2343374,bertopic,n30_c100_s42,6,1.0
2343508,bertopic,n30_c100_s42,-1,0.0
2343565,bertopic,n30_c100_s42,-1,0.0
2344938,bertopic,n30_c100_s42,4,0.9387752817512294
2345361,bertopic,n30_c100_s42,-1,0.0
2345603,bertopic,n30_c100_s42,3,0.7608690353518964
2345623,bertopic,n30_c100_s42,5,0.570899818357951
2346721,bertopic,n30_c100_s42,-1,0.0
2347222,bertopic,n30_c100_s42,4,1.0
2348972,bertopic,n30_c100_s42,10,1.0
2349098,bertopic,n30_c100_s42,-1,0.0
2349311,bertopic,n30_c100_s42,2,0.4472734949573142
2349589,bertopic,n30_c100_s42,-1,0.0
2351410,bertopic,n30_c100_s42,10,0.6654480481470171
2354025,bertopic,n30_c100_s42,-1,0.0
2355996,bertopic,n30_c100_s42,17,1.0
2356459,bertopic,n30_c100_s42,2,0.3778090505197517
2356771,bertopic,n30_c100_s42,0,0.63796370275667
2357998,bertopic,n30_c100_s42,-1,0.0
2358210,bertopic,n30_c100_s42,5,0.570899818357951
2360205,bertopic,n30_c100_s42,12,0.8026235382182594
2362843,bertopic,n30_c100_s42,6,1.0
2363066,bertopic,n30_c100_s42,5,0.38361211184596467
2363378,bertopic,n30_c100_s42,16,1.0
2364849,bertopic,n30_c100_s42,8,0.9220254954631698
2365043,bertopic,n30_c100_s42,11,1.0
2365286,bertopic,n30_c100_s42,-1,0.0
2365313,bertopic,n30_c100_s42,8,1.0
2369290,bertopic,n30_c100_s42,0,1.0
2369928,bertopic,n30_c100_s42,4,1.0
2371027,bertopic,n30_c100_s42,-1,0.0
2371097,bertopic,n30_c100_s42,21,0.91297654731604
2371625,bertopic,n30_c100_s42,-1,0.0
2371829,bertopic,n30_c100_s42,-1,0.0
2372048,bertopic,n30_c100_s42,20,1.0
2372255,bertopic,n30_c100_s42,0,1.0
2372313,bertopic,n30_c100_s42,-1,0.0
2372477,bertopic,n30_c100_s42,0,1.0
2372574,bertopic,n30_c100_s42,7,1.0
2372696,bertopic,n30_c100_s42,-1,0.0
2373826,bertopic,n30_c100_s42,0,0.7122578950916997
2373879,bertopic,n30_c100_s42,0,1.0
2374166,bertopic,n30_c100_s42,0,1.0
2374258,bertopic,n30_c100_s42,11,0.44403632376822205
2374290,bertopic,n30_c100_s42,17,1.0
2374506,bertopic,n30_c100_s42,11,1.0
2374933,bertopic,n30_c100_s42,1,1.0
2375041,bertopic,n30_c100_s42,-1,0.0
2375087,bertopic,n30_c100_s42,0,1.0
2375109,bertopic,n30_c100_s42,-1,0.0
2375163,bertopic,n30_c100_s42,20,1.0
2375414,bertopic,n30_c100_s42,0,0.8248354960369862
2375692,bertopic,n30_c100_s42,21,0.9333346177963753
2375819,bertopic,n30_c100_s42,21,0.9263813254475959
2375864,bertopic,n30_c100_s42,-1,0.0
2376159,bertopic,n30_c100_s42,3,0.7608690353518964
2376309,bertopic,n30_c100_s42,-1,0.0
2378135,bertopic,n30_c100_s42,4,0.7979144042574102
2378797,bertopic,n30_c100_s42,7,1.0
2380582,bertopic,n30_c100_s42,-1,0.0
2380656,bertopic,n30_c100_s42,19,1.0
2383045,bertopic,n30_c100_s42,-1,0.0
2383287,bertopic,n30_c100_s42,5,0.3880791196129506
2383384,bertopic,n30_c100_s42,1,1.0
2383536,bertopic,n30_c100_s42,1,1.0
2383635,bertopic,n30_c100_s42,12,0.8258134924094789
2384098,bertopic,n30_c100_s42,0,1.0
2384103,bertopic,n30_c100_s42,-1,0.0
2384169,bertopic,n30_c100_s42,-1,0.0
2384239,bertopic,n30_c100_s42,3,0.7608690353518964
2384377,bertopic,n30_c100_s42,14,0.7763660168250162
2384500,bertopic,n30_c100_s42,-1,0.0
2386837,bertopic,n30_c100_s42,0,1.0
2387301,bertopic,n30_c100_s42,1,0.7655215348394607
2387742,bertopic,n30_c100_s42,-1,0.0
2389165,bertopic,n30_c100_s42,-1,0.0
2390815,bertopic,n30_c100_s42,1,0.7215648617701079
2397146,bertopic,n30_c100_s42,19,1.0
2397438,bertopic,n30_c100_s42,6,1.0
2397463,bertopic,n30_c100_s42,1,0.6785298377135384
2397577,bertopic,n30_c100_s42,1,0.8033009209426187
2397594,bertopic,n30_c100_s42,1,1.0
2397610,bertopic,n30_c100_s42,7,0.8586769828136143
2398450,bertopic,n30_c100_s42,-1,0.0
2398470,bertopic,n30_c100_s42,-1,0.0
2398749,bertopic,n30_c100_s42,0,1.0
2399345,bertopic,n30_c100_s42,12,1.0
2399493,bertopic,n30_c100_s42,5,0.38361211184596467
2400728,bertopic,n30_c100_s42,-1,0.0
2400805,bertopic,n30_c100_s42,1,1.0
2402176,bertopic,n30_c100_s42,18,0.8125077828150769
2402204,bertopic,n30_c100_s42,5,0.38361211184596467
2404045,bertopic,n30_c100_s42,6,1.0
2404129,bertopic,n30_c100_s42,-1,0.0
2404400,bertopic,n30_c100_s42,2,0.4498089340675664
2407195,bertopic,n30_c100_s42,6,1.0
2407216,bertopic,n30_c100_s42,12,0.7893479345580748
2407241,bertopic,n30_c100_s42,19,1.0
2407581,bertopic,n30_c100_s42,18,1.0
2407670,bertopic,n30_c100_s42,-1,0.0
2407690,bertopic,n30_c100_s42,-1,0.0
2407707,bertopic,n30_c100_s42,14,1.0
2407769,bertopic,n30_c100_s42,6,1.0
2407927,bertopic,n30_c100_s42,6,1.0
2408000,bertopic,n30_c100_s42,14,1.0
2408019,bertopic,n30_c100_s42,6,1.0
2408135,bertopic,n30_c100_s42,3,0.9220126198886265
2408480,bertopic,n30_c100_s42,18,0.935037190018087
2409088,bertopic,n30_c100_s42,1,0.969805990569104
2410619,bertopic,n30_c100_s42,6,1.0
2412161,bertopic,n30_c100_s42,-1,0.0
2412165,bertopic,n30_c100_s42,-1,0.0
2412178,bertopic,n30_c100_s42,0,0.5041651173221762
2412182,bertopic,n30_c100_s42,15,1.0
2412206,bertopic,n30_c100_s42,3,1.0
2412209,bertopic,n30_c100_s42,1,1.0
2426755,bertopic,n30_c100_s42,12,1.0
2427222,bertopic,n30_c100_s42,0,1.0
2427273,bertopic,n30_c100_s42,-1,0.0
2427301,bertopic,n30_c100_s42,12,1.0
2427303,bertopic,n30_c100_s42,12,0.9893481409545148
2428938,bertopic,n30_c100_s42,20,1.0
2429147,bertopic,n30_c100_s42,8,1.0
2429728,bertopic,n30_c100_s42,9,0.9976435544063357
2430090,bertopic,n30_c100_s42,17,0.5372598367001544
2433620,bertopic,n30_c100_s42,18,1.0
2434204,bertopic,n30_c100_s42,3,0.7608690353518964
2434220,bertopic,n30_c100_s42,3,0.7608690353518964
2434367,bertopic,n30_c100_s42,3,0.7608690353518964
2434517,bertopic,n30_c100_s42,0,1.0
2434602,bertopic,n30_c100_s42,3,0.7608690353518964
2434747,bertopic,n30_c100_s42,6,1.0
2435071,bertopic,n30_c100_s42,-1,0.0
2436427,bertopic,n30_c100_s42,5,1.0
2436795,bertopic,n30_c100_s42,-1,0.0
2437000,bertopic,n30_c100_s42,-1,0.0
2437040,bertopic,n30_c100_s42,5,0.5178710412916959
2437205,bertopic,n30_c100_s42,0,1.0
2437333,bertopic,n30_c100_s42,8,1.0
2437917,bertopic,n30_c100_s42,8,0.982473926683824
2439532,bertopic,n30_c100_s42,-1,0.0
2439825,bertopic,n30_c100_s42,12,1.0
2440514,bertopic,n30_c100_s42,4,0.4469516057064849
2440714,bertopic,n30_c100_s42,13,0.4658853009717789
2440726,bertopic,n30_c100_s42,5,1.0
2440864,bertopic,n30_c100_s42,13,1.0
2441508,bertopic,n30_c100_s42,19,1.0
2442039,bertopic,n30_c100_s42,0,1.0
2442324,bertopic,n30_c100_s42,1,0.37339960313118437
2443126,bertopic,n30_c100_s42,2,0.4472734949573142
2443197,bertopic,n30_c100_s42,21,1.0
2444063,bertopic,n30_c100_s42,0,1.0
2444414,bertopic,n30_c100_s42,4,0.5732067137923713
2444562,bertopic,n30_c100_s42,4,0.5732067137923713
2445643,bertopic,n30_c100_s42,13,1.0
2445779,bertopic,n30_c100_s42,1,1.0
2446163,bertopic,n30_c100_s42,-1,0.0
2446207,bertopic,n30_c100_s42,13,1.0
2446707,bertopic,n30_c100_s42,13,0.4658853009717789
2446937,bertopic,n30_c100_s42,6,0.326423154727517
2448440,bertopic,n30_c100_s42,7,0.9616754217137244
2448787,bertopic,n30_c100_s42,14,0.7763660168250162
2448837,bertopic,n30_c100_s42,-1,0.0
2449149,bertopic,n30_c100_s42,1,0.7407058743402078
2449317,bertopic,n30_c100_s42,10,1.0
2450742,bertopic,n30_c100_s42,0,1.0
2450918,bertopic,n30_c100_s42,-1,0.0
2450942,bertopic,n30_c100_s42,19,1.0
2451069,bertopic,n30_c100_s42,4,0.5732067137923713
2451238,bertopic,n30_c100_s42,1,1.0
2451707,bertopic,n30_c100_s42,12,0.811127412001105
2453409,bertopic,n30_c100_s42,1,1.0
2453412,bertopic,n30_c100_s42,7,1.0
2453436,bertopic,n30_c100_s42,0,0.9189722077209169
2453440,bertopic,n30_c100_s42,0,1.0
2453472,bertopic,n30_c100_s42,5,0.38361211184596467
2453563,bertopic,n30_c100_s42,10,1.0
2453999,bertopic,n30_c100_s42,-1,0.0
2454383,bertopic,n30_c100_s42,5,0.3880791196129506
2454783,bertopic,n30_c100_s42,-1,0.0
2454893,bertopic,n30_c100_s42,14,1.0
2455095,bertopic,n30_c100_s42,4,0.8519298336422051
2455805,bertopic,n30_c100_s42,0,1.0
2456162,bertopic,n30_c100_s42,18,1.0
2456211,bertopic,n30_c100_s42,0,1.0
2456407,bertopic,n30_c100_s42,6,1.0
2456475,bertopic,n30_c100_s42,6,1.0
2456572,bertopic,n30_c100_s42,1,0.5152254463008867
2456667,bertopic,n30_c100_s42,-1,0.0
2456678,bertopic,n30_c100_s42,2,0.4701303738500147
2456891,bertopic,n30_c100_s42,6,0.4500260197713835
2456907,bertopic,n30_c100_s42,-1,0.0
2456917,bertopic,n30_c100_s42,-1,0.0
2457481,bertopic,n30_c100_s42,19,1.0
2457499,bertopic,n30_c100_s42,13,1.0
2457671,bertopic,n30_c100_s42,4,0.9387752817512294
2458041,bertopic,n30_c100_s42,-1,0.0
2458813,bertopic,n30_c100_s42,5,0.3880791196129506
2458874,bertopic,n30_c100_s42,15,0.4415741027786686
2458940,bertopic,n30_c100_s42,4,0.5732067137923713
2460062,bertopic,n30_c100_s42,13,1.0
2461404,bertopic,n30_c100_s42,11,1.0
2461532,bertopic,n30_c100_s42,11,0.4876382647387404
2461657,bertopic,n30_c100_s42,6,1.0
2461933,bertopic,n30_c100_s42,23,1.0
2462082,bertopic,n30_c100_s42,23,1.0
2462241,bertopic,n30_c100_s42,23,1.0
2462311,bertopic,n30_c100_s42,23,1.0
2462399,bertopic,n30_c100_s42,9,0.9976435544063357
2462443,bertopic,n30_c100_s42,23,1.0
2462816,bertopic,n30_c100_s42,23,1.0
2463759,bertopic,n30_c100_s42,-1,0.0
2465364,bertopic,n30_c100_s42,6,1.0
2469797,bertopic,n30_c100_s42,6,1.0
2469839,bertopic,n30_c100_s42,4,0.9387752817512294
2470452,bertopic,n30_c100_s42,-1,0.0
2470763,bertopic,n30_c100_s42,-1,0.0
2471051,bertopic,n30_c100_s42,1,1.0
2471126,bertopic,n30_c100_s42,11,0.4876382647387404
2471197,bertopic,n30_c100_s42,11,1.0
2471245,bertopic,n30_c100_s42,6,1.0
2471320,bertopic,n30_c100_s42,6,1.0
2471611,bertopic,n30_c100_s42,11,0.4876382647387404
2471675,bertopic,n30_c100_s42,0,0.9962031414390004
2472050,bertopic,n30_c100_s42,4,0.5568257267459777
2472160,bertopic,n30_c100_s42,11,0.9543155962978859
2472262,bertopic,n30_c100_s42,13,0.4658853009717789
2472373,bertopic,n30_c100_s42,0,1.0
2473223,bertopic,n30_c100_s42,4,0.5732067137923713
2476182,bertopic,n30_c100_s42,6,1.0
2476457,bertopic,n30_c100_s42,-1,0.0
2476681,bertopic,n30_c100_s42,21,1.0
2477933,bertopic,n30_c100_s42,6,1.0
2477984,bertopic,n30_c100_s42,2,0.4122586616891035
2478332,bertopic,n30_c100_s42,6,1.0
2478365,bertopic,n30_c100_s42,6,1.0
2481534,bertopic,n30_c100_s42,7,1.0
2482132,bertopic,n30_c100_s42,8,0.9220254954631698
2482143,bertopic,n30_c100_s42,2,0.9328746757884773
2483268,bertopic,n30_c100_s42,-1,0.0
2487361,bertopic,n30_c100_s42,-1,0.0
2487593,bertopic,n30_c100_s42,22,1.0
2487639,bertopic,n30_c100_s42,0,1.0
2488153,bertopic,n30_c100_s42,-1,0.0
2488235,bertopic,n30_c100_s42,4,0.46674406696733556
2489311,bertopic,n30_c100_s42,7,0.969589876961123
2490050,bertopic,n30_c100_s42,-1,0.0
2490256,bertopic,n30_c100_s42,23,1.0
2490374,bertopic,n30_c100_s42,9,0.9976435544063357
2490394,bertopic,n30_c100_s42,9,0.9976435544063357
2490615,bertopic,n30_c100_s42,23,1.0
2490964,bertopic,n30_c100_s42,1,1.0
2491368,bertopic,n30_c100_s42,8,0.9223201234285737
2491624,bertopic,n30_c100_s42,8,0.9220254954631698
2492654,bertopic,n30_c100_s42,13,1.0
2492682,bertopic,n30_c100_s42,4,0.5894843383416573
2492984,bertopic,n30_c100_s42,11,0.4876382647387404
2495670,bertopic,n30_c100_s42,11,1.0
2495753,bertopic,n30_c100_s42,17,0.6239287224244721
2496437,bertopic,n30_c100_s42,-1,0.0
2496686,bertopic,n30_c100_s42,-1,0.0
2497267,bertopic,n30_c100_s42,1,1.0
2497282,bertopic,n30_c100_s42,7,1.0
2497327,bertopic,n30_c100_s42,-1,0.0
2497334,bertopic,n30_c100_s42,19,1.0
2497852,bertopic,n30_c100_s42,19,1.0
2497908,bertopic,n30_c100_s42,3,1.0
2497961,bertopic,n30_c100_s42,-1,0.0
2497986,bertopic,n30_c100_s42,1,1.0
2497993,bertopic,n30_c100_s42,16,1.0
2498009,bertopic,n30_c100_s42,13,0.7830093138034869
2498079,bertopic,n30_c100_s42,3,0.7393373056078498
2498188,bertopic,n30_c100_s42,3,0.7393373056078498
2498734,bertopic,n30_c100_s42,11,0.4876382647387404
2498922,bertopic,n30_c100_s42,-1,0.0
2499091,bertopic,n30_c100_s42,-1,0.0
2499942,bertopic,n30_c100_s42,-1,0.0
2500285,bertopic,n30_c100_s42,0,1.0
2500497,bertopic,n30_c100_s42,5,1.0
2500530,bertopic,n30_c100_s42,22,1.0
2500706,bertopic,n30_c100_s42,4,0.46547492020370923
2500726,bertopic,n30_c100_s42,4,0.9720625380219885
2502273,bertopic,n30_c100_s42,1,0.6785298377135384
2502519,bertopic,n30_c100_s42,3,0.7393373056078498
2503070,bertopic,n30_c100_s42,-1,0.0
2503265,bertopic,n30_c100_s42,-1,0.0
2503505,bertopic,n30_c100_s42,4,0.781491595189743
2504193,bertopic,n30_c100_s42,4,0.9344885364619973
2505790,bertopic,n30_c100_s42,17,1.0
2506070,bertopic,n30_c100_s42,5,1.0
2506145,bertopic,n30_c100_s42,-1,0.0
2506307,bertopic,n30_c100_s42,5,1.0
2507251,bertopic,n30_c100_s42,3,0.8532447602744132
2507567,bertopic,n30_c100_s42,3,0.7378688278755611
2509901,bertopic,n30_c100_s42,10,1.0
2510621,bertopic,n30_c100_s42,10,1.0
2510995,bertopic,n30_c100_s42,20,1.0
2511010,bertopic,n30_c100_s42,17,1.0
2511029,bertopic,n30_c100_s42,1,0.6785298377135384
2511062,bertopic,n30_c100_s42,3,0.7608690353518964
2511287,bertopic,n30_c100_s42,3,0.8425894616242536
2511445,bertopic,n30_c100_s42,20,1.0
2511759,bertopic,n30_c100_s42,3,0.7581369305726021
2511812,bertopic,n30_c100_s42,5,1.0
2511822,bertopic,n30_c100_s42,-1,0.0
2511853,bertopic,n30_c100_s42,17,0.7810904631315575
2511970,bertopic,n30_c100_s42,3,0.7393373056078498
2513420,bertopic,n30_c100_s42,4,0.5709093680444737
2514037,bertopic,n30_c100_s42,3,0.8914416506084815
2514945,bertopic,n30_c100_s42,4,0.5732067137923713
2515340,bertopic,n30_c100_s42,-1,0.0
2515632,bertopic,n30_c100_s42,-1,0.0
2516641,bertopic,n30_c100_s42,0,1.0
2518257,bertopic,n30_c100_s42,4,0.5732067137923713
2519411,bertopic,n30_c100_s42,0,0.6579111114222833
2520643,bertopic,n30_c100_s42,-1,0.0
2520666,bertopic,n30_c100_s42,20,1.0
2521483,bertopic,n30_c100_s42,16,1.0
2523209,bertopic,n30_c100_s42,-1,0.0
2523892,bertopic,n30_c100_s42,9,1.0
2524988,bertopic,n30_c100_s42,-1,0.0
2524994,bertopic,n30_c100_s42,4,0.5732067137923713
2524995,bertopic,n30_c100_s42,-1,0.0
2525759,bertopic,n30_c100_s42,17,0.9755928345180959
2525933,bertopic,n30_c100_s42,11,0.9284899924865793
2525935,bertopic,n30_c100_s42,4,0.489582540672699
2526045,bertopic,n30_c100_s42,-1,0.0
2526358,bertopic,n30_c100_s42,3,0.8914416506084815
2526523,bertopic,n30_c100_s42,-1,0.0
2527057,bertopic,n30_c100_s42,-1,0.0
2528000,bertopic,n30_c100_s42,-1,0.0
2528385,bertopic,n30_c100_s42,22,1.0
2532561,bertopic,n30_c100_s42,8,0.9220254954631698
2532644,bertopic,n30_c100_s42,-1,0.0
2532656,bertopic,n30_c100_s42,0,1.0
2532713,bertopic,n30_c100_s42,4,0.544106556868551
2534432,bertopic,n30_c100_s42,23,1.0
2534829,bertopic,n30_c100_s42,5,0.38361211184596467
2536085,bertopic,n30_c100_s42,7,0.9232253332465329
2536112,bertopic,n30_c100_s42,-1,0.0
2536497,bertopic,n30_c100_s42,10,1.0
2538025,bertopic,n30_c100_s42,5,0.40871995422744906
2540031,bertopic,n30_c100_s42,4,0.5709093680444737
2540061,bertopic,n30_c100_s42,5,0.40871995422744906
2541974,bertopic,n30_c100_s42,4,0.5732067137923713
2546975,bertopic,n30_c100_s42,1,1.0
2547045,bertopic,n30_c100_s42,20,1.0
2547054,bertopic,n30_c100_s42,1,1.0
2547079,bertopic,n30_c100_s42,3,0.7393373056078498
2547081,bertopic,n30_c100_s42,18,0.649537625523292
2547132,bertopic,n30_c100_s42,5,1.0
2547160,bertopic,n30_c100_s42,4,0.5992549490545626
2547346,bertopic,n30_c100_s42,-1,0.0
2547383,bertopic,n30_c100_s42,4,0.9387752817512294
2548547,bertopic,n30_c100_s42,4,0.9197083862802194
2549327,bertopic,n30_c100_s42,12,1.0
2549502,bertopic,n30_c100_s42,3,0.8532447602744132
2550955,bertopic,n30_c100_s42,-1,0.0
2555405,bertopic,n30_c100_s42,17,1.0
2556252,bertopic,n30_c100_s42,4,0.5705132641407769
2557196,bertopic,n30_c100_s42,4,0.5709093680444737
2557271,bertopic,n30_c100_s42,-1,0.0
2557319,bertopic,n30_c100_s42,4,0.5709093680444737
2557345,bertopic,n30_c100_s42,18,0.5851262065618319
2557367,bertopic,n30_c100_s42,17,1.0
2557605,bertopic,n30_c100_s42,-1,0.0
2558138,bertopic,n30_c100_s42,0,1.0
2559335,bertopic,n30_c100_s42,18,0.5961950289573604
2559394,bertopic,n30_c100_s42,-1,0.0
2559427,bertopic,n30_c100_s42,18,1.0
2559445,bertopic,n30_c100_s42,-1,0.0
2560526,bertopic,n30_c100_s42,9,1.0
2560688,bertopic,n30_c100_s42,23,1.0
2560843,bertopic,n30_c100_s42,-1,0.0
2561244,bertopic,n30_c100_s42,9,1.0
2561717,bertopic,n30_c100_s42,-1,0.0
2562374,bertopic,n30_c100_s42,-1,0.0
2562415,bertopic,n30_c100_s42,21,1.0
2562482,bertopic,n30_c100_s42,4,0.5732067137923713
2562975,bertopic,n30_c100_s42,23,1.0
2563153,bertopic,n30_c100_s42,23,1.0
2563258,bertopic,n30_c100_s42,-1,0.0
2563393,bertopic,n30_c100_s42,21,1.0
2564722,bertopic,n30_c100_s42,21,1.0
2566397,bertopic,n30_c100_s42,2,0.6801317174643517
2566487,bertopic,n30_c100_s42,9,1.0
2566617,bertopic,n30_c100_s42,17,1.0
2568034,bertopic,n30_c100_s42,9,1.0
2568753,bertopic,n30_c100_s42,9,1.0
2568792,bertopic,n30_c100_s42,17,1.0
2569841,bertopic,n30_c100_s42,11,0.4876382647387404
2569845,bertopic,n30_c100_s42,18,1.0
2569888,bertopic,n30_c100_s42,19,1.0
2569929,bertopic,n30_c100_s42,19,1.0
2570383,bertopic,n30_c100_s42,21,1.0
2571180,bertopic,n30_c100_s42,21,1.0
2571596,bertopic,n30_c100_s42,-1,0.0
2571959,bertopic,n30_c100_s42,-1,0.0
2572038,bertopic,n30_c100_s42,21,1.0
2577011,bertopic,n30_c100_s42,-1,0.0
2577975,bertopic,n30_c100_s42,21,1.0
2580156,bertopic,n30_c100_s42,14,1.0
2584460,bertopic,n30_c100_s42,4,1.0
2585256,bertopic,n30_c100_s42,19,1.0
2585345,bertopic,n30_c100_s42,-1,0.0
2585370,bertopic,n30_c100_s42,-1,0.0
2585638,bertopic,n30_c100_s42,5,1.0
2589596,bertopic,n30_c100_s42,-1,0.0
2589611,bertopic,n30_c100_s42,5,1.0
2589710,bertopic,n30_c100_s42,5,1.0
2589808,bertopic,n30_c100_s42,13,0.4658853009717789
2589857,bertopic,n30_c100_s42,5,1.0
2590419,bertopic,n30_c100_s42,23,1.0
2591450,bertopic,n30_c100_s42,-1,0.0
2591462,bertopic,n30_c100_s42,5,0.3880791196129506
2591536,bertopic,n30_c100_s42,18,1.0
2593165,bertopic,n30_c100_s42,6,0.7358641041032116
2594634,bertopic,n30_c100_s42,5,1.0
2597251,bertopic,n30_c100_s42,-1,0.0
2597262,bertopic,n30_c100_s42,19,1.0
2597271,bertopic,n30_c100_s42,5,1.0
2597367,bertopic,n30_c100_s42,-1,0.0
2597439,bertopic,n30_c100_s42,0,1.0
2598365,bertopic,n30_c100_s42,5,1.0
2598406,bertopic,n30_c100_s42,5,1.0
2600113,bertopic,n30_c100_s42,6,0.7358641041032116
2600586,bertopic,n30_c100_s42,5,1.0
2601172,bertopic,n30_c100_s42,13,0.4658853009717789
2601422,bertopic,n30_c100_s42,0,1.0
2603625,bertopic,n30_c100_s42,0,0.36824908532147643
2603806,bertopic,n30_c100_s42,1,0.5152254463008867
2604483,bertopic,n30_c100_s42,4,0.6646040010831535
2604962,bertopic,n30_c100_s42,-1,0.0
2607422,bertopic,n30_c100_s42,-1,0.0
2608083,bertopic,n30_c100_s42,-1,0.0
2608302,bertopic,n30_c100_s42,5,1.0
2608658,bertopic,n30_c100_s42,6,0.7358641041032116
2610131,bertopic,n30_c100_s42,1,0.5006629510645023
2610158,bertopic,n30_c100_s42,1,0.5445978242056623
2611816,bertopic,n30_c100_s42,19,1.0
2612658,bertopic,n30_c100_s42,7,0.9267477243763882
2613031,bertopic,n30_c100_s42,3,0.771028268697972
2613241,bertopic,n30_c100_s42,5,0.570899818357951
2613242,bertopic,n30_c100_s42,5,1.0
2615935,bertopic,n30_c100_s42,4,0.5709093680444737
2616124,bertopic,n30_c100_s42,17,1.0
2616141,bertopic,n30_c100_s42,18,1.0
2616428,bertopic,n30_c100_s42,-1,0.0
2616491,bertopic,n30_c100_s42,5,1.0
2616561,bertopic,n30_c100_s42,1,0.9807216928845042
2616582,bertopic,n30_c100_s42,6,0.6458166016868409
2616608,bertopic,n30_c100_s42,-1,0.0
2616643,bertopic,n30_c100_s42,5,0.570899818357951
2616745,bertopic,n30_c100_s42,13,0.4658853009717789
2617387,bertopic,n30_c100_s42,0,1.0
2617662,bertopic,n30_c100_s42,0,1.0
2618113,bertopic,n30_c100_s42,13,0.4658853009717789
2619892,bertopic,n30_c100_s42,13,0.4658853009717789
2623860,bertopic,n30_c100_s42,-1,0.0
2623864,bertopic,n30_c100_s42,19,1.0
2624058,bertopic,n30_c100_s42,0,1.0
2624922,bertopic,n30_c100_s42,5,1.0
2624940,bertopic,n30_c100_s42,5,1.0
2624999,bertopic,n30_c100_s42,17,1.0
2625001,bertopic,n30_c100_s42,1,0.9807216928845042
2625024,bertopic,n30_c100_s42,6,0.6403891426209767
2625083,bertopic,n30_c100_s42,5,0.570899818357951
2625148,bertopic,n30_c100_s42,1,0.46769902007885206
2625184,bertopic,n30_c100_s42,-1,0.0
2625996,bertopic,n30_c100_s42,0,0.36824908532147643
2626013,bertopic,n30_c100_s42,22,1.0
2626562,bertopic,n30_c100_s42,13,0.4658853009717789
2628178,bertopic,n30_c100_s42,0,1.0
2628491,bertopic,n30_c100_s42,1,0.7460843418981189
2630605,bertopic,n30_c100_s42,3,0.7393373056078498
2630699,bertopic,n30_c100_s42,10,1.0
2631118,bertopic,n30_c100_s42,6,0.8880080101854336
2631313,bertopic,n30_c100_s42,0,1.0
2632728,bertopic,n30_c100_s42,8,0.9223201234285737
2633781,bertopic,n30_c100_s42,9,0.9976435544063357
2634148,bertopic,n30_c100_s42,5,0.570899818357951
2634462,bertopic,n30_c100_s42,3,0.7393373056078498
2634583,bertopic,n30_c100_s42,0,1.0
2634599,bertopic,n30_c100_s42,3,0.9220126198886265
2634890,bertopic,n30_c100_s42,3,0.7393373056078498
2635271,bertopic,n30_c100_s42,-1,0.0
2635319,bertopic,n30_c100_s42,-1,0.0
2638979,bertopic,n30_c100_s42,3,0.7393373056078498
2638981,bertopic,n30_c100_s42,19,1.0
2638998,bertopic,n30_c100_s42,8,0.9223201234285737
2640069,bertopic,n30_c100_s42,6,0.6063724262820523
2640096,bertopic,n30_c100_s42,3,0.7393373056078498
2640233,bertopic,n30_c100_s42,-1,0.0
2640243,bertopic,n30_c100_s42,4,0.5732067137923713
2641130,bertopic,n30_c100_s42,5,0.570899818357951
2641148,bertopic,n30_c100_s42,5,1.0
2643143,bertopic,n30_c100_s42,8,1.0
2643491,bertopic,n30_c100_s42,0,0.340344273052557
2644906,bertopic,n30_c100_s42,23,1.0
2644951,bertopic,n30_c100_s42,7,1.0
2645149,bertopic,n30_c100_s42,9,0.9976435544063357
2645355,bertopic,n30_c100_s42,3,0.7393373056078498
2645374,bertopic,n30_c100_s42,23,1.0
2645390,bertopic,n30_c100_s42,23,1.0
2645862,bertopic,n30_c100_s42,1,0.6574778869395547
2646547,bertopic,n30_c100_s42,10,1.0
2647339,bertopic,n30_c100_s42,4,0.680139402769811
2648435,bertopic,n30_c100_s42,9,0.9976435544063357
2650143,bertopic,n30_c100_s42,10,0.5799294327085871
2650427,bertopic,n30_c100_s42,-1,0.0
2653529,bertopic,n30_c100_s42,9,0.9976435544063357
2655116,bertopic,n30_c100_s42,19,1.0
2655146,bertopic,n30_c100_s42,0,1.0
2655757,bertopic,n30_c100_s42,-1,0.0
2656186,bertopic,n30_c100_s42,9,0.9976435544063357
2658677,bertopic,n30_c100_s42,0,1.0
2662017,bertopic,n30_c100_s42,0,0.7794849095078461
2662954,bertopic,n30_c100_s42,-1,0.0
2663084,bertopic,n30_c100_s42,-1,0.0
2669279,bertopic,n30_c100_s42,19,1.0
2669355,bertopic,n30_c100_s42,19,1.0
2669468,bertopic,n30_c100_s42,5,0.6573097802815944
2669701,bertopic,n30_c100_s42,0,1.0
2670031,bertopic,n30_c100_s42,-1,0.0
2671995,bertopic,n30_c100_s42,0,1.0
2672350,bertopic,n30_c100_s42,-1,0.0
2674392,bertopic,n30_c100_s42,11,0.4876382647387404
2675013,bertopic,n30_c100_s42,0,1.0
2675183,bertopic,n30_c100_s42,5,0.6952504485077217
2675771,bertopic,n30_c100_s42,7,0.9361598897001451
2676416,bertopic,n30_c100_s42,0,0.9857892108507688
2676612,bertopic,n30_c100_s42,0,1.0
2677132,bertopic,n30_c100_s42,3,0.7393373056078498
2680179,bertopic,n30_c100_s42,11,0.9284899924865793
2680561,bertopic,n30_c100_s42,0,1.0
2683268,bertopic,n30_c100_s42,-1,0.0
2687760,bertopic,n30_c100_s42,-1,0.0
2687766,bertopic,n30_c100_s42,4,0.9387752817512294
2687926,bertopic,n30_c100_s42,0,1.0
2689613,bertopic,n30_c100_s42,1,0.7930060170371274
2689671,bertopic,n30_c100_s42,0,1.0
2689695,bertopic,n30_c100_s42,3,0.7393373056078498
2689768,bertopic,n30_c100_s42,11,0.37425501345729045
2689814,bertopic,n30_c100_s42,9,0.9976435544063357
2689857,bertopic,n30_c100_s42,-1,0.0
2689916,bertopic,n30_c100_s42,0,1.0
2689917,bertopic,n30_c100_s42,1,0.6442779605643487
2690024,bertopic,n30_c100_s42,-1,0.0
2690194,bertopic,n30_c100_s42,-1,0.0
2690231,bertopic,n30_c100_s42,-1,0.0
2690249,bertopic,n30_c100_s42,0,1.0
2690261,bertopic,n30_c100_s42,-1,0.0
2690277,bertopic,n30_c100_s42,-1,0.0
2690325,bertopic,n30_c100_s42,-1,0.0
2690334,bertopic,n30_c100_s42,4,0.4521118989210565
2693080,bertopic,n30_c100_s42,-1,0.0
2693275,bertopic,n30_c100_s42,-1,0.0
2694617,bertopic,n30_c100_s42,-1,0.0
2695528,bertopic,n30_c100_s42,0,1.0
2698761,bertopic,n30_c100_s42,0,1.0
2698785,bertopic,n30_c100_s42,-1,0.0
2698807,bertopic,n30_c100_s42,-1,0.0
2698815,bertopic,n30_c100_s42,-1,0.0
2698842,bertopic,n30_c100_s42,19,1.0
2698984,bertopic,n30_c100_s42,1,0.5994823108157888
2699021,bertopic,n30_c100_s42,-1,0.0
2699836,bertopic,n30_c100_s42,-1,0.0
2699874,bertopic,n30_c100_s42,14,1.0
2699915,bertopic,n30_c100_s42,19,1.0
2699934,bertopic,n30_c100_s42,1,0.5994823108157888
2699981,bertopic,n30_c100_s42,10,1.0
2700077,bertopic,n30_c100_s42,-1,0.0
2700084,bertopic,n30_c100_s42,-1,0.0
2700223,bertopic,n30_c100_s42,-1,0.0
2700232,bertopic,n30_c100_s42,0,1.0
2700272,bertopic,n30_c100_s42,0,1.0
2700279,bertopic,n30_c100_s42,-1,0.0
2700547,bertopic,n30_c100_s42,-1,0.0
2700619,bertopic,n30_c100_s42,0,1.0
2700941,bertopic,n30_c100_s42,-1,0.0
2701030,bertopic,n30_c100_s42,-1,0.0
2702464,bertopic,n30_c100_s42,11,0.6903904802407572
2702608,bertopic,n30_c100_s42,1,0.5994823108157888
2702666,bertopic,n30_c100_s42,1,0.5994823108157888
2702728,bertopic,n30_c100_s42,1,0.5994823108157888
2702831,bertopic,n30_c100_s42,1,0.5994823108157888
2703100,bertopic,n30_c100_s42,21,1.0
2703167,bertopic,n30_c100_s42,1,0.5994823108157888
2705197,bertopic,n30_c100_s42,2,0.4472734949573142
2705340,bertopic,n30_c100_s42,0,0.36824908532147643
2705854,bertopic,n30_c100_s42,5,0.570899818357951
2706102,bertopic,n30_c100_s42,13,1.0
2707779,bertopic,n30_c100_s42,22,1.0
2708802,bertopic,n30_c100_s42,2,0.4472734949573142
2709830,bertopic,n30_c100_s42,2,0.4472734949573142
2710287,bertopic,n30_c100_s42,1,0.5994823108157888
2710980,bertopic,n30_c100_s42,-1,0.0
2713702,bertopic,n30_c100_s42,1,0.6785298377135384
2713751,bertopic,n30_c100_s42,19,1.0
2713786,bertopic,n30_c100_s42,11,0.810251809840155
2714741,bertopic,n30_c100_s42,8,0.9223201234285737
2714751,bertopic,n30_c100_s42,2,0.4472734949573142
2714851,bertopic,n30_c100_s42,1,0.6785298377135384
2715113,bertopic,n30_c100_s42,-1,0.0
2715544,bertopic,n30_c100_s42,1,0.6785298377135384
2715594,bertopic,n30_c100_s42,5,0.570899818357951
2715697,bertopic,n30_c100_s42,2,0.4472734949573142
2715870,bertopic,n30_c100_s42,2,0.4472734949573142
2716305,bertopic,n30_c100_s42,22,1.0
2716339,bertopic,n30_c100_s42,2,0.4472734949573142
2717304,bertopic,n30_c100_s42,8,0.9220254954631698
2717851,bertopic,n30_c100_s42,-1,0.0
2717955,bertopic,n30_c100_s42,-1,0.0
2719984,bertopic,n30_c100_s42,4,0.5732067137923713
2722280,bertopic,n30_c100_s42,10,1.0
2723598,bertopic,n30_c100_s42,2,0.4472734949573142
2723664,bertopic,n30_c100_s42,-1,0.0
2724071,bertopic,n30_c100_s42,1,0.5994823108157888
2724468,bertopic,n30_c100_s42,4,1.0
2732227,bertopic,n30_c100_s42,-1,0.0
2735098,bertopic,n30_c100_s42,-1,0.0
2735919,bertopic,n30_c100_s42,6,1.0
2735971,bertopic,n30_c100_s42,19,1.0
2736091,bertopic,n30_c100_s42,19,1.0
2736175,bertopic,n30_c100_s42,1,0.9114024089017032
2737855,bertopic,n30_c100_s42,-1,0.0
2741418,bertopic,n30_c100_s42,-1,0.0
2742487,bertopic,n30_c100_s42,2,0.4472734949573142
2742517,bertopic,n30_c100_s42,5,0.5868161030443317
2744196,bertopic,n30_c100_s42,-1,0.0
2747430,bertopic,n30_c100_s42,2,0.4472734949573142
2747800,bertopic,n30_c100_s42,9,1.0
2748634,bertopic,n30_c100_s42,6,0.5742891324251619
2749995,bertopic,n30_c100_s42,8,0.9223201234285737
2755458,bertopic,n30_c100_s42,2,0.4472734949573142
2756434,bertopic,n30_c100_s42,2,0.4472734949573142
2756499,bertopic,n30_c100_s42,1,1.0
2757091,bertopic,n30_c100_s42,6,0.826092148912951
2757384,bertopic,n30_c100_s42,1,0.8272599098817124
2772606,bertopic,n30_c100_s42,9,1.0
2773959,bertopic,n30_c100_s42,1,0.5994823108157888
2774572,bertopic,n30_c100_s42,5,0.570899818357951
2774746,bertopic,n30_c100_s42,2,0.4472734949573142
2775638,bertopic,n30_c100_s42,0,0.8624901168090019
2781172,bertopic,n30_c100_s42,-1,0.0
2781301,bertopic,n30_c100_s42,13,0.4658853009717789
2785307,bertopic,n30_c100_s42,2,0.4472734949573142
2788190,bertopic,n30_c100_s42,1,0.5994823108157888
2788229,bertopic,n30_c100_s42,1,0.9807216928845042
2788276,bertopic,n30_c100_s42,1,0.6785298377135384
2788348,bertopic,n30_c100_s42,-1,0.0
2788352,bertopic,n30_c100_s42,2,0.4472734949573142
2788503,bertopic,n30_c100_s42,6,0.7904510230926888
2788627,bertopic,n30_c100_s42,1,0.7432483056638652
2788752,bertopic,n30_c100_s42,1,0.7829084875775828
2788805,bertopic,n30_c100_s42,1,0.7561815396425529
2788848,bertopic,n30_c100_s42,2,0.4472734949573142
