article_id,model,run_id,topic_id,membership_strength
300,bertopic,n15_c25_s7,6,1.0
551,bertopic,n15_c25_s7,-1,0.0
574,bertopic,n15_c25_s7,18,1.0
593,bertopic,n15_c25_s7,6,0.8958202944760575
1739,bertopic,n15_c25_s7,21,1.0
1755,bertopic,n15_c25_s7,-1,0.0
2835,bertopic,n15_c25_s7,16,0.3809252544569443
3594,bertopic,n15_c25_s7,2,1.0
3635,bertopic,n15_c25_s7,0,1.0
3656,bertopic,n15_c25_s7,-1,0.0
3708,bertopic,n15_c25_s7,15,0.910215034995398
3798,bertopic,n15_c25_s7,42,1.0
4089,bertopic,n15_c25_s7,55,1.0
4710,bertopic,n15_c25_s7,4,1.0
4830,bertopic,n15_c25_s7,65,1.0
5276,bertopic,n15_c25_s7,2,0.652159444217173
5586,bertopic,n15_c25_s7,57,1.0
5683,bertopic,n15_c25_s7,-1,0.0
5693,bertopic,n15_c25_s7,8,0.8735711607020463
6435,bertopic,n15_c25_s7,4,0.9983342109426515
6544,bertopic,n15_c25_s7,12,0.433584913067213
7082,bertopic,n15_c25_s7,37,0.8155725283481323
7244,bertopic,n15_c25_s7,1,1.0
7574,bertopic,n15_c25_s7,42,1.0
7681,bertopic,n15_c25_s7,6,1.0
7854,bertopic,n15_c25_s7,7,0.39880642750249845
7868,bertopic,n15_c25_s7,14,0.5156757088044933
7879,bertopic,n15_c25_s7,-1,0.0
7921,bertopic,n15_c25_s7,73,1.0
7959,bertopic,n15_c25_s7,37,1.0
8530,bertopic,n15_c25_s7,-1,0.0
8844,bertopic,n15_c25_s7,4,0.6457172216830289
9037,bertopic,n15_c25_s7,2,1.0
9349,bertopic,n15_c25_s7,3,0.9827693575220171
10235,bertopic,n15_c25_s7,57,1.0
10296,bertopic,n15_c25_s7,-1,0.0
10939,bertopic,n15_c25_s7,73,1.0
11348,bertopic,n15_c25_s7,2,0.7145311770872137
12099,bertopic,n15_c25_s7,36,0.6457470872852619
12364,bertopic,n15_c25_s7,61,1.0
12399,bertopic,n15_c25_s7,2,0.7145311770872137
12685,bertopic,n15_c25_s7,3,0.8407258172975438
12801,bertopic,n15_c25_s7,-1,0.0
12810,bertopic,n15_c25_s7,64,1.0
12858,bertopic,n15_c25_s7,1,1.0
13084,bertopic,n15_c25_s7,36,1.0
13205,bertopic,n15_c25_s7,24,0.5551767404588357
13274,bertopic,n15_c25_s7,4,0.5575523871319811
13403,bertopic,n15_c25_s7,-1,0.0
13594,bertopic,n15_c25_s7,-1,0.0
13768,bertopic,n15_c25_s7,-1,0.0
13851,bertopic,n15_c25_s7,-1,0.0
14117,bertopic,n15_c25_s7,12,0.39044467039049474
14506,bertopic,n15_c25_s7,2,1.0
14528,bertopic,n15_c25_s7,-1,0.0
14529,bertopic,n15_c25_s7,2,1.0
14599,bertopic,n15_c25_s7,0,1.0
14858,bertopic,n15_c25_s7,0,1.0
15016,bertopic,n15_c25_s7,27,0.308539175735255
15506,bertopic,n15_c25_s7,2,1.0
15759,bertopic,n15_c25_s7,28,0.5317653648612485
15792,bertopic,n15_c25_s7,6,1.0
15993,bertopic,n15_c25_s7,-1,0.0
16083,bertopic,n15_c25_s7,40,1.0
16274,bertopic,n15_c25_s7,70,1.0
16458,bertopic,n15_c25_s7,4,1.0
16762,bertopic,n15_c25_s7,37,0.9971808107182241
16814,bertopic,n15_c25_s7,-1,0.0
17264,bertopic,n15_c25_s7,5,0.28007018583899534
17329,bertopic,n15_c25_s7,8,0.46720090158417193
17922,bertopic,n15_c25_s7,32,0.972131682946373
18543,bertopic,n15_c25_s7,20,0.8716200270110253
19690,bertopic,n15_c25_s7,-1,0.0
20012,bertopic,n15_c25_s7,37,0.9106436023406287
20127,bertopic,n15_c25_s7,37,1.0
20668,bertopic,n15_c25_s7,16,0.5445646753048287
20712,bertopic,n15_c25_s7,39,1.0
20941,bertopic,n15_c25_s7,0,1.0
21460,bertopic,n15_c25_s7,-1,0.0
21530,bertopic,n15_c25_s7,21,0.3758266342991944
21659,bertopic,n15_c25_s7,0,1.0
21782,bertopic,n15_c25_s7,2,1.0
21917,bertopic,n15_c25_s7,67,1.0
22065,bertopic,n15_c25_s7,-1,0.0
22132,bertopic,n15_c25_s7,-1,0.0
22159,bertopic,n15_c25_s7,2,1.0
22390,bertopic,n15_c25_s7,36,1.0
22705,bertopic,n15_c25_s7,6,1.0
23217,bertopic,n15_c25_s7,2,1.0
23962,bertopic,n15_c25_s7,45,0.9943053881550481
24198,bertopic,n15_c25_s7,4,0.5962908124138732
24286,bertopic,n15_c25_s7,1,1.0
24876,bertopic,n15_c25_s7,-1,0.0
24965,bertopic,n15_c25_s7,7,0.30195863479813245
25431,bertopic,n15_c25_s7,61,1.0
25458,bertopic,n15_c25_s7,12,0.2916929113428921
25974,bertopic,n15_c25_s7,19,0.3980563539405187
26212,bertopic,n15_c25_s7,33,0.8382866223583472
26434,bertopic,n15_c25_s7,45,1.0
27038,bertopic,n15_c25_s7,9,1.0
27122,bertopic,n15_c25_s7,-1,0.0
27189,bertopic,n15_c25_s7,19,0.3980563539405187
27469,bertopic,n15_c25_s7,16,0.26102716079092564
27920,bertopic,n15_c25_s7,34,0.38233953517041575
28510,bertopic,n15_c25_s7,3,1.0
28661,bertopic,n15_c25_s7,-1,0.0
28781,bertopic,n15_c25_s7,-1,0.0
28784,bertopic,n15_c25_s7,32,1.0
28936,bertopic,n15_c25_s7,37,1.0
29129,bertopic,n15_c25_s7,12,0.3819419166470667
30097,bertopic,n15_c25_s7,5,0.24279107036927036
30107,bertopic,n15_c25_s7,2,1.0
30257,bertopic,n15_c25_s7,2,1.0
30703,bertopic,n15_c25_s7,3,1.0
30778,bertopic,n15_c25_s7,55,0.8176941779922207
30997,bertopic,n15_c25_s7,38,1.0
31478,bertopic,n15_c25_s7,2,0.7840938128008529
31594,bertopic,n15_c25_s7,-1,0.0
31664,bertopic,n15_c25_s7,3,0.8404187344348175
31875,bertopic,n15_c25_s7,-1,0.0
31919,bertopic,n15_c25_s7,3,1.0
32030,bertopic,n15_c25_s7,35,0.8567167033652571
32072,bertopic,n15_c25_s7,0,0.8909752616600886
32140,bertopic,n15_c25_s7,4,1.0
33141,bertopic,n15_c25_s7,73,1.0
33193,bertopic,n15_c25_s7,-1,0.0
33255,bertopic,n15_c25_s7,-1,0.0
33651,bertopic,n15_c25_s7,32,1.0
33732,bertopic,n15_c25_s7,6,1.0
33907,bertopic,n15_c25_s7,58,1.0
34443,bertopic,n15_c25_s7,1,1.0
35047,bertopic,n15_c25_s7,17,0.5573036666280702
35309,bertopic,n15_c25_s7,1,0.3285090576880802
35903,bertopic,n15_c25_s7,47,0.7660887152015893
35925,bertopic,n15_c25_s7,-1,0.0
36149,bertopic,n15_c25_s7,-1,0.0
36372,bertopic,n15_c25_s7,-1,0.0
36523,bertopic,n15_c25_s7,-1,0.0
36957,bertopic,n15_c25_s7,2,1.0
37122,bertopic,n15_c25_s7,1,1.0
37241,bertopic,n15_c25_s7,24,0.21277491995751688
37289,bertopic,n15_c25_s7,39,0.2618196018829085
38068,bertopic,n15_c25_s7,13,0.9201435365740595
38130,bertopic,n15_c25_s7,-1,0.0
38397,bertopic,n15_c25_s7,-1,0.0
38774,bertopic,n15_c25_s7,4,0.7953717258018174
38952,bertopic,n15_c25_s7,12,0.32461345120326596
39053,bertopic,n15_c25_s7,8,0.8814633454776664
39204,bertopic,n15_c25_s7,-1,0.0
39234,bertopic,n15_c25_s7,3,0.9764909160997881
40130,bertopic,n15_c25_s7,38,1.0
40296,bertopic,n15_c25_s7,2,1.0
40454,bertopic,n15_c25_s7,35,0.9468021660558253
40807,bertopic,n15_c25_s7,22,0.12610852640985806
41150,bertopic,n15_c25_s7,21,0.3758266342991944
41235,bertopic,n15_c25_s7,-1,0.0
41649,bertopic,n15_c25_s7,4,1.0
41765,bertopic,n15_c25_s7,37,0.6701216361632513
41883,bertopic,n15_c25_s7,5,1.0
42206,bertopic,n15_c25_s7,73,1.0
42360,bertopic,n15_c25_s7,73,1.0
42454,bertopic,n15_c25_s7,45,1.0
43243,bertopic,n15_c25_s7,36,1.0
43481,bertopic,n15_c25_s7,-1,0.0
43606,bertopic,n15_c25_s7,42,0.41407799453280775
43636,bertopic,n15_c25_s7,-1,0.0
44273,bertopic,n15_c25_s7,3,0.8407258172975438
44421,bertopic,n15_c25_s7,-1,0.0
44459,bertopic,n15_c25_s7,0,1.0
44507,bertopic,n15_c25_s7,65,1.0
44761,bertopic,n15_c25_s7,7,0.9078319395423333
44828,bertopic,n15_c25_s7,35,1.0
44886,bertopic,n15_c25_s7,33,1.0
44926,bertopic,n15_c25_s7,-1,0.0
45170,bertopic,n15_c25_s7,6,0.6862138127232145
45318,bertopic,n15_c25_s7,-1,0.0
45333,bertopic,n15_c25_s7,39,0.34867748811189947
45594,bertopic,n15_c25_s7,6,1.0
45601,bertopic,n15_c25_s7,11,0.9519742982077768
45666,bertopic,n15_c25_s7,6,1.0
45929,bertopic,n15_c25_s7,0,1.0
46773,bertopic,n15_c25_s7,-1,0.0
46798,bertopic,n15_c25_s7,2,1.0
47374,bertopic,n15_c25_s7,23,1.0
47878,bertopic,n15_c25_s7,63,1.0
48013,bertopic,n15_c25_s7,-1,0.0
48054,bertopic,n15_c25_s7,73,1.0
48189,bertopic,n15_c25_s7,37,1.0
48429,bertopic,n15_c25_s7,3,0.9668841314314819
48523,bertopic,n15_c25_s7,0,1.0
48645,bertopic,n15_c25_s7,48,1.0
48719,bertopic,n15_c25_s7,37,0.6857036848661291
48986,bertopic,n15_c25_s7,28,1.0
49147,bertopic,n15_c25_s7,-1,0.0
49182,bertopic,n15_c25_s7,29,1.0
49242,bertopic,n15_c25_s7,29,1.0
49457,bertopic,n15_c25_s7,-1,0.0
49694,bertopic,n15_c25_s7,35,0.8194471801015228
50156,bertopic,n15_c25_s7,19,1.0
50396,bertopic,n15_c25_s7,21,1.0
50448,bertopic,n15_c25_s7,1,1.0
50669,bertopic,n15_c25_s7,64,1.0
51001,bertopic,n15_c25_s7,-1,0.0
51195,bertopic,n15_c25_s7,18,0.959266569772948
51957,bertopic,n15_c25_s7,6,1.0
52032,bertopic,n15_c25_s7,-1,0.0
52281,bertopic,n15_c25_s7,37,1.0
52788,bertopic,n15_c25_s7,6,1.0
52904,bertopic,n15_c25_s7,21,0.9192030482649114
53033,bertopic,n15_c25_s7,60,1.0
53036,bertopic,n15_c25_s7,57,1.0
53127,bertopic,n15_c25_s7,35,0.9468021660558253
53281,bertopic,n15_c25_s7,7,0.5022527363495051
53378,bertopic,n15_c25_s7,17,0.5289149969188596
53444,bertopic,n15_c25_s7,8,0.5070051693574018
53522,bertopic,n15_c25_s7,73,1.0
53977,bertopic,n15_c25_s7,6,1.0
54284,bertopic,n15_c25_s7,0,1.0
54295,bertopic,n15_c25_s7,21,0.8209763356148386
55518,bertopic,n15_c25_s7,-1,0.0
55684,bertopic,n15_c25_s7,-1,0.0
55997,bertopic,n15_c25_s7,25,0.5633682843207667
56047,bertopic,n15_c25_s7,-1,0.0
56383,bertopic,n15_c25_s7,6,1.0
56427,bertopic,n15_c25_s7,-1,0.0
56476,bertopic,n15_c25_s7,2,0.6434016583458694
56477,bertopic,n15_c25_s7,38,1.0
56571,bertopic,n15_c25_s7,2,1.0
56582,bertopic,n15_c25_s7,38,1.0
56617,bertopic,n15_c25_s7,58,0.46905266951019464
56838,bertopic,n15_c25_s7,-1,0.0
57121,bertopic,n15_c25_s7,15,0.804362644692937
57340,bertopic,n15_c25_s7,48,1.0
57357,bertopic,n15_c25_s7,-1,0.0
57436,bertopic,n15_c25_s7,-1,0.0
57487,bertopic,n15_c25_s7,73,1.0
59278,bertopic,n15_c25_s7,0,1.0
59330,bertopic,n15_c25_s7,2,0.9139567107626088
60166,bertopic,n15_c25_s7,-1,0.0
60190,bertopic,n15_c25_s7,24,0.2601608582424477
60525,bertopic,n15_c25_s7,1,1.0
60772,bertopic,n15_c25_s7,46,1.0
60790,bertopic,n15_c25_s7,5,1.0
60943,bertopic,n15_c25_s7,-1,0.0
60989,bertopic,n15_c25_s7,20,1.0
61037,bertopic,n15_c25_s7,2,1.0
61392,bertopic,n15_c25_s7,47,1.0
61399,bertopic,n15_c25_s7,17,1.0
61433,bertopic,n15_c25_s7,67,1.0
61614,bertopic,n15_c25_s7,13,0.4559090715140167
61618,bertopic,n15_c25_s7,14,0.5943994326119499
61634,bertopic,n15_c25_s7,2,1.0
61874,bertopic,n15_c25_s7,37,0.8462603397667592
62010,bertopic,n15_c25_s7,-1,0.0
62225,bertopic,n15_c25_s7,3,1.0
62396,bertopic,n15_c25_s7,1,1.0
62514,bertopic,n15_c25_s7,1,1.0
62536,bertopic,n15_c25_s7,1,0.8320058287566653
62561,bertopic,n15_c25_s7,65,1.0
62909,bertopic,n15_c25_s7,1,1.0
63202,bertopic,n15_c25_s7,1,1.0
63485,bertopic,n15_c25_s7,2,1.0
63812,bertopic,n15_c25_s7,43,0.9596482649189864
64049,bertopic,n15_c25_s7,12,0.3113374137279242
64159,bertopic,n15_c25_s7,1,1.0
64288,bertopic,n15_c25_s7,25,1.0
64460,bertopic,n15_c25_s7,0,1.0
64660,bertopic,n15_c25_s7,45,1.0
65325,bertopic,n15_c25_s7,4,1.0
66799,bertopic,n15_c25_s7,-1,0.0
67010,bertopic,n15_c25_s7,57,1.0
67102,bertopic,n15_c25_s7,57,1.0
67221,bertopic,n15_c25_s7,1,1.0
67486,bertopic,n15_c25_s7,3,1.0
67860,bertopic,n15_c25_s7,58,1.0
68053,bertopic,n15_c25_s7,36,0.5059641398100776
68520,bertopic,n15_c25_s7,2,1.0
68807,bertopic,n15_c25_s7,3,1.0
69068,bertopic,n15_c25_s7,73,1.0
69258,bertopic,n15_c25_s7,13,1.0
70036,bertopic,n15_c25_s7,-1,0.0
70485,bertopic,n15_c25_s7,1,1.0
70557,bertopic,n15_c25_s7,17,0.5573036666280702
70943,bertopic,n15_c25_s7,-1,0.0
71054,bertopic,n15_c25_s7,31,1.0
71331,bertopic,n15_c25_s7,33,0.43280968529820596
71519,bertopic,n15_c25_s7,6,0.8766625268840241
71879,bertopic,n15_c25_s7,-1,0.0
71942,bertopic,n15_c25_s7,-1,0.0
72159,bertopic,n15_c25_s7,-1,0.0
72242,bertopic,n15_c25_s7,73,1.0
72412,bertopic,n15_c25_s7,-1,0.0
72552,bertopic,n15_c25_s7,61,0.9932157980355734
72770,bertopic,n15_c25_s7,23,0.5368989915176926
73421,bertopic,n15_c25_s7,-1,0.0
73478,bertopic,n15_c25_s7,13,0.3980728681667998
73841,bertopic,n15_c25_s7,11,1.0
73919,bertopic,n15_c25_s7,19,0.3980563539405187
74002,bertopic,n15_c25_s7,36,1.0
74128,bertopic,n15_c25_s7,-1,0.0
74554,bertopic,n15_c25_s7,7,0.546987862760934
75484,bertopic,n15_c25_s7,-1,0.0
76050,bertopic,n15_c25_s7,13,1.0
76152,bertopic,n15_c25_s7,24,1.0
76171,bertopic,n15_c25_s7,4,1.0
76296,bertopic,n15_c25_s7,37,1.0
76323,bertopic,n15_c25_s7,58,1.0
76379,bertopic,n15_c25_s7,38,1.0
77023,bertopic,n15_c25_s7,6,1.0
78009,bertopic,n15_c25_s7,1,1.0
78179,bertopic,n15_c25_s7,2,1.0
78211,bertopic,n15_c25_s7,52,1.0
78357,bertopic,n15_c25_s7,67,1.0
78501,bertopic,n15_c25_s7,-1,0.0
78524,bertopic,n15_c25_s7,17,0.5573036666280702
78603,bertopic,n15_c25_s7,2,1.0
79028,bertopic,n15_c25_s7,37,1.0
79129,bertopic,n15_c25_s7,26,0.3749530812753338
79661,bertopic,n15_c25_s7,0,1.0
80282,bertopic,n15_c25_s7,2,1.0
80316,bertopic,n15_c25_s7,2,0.8784723585489006
80570,bertopic,n15_c25_s7,17,1.0
80631,bertopic,n15_c25_s7,2,1.0
80746,bertopic,n15_c25_s7,3,1.0
81605,bertopic,n15_c25_s7,-1,0.0
81713,bertopic,n15_c25_s7,-1,0.0
81755,bertopic,n15_c25_s7,40,1.0
81778,bertopic,n15_c25_s7,7,0.30195863479813245
82147,bertopic,n15_c25_s7,0,1.0
82319,bertopic,n15_c25_s7,67,1.0
82733,bertopic,n15_c25_s7,-1,0.0
82814,bertopic,n15_c25_s7,34,1.0
83020,bertopic,n15_c25_s7,65,1.0
83321,bertopic,n15_c25_s7,0,1.0
83391,bertopic,n15_c25_s7,40,1.0
83576,bertopic,n15_c25_s7,25,1.0
84049,bertopic,n15_c25_s7,0,1.0
84779,bertopic,n15_c25_s7,0,1.0
84812,bertopic,n15_c25_s7,2,1.0
85969,bertopic,n15_c25_s7,5,1.0
86321,bertopic,n15_c25_s7,28,0.6003331142435051
86508,bertopic,n15_c25_s7,8,0.5368427788264055
87000,bertopic,n15_c25_s7,-1,0.0
87049,bertopic,n15_c25_s7,16,1.0
87587,bertopic,n15_c25_s7,6,1.0
87874,bertopic,n15_c25_s7,6,0.6462970489245634
88070,bertopic,n15_c25_s7,1,1.0
88079,bertopic,n15_c25_s7,-1,0.0
88571,bertopic,n15_c25_s7,20,1.0
88657,bertopic,n15_c25_s7,2,1.0
89301,bertopic,n15_c25_s7,18,0.5177580115035036
89410,bertopic,n15_c25_s7,12,0.2984950784048425
89624,bertopic,n15_c25_s7,-1,0.0
89801,bertopic,n15_c25_s7,4,0.6771070517746683
89830,bertopic,n15_c25_s7,0,0.8637972235239477
89847,bertopic,n15_c25_s7,25,1.0
89873,bertopic,n15_c25_s7,8,0.3197362762993867
89919,bertopic,n15_c25_s7,-1,0.0
89926,bertopic,n15_c25_s7,5,0.7080039723303666
89957,bertopic,n15_c25_s7,73,1.0
90406,bertopic,n15_c25_s7,11,1.0
90724,bertopic,n15_c25_s7,57,1.0
91137,bertopic,n15_c25_s7,22,0.945865954030212
91212,bertopic,n15_c25_s7,-1,0.0
91317,bertopic,n15_c25_s7,0,1.0
91669,bertopic,n15_c25_s7,33,0.6228890926127548
91911,bertopic,n15_c25_s7,11,0.9244134202271806
92331,bertopic,n15_c25_s7,-1,0.0
92399,bertopic,n15_c25_s7,1,1.0
92447,bertopic,n15_c25_s7,2,1.0
92485,bertopic,n15_c25_s7,-1,0.0
92507,bertopic,n15_c25_s7,0,0.5717703188877482
92521,bertopic,n15_c25_s7,3,1.0
92660,bertopic,n15_c25_s7,42,1.0
92766,bertopic,n15_c25_s7,2,1.0
92962,bertopic,n15_c25_s7,28,0.7305259844368368
94288,bertopic,n15_c25_s7,3,0.9668841314314819
94315,bertopic,n15_c25_s7,37,1.0
95209,bertopic,n15_c25_s7,37,1.0
95243,bertopic,n15_c25_s7,-1,0.0
95502,bertopic,n15_c25_s7,1,0.8690889579068296
95503,bertopic,n15_c25_s7,43,1.0
95505,bertopic,n15_c25_s7,16,1.0
95887,bertopic,n15_c25_s7,37,1.0
96093,bertopic,n15_c25_s7,-1,0.0
96587,bertopic,n15_c25_s7,73,1.0
97339,bertopic,n15_c25_s7,-1,0.0
97796,bertopic,n15_c25_s7,1,1.0
97953,bertopic,n15_c25_s7,35,1.0
98192,bertopic,n15_c25_s7,-1,0.0
98320,bertopic,n15_c25_s7,2,1.0
98372,bertopic,n15_c25_s7,-1,0.0
98422,bertopic,n15_c25_s7,20,0.4147854127100434
98649,bertopic,n15_c25_s7,35,0.8192609051440227
98692,bertopic,n15_c25_s7,-1,0.0
98812,bertopic,n15_c25_s7,3,0.8939776910258944
98882,bertopic,n15_c25_s7,36,0.16409288977084677
99053,bertopic,n15_c25_s7,24,1.0
99311,bertopic,n15_c25_s7,-1,0.0
99362,bertopic,n15_c25_s7,29,1.0
99429,bertopic,n15_c25_s7,73,1.0
99690,bertopic,n15_c25_s7,4,1.0
99888,bertopic,n15_c25_s7,0,1.0
100550,bertopic,n15_c25_s7,3,1.0
100730,bertopic,n15_c25_s7,38,1.0
100962,bertopic,n15_c25_s7,-1,0.0
101231,bertopic,n15_c25_s7,8,0.5070051693574018
101764,bertopic,n15_c25_s7,12,0.39038283820947245
101775,bertopic,n15_c25_s7,-1,0.0
101854,bertopic,n15_c25_s7,37,1.0
101901,bertopic,n15_c25_s7,0,0.924356415217803
102431,bertopic,n15_c25_s7,3,0.9336233126728808
102601,bertopic,n15_c25_s7,-1,0.0
102738,bertopic,n15_c25_s7,37,1.0
102885,bertopic,n15_c25_s7,53,1.0
102902,bertopic,n15_c25_s7,0,1.0
103750,bertopic,n15_c25_s7,1,1.0
104233,bertopic,n15_c25_s7,3,1.0
104546,bertopic,n15_c25_s7,73,1.0
104601,bertopic,n15_c25_s7,2,1.0
104855,bertopic,n15_c25_s7,65,1.0
105357,bertopic,n15_c25_s7,73,1.0
105490,bertopic,n15_c25_s7,4,1.0
106202,bertopic,n15_c25_s7,-1,0.0
106439,bertopic,n15_c25_s7,2,0.9545861206833463
106717,bertopic,n15_c25_s7,-1,0.0
107060,bertopic,n15_c25_s7,64,1.0
107314,bertopic,n15_c25_s7,-1,0.0
107334,bertopic,n15_c25_s7,-1,0.0
107625,bertopic,n15_c25_s7,2,1.0
108455,bertopic,n15_c25_s7,-1,0.0
108461,bertopic,n15_c25_s7,0,1.0
109175,bertopic,n15_c25_s7,47,0.7632918073522098
109347,bertopic,n15_c25_s7,3,1.0
109367,bertopic,n15_c25_s7,8,1.0
109381,bertopic,n15_c25_s7,-1,0.0
109470,bertopic,n15_c25_s7,0,1.0
109503,bertopic,n15_c25_s7,6,1.0
110123,bertopic,n15_c25_s7,4,1.0
110274,bertopic,n15_c25_s7,40,1.0
110368,bertopic,n15_c25_s7,35,1.0
110828,bertopic,n15_c25_s7,3,0.8153317529475985
110861,bertopic,n15_c25_s7,24,0.18507737779182148
110923,bertopic,n15_c25_s7,3,0.8085411133587315
110945,bertopic,n15_c25_s7,1,1.0
111432,bertopic,n15_c25_s7,51,1.0
111618,bertopic,n15_c25_s7,43,1.0
112184,bertopic,n15_c25_s7,28,0.39425479608148223
112673,bertopic,n15_c25_s7,55,1.0
113785,bertopic,n15_c25_s7,4,0.6023837025254656
113818,bertopic,n15_c25_s7,73,1.0
113906,bertopic,n15_c25_s7,-1,0.0
114291,bertopic,n15_c25_s7,73,1.0
114519,bertopic,n15_c25_s7,-1,0.0
115008,bertopic,n15_c25_s7,4,1.0
115166,bertopic,n15_c25_s7,2,1.0
115239,bertopic,n15_c25_s7,-1,0.0
115378,bertopic,n15_c25_s7,28,0.5151932906242426
115416,bertopic,n15_c25_s7,34,0.3444761587186735
115482,bertopic,n15_c25_s7,1,1.0
115506,bertopic,n15_c25_s7,66,1.0
115561,bertopic,n15_c25_s7,73,1.0
115935,bertopic,n15_c25_s7,18,1.0
116580,bertopic,n15_c25_s7,47,1.0
117070,bertopic,n15_c25_s7,34,0.5918788165684888
117354,bertopic,n15_c25_s7,1,1.0
117646,bertopic,n15_c25_s7,-1,0.0
117905,bertopic,n15_c25_s7,33,0.8455295406383632
118371,bertopic,n15_c25_s7,12,0.4932650236258095
119090,bertopic,n15_c25_s7,4,1.0
119115,bertopic,n15_c25_s7,3,0.9551153406384034
119777,bertopic,n15_c25_s7,5,0.7432868747344941
120054,bertopic,n15_c25_s7,60,1.0
120126,bertopic,n15_c25_s7,9,1.0
120781,bertopic,n15_c25_s7,6,1.0
121300,bertopic,n15_c25_s7,3,0.8964607580427458
122087,bertopic,n15_c25_s7,-1,0.0
122128,bertopic,n15_c25_s7,37,0.9686942927607648
123233,bertopic,n15_c25_s7,51,1.0
123354,bertopic,n15_c25_s7,61,0.9441351957238872
123513,bertopic,n15_c25_s7,24,1.0
123677,bertopic,n15_c25_s7,0,1.0
124291,bertopic,n15_c25_s7,2,1.0
124504,bertopic,n15_c25_s7,37,0.6441456511259394
124924,bertopic,n15_c25_s7,38,0.3481950554181563
124998,bertopic,n15_c25_s7,4,0.9280655759634947
125146,bertopic,n15_c25_s7,0,0.7883890060533848
125299,bertopic,n15_c25_s7,-1,0.0
125714,bertopic,n15_c25_s7,35,0.8359363343230335
125811,bertopic,n15_c25_s7,38,1.0
125862,bertopic,n15_c25_s7,37,0.9578305943532214
126305,bertopic,n15_c25_s7,4,1.0
126787,bertopic,n15_c25_s7,-1,0.0
127076,bertopic,n15_c25_s7,12,0.31439420114393524
127077,bertopic,n15_c25_s7,30,1.0
127252,bertopic,n15_c25_s7,11,1.0
127382,bertopic,n15_c25_s7,-1,0.0
127780,bertopic,n15_c25_s7,33,0.6260919723356234
127807,bertopic,n15_c25_s7,33,0.6894870690756925
128077,bertopic,n15_c25_s7,27,1.0
128329,bertopic,n15_c25_s7,5,1.0
128668,bertopic,n15_c25_s7,53,1.0
129453,bertopic,n15_c25_s7,8,0.5070051693574018
129521,bertopic,n15_c25_s7,-1,0.0
129697,bertopic,n15_c25_s7,1,1.0
130075,bertopic,n15_c25_s7,4,1.0
130193,bertopic,n15_c25_s7,40,0.5559907690439719
130229,bertopic,n15_c25_s7,22,0.12289089476923935
130247,bertopic,n15_c25_s7,7,1.0
130332,bertopic,n15_c25_s7,18,0.9797343084985308
130373,bertopic,n15_c25_s7,34,1.0
130542,bertopic,n15_c25_s7,28,0.4557675013290903
131018,bertopic,n15_c25_s7,-1,0.0
131134,bertopic,n15_c25_s7,2,0.6956741083946718
131630,bertopic,n15_c25_s7,4,1.0
131655,bertopic,n15_c25_s7,-1,0.0
131953,bertopic,n15_c25_s7,-1,0.0
132216,bertopic,n15_c25_s7,18,0.8440995559408976
132343,bertopic,n15_c25_s7,56,1.0
132371,bertopic,n15_c25_s7,43,1.0
132580,bertopic,n15_c25_s7,73,1.0
132689,bertopic,n15_c25_s7,-1,0.0
133011,bertopic,n15_c25_s7,2,1.0
133390,bertopic,n15_c25_s7,35,0.8226236166157683
133467,bertopic,n15_c25_s7,5,1.0
133776,bertopic,n15_c25_s7,-1,0.0
134147,bertopic,n15_c25_s7,0,1.0
134265,bertopic,n15_c25_s7,21,0.36201197539849517
134759,bertopic,n15_c25_s7,6,0.870889761685266
134864,bertopic,n15_c25_s7,-1,0.0
135098,bertopic,n15_c25_s7,64,1.0
137255,bertopic,n15_c25_s7,23,1.0
137501,bertopic,n15_c25_s7,0,1.0
137526,bertopic,n15_c25_s7,25,0.5152811151624362
137788,bertopic,n15_c25_s7,37,1.0
138059,bertopic,n15_c25_s7,-1,0.0
138257,bertopic,n15_c25_s7,35,0.9939526640465651
138447,bertopic,n15_c25_s7,23,1.0
138458,bertopic,n15_c25_s7,73,1.0
139177,bertopic,n15_c25_s7,14,0.9051607860379075
139181,bertopic,n15_c25_s7,41,1.0
139355,bertopic,n15_c25_s7,17,1.0
140134,bertopic,n15_c25_s7,25,0.9885595261890752
140242,bertopic,n15_c25_s7,21,0.8209763356148386
140319,bertopic,n15_c25_s7,3,1.0
140433,bertopic,n15_c25_s7,28,0.7365915826910082
140479,bertopic,n15_c25_s7,2,1.0
140865,bertopic,n15_c25_s7,12,0.5771870658690952
141179,bertopic,n15_c25_s7,4,1.0
141257,bertopic,n15_c25_s7,73,1.0
141399,bertopic,n15_c25_s7,6,1.0
141429,bertopic,n15_c25_s7,-1,0.0
141861,bertopic,n15_c25_s7,4,1.0
141920,bertopic,n15_c25_s7,60,1.0
142165,bertopic,n15_c25_s7,-1,0.0
142216,bertopic,n15_c25_s7,1,1.0
142280,bertopic,n15_c25_s7,11,0.9411939056142644
142354,bertopic,n15_c25_s7,73,1.0
142857,bertopic,n15_c25_s7,1,1.0
142874,bertopic,n15_c25_s7,11,1.0
143292,bertopic,n15_c25_s7,61,0.935482739055409
143578,bertopic,n15_c25_s7,-1,0.0
143689,bertopic,n15_c25_s7,33,1.0
143832,bertopic,n15_c25_s7,2,1.0
144024,bertopic,n15_c25_s7,40,1.0
144692,bertopic,n15_c25_s7,2,1.0
144696,bertopic,n15_c25_s7,-1,0.0
144709,bertopic,n15_c25_s7,2,0.8784723585489006
144921,bertopic,n15_c25_s7,-1,0.0
145458,bertopic,n15_c25_s7,16,0.3809252544569443
145466,bertopic,n15_c25_s7,4,1.0
145515,bertopic,n15_c25_s7,-1,0.0
146165,bertopic,n15_c25_s7,0,0.7860500087584836
146804,bertopic,n15_c25_s7,-1,0.0
147134,bertopic,n15_c25_s7,-1,0.0
147174,bertopic,n15_c25_s7,3,0.9095036590547183
147259,bertopic,n15_c25_s7,1,1.0
147557,bertopic,n15_c25_s7,36,0.5059641398100776
147902,bertopic,n15_c25_s7,-1,0.0
148461,bertopic,n15_c25_s7,35,1.0
148586,bertopic,n15_c25_s7,5,0.23822208403043454
149077,bertopic,n15_c25_s7,13,0.700154563985052
149365,bertopic,n15_c25_s7,-1,0.0
149398,bertopic,n15_c25_s7,1,1.0
150163,bertopic,n15_c25_s7,6,0.8878555553781128
150607,bertopic,n15_c25_s7,48,1.0
150859,bertopic,n15_c25_s7,3,1.0
150907,bertopic,n15_c25_s7,43,1.0
151426,bertopic,n15_c25_s7,41,1.0
151602,bertopic,n15_c25_s7,54,1.0
151703,bertopic,n15_c25_s7,-1,0.0
152273,bertopic,n15_c25_s7,28,1.0
152390,bertopic,n15_c25_s7,-1,0.0
152618,bertopic,n15_c25_s7,21,0.7696142989867903
152738,bertopic,n15_c25_s7,0,1.0
152759,bertopic,n15_c25_s7,47,1.0
152861,bertopic,n15_c25_s7,3,1.0
153163,bertopic,n15_c25_s7,6,1.0
153367,bertopic,n15_c25_s7,-1,0.0
153749,bertopic,n15_c25_s7,12,0.3720553982570396
153782,bertopic,n15_c25_s7,57,0.9337951934136863
153794,bertopic,n15_c25_s7,-1,0.0
154435,bertopic,n15_c25_s7,-1,0.0
154829,bertopic,n15_c25_s7,-1,0.0
155138,bertopic,n15_c25_s7,55,1.0
155572,bertopic,n15_c25_s7,-1,0.0
155577,bertopic,n15_c25_s7,12,0.7956708395035988
155990,bertopic,n15_c25_s7,-1,0.0
156160,bertopic,n15_c25_s7,43,0.20488804031852345
156667,bertopic,n15_c25_s7,3,0.8371804224828999
157217,bertopic,n15_c25_s7,38,1.0
157293,bertopic,n15_c25_s7,4,1.0
158049,bertopic,n15_c25_s7,37,0.5483969047085507
158118,bertopic,n15_c25_s7,51,0.7373530853785089
158288,bertopic,n15_c25_s7,38,0.3481950554181563
158417,bertopic,n15_c25_s7,43,0.18764586981788733
159915,bertopic,n15_c25_s7,4,1.0
160084,bertopic,n15_c25_s7,19,0.3980563539405187
160307,bertopic,n15_c25_s7,24,1.0
160391,bertopic,n15_c25_s7,7,0.353286236233442
160458,bertopic,n15_c25_s7,2,1.0
160910,bertopic,n15_c25_s7,2,1.0
161335,bertopic,n15_c25_s7,1,1.0
162325,bertopic,n15_c25_s7,13,0.4559090715140167
162406,bertopic,n15_c25_s7,21,1.0
162493,bertopic,n15_c25_s7,28,0.43888867170415763
162892,bertopic,n15_c25_s7,-1,0.0
163252,bertopic,n15_c25_s7,-1,0.0
163289,bertopic,n15_c25_s7,16,0.3809252544569443
163539,bertopic,n15_c25_s7,-1,0.0
163860,bertopic,n15_c25_s7,2,0.787716923616984
164027,bertopic,n15_c25_s7,64,0.4078683961488111
164048,bertopic,n15_c25_s7,43,1.0
164182,bertopic,n15_c25_s7,6,1.0
165132,bertopic,n15_c25_s7,73,1.0
165165,bertopic,n15_c25_s7,5,1.0
165310,bertopic,n15_c25_s7,1,1.0
165624,bertopic,n15_c25_s7,-1,0.0
165839,bertopic,n15_c25_s7,2,1.0
165905,bertopic,n15_c25_s7,12,0.433584913067213
166141,bertopic,n15_c25_s7,28,0.3741779216474143
166267,bertopic,n15_c25_s7,33,1.0
166775,bertopic,n15_c25_s7,-1,0.0
167316,bertopic,n15_c25_s7,8,0.5070051693574018
167433,bertopic,n15_c25_s7,-1,0.0
167700,bertopic,n15_c25_s7,37,1.0
168453,bertopic,n15_c25_s7,55,1.0
168675,bertopic,n15_c25_s7,-1,0.0
168754,bertopic,n15_c25_s7,-1,0.0
169040,bertopic,n15_c25_s7,-1,0.0
169672,bertopic,n15_c25_s7,-1,0.0
169919,bertopic,n15_c25_s7,12,0.5340378249170039
170023,bertopic,n15_c25_s7,4,1.0
170430,bertopic,n15_c25_s7,3,1.0
170588,bertopic,n15_c25_s7,37,1.0
170812,bertopic,n15_c25_s7,11,1.0
171269,bertopic,n15_c25_s7,20,1.0
171494,bertopic,n15_c25_s7,6,1.0
171532,bertopic,n15_c25_s7,-1,0.0
171818,bertopic,n15_c25_s7,36,1.0
172291,bertopic,n15_c25_s7,41,1.0
172331,bertopic,n15_c25_s7,45,1.0
172404,bertopic,n15_c25_s7,28,0.6703970579347335
172528,bertopic,n15_c25_s7,3,0.8906755012383644
172930,bertopic,n15_c25_s7,1,0.8826071306328376
173021,bertopic,n15_c25_s7,16,0.3809252544569443
173150,bertopic,n15_c25_s7,38,0.3260595801148695
173485,bertopic,n15_c25_s7,27,0.3636664256789381
174372,bertopic,n15_c25_s7,64,1.0
174898,bertopic,n15_c25_s7,41,0.47394251927302156
175083,bertopic,n15_c25_s7,2,1.0
175137,bertopic,n15_c25_s7,14,0.8214221807484984
175451,bertopic,n15_c25_s7,26,0.16154816610317957
176208,bertopic,n15_c25_s7,1,0.7639258892507703
176213,bertopic,n15_c25_s7,-1,0.0
176495,bertopic,n15_c25_s7,1,1.0
176558,bertopic,n15_c25_s7,1,1.0
176645,bertopic,n15_c25_s7,2,1.0
177277,bertopic,n15_c25_s7,40,0.10170567556123619
177542,bertopic,n15_c25_s7,2,0.6144142476063446
177670,bertopic,n15_c25_s7,-1,0.0
177858,bertopic,n15_c25_s7,16,0.8568506033330501
178414,bertopic,n15_c25_s7,17,0.7615759724338227
178516,bertopic,n15_c25_s7,-1,0.0
178592,bertopic,n15_c25_s7,-1,0.0
179281,bertopic,n15_c25_s7,-1,0.0
179475,bertopic,n15_c25_s7,16,0.715095674970711
179482,bertopic,n15_c25_s7,37,0.7295113312098926
179615,bertopic,n15_c25_s7,17,1.0
179786,bertopic,n15_c25_s7,9,0.39759187801414553
179849,bertopic,n15_c25_s7,21,0.3758266342991944
179980,bertopic,n15_c25_s7,7,1.0
180088,bertopic,n15_c25_s7,1,0.9763479386835096
180264,bertopic,n15_c25_s7,11,0.9254113701416565
180517,bertopic,n15_c25_s7,73,1.0
180989,bertopic,n15_c25_s7,53,1.0
181421,bertopic,n15_c25_s7,-1,0.0
181562,bertopic,n15_c25_s7,2,1.0
182387,bertopic,n15_c25_s7,43,1.0
183087,bertopic,n15_c25_s7,1,1.0
183185,bertopic,n15_c25_s7,4,1.0
183539,bertopic,n15_c25_s7,9,0.26427914292680843
184365,bertopic,n15_c25_s7,0,1.0
185076,bertopic,n15_c25_s7,18,1.0
185482,bertopic,n15_c25_s7,13,0.8160868176841513
185781,bertopic,n15_c25_s7,4,1.0
185801,bertopic,n15_c25_s7,15,1.0
185802,bertopic,n15_c25_s7,21,1.0
186200,bertopic,n15_c25_s7,-1,0.0
186413,bertopic,n15_c25_s7,-1,0.0
186552,bertopic,n15_c25_s7,27,1.0
186860,bertopic,n15_c25_s7,1,1.0
186920,bertopic,n15_c25_s7,-1,0.0
187624,bertopic,n15_c25_s7,33,1.0
187862,bertopic,n15_c25_s7,1,1.0
189272,bertopic,n15_c25_s7,5,1.0
189826,bertopic,n15_c25_s7,73,1.0
190212,bertopic,n15_c25_s7,29,1.0
190440,bertopic,n15_c25_s7,1,0.9562914594535628
207249,bertopic,n15_c25_s7,-1,0.0
209101,bertopic,n15_c25_s7,-1,0.0
209823,bertopic,n15_c25_s7,-1,0.0
210477,bertopic,n15_c25_s7,-1,0.0
212525,bertopic,n15_c25_s7,-1,0.0
213476,bertopic,n15_c25_s7,2,1.0
213637,bertopic,n15_c25_s7,30,1.0
213962,bertopic,n15_c25_s7,23,0.5357679935853699
214506,bertopic,n15_c25_s7,19,0.6761900591678884
215622,bertopic,n15_c25_s7,-1,0.0
216046,bertopic,n15_c25_s7,13,0.700154563985052
216745,bertopic,n15_c25_s7,60,0.8588629458152935
217405,bertopic,n15_c25_s7,-1,0.0
218059,bertopic,n15_c25_s7,35,1.0
219205,bertopic,n15_c25_s7,35,1.0
220070,bertopic,n15_c25_s7,31,0.7144634596374753
220219,bertopic,n15_c25_s7,3,0.8902135668089276
221300,bertopic,n15_c25_s7,17,0.6585114699494453
221543,bertopic,n15_c25_s7,17,0.8705908013320512
225193,bertopic,n15_c25_s7,-1,0.0
225537,bertopic,n15_c25_s7,6,0.7159532545398538
227916,bertopic,n15_c25_s7,23,0.5638216988055791
228098,bertopic,n15_c25_s7,9,1.0
229464,bertopic,n15_c25_s7,-1,0.0
229766,bertopic,n15_c25_s7,23,1.0
229873,bertopic,n15_c25_s7,19,0.43795882129311864
230044,bertopic,n15_c25_s7,1,1.0
230646,bertopic,n15_c25_s7,23,0.41476166415714266
230697,bertopic,n15_c25_s7,11,1.0
233108,bertopic,n15_c25_s7,23,0.6186999248971529
234038,bertopic,n15_c25_s7,2,1.0
234150,bertopic,n15_c25_s7,-1,0.0
235588,bertopic,n15_c25_s7,0,1.0
236783,bertopic,n15_c25_s7,12,1.0
237316,bertopic,n15_c25_s7,12,1.0
238020,bertopic,n15_c25_s7,58,0.8843366185346833
239910,bertopic,n15_c25_s7,13,0.3519100018250577
241459,bertopic,n15_c25_s7,32,1.0
243015,bertopic,n15_c25_s7,-1,0.0
243273,bertopic,n15_c25_s7,27,1.0
243516,bertopic,n15_c25_s7,72,1.0
244200,bertopic,n15_c25_s7,-1,0.0
244286,bertopic,n15_c25_s7,8,0.39627083140761393
245122,bertopic,n15_c25_s7,-1,0.0
245414,bertopic,n15_c25_s7,7,0.2965877399382618
247430,bertopic,n15_c25_s7,27,1.0
247452,bertopic,n15_c25_s7,-1,0.0
250503,bertopic,n15_c25_s7,-1,0.0
250800,bertopic,n15_c25_s7,-1,0.0
251285,bertopic,n15_c25_s7,-1,0.0
252444,bertopic,n15_c25_s7,-1,0.0
252534,bertopic,n15_c25_s7,3,0.8926107753179129
252606,bertopic,n15_c25_s7,0,1.0
253527,bertopic,n15_c25_s7,23,1.0
253602,bertopic,n15_c25_s7,23,1.0
254843,bertopic,n15_c25_s7,24,1.0
255266,bertopic,n15_c25_s7,-1,0.0
256590,bertopic,n15_c25_s7,-1,0.0
257094,bertopic,n15_c25_s7,45,1.0
257363,bertopic,n15_c25_s7,17,0.5546416029643416
258851,bertopic,n15_c25_s7,2,1.0
259508,bertopic,n15_c25_s7,-1,0.0
259930,bertopic,n15_c25_s7,-1,0.0
260872,bertopic,n15_c25_s7,13,0.43689976189282786
261067,bertopic,n15_c25_s7,72,1.0
261162,bertopic,n15_c25_s7,3,1.0
263520,bertopic,n15_c25_s7,3,1.0
264399,bertopic,n15_c25_s7,-1,0.0
265775,bertopic,n15_c25_s7,15,0.9230794748854222
265994,bertopic,n15_c25_s7,39,1.0
266635,bertopic,n15_c25_s7,-1,0.0
267879,bertopic,n15_c25_s7,30,0.9443690537253336
267886,bertopic,n15_c25_s7,57,1.0
268006,bertopic,n15_c25_s7,18,1.0
268436,bertopic,n15_c25_s7,12,0.7204184212456154
268538,bertopic,n15_c25_s7,57,1.0
268614,bertopic,n15_c25_s7,-1,0.0
268716,bertopic,n15_c25_s7,2,1.0
268915,bertopic,n15_c25_s7,3,0.9517655456845869
269115,bertopic,n15_c25_s7,54,1.0
269723,bertopic,n15_c25_s7,61,1.0
269982,bertopic,n15_c25_s7,-1,0.0
270478,bertopic,n15_c25_s7,10,0.3859171590215126
270535,bertopic,n15_c25_s7,12,0.34390432579376873
270654,bertopic,n15_c25_s7,1,1.0
270679,bertopic,n15_c25_s7,20,0.8716200270110253
271016,bertopic,n15_c25_s7,52,1.0
271079,bertopic,n15_c25_s7,-1,0.0
271364,bertopic,n15_c25_s7,14,0.4899340248640375
271402,bertopic,n15_c25_s7,-1,0.0
271430,bertopic,n15_c25_s7,10,0.38661822018617487
271554,bertopic,n15_c25_s7,45,1.0
271922,bertopic,n15_c25_s7,17,0.8348448186532802
271963,bertopic,n15_c25_s7,1,1.0
272040,bertopic,n15_c25_s7,-1,0.0
272157,bertopic,n15_c25_s7,3,1.0
272186,bertopic,n15_c25_s7,9,1.0
272194,bertopic,n15_c25_s7,3,1.0
272278,bertopic,n15_c25_s7,-1,0.0
272405,bertopic,n15_c25_s7,29,1.0
272438,bertopic,n15_c25_s7,22,0.4519973931986218
272459,bertopic,n15_c25_s7,-1,0.0
272469,bertopic,n15_c25_s7,-1,0.0
272515,bertopic,n15_c25_s7,10,0.10098355620801892
272564,bertopic,n15_c25_s7,-1,0.0
272655,bertopic,n15_c25_s7,-1,0.0
272699,bertopic,n15_c25_s7,5,1.0
272704,bertopic,n15_c25_s7,-1,0.0
272878,bertopic,n15_c25_s7,2,0.7145311770872137
272913,bertopic,n15_c25_s7,52,1.0
272980,bertopic,n15_c25_s7,54,1.0
273050,bertopic,n15_c25_s7,-1,0.0
273357,bertopic,n15_c25_s7,32,0.8020340606155927
273409,bertopic,n15_c25_s7,51,1.0
273533,bertopic,n15_c25_s7,2,0.8784723585489006
273554,bertopic,n15_c25_s7,40,0.848340103517499
273650,bertopic,n15_c25_s7,2,1.0
273681,bertopic,n15_c25_s7,-1,0.0
273939,bertopic,n15_c25_s7,-1,0.0
274379,bertopic,n15_c25_s7,9,0.7898437401554149
274594,bertopic,n15_c25_s7,7,1.0
274895,bertopic,n15_c25_s7,27,0.308539175735255
274977,bertopic,n15_c25_s7,22,0.1406815146663594
275252,bertopic,n15_c25_s7,-1,0.0
275282,bertopic,n15_c25_s7,1,1.0
275570,bertopic,n15_c25_s7,11,0.9519742982077768
275737,bertopic,n15_c25_s7,22,1.0
275952,bertopic,n15_c25_s7,15,0.7965156824960342
276099,bertopic,n15_c25_s7,16,0.34601137314424163
276592,bertopic,n15_c25_s7,4,0.8219937274615435
276980,bertopic,n15_c25_s7,58,1.0
277723,bertopic,n15_c25_s7,1,1.0
277836,bertopic,n15_c25_s7,55,1.0
277972,bertopic,n15_c25_s7,-1,0.0
278112,bertopic,n15_c25_s7,-1,0.0
278170,bertopic,n15_c25_s7,65,1.0
278500,bertopic,n15_c25_s7,0,1.0
278699,bertopic,n15_c25_s7,-1,0.0
278876,bertopic,n15_c25_s7,31,1.0
278930,bertopic,n15_c25_s7,23,1.0
278968,bertopic,n15_c25_s7,58,1.0
279066,bertopic,n15_c25_s7,7,0.4431700084675816
279107,bertopic,n15_c25_s7,67,1.0
279342,bertopic,n15_c25_s7,4,0.5457724992792958
279487,bertopic,n15_c25_s7,22,1.0
279624,bertopic,n15_c25_s7,22,0.9721504358461318
279773,bertopic,n15_c25_s7,23,0.42298348258759655
279801,bertopic,n15_c25_s7,-1,0.0
279842,bertopic,n15_c25_s7,-1,0.0
280414,bertopic,n15_c25_s7,-1,0.0
280476,bertopic,n15_c25_s7,-1,0.0
280938,bertopic,n15_c25_s7,22,0.9701734219341381
281139,bertopic,n15_c25_s7,34,0.29578303211019485
281215,bertopic,n15_c25_s7,3,0.8411731135367293
281244,bertopic,n15_c25_s7,8,0.5070051693574018
281296,bertopic,n15_c25_s7,44,0.782406746620707
281469,bertopic,n15_c25_s7,22,0.1173994829878629
281526,bertopic,n15_c25_s7,2,1.0
282008,bertopic,n15_c25_s7,-1,0.0
282105,bertopic,n15_c25_s7,1,1.0
282502,bertopic,n15_c25_s7,24,1.0
282508,bertopic,n15_c25_s7,15,0.904482287768567
282696,bertopic,n15_c25_s7,3,1.0
282727,bertopic,n15_c25_s7,0,1.0
282743,bertopic,n15_c25_s7,26,0.3508798412310064
283226,bertopic,n15_c25_s7,12,0.3369197085632866
283308,bertopic,n15_c25_s7,-1,0.0
283323,bertopic,n15_c25_s7,27,1.0
283337,bertopic,n15_c25_s7,-1,0.0
283403,bertopic,n15_c25_s7,13,0.4559090715140167
283427,bertopic,n15_c25_s7,67,1.0
283649,bertopic,n15_c25_s7,7,0.30195863479813245
283716,bertopic,n15_c25_s7,-1,0.0
284006,bertopic,n15_c25_s7,18,0.5866811341716546
284035,bertopic,n15_c25_s7,65,0.5051319352856244
284262,bertopic,n15_c25_s7,21,0.3758266342991944
284378,bertopic,n15_c25_s7,2,1.0
284391,bertopic,n15_c25_s7,24,1.0
284496,bertopic,n15_c25_s7,7,0.30195863479813245
284573,bertopic,n15_c25_s7,18,1.0
284716,bertopic,n15_c25_s7,4,1.0
285007,bertopic,n15_c25_s7,29,1.0
285032,bertopic,n15_c25_s7,0,0.583427156848669
285141,bertopic,n15_c25_s7,1,1.0
285322,bertopic,n15_c25_s7,20,0.4147854127100434
285389,bertopic,n15_c25_s7,17,0.9049567701090867
285400,bertopic,n15_c25_s7,1,1.0
285480,bertopic,n15_c25_s7,-1,0.0
285595,bertopic,n15_c25_s7,44,1.0
285731,bertopic,n15_c25_s7,0,0.5717703188877482
285945,bertopic,n15_c25_s7,58,1.0
285958,bertopic,n15_c25_s7,3,1.0
286008,bertopic,n15_c25_s7,2,1.0
286093,bertopic,n15_c25_s7,4,1.0
286250,bertopic,n15_c25_s7,7,0.30195863479813245
286485,bertopic,n15_c25_s7,60,1.0
286607,bertopic,n15_c25_s7,-1,0.0
286784,bertopic,n15_c25_s7,2,1.0
287079,bertopic,n15_c25_s7,5,1.0
287116,bertopic,n15_c25_s7,53,1.0
287307,bertopic,n15_c25_s7,46,1.0
287325,bertopic,n15_c25_s7,51,1.0
287328,bertopic,n15_c25_s7,64,1.0
287500,bertopic,n15_c25_s7,29,1.0
287635,bertopic,n15_c25_s7,1,1.0
287701,bertopic,n15_c25_s7,-1,0.0
287807,bertopic,n15_c25_s7,14,0.7085185989378876
287881,bertopic,n15_c25_s7,25,1.0
287927,bertopic,n15_c25_s7,-1,0.0
287999,bertopic,n15_c25_s7,-1,0.0
288070,bertopic,n15_c25_s7,-1,0.0
288524,bertopic,n15_c25_s7,2,1.0
288652,bertopic,n15_c25_s7,2,1.0
288688,bertopic,n15_c25_s7,24,1.0
288709,bertopic,n15_c25_s7,5,1.0
288752,bertopic,n15_c25_s7,2,0.9012690666632012
288928,bertopic,n15_c25_s7,47,1.0
288948,bertopic,n15_c25_s7,22,1.0
289081,bertopic,n15_c25_s7,0,1.0
289279,bertopic,n15_c25_s7,9,1.0
289310,bertopic,n15_c25_s7,2,1.0
289482,bertopic,n15_c25_s7,2,0.5787685552562662
289554,bertopic,n15_c25_s7,11,1.0
289750,bertopic,n15_c25_s7,15,0.7965156824960342
289753,bertopic,n15_c25_s7,14,0.6831055716030187
289819,bertopic,n15_c25_s7,16,0.3809252544569443
289928,bertopic,n15_c25_s7,10,0.29811742957499865
289949,bertopic,n15_c25_s7,59,1.0
290103,bertopic,n15_c25_s7,19,0.3980563539405187
290240,bertopic,n15_c25_s7,57,1.0
290286,bertopic,n15_c25_s7,2,1.0
290433,bertopic,n15_c25_s7,2,1.0
290447,bertopic,n15_c25_s7,9,0.8077309724016688
290670,bertopic,n15_c25_s7,8,0.5070051693574018
290728,bertopic,n15_c25_s7,9,1.0
290740,bertopic,n15_c25_s7,-1,0.0
290799,bertopic,n15_c25_s7,27,0.4213573688138324
290847,bertopic,n15_c25_s7,2,1.0
290951,bertopic,n15_c25_s7,2,1.0
290971,bertopic,n15_c25_s7,25,0.5152811151624362
291003,bertopic,n15_c25_s7,1,0.9174401731155832
291311,bertopic,n15_c25_s7,11,1.0
291465,bertopic,n15_c25_s7,2,1.0
291469,bertopic,n15_c25_s7,-1,0.0
291644,bertopic,n15_c25_s7,2,0.7150067423975128
291740,bertopic,n15_c25_s7,2,1.0
291787,bertopic,n15_c25_s7,1,0.7747611844243071
291865,bertopic,n15_c25_s7,7,1.0
291971,bertopic,n15_c25_s7,7,0.4286251788400176
292278,bertopic,n15_c25_s7,-1,0.0
292381,bertopic,n15_c25_s7,9,1.0
292625,bertopic,n15_c25_s7,72,1.0
292777,bertopic,n15_c25_s7,-1,0.0
292944,bertopic,n15_c25_s7,16,0.8696705383389651
293006,bertopic,n15_c25_s7,18,1.0
293055,bertopic,n15_c25_s7,-1,0.0
293144,bertopic,n15_c25_s7,11,0.9519742982077768
293149,bertopic,n15_c25_s7,18,1.0
293442,bertopic,n15_c25_s7,18,0.9067949597093877
293482,bertopic,n15_c25_s7,22,1.0
293571,bertopic,n15_c25_s7,16,0.6904762352122742
293607,bertopic,n15_c25_s7,5,1.0
293754,bertopic,n15_c25_s7,27,0.5988333474169281
293904,bertopic,n15_c25_s7,9,1.0
293916,bertopic,n15_c25_s7,4,1.0
293943,bertopic,n15_c25_s7,2,1.0
293980,bertopic,n15_c25_s7,2,1.0
294024,bertopic,n15_c25_s7,27,1.0
294181,bertopic,n15_c25_s7,2,1.0
294214,bertopic,n15_c25_s7,2,1.0
294306,bertopic,n15_c25_s7,-1,0.0
294412,bertopic,n15_c25_s7,23,0.5787263020249961
294513,bertopic,n15_c25_s7,38,1.0
294516,bertopic,n15_c25_s7,47,1.0
294540,bertopic,n15_c25_s7,20,0.8716200270110253
294595,bertopic,n15_c25_s7,46,0.3480160538719116
294697,bertopic,n15_c25_s7,8,0.4205210404637472
294717,bertopic,n15_c25_s7,51,1.0
294871,bertopic,n15_c25_s7,2,0.9717338118246482
294959,bertopic,n15_c25_s7,37,1.0
295238,bertopic,n15_c25_s7,0,1.0
295253,bertopic,n15_c25_s7,-1,0.0
295275,bertopic,n15_c25_s7,8,0.7630087131116516
295347,bertopic,n15_c25_s7,18,1.0
295405,bertopic,n15_c25_s7,2,1.0
295441,bertopic,n15_c25_s7,-1,0.0
295462,bertopic,n15_c25_s7,-1,0.0
295506,bertopic,n15_c25_s7,1,1.0
295555,bertopic,n15_c25_s7,9,1.0
296047,bertopic,n15_c25_s7,18,0.8406634555362785
296462,bertopic,n15_c25_s7,16,1.0
296558,bertopic,n15_c25_s7,29,0.5181966048664723
296601,bertopic,n15_c25_s7,10,0.09514973180482057
296717,bertopic,n15_c25_s7,-1,0.0
296721,bertopic,n15_c25_s7,9,0.8531566898919924
297015,bertopic,n15_c25_s7,11,1.0
297137,bertopic,n15_c25_s7,10,0.10098355620801892
297138,bertopic,n15_c25_s7,46,1.0
297149,bertopic,n15_c25_s7,61,0.9632184655169713
297435,bertopic,n15_c25_s7,39,0.1643101822993253
297577,bertopic,n15_c25_s7,13,1.0
297705,bertopic,n15_c25_s7,0,1.0
297813,bertopic,n15_c25_s7,2,0.6483699930326845
297824,bertopic,n15_c25_s7,21,0.3758266342991944
297878,bertopic,n15_c25_s7,-1,0.0
297905,bertopic,n15_c25_s7,44,0.7130114040238149
298230,bertopic,n15_c25_s7,27,0.5158296440716483
298271,bertopic,n15_c25_s7,0,0.38200991325158046
298300,bertopic,n15_c25_s7,2,1.0
298532,bertopic,n15_c25_s7,2,1.0
298582,bertopic,n15_c25_s7,2,1.0
298583,bertopic,n15_c25_s7,3,0.9504980118390707
298652,bertopic,n15_c25_s7,18,1.0
298717,bertopic,n15_c25_s7,-1,0.0
298775,bertopic,n15_c25_s7,2,1.0
298935,bertopic,n15_c25_s7,9,1.0
299073,bertopic,n15_c25_s7,-1,0.0
299082,bertopic,n15_c25_s7,12,0.3597352648238792
299154,bertopic,n15_c25_s7,-1,0.0
299159,bertopic,n15_c25_s7,-1,0.0
299373,bertopic,n15_c25_s7,29,1.0
299586,bertopic,n15_c25_s7,-1,0.0
299631,bertopic,n15_c25_s7,2,1.0
299915,bertopic,n15_c25_s7,7,0.4431700084675816
299994,bertopic,n15_c25_s7,17,1.0
300016,bertopic,n15_c25_s7,0,1.0
300047,bertopic,n15_c25_s7,-1,0.0
300086,bertopic,n15_c25_s7,-1,0.0
300101,bertopic,n15_c25_s7,2,1.0
300397,bertopic,n15_c25_s7,25,0.4410648836910016
300514,bertopic,n15_c25_s7,18,1.0
300559,bertopic,n15_c25_s7,51,1.0
300570,bertopic,n15_c25_s7,8,0.5863963185091144
300624,bertopic,n15_c25_s7,27,0.8994725357188343
301071,bertopic,n15_c25_s7,-1,0.0
301249,bertopic,n15_c25_s7,9,0.399318309007813
301330,bertopic,n15_c25_s7,29,1.0
301671,bertopic,n15_c25_s7,3,0.808252120082533
301907,bertopic,n15_c25_s7,-1,0.0
302217,bertopic,n15_c25_s7,2,1.0
302281,bertopic,n15_c25_s7,35,1.0
302405,bertopic,n15_c25_s7,39,1.0
302408,bertopic,n15_c25_s7,-1,0.0
302599,bertopic,n15_c25_s7,13,0.3971471768207476
302663,bertopic,n15_c25_s7,8,0.3101080700057618
302705,bertopic,n15_c25_s7,2,1.0
302791,bertopic,n15_c25_s7,12,1.0
302848,bertopic,n15_c25_s7,-1,0.0
303160,bertopic,n15_c25_s7,54,1.0
303179,bertopic,n15_c25_s7,1,1.0
303299,bertopic,n15_c25_s7,2,1.0
303375,bertopic,n15_c25_s7,22,1.0
303382,bertopic,n15_c25_s7,1,1.0
303394,bertopic,n15_c25_s7,-1,0.0
303521,bertopic,n15_c25_s7,-1,0.0
303529,bertopic,n15_c25_s7,-1,0.0
303560,bertopic,n15_c25_s7,1,1.0
303629,bertopic,n15_c25_s7,59,0.6851386912089167
303704,bertopic,n15_c25_s7,22,0.8488077661876223
303767,bertopic,n15_c25_s7,45,1.0
303901,bertopic,n15_c25_s7,10,0.10098355620801892
303912,bertopic,n15_c25_s7,33,0.4323344756207089
304183,bertopic,n15_c25_s7,2,1.0
304215,bertopic,n15_c25_s7,1,1.0
304595,bertopic,n15_c25_s7,43,0.8642706680809787
304662,bertopic,n15_c25_s7,57,1.0
305079,bertopic,n15_c25_s7,43,1.0
305231,bertopic,n15_c25_s7,29,1.0
305320,bertopic,n15_c25_s7,43,1.0
305337,bertopic,n15_c25_s7,2,1.0
305647,bertopic,n15_c25_s7,0,0.38200991325158046
305707,bertopic,n15_c25_s7,2,1.0
306128,bertopic,n15_c25_s7,72,1.0
306196,bertopic,n15_c25_s7,5,0.12939677133097988
306237,bertopic,n15_c25_s7,17,0.7437502451982584
306352,bertopic,n15_c25_s7,7,0.2965877399382618
306457,bertopic,n15_c25_s7,59,1.0
306580,bertopic,n15_c25_s7,1,1.0
306934,bertopic,n15_c25_s7,-1,0.0
307195,bertopic,n15_c25_s7,34,1.0
307481,bertopic,n15_c25_s7,2,0.8914172992620822
307846,bertopic,n15_c25_s7,43,0.6399780479728857
307852,bertopic,n15_c25_s7,43,1.0
308189,bertopic,n15_c25_s7,44,0.9163959501786405
308198,bertopic,n15_c25_s7,1,1.0
308290,bertopic,n15_c25_s7,56,1.0
308415,bertopic,n15_c25_s7,3,1.0
308424,bertopic,n15_c25_s7,0,1.0
308545,bertopic,n15_c25_s7,11,1.0
308877,bertopic,n15_c25_s7,2,1.0
308967,bertopic,n15_c25_s7,5,0.6069894598806248
308992,bertopic,n15_c25_s7,22,1.0
309067,bertopic,n15_c25_s7,11,1.0
309411,bertopic,n15_c25_s7,-1,0.0
309482,bertopic,n15_c25_s7,48,1.0
309687,bertopic,n15_c25_s7,2,1.0
309756,bertopic,n15_c25_s7,47,1.0
310163,bertopic,n15_c25_s7,48,1.0
310334,bertopic,n15_c25_s7,46,1.0
310375,bertopic,n15_c25_s7,-1,0.0
310529,bertopic,n15_c25_s7,8,1.0
310598,bertopic,n15_c25_s7,9,1.0
310642,bertopic,n15_c25_s7,-1,0.0
310732,bertopic,n15_c25_s7,9,1.0
310742,bertopic,n15_c25_s7,24,1.0
310752,bertopic,n15_c25_s7,-1,0.0
310869,bertopic,n15_c25_s7,0,1.0
310995,bertopic,n15_c25_s7,6,1.0
311481,bertopic,n15_c25_s7,0,1.0
311548,bertopic,n15_c25_s7,4,1.0
311781,bertopic,n15_c25_s7,57,1.0
311805,bertopic,n15_c25_s7,55,1.0
312254,bertopic,n15_c25_s7,6,1.0
312348,bertopic,n15_c25_s7,2,0.9629244788638999
312498,bertopic,n15_c25_s7,2,1.0
312612,bertopic,n15_c25_s7,22,1.0
312634,bertopic,n15_c25_s7,2,0.8784723585489006
312658,bertopic,n15_c25_s7,47,1.0
312769,bertopic,n15_c25_s7,2,1.0
312837,bertopic,n15_c25_s7,2,1.0
312987,bertopic,n15_c25_s7,20,0.4147854127100434
313259,bertopic,n15_c25_s7,-1,0.0
313318,bertopic,n15_c25_s7,41,1.0
313507,bertopic,n15_c25_s7,5,0.9042480763873249
313981,bertopic,n15_c25_s7,11,0.9850054477270757
314101,bertopic,n15_c25_s7,52,1.0
314390,bertopic,n15_c25_s7,0,1.0
314446,bertopic,n15_c25_s7,-1,0.0
314671,bertopic,n15_c25_s7,57,0.1884591727763336
314706,bertopic,n15_c25_s7,3,1.0
315542,bertopic,n15_c25_s7,12,0.35537250811500504
315673,bertopic,n15_c25_s7,20,0.4147854127100434
315877,bertopic,n15_c25_s7,-1,0.0
316052,bertopic,n15_c25_s7,-1,0.0
316171,bertopic,n15_c25_s7,13,0.6094957539557893
316231,bertopic,n15_c25_s7,12,0.2999199383970398
316234,bertopic,n15_c25_s7,-1,0.0
316449,bertopic,n15_c25_s7,3,0.9368189105029452
316451,bertopic,n15_c25_s7,55,0.7331676266926909
316457,bertopic,n15_c25_s7,64,1.0
316465,bertopic,n15_c25_s7,-1,0.0
316477,bertopic,n15_c25_s7,10,0.10098355620801892
316531,bertopic,n15_c25_s7,12,1.0
316772,bertopic,n15_c25_s7,55,1.0
316929,bertopic,n15_c25_s7,0,1.0
316952,bertopic,n15_c25_s7,35,1.0
316989,bertopic,n15_c25_s7,13,0.700154563985052
317007,bertopic,n15_c25_s7,9,1.0
317029,bertopic,n15_c25_s7,-1,0.0
318527,bertopic,n15_c25_s7,11,0.9213246063663764
318923,bertopic,n15_c25_s7,7,0.657286713312015
319099,bertopic,n15_c25_s7,5,1.0
319625,bertopic,n15_c25_s7,1,1.0
319687,bertopic,n15_c25_s7,0,1.0
319944,bertopic,n15_c25_s7,8,0.3488395266707259
320180,bertopic,n15_c25_s7,0,0.7842133818705996
320374,bertopic,n15_c25_s7,0,1.0
320404,bertopic,n15_c25_s7,24,0.6901278548518641
320542,bertopic,n15_c25_s7,-1,0.0
320592,bertopic,n15_c25_s7,24,0.21433176464403125
321221,bertopic,n15_c25_s7,6,1.0
321544,bertopic,n15_c25_s7,6,1.0
321565,bertopic,n15_c25_s7,-1,0.0
321694,bertopic,n15_c25_s7,-1,0.0
321707,bertopic,n15_c25_s7,16,0.4846954714520116
321762,bertopic,n15_c25_s7,3,1.0
321777,bertopic,n15_c25_s7,-1,0.0
321831,bertopic,n15_c25_s7,3,1.0
322070,bertopic,n15_c25_s7,6,1.0
322214,bertopic,n15_c25_s7,22,0.35911762216112675
322428,bertopic,n15_c25_s7,6,0.7245093708497921
322442,bertopic,n15_c25_s7,-1,0.0
322618,bertopic,n15_c25_s7,-1,0.0
322884,bertopic,n15_c25_s7,54,1.0
323085,bertopic,n15_c25_s7,59,1.0
323182,bertopic,n15_c25_s7,44,1.0
323509,bertopic,n15_c25_s7,-1,0.0
324094,bertopic,n15_c25_s7,1,1.0
324551,bertopic,n15_c25_s7,6,1.0
325167,bertopic,n15_c25_s7,3,1.0
325597,bertopic,n15_c25_s7,12,0.3528756497555881
326466,bertopic,n15_c25_s7,9,1.0
326500,bertopic,n15_c25_s7,31,1.0
326560,bertopic,n15_c25_s7,29,1.0
326616,bertopic,n15_c25_s7,-1,0.0
326789,bertopic,n15_c25_s7,12,0.42208761493961716
326794,bertopic,n15_c25_s7,1,1.0
326797,bertopic,n15_c25_s7,22,0.6373366819821672
326822,bertopic,n15_c25_s7,12,0.6591681498619929
326969,bertopic,n15_c25_s7,32,0.5518362933049497
326987,bertopic,n15_c25_s7,24,1.0
327071,bertopic,n15_c25_s7,-1,0.0
327155,bertopic,n15_c25_s7,9,1.0
327629,bertopic,n15_c25_s7,-1,0.0
328646,bertopic,n15_c25_s7,67,1.0
328851,bertopic,n15_c25_s7,46,1.0
328868,bertopic,n15_c25_s7,22,0.23620924858620085
329041,bertopic,n15_c25_s7,-1,0.0
329043,bertopic,n15_c25_s7,40,0.08438880658769331
329447,bertopic,n15_c25_s7,5,1.0
329479,bertopic,n15_c25_s7,1,0.5591125008889717
329613,bertopic,n15_c25_s7,5,1.0
329624,bertopic,n15_c25_s7,13,0.7562726935518148
329829,bertopic,n15_c25_s7,7,1.0
330378,bertopic,n15_c25_s7,54,1.0
330757,bertopic,n15_c25_s7,61,1.0
331768,bertopic,n15_c25_s7,16,0.5516698783577519
331820,bertopic,n15_c25_s7,32,1.0
331878,bertopic,n15_c25_s7,-1,0.0
331937,bertopic,n15_c25_s7,-1,0.0
331985,bertopic,n15_c25_s7,2,1.0
332045,bertopic,n15_c25_s7,68,1.0
332413,bertopic,n15_c25_s7,-1,0.0
332451,bertopic,n15_c25_s7,0,1.0
332482,bertopic,n15_c25_s7,1,1.0
332513,bertopic,n15_c25_s7,1,1.0
332617,bertopic,n15_c25_s7,51,1.0
332966,bertopic,n15_c25_s7,59,1.0
332986,bertopic,n15_c25_s7,7,0.2965877399382618
333021,bertopic,n15_c25_s7,13,0.7573315838086261
333260,bertopic,n15_c25_s7,1,0.7639258892507703
333571,bertopic,n15_c25_s7,12,0.3113374137279242
333687,bertopic,n15_c25_s7,2,1.0
334172,bertopic,n15_c25_s7,-1,0.0
334243,bertopic,n15_c25_s7,-1,0.0
334550,bertopic,n15_c25_s7,68,1.0
334772,bertopic,n15_c25_s7,1,1.0
335061,bertopic,n15_c25_s7,58,1.0
335114,bertopic,n15_c25_s7,22,0.5034467271326977
335173,bertopic,n15_c25_s7,54,1.0
335239,bertopic,n15_c25_s7,38,0.3996714066577913
335401,bertopic,n15_c25_s7,14,0.48173438376852074
335766,bertopic,n15_c25_s7,0,1.0
335884,bertopic,n15_c25_s7,12,0.3367210553083057
336033,bertopic,n15_c25_s7,-1,0.0
336178,bertopic,n15_c25_s7,3,1.0
336531,bertopic,n15_c25_s7,33,0.3950567051265403
336535,bertopic,n15_c25_s7,0,0.6543327893049805
336591,bertopic,n15_c25_s7,10,0.10098355620801892
336692,bertopic,n15_c25_s7,58,1.0
336733,bertopic,n15_c25_s7,20,1.0
336896,bertopic,n15_c25_s7,22,1.0
337401,bertopic,n15_c25_s7,3,1.0
337596,bertopic,n15_c25_s7,-1,0.0
337610,bertopic,n15_c25_s7,27,0.3778713398383425
337631,bertopic,n15_c25_s7,27,1.0
337681,bertopic,n15_c25_s7,6,0.7159532545398538
337828,bertopic,n15_c25_s7,55,1.0
338070,bertopic,n15_c25_s7,1,1.0
338209,bertopic,n15_c25_s7,-1,0.0
338319,bertopic,n15_c25_s7,35,1.0
338777,bertopic,n15_c25_s7,35,1.0
338781,bertopic,n15_c25_s7,22,0.6648379753401902
339209,bertopic,n15_c25_s7,34,1.0
339230,bertopic,n15_c25_s7,29,0.7784929864455125
339345,bertopic,n15_c25_s7,12,1.0
339780,bertopic,n15_c25_s7,-1,0.0
340103,bertopic,n15_c25_s7,5,0.12939677133097988
340376,bertopic,n15_c25_s7,-1,0.0
340571,bertopic,n15_c25_s7,12,0.40839113279673006
341178,bertopic,n15_c25_s7,44,0.850773051230765
341476,bertopic,n15_c25_s7,13,1.0
341738,bertopic,n15_c25_s7,47,0.9117687988203411
342345,bertopic,n15_c25_s7,0,1.0
342417,bertopic,n15_c25_s7,12,0.35360471670145777
342509,bertopic,n15_c25_s7,24,0.5118954616563421
342627,bertopic,n15_c25_s7,10,0.10098355620801892
342826,bertopic,n15_c25_s7,2,1.0
342831,bertopic,n15_c25_s7,58,1.0
343034,bertopic,n15_c25_s7,8,1.0
343735,bertopic,n15_c25_s7,33,0.38699830689969567
343816,bertopic,n15_c25_s7,11,0.8990465817558317
343921,bertopic,n15_c25_s7,20,1.0
344002,bertopic,n15_c25_s7,3,1.0
344068,bertopic,n15_c25_s7,-1,0.0
344195,bertopic,n15_c25_s7,3,1.0
344196,bertopic,n15_c25_s7,3,0.9493543225630424
344864,bertopic,n15_c25_s7,-1,0.0
345405,bertopic,n15_c25_s7,7,0.2965877399382618
345444,bertopic,n15_c25_s7,-1,0.0
345565,bertopic,n15_c25_s7,9,1.0
345699,bertopic,n15_c25_s7,-1,0.0
345783,bertopic,n15_c25_s7,7,0.4431700084675816
345794,bertopic,n15_c25_s7,19,1.0
345883,bertopic,n15_c25_s7,51,1.0
345946,bertopic,n15_c25_s7,-1,0.0
346371,bertopic,n15_c25_s7,3,0.8036169207184265
346497,bertopic,n15_c25_s7,-1,0.0
346840,bertopic,n15_c25_s7,3,0.8413164283430039
346847,bertopic,n15_c25_s7,-1,0.0
346872,bertopic,n15_c25_s7,3,1.0
346929,bertopic,n15_c25_s7,-1,0.0
347086,bertopic,n15_c25_s7,-1,0.0
347156,bertopic,n15_c25_s7,53,1.0
347335,bertopic,n15_c25_s7,11,0.8990465817558317
347407,bertopic,n15_c25_s7,9,1.0
347424,bertopic,n15_c25_s7,0,1.0
347437,bertopic,n15_c25_s7,41,1.0
347523,bertopic,n15_c25_s7,27,0.9287017498384259
347559,bertopic,n15_c25_s7,67,1.0
347605,bertopic,n15_c25_s7,-1,0.0
347990,bertopic,n15_c25_s7,0,1.0
347991,bertopic,n15_c25_s7,59,1.0
348236,bertopic,n15_c25_s7,6,0.872288271293065
348757,bertopic,n15_c25_s7,6,1.0
349002,bertopic,n15_c25_s7,0,1.0
349026,bertopic,n15_c25_s7,55,0.9681242857147029
349135,bertopic,n15_c25_s7,1,1.0
349140,bertopic,n15_c25_s7,29,0.29267526828969076
349185,bertopic,n15_c25_s7,7,0.4431700084675816
349223,bertopic,n15_c25_s7,3,0.9682806278852332
349359,bertopic,n15_c25_s7,-1,0.0
349388,bertopic,n15_c25_s7,-1,0.0
349460,bertopic,n15_c25_s7,7,0.47958067327852644
349636,bertopic,n15_c25_s7,-1,0.0
349639,bertopic,n15_c25_s7,27,0.30922541649505303
349700,bertopic,n15_c25_s7,3,0.813973981413163
349833,bertopic,n15_c25_s7,3,0.9668841314314819
349844,bertopic,n15_c25_s7,-1,0.0
349959,bertopic,n15_c25_s7,9,1.0
350083,bertopic,n15_c25_s7,12,1.0
350165,bertopic,n15_c25_s7,2,0.8672129661050757
350181,bertopic,n15_c25_s7,-1,0.0
350222,bertopic,n15_c25_s7,58,1.0
350316,bertopic,n15_c25_s7,3,1.0
350352,bertopic,n15_c25_s7,59,1.0
350557,bertopic,n15_c25_s7,3,0.8533605973276226
350743,bertopic,n15_c25_s7,12,0.5852875483666085
350829,bertopic,n15_c25_s7,67,0.965981134882784
351208,bertopic,n15_c25_s7,-1,0.0
351226,bertopic,n15_c25_s7,30,0.15318450724159802
351568,bertopic,n15_c25_s7,24,1.0
352192,bertopic,n15_c25_s7,9,1.0
352193,bertopic,n15_c25_s7,10,0.08610954303248278
352236,bertopic,n15_c25_s7,-1,0.0
352407,bertopic,n15_c25_s7,15,0.7618324396477811
352440,bertopic,n15_c25_s7,8,0.6409507393061235
352743,bertopic,n15_c25_s7,59,1.0
352773,bertopic,n15_c25_s7,47,1.0
352880,bertopic,n15_c25_s7,44,1.0
353145,bertopic,n15_c25_s7,18,0.5636971970738166
353146,bertopic,n15_c25_s7,3,0.8906091081712236
353420,bertopic,n15_c25_s7,7,1.0
353637,bertopic,n15_c25_s7,-1,0.0
353654,bertopic,n15_c25_s7,54,1.0
353673,bertopic,n15_c25_s7,3,1.0
353749,bertopic,n15_c25_s7,3,1.0
353850,bertopic,n15_c25_s7,7,0.7113275970715879
354103,bertopic,n15_c25_s7,20,0.8716200270110253
354136,bertopic,n15_c25_s7,3,1.0
354258,bertopic,n15_c25_s7,-1,0.0
354378,bertopic,n15_c25_s7,3,0.9668841314314819
354406,bertopic,n15_c25_s7,20,0.8716200270110253
354527,bertopic,n15_c25_s7,-1,0.0
354544,bertopic,n15_c25_s7,0,1.0
354997,bertopic,n15_c25_s7,23,1.0
355001,bertopic,n15_c25_s7,17,0.46393071629261456
355024,bertopic,n15_c25_s7,66,1.0
355166,bertopic,n15_c25_s7,27,1.0
355343,bertopic,n15_c25_s7,-1,0.0
355357,bertopic,n15_c25_s7,44,1.0
355382,bertopic,n15_c25_s7,-1,0.0
355616,bertopic,n15_c25_s7,3,1.0
355630,bertopic,n15_c25_s7,3,1.0
355774,bertopic,n15_c25_s7,-1,0.0
355792,bertopic,n15_c25_s7,1,1.0
355796,bertopic,n15_c25_s7,0,0.4228433585763077
356281,bertopic,n15_c25_s7,11,0.8990465817558317
356855,bertopic,n15_c25_s7,19,1.0
356857,bertopic,n15_c25_s7,14,0.8460413333730503
358357,bertopic,n15_c25_s7,-1,0.0
358395,bertopic,n15_c25_s7,3,0.816030843902394
358889,bertopic,n15_c25_s7,11,0.9771237748402121
358925,bertopic,n15_c25_s7,23,0.902050072956589
358977,bertopic,n15_c25_s7,-1,0.0
359100,bertopic,n15_c25_s7,59,1.0
359205,bertopic,n15_c25_s7,9,1.0
359210,bertopic,n15_c25_s7,1,0.5591125008889717
359607,bertopic,n15_c25_s7,7,1.0
359623,bertopic,n15_c25_s7,53,1.0
359729,bertopic,n15_c25_s7,14,0.7063826982761652
359944,bertopic,n15_c25_s7,41,1.0
360267,bertopic,n15_c25_s7,3,0.8155775585162006
360683,bertopic,n15_c25_s7,59,1.0
360913,bertopic,n15_c25_s7,24,0.9926738041619856
361045,bertopic,n15_c25_s7,25,1.0
361123,bertopic,n15_c25_s7,-1,0.0
361392,bertopic,n15_c25_s7,-1,0.0
361594,bertopic,n15_c25_s7,-1,0.0
361804,bertopic,n15_c25_s7,49,1.0
361821,bertopic,n15_c25_s7,0,1.0
361869,bertopic,n15_c25_s7,-1,0.0
361975,bertopic,n15_c25_s7,9,1.0
362027,bertopic,n15_c25_s7,63,1.0
362116,bertopic,n15_c25_s7,27,0.3978471599440502
362266,bertopic,n15_c25_s7,-1,0.0
362434,bertopic,n15_c25_s7,0,0.37706177602425883
362435,bertopic,n15_c25_s7,51,0.9374132460476062
362600,bertopic,n15_c25_s7,11,0.8990465817558317
362613,bertopic,n15_c25_s7,-1,0.0
362730,bertopic,n15_c25_s7,3,1.0
362890,bertopic,n15_c25_s7,-1,0.0
362994,bertopic,n15_c25_s7,53,1.0
363081,bertopic,n15_c25_s7,1,1.0
363240,bertopic,n15_c25_s7,42,0.9371750679394755
363272,bertopic,n15_c25_s7,6,1.0
363322,bertopic,n15_c25_s7,0,0.5605696785095691
363461,bertopic,n15_c25_s7,-1,0.0
363508,bertopic,n15_c25_s7,11,0.8990465817558317
363524,bertopic,n15_c25_s7,-1,0.0
363606,bertopic,n15_c25_s7,24,0.14918191028317856
363617,bertopic,n15_c25_s7,20,0.8716200270110253
363767,bertopic,n15_c25_s7,41,1.0
363817,bertopic,n15_c25_s7,-1,0.0
363954,bertopic,n15_c25_s7,21,1.0
363959,bertopic,n15_c25_s7,-1,0.0
363969,bertopic,n15_c25_s7,21,1.0
364193,bertopic,n15_c25_s7,15,1.0
364226,bertopic,n15_c25_s7,-1,0.0
364252,bertopic,n15_c25_s7,-1,0.0
364285,bertopic,n15_c25_s7,0,0.7232159621535417
364293,bertopic,n15_c25_s7,-1,0.0
364313,bertopic,n15_c25_s7,15,1.0
364340,bertopic,n15_c25_s7,11,0.8990465817558317
364349,bertopic,n15_c25_s7,-1,0.0
364369,bertopic,n15_c25_s7,-1,0.0
364415,bertopic,n15_c25_s7,12,0.3176541522320247
364554,bertopic,n15_c25_s7,3,1.0
364562,bertopic,n15_c25_s7,-1,0.0
364587,bertopic,n15_c25_s7,3,0.8052752919801563
364612,bertopic,n15_c25_s7,-1,0.0
364613,bertopic,n15_c25_s7,0,0.8026245612846828
364845,bertopic,n15_c25_s7,34,0.4632748664955342
364986,bertopic,n15_c25_s7,3,1.0
365176,bertopic,n15_c25_s7,4,0.9992468202784859
365354,bertopic,n15_c25_s7,3,1.0
365449,bertopic,n15_c25_s7,-1,0.0
365468,bertopic,n15_c25_s7,16,1.0
365730,bertopic,n15_c25_s7,22,0.5938556840836484
365767,bertopic,n15_c25_s7,13,1.0
365801,bertopic,n15_c25_s7,61,1.0
365804,bertopic,n15_c25_s7,0,1.0
365926,bertopic,n15_c25_s7,4,0.4611946288253981
366285,bertopic,n15_c25_s7,25,1.0
366460,bertopic,n15_c25_s7,-1,0.0
366529,bertopic,n15_c25_s7,27,1.0
366938,bertopic,n15_c25_s7,12,0.433584913067213
366960,bertopic,n15_c25_s7,1,1.0
367212,bertopic,n15_c25_s7,20,1.0
367554,bertopic,n15_c25_s7,54,1.0
367848,bertopic,n15_c25_s7,61,1.0
367851,bertopic,n15_c25_s7,0,1.0
367852,bertopic,n15_c25_s7,0,1.0
368018,bertopic,n15_c25_s7,3,0.9669164801657149
368020,bertopic,n15_c25_s7,-1,0.0
368530,bertopic,n15_c25_s7,0,1.0
368560,bertopic,n15_c25_s7,4,0.9601531961540639
368648,bertopic,n15_c25_s7,0,0.3434194582411773
368729,bertopic,n15_c25_s7,19,1.0
368776,bertopic,n15_c25_s7,3,0.9053859615208378
368900,bertopic,n15_c25_s7,-1,0.0
369104,bertopic,n15_c25_s7,21,1.0
369148,bertopic,n15_c25_s7,0,1.0
369697,bertopic,n15_c25_s7,-1,0.0
370001,bertopic,n15_c25_s7,25,0.8060334855175693
370438,bertopic,n15_c25_s7,-1,0.0
370542,bertopic,n15_c25_s7,29,1.0
370556,bertopic,n15_c25_s7,29,1.0
370979,bertopic,n15_c25_s7,-1,0.0
370995,bertopic,n15_c25_s7,68,1.0
371086,bertopic,n15_c25_s7,0,1.0
371300,bertopic,n15_c25_s7,3,0.8517853036240369
371747,bertopic,n15_c25_s7,12,1.0
371976,bertopic,n15_c25_s7,3,0.8321829679950631
371981,bertopic,n15_c25_s7,53,0.6836846474177035
372026,bertopic,n15_c25_s7,3,1.0
372075,bertopic,n15_c25_s7,-1,0.0
372130,bertopic,n15_c25_s7,67,1.0
372378,bertopic,n15_c25_s7,1,0.9653227751286348
372396,bertopic,n15_c25_s7,-1,0.0
372397,bertopic,n15_c25_s7,49,0.9238241453045232
372435,bertopic,n15_c25_s7,3,0.9771716238475961
372668,bertopic,n15_c25_s7,7,0.2965877399382618
372672,bertopic,n15_c25_s7,0,1.0
372699,bertopic,n15_c25_s7,21,0.7558325531447295
372804,bertopic,n15_c25_s7,9,1.0
372987,bertopic,n15_c25_s7,9,1.0
373063,bertopic,n15_c25_s7,1,1.0
373168,bertopic,n15_c25_s7,20,0.4147854127100434
373318,bertopic,n15_c25_s7,7,0.30195863479813245
373359,bertopic,n15_c25_s7,11,0.9616581890216817
373373,bertopic,n15_c25_s7,5,1.0
373419,bertopic,n15_c25_s7,8,1.0
373440,bertopic,n15_c25_s7,2,1.0
373453,bertopic,n15_c25_s7,46,1.0
373536,bertopic,n15_c25_s7,2,1.0
373541,bertopic,n15_c25_s7,29,1.0
373567,bertopic,n15_c25_s7,10,0.10098355620801892
373686,bertopic,n15_c25_s7,70,1.0
373970,bertopic,n15_c25_s7,3,1.0
374413,bertopic,n15_c25_s7,8,1.0
374489,bertopic,n15_c25_s7,1,1.0
374496,bertopic,n15_c25_s7,1,1.0
374611,bertopic,n15_c25_s7,27,0.5661816807375092
374634,bertopic,n15_c25_s7,3,1.0
374666,bertopic,n15_c25_s7,-1,0.0
374801,bertopic,n15_c25_s7,1,0.8361008079663174
375062,bertopic,n15_c25_s7,5,0.2626283924769163
375111,bertopic,n15_c25_s7,30,0.15318450724159802
375119,bertopic,n15_c25_s7,33,1.0
375210,bertopic,n15_c25_s7,3,1.0
375223,bertopic,n15_c25_s7,2,0.8398917340592681
375243,bertopic,n15_c25_s7,-1,0.0
375381,bertopic,n15_c25_s7,3,1.0
375590,bertopic,n15_c25_s7,-1,0.0
375608,bertopic,n15_c25_s7,3,1.0
375682,bertopic,n15_c25_s7,-1,0.0
375820,bertopic,n15_c25_s7,23,0.5702177553900375
375824,bertopic,n15_c25_s7,12,0.3113374137279242
376330,bertopic,n15_c25_s7,13,0.2682685648246753
376554,bertopic,n15_c25_s7,57,1.0
376828,bertopic,n15_c25_s7,9,1.0
376939,bertopic,n15_c25_s7,11,0.92933909502483
377253,bertopic,n15_c25_s7,1,1.0
377373,bertopic,n15_c25_s7,0,1.0
377897,bertopic,n15_c25_s7,31,0.8475117232522289
377918,bertopic,n15_c25_s7,38,0.3123842846047199
377955,bertopic,n15_c25_s7,5,1.0
378167,bertopic,n15_c25_s7,1,1.0
378248,bertopic,n15_c25_s7,42,0.6045627885260205
378413,bertopic,n15_c25_s7,20,0.4147854127100434
378472,bertopic,n15_c25_s7,-1,0.0
378868,bertopic,n15_c25_s7,0,1.0
379171,bertopic,n15_c25_s7,3,1.0
379369,bertopic,n15_c25_s7,11,0.927280499117489
379568,bertopic,n15_c25_s7,-1,0.0
379757,bertopic,n15_c25_s7,11,1.0
379842,bertopic,n15_c25_s7,-1,0.0
379954,bertopic,n15_c25_s7,6,1.0
380168,bertopic,n15_c25_s7,2,0.7145311770872137
380169,bertopic,n15_c25_s7,11,0.9859061998091221
380170,bertopic,n15_c25_s7,3,1.0
380179,bertopic,n15_c25_s7,4,1.0
380361,bertopic,n15_c25_s7,4,1.0
380406,bertopic,n15_c25_s7,-1,0.0
380732,bertopic,n15_c25_s7,3,1.0
381397,bertopic,n15_c25_s7,1,0.5591125008889717
381731,bertopic,n15_c25_s7,34,1.0
382628,bertopic,n15_c25_s7,-1,0.0
382913,bertopic,n15_c25_s7,-1,0.0
383177,bertopic,n15_c25_s7,45,1.0
383402,bertopic,n15_c25_s7,34,1.0
383442,bertopic,n15_c25_s7,51,1.0
383664,bertopic,n15_c25_s7,9,1.0
384102,bertopic,n15_c25_s7,2,0.9652494757424722
384199,bertopic,n15_c25_s7,3,1.0
384438,bertopic,n15_c25_s7,13,0.3578659162003597
384749,bertopic,n15_c25_s7,2,1.0
384797,bertopic,n15_c25_s7,68,1.0
384900,bertopic,n15_c25_s7,2,1.0
385053,bertopic,n15_c25_s7,29,1.0
385102,bertopic,n15_c25_s7,59,1.0
385220,bertopic,n15_c25_s7,11,0.8791287142930087
385277,bertopic,n15_c25_s7,9,1.0
385397,bertopic,n15_c25_s7,8,0.39627083140761393
385591,bertopic,n15_c25_s7,-1,0.0
385771,bertopic,n15_c25_s7,49,1.0
385791,bertopic,n15_c25_s7,2,0.9396147630758029
385819,bertopic,n15_c25_s7,3,0.9205193164969006
385918,bertopic,n15_c25_s7,5,1.0
386722,bertopic,n15_c25_s7,10,0.08808466785280897
387235,bertopic,n15_c25_s7,0,1.0
389475,bertopic,n15_c25_s7,5,1.0
390533,bertopic,n15_c25_s7,12,1.0
390564,bertopic,n15_c25_s7,25,0.5152811151624362
392330,bertopic,n15_c25_s7,53,0.9524808442623407
393831,bertopic,n15_c25_s7,15,0.6474799093495273
394655,bertopic,n15_c25_s7,0,1.0
395842,bertopic,n15_c25_s7,-1,0.0
397292,bertopic,n15_c25_s7,3,0.9702529455384357
397671,bertopic,n15_c25_s7,10,0.3769531627503811
398523,bertopic,n15_c25_s7,50,1.0
399236,bertopic,n15_c25_s7,56,0.8583604896914511
399758,bertopic,n15_c25_s7,59,1.0
399794,bertopic,n15_c25_s7,1,1.0
399796,bertopic,n15_c25_s7,-1,0.0
399896,bertopic,n15_c25_s7,29,0.7866198025449985
399942,bertopic,n15_c25_s7,13,0.6458022550856901
399951,bertopic,n15_c25_s7,-1,0.0
400011,bertopic,n15_c25_s7,8,1.0
400030,bertopic,n15_c25_s7,54,1.0
400052,bertopic,n15_c25_s7,42,0.2436889405650515
400095,bertopic,n15_c25_s7,9,1.0
400125,bertopic,n15_c25_s7,-1,0.0
400335,bertopic,n15_c25_s7,53,1.0
400337,bertopic,n15_c25_s7,47,1.0
400390,bertopic,n15_c25_s7,-1,0.0
400458,bertopic,n15_c25_s7,40,0.1174418703244514
400841,bertopic,n15_c25_s7,51,1.0
400868,bertopic,n15_c25_s7,1,0.7747611844243071
400956,bertopic,n15_c25_s7,20,0.8716200270110253
400994,bertopic,n15_c25_s7,59,1.0
401406,bertopic,n15_c25_s7,0,1.0
401542,bertopic,n15_c25_s7,29,1.0
401596,bertopic,n15_c25_s7,44,1.0
402065,bertopic,n15_c25_s7,-1,0.0
402458,bertopic,n15_c25_s7,17,0.5324985956305286
402907,bertopic,n15_c25_s7,11,0.8990465817558317
403133,bertopic,n15_c25_s7,45,0.993098299441469
403359,bertopic,n15_c25_s7,1,0.7639258892507703
403437,bertopic,n15_c25_s7,4,1.0
403993,bertopic,n15_c25_s7,-1,0.0
404356,bertopic,n15_c25_s7,34,1.0
404748,bertopic,n15_c25_s7,66,1.0
405026,bertopic,n15_c25_s7,-1,0.0
405270,bertopic,n15_c25_s7,22,1.0
405488,bertopic,n15_c25_s7,34,1.0
405909,bertopic,n15_c25_s7,41,1.0
406072,bertopic,n15_c25_s7,7,0.4346404919436866
406162,bertopic,n15_c25_s7,5,1.0
406192,bertopic,n15_c25_s7,8,0.39627083140761393
406273,bertopic,n15_c25_s7,34,0.33556146642669127
406310,bertopic,n15_c25_s7,7,0.2929112034274836
406331,bertopic,n15_c25_s7,6,0.9701838083435347
406364,bertopic,n15_c25_s7,36,1.0
406509,bertopic,n15_c25_s7,1,0.9408158092965289
406638,bertopic,n15_c25_s7,11,1.0
406642,bertopic,n15_c25_s7,7,0.45476542930760583
406712,bertopic,n15_c25_s7,8,0.48922682470195256
406733,bertopic,n15_c25_s7,39,0.4204543960625052
406856,bertopic,n15_c25_s7,-1,0.0
406872,bertopic,n15_c25_s7,9,1.0
407706,bertopic,n15_c25_s7,-1,0.0
408607,bertopic,n15_c25_s7,1,1.0
409005,bertopic,n15_c25_s7,-1,0.0
409869,bertopic,n15_c25_s7,23,0.5029187832529359
410378,bertopic,n15_c25_s7,2,0.7145311770872137
410422,bertopic,n15_c25_s7,33,0.6813972512811995
410469,bertopic,n15_c25_s7,51,0.281415102970233
410583,bertopic,n15_c25_s7,22,0.6651581241302577
410601,bertopic,n15_c25_s7,-1,0.0
410602,bertopic,n15_c25_s7,-1,0.0
410639,bertopic,n15_c25_s7,-1,0.0
410714,bertopic,n15_c25_s7,10,0.10098355620801892
410730,bertopic,n15_c25_s7,6,1.0
410770,bertopic,n15_c25_s7,8,0.45921751440673336
410793,bertopic,n15_c25_s7,22,1.0
410812,bertopic,n15_c25_s7,52,1.0
410824,bertopic,n15_c25_s7,33,0.9670895750517876
410850,bertopic,n15_c25_s7,6,1.0
410941,bertopic,n15_c25_s7,3,0.9668841314314819
410967,bertopic,n15_c25_s7,0,1.0
411099,bertopic,n15_c25_s7,22,0.13140620757845484
411227,bertopic,n15_c25_s7,15,0.7586400893161108
411242,bertopic,n15_c25_s7,59,1.0
411446,bertopic,n15_c25_s7,0,1.0
411475,bertopic,n15_c25_s7,32,1.0
411549,bertopic,n15_c25_s7,20,1.0
411566,bertopic,n15_c25_s7,10,0.10098355620801892
411571,bertopic,n15_c25_s7,54,1.0
411583,bertopic,n15_c25_s7,1,0.7639258892507703
411584,bertopic,n15_c25_s7,52,1.0
411605,bertopic,n15_c25_s7,13,1.0
411714,bertopic,n15_c25_s7,51,1.0
412054,bertopic,n15_c25_s7,16,0.3809252544569443
412209,bertopic,n15_c25_s7,64,0.45421137959608476
412276,bertopic,n15_c25_s7,14,0.7085185989378876
412349,bertopic,n15_c25_s7,9,1.0
413027,bertopic,n15_c25_s7,5,1.0
413813,bertopic,n15_c25_s7,-1,0.0
413883,bertopic,n15_c25_s7,63,1.0
414006,bertopic,n15_c25_s7,1,1.0
414031,bertopic,n15_c25_s7,0,1.0
414299,bertopic,n15_c25_s7,30,0.861781974026605
414612,bertopic,n15_c25_s7,13,0.700154563985052
414743,bertopic,n15_c25_s7,70,1.0
415423,bertopic,n15_c25_s7,2,1.0
415781,bertopic,n15_c25_s7,2,1.0
415795,bertopic,n15_c25_s7,8,0.783879266393229
415888,bertopic,n15_c25_s7,6,0.7159532545398538
415973,bertopic,n15_c25_s7,35,1.0
416061,bertopic,n15_c25_s7,-1,0.0
416180,bertopic,n15_c25_s7,33,0.3901343627284385
416309,bertopic,n15_c25_s7,30,0.15318450724159802
416588,bertopic,n15_c25_s7,9,1.0
416664,bertopic,n15_c25_s7,-1,0.0
416737,bertopic,n15_c25_s7,-1,0.0
416743,bertopic,n15_c25_s7,24,0.2730432921680421
416754,bertopic,n15_c25_s7,51,1.0
416785,bertopic,n15_c25_s7,-1,0.0
416805,bertopic,n15_c25_s7,10,0.10098355620801892
416814,bertopic,n15_c25_s7,55,1.0
416834,bertopic,n15_c25_s7,0,1.0
416863,bertopic,n15_c25_s7,1,1.0
417199,bertopic,n15_c25_s7,-1,0.0
417221,bertopic,n15_c25_s7,39,0.9858135198353472
417252,bertopic,n15_c25_s7,2,1.0
417296,bertopic,n15_c25_s7,-1,0.0
417325,bertopic,n15_c25_s7,31,0.6991672605781869
417779,bertopic,n15_c25_s7,9,1.0
417863,bertopic,n15_c25_s7,10,0.36530125764047944
418042,bertopic,n15_c25_s7,29,1.0
418249,bertopic,n15_c25_s7,1,0.5591125008889717
418389,bertopic,n15_c25_s7,12,1.0
418544,bertopic,n15_c25_s7,51,1.0
418940,bertopic,n15_c25_s7,13,0.37188124907758763
419092,bertopic,n15_c25_s7,10,0.39752616400682306
419200,bertopic,n15_c25_s7,14,0.8301959284704269
419293,bertopic,n15_c25_s7,59,1.0
419579,bertopic,n15_c25_s7,46,1.0
419946,bertopic,n15_c25_s7,3,0.9806489789404883
420359,bertopic,n15_c25_s7,-1,0.0
421213,bertopic,n15_c25_s7,61,1.0
421370,bertopic,n15_c25_s7,-1,0.0
421384,bertopic,n15_c25_s7,51,1.0
421399,bertopic,n15_c25_s7,31,1.0
421523,bertopic,n15_c25_s7,1,1.0
421641,bertopic,n15_c25_s7,11,0.9519742982077768
421682,bertopic,n15_c25_s7,0,0.38200991325158046
421828,bertopic,n15_c25_s7,16,0.3977898889010085
421981,bertopic,n15_c25_s7,29,0.8617872708018863
422047,bertopic,n15_c25_s7,9,1.0
422084,bertopic,n15_c25_s7,24,0.5889113312623134
422272,bertopic,n15_c25_s7,70,1.0
422645,bertopic,n15_c25_s7,27,0.308539175735255
424106,bertopic,n15_c25_s7,10,0.10098355620801892
424374,bertopic,n15_c25_s7,22,0.6433440832272765
424711,bertopic,n15_c25_s7,-1,0.0
425154,bertopic,n15_c25_s7,0,1.0
425202,bertopic,n15_c25_s7,-1,0.0
425300,bertopic,n15_c25_s7,59,1.0
425664,bertopic,n15_c25_s7,16,0.4956037232978743
425830,bertopic,n15_c25_s7,45,1.0
426180,bertopic,n15_c25_s7,-1,0.0
426210,bertopic,n15_c25_s7,0,1.0
426230,bertopic,n15_c25_s7,-1,0.0
426323,bertopic,n15_c25_s7,-1,0.0
426452,bertopic,n15_c25_s7,-1,0.0
426476,bertopic,n15_c25_s7,72,1.0
426614,bertopic,n15_c25_s7,27,0.308539175735255
426646,bertopic,n15_c25_s7,-1,0.0
426700,bertopic,n15_c25_s7,6,1.0
427023,bertopic,n15_c25_s7,8,0.9409122638303831
427185,bertopic,n15_c25_s7,32,1.0
427552,bertopic,n15_c25_s7,16,0.7227831556146319
427604,bertopic,n15_c25_s7,6,1.0
427932,bertopic,n15_c25_s7,19,0.3980563539405187
427942,bertopic,n15_c25_s7,27,1.0
428456,bertopic,n15_c25_s7,8,1.0
428710,bertopic,n15_c25_s7,20,1.0
429070,bertopic,n15_c25_s7,-1,0.0
429410,bertopic,n15_c25_s7,5,0.7981282674157837
429420,bertopic,n15_c25_s7,6,1.0
429948,bertopic,n15_c25_s7,68,1.0
429993,bertopic,n15_c25_s7,51,1.0
430143,bertopic,n15_c25_s7,2,1.0
430348,bertopic,n15_c25_s7,-1,0.0
430368,bertopic,n15_c25_s7,10,0.10098355620801892
430380,bertopic,n15_c25_s7,-1,0.0
430542,bertopic,n15_c25_s7,35,1.0
430739,bertopic,n15_c25_s7,7,0.44235276121062733
430874,bertopic,n15_c25_s7,19,0.6520707400951601
431240,bertopic,n15_c25_s7,13,0.49024109179831893
431280,bertopic,n15_c25_s7,6,0.7159532545398538
431405,bertopic,n15_c25_s7,0,1.0
431716,bertopic,n15_c25_s7,-1,0.0
431737,bertopic,n15_c25_s7,1,0.9763479386835096
431838,bertopic,n15_c25_s7,1,1.0
431928,bertopic,n15_c25_s7,-1,0.0
431987,bertopic,n15_c25_s7,58,1.0
432036,bertopic,n15_c25_s7,8,0.39627083140761393
432064,bertopic,n15_c25_s7,54,1.0
432081,bertopic,n15_c25_s7,8,0.8717474048905599
432128,bertopic,n15_c25_s7,-1,0.0
432142,bertopic,n15_c25_s7,1,1.0
432188,bertopic,n15_c25_s7,13,0.4559090715140167
432201,bertopic,n15_c25_s7,46,0.41159839231110734
432273,bertopic,n15_c25_s7,2,1.0
432282,bertopic,n15_c25_s7,5,0.2757170018252928
432293,bertopic,n15_c25_s7,-1,0.0
432308,bertopic,n15_c25_s7,21,1.0
432405,bertopic,n15_c25_s7,29,1.0
432500,bertopic,n15_c25_s7,-1,0.0
432573,bertopic,n15_c25_s7,-1,0.0
432874,bertopic,n15_c25_s7,12,0.3523458184989178
432956,bertopic,n15_c25_s7,47,0.904744409805717
433026,bertopic,n15_c25_s7,59,1.0
433050,bertopic,n15_c25_s7,49,1.0
433217,bertopic,n15_c25_s7,10,0.10098355620801892
433539,bertopic,n15_c25_s7,2,1.0
433811,bertopic,n15_c25_s7,-1,0.0
433844,bertopic,n15_c25_s7,20,0.4147854127100434
433901,bertopic,n15_c25_s7,67,1.0
434863,bertopic,n15_c25_s7,17,0.5573036666280702
435016,bertopic,n15_c25_s7,1,0.9388264564106423
435344,bertopic,n15_c25_s7,9,1.0
435632,bertopic,n15_c25_s7,47,1.0
435705,bertopic,n15_c25_s7,-1,0.0
435972,bertopic,n15_c25_s7,11,0.8612381877830659
435994,bertopic,n15_c25_s7,-1,0.0
436015,bertopic,n15_c25_s7,21,0.8209763356148386
436192,bertopic,n15_c25_s7,-1,0.0
436354,bertopic,n15_c25_s7,35,1.0
436430,bertopic,n15_c25_s7,47,1.0
436472,bertopic,n15_c25_s7,34,0.5066298929022771
436500,bertopic,n15_c25_s7,-1,0.0
436545,bertopic,n15_c25_s7,24,0.40821811605667163
436747,bertopic,n15_c25_s7,10,0.10098355620801892
436820,bertopic,n15_c25_s7,52,1.0
436919,bertopic,n15_c25_s7,5,1.0
436961,bertopic,n15_c25_s7,31,0.7973165184252623
436965,bertopic,n15_c25_s7,32,1.0
437039,bertopic,n15_c25_s7,-1,0.0
437146,bertopic,n15_c25_s7,19,0.3980563539405187
437291,bertopic,n15_c25_s7,-1,0.0
437371,bertopic,n15_c25_s7,1,1.0
437429,bertopic,n15_c25_s7,-1,0.0
437446,bertopic,n15_c25_s7,1,0.9763479386835096
437461,bertopic,n15_c25_s7,-1,0.0
437471,bertopic,n15_c25_s7,4,0.7688998633735606
437519,bertopic,n15_c25_s7,13,0.8402475142259427
437537,bertopic,n15_c25_s7,-1,0.0
437582,bertopic,n15_c25_s7,13,0.4559090715140167
438876,bertopic,n15_c25_s7,2,0.9686195759061879
438905,bertopic,n15_c25_s7,9,1.0
438920,bertopic,n15_c25_s7,53,1.0
439044,bertopic,n15_c25_s7,9,1.0
439481,bertopic,n15_c25_s7,47,1.0
439601,bertopic,n15_c25_s7,-1,0.0
439609,bertopic,n15_c25_s7,13,1.0
439833,bertopic,n15_c25_s7,-1,0.0
439902,bertopic,n15_c25_s7,32,0.559961998749863
440280,bertopic,n15_c25_s7,21,0.3758266342991944
440299,bertopic,n15_c25_s7,-1,0.0
440355,bertopic,n15_c25_s7,-1,0.0
440418,bertopic,n15_c25_s7,2,1.0
440443,bertopic,n15_c25_s7,9,1.0
440529,bertopic,n15_c25_s7,22,0.2685723851350501
440690,bertopic,n15_c25_s7,32,0.9168316359848016
440719,bertopic,n15_c25_s7,1,1.0
440801,bertopic,n15_c25_s7,34,1.0
440806,bertopic,n15_c25_s7,13,0.4060632074074276
440908,bertopic,n15_c25_s7,3,0.9703034865132011
440919,bertopic,n15_c25_s7,7,0.5187496227637078
440924,bertopic,n15_c25_s7,12,0.3063425089897776
440955,bertopic,n15_c25_s7,3,1.0
441037,bertopic,n15_c25_s7,12,0.3360906495946364
441127,bertopic,n15_c25_s7,0,0.9125547872725334
441312,bertopic,n15_c25_s7,31,1.0
441314,bertopic,n15_c25_s7,61,1.0
441480,bertopic,n15_c25_s7,24,0.39963769614031563
441491,bertopic,n15_c25_s7,20,1.0
441563,bertopic,n15_c25_s7,9,1.0
441624,bertopic,n15_c25_s7,24,0.40066985569689123
441717,bertopic,n15_c25_s7,16,0.4945843548348584
441964,bertopic,n15_c25_s7,27,0.308539175735255
442031,bertopic,n15_c25_s7,2,1.0
442054,bertopic,n15_c25_s7,5,1.0
442293,bertopic,n15_c25_s7,-1,0.0
442316,bertopic,n15_c25_s7,-1,0.0
442463,bertopic,n15_c25_s7,12,0.625023443472385
442476,bertopic,n15_c25_s7,37,1.0
442486,bertopic,n15_c25_s7,1,1.0
442635,bertopic,n15_c25_s7,42,0.5592330566874214
442647,bertopic,n15_c25_s7,15,1.0
442817,bertopic,n15_c25_s7,11,1.0
442842,bertopic,n15_c25_s7,8,0.39627083140761393
442873,bertopic,n15_c25_s7,0,0.86001883431076
442900,bertopic,n15_c25_s7,3,0.862270986398001
443029,bertopic,n15_c25_s7,10,0.4454368217501394
443179,bertopic,n15_c25_s7,-1,0.0
443180,bertopic,n15_c25_s7,11,0.9558631030956555
443196,bertopic,n15_c25_s7,-1,0.0
443393,bertopic,n15_c25_s7,2,1.0
443401,bertopic,n15_c25_s7,11,1.0
443405,bertopic,n15_c25_s7,14,0.7085185989378876
443462,bertopic,n15_c25_s7,4,1.0
443555,bertopic,n15_c25_s7,1,1.0
443618,bertopic,n15_c25_s7,34,0.8623614736856446
443777,bertopic,n15_c25_s7,23,0.4257498660403839
443843,bertopic,n15_c25_s7,7,0.37246335155456284
443870,bertopic,n15_c25_s7,1,1.0
443871,bertopic,n15_c25_s7,1,1.0
444055,bertopic,n15_c25_s7,7,0.5158406430878176
444057,bertopic,n15_c25_s7,11,1.0
444104,bertopic,n15_c25_s7,-1,0.0
444181,bertopic,n15_c25_s7,40,1.0
444344,bertopic,n15_c25_s7,12,0.3390686972267458
444371,bertopic,n15_c25_s7,39,0.14231997476103875
444439,bertopic,n15_c25_s7,6,1.0
444561,bertopic,n15_c25_s7,27,0.308539175735255
444803,bertopic,n15_c25_s7,50,1.0
444832,bertopic,n15_c25_s7,9,0.8467828981338789
445494,bertopic,n15_c25_s7,3,1.0
445857,bertopic,n15_c25_s7,4,1.0
445867,bertopic,n15_c25_s7,54,1.0
445956,bertopic,n15_c25_s7,5,1.0
446064,bertopic,n15_c25_s7,32,0.5421631972446462
446319,bertopic,n15_c25_s7,-1,0.0
446324,bertopic,n15_c25_s7,23,0.4039829436986255
446379,bertopic,n15_c25_s7,1,1.0
446490,bertopic,n15_c25_s7,13,0.6825865980900299
446522,bertopic,n15_c25_s7,10,0.10098355620801892
446581,bertopic,n15_c25_s7,-1,0.0
446623,bertopic,n15_c25_s7,-1,0.0
446710,bertopic,n15_c25_s7,-1,0.0
446777,bertopic,n15_c25_s7,1,1.0
446902,bertopic,n15_c25_s7,15,0.804362644692937
446927,bertopic,n15_c25_s7,68,1.0
446956,bertopic,n15_c25_s7,30,0.15318450724159802
446957,bertopic,n15_c25_s7,50,1.0
446958,bertopic,n15_c25_s7,38,0.3481950554181563
447010,bertopic,n15_c25_s7,66,1.0
447073,bertopic,n15_c25_s7,-1,0.0
447095,bertopic,n15_c25_s7,11,0.9898329376203844
447123,bertopic,n15_c25_s7,9,1.0
447125,bertopic,n15_c25_s7,12,0.3777229381197618
447429,bertopic,n15_c25_s7,1,1.0
449355,bertopic,n15_c25_s7,29,0.8413800647597881
449680,bertopic,n15_c25_s7,10,0.4999577607761159
450038,bertopic,n15_c25_s7,1,1.0
450056,bertopic,n15_c25_s7,51,1.0
450066,bertopic,n15_c25_s7,50,1.0
450128,bertopic,n15_c25_s7,-1,0.0
450227,bertopic,n15_c25_s7,20,0.9906652209751446
450231,bertopic,n15_c25_s7,-1,0.0
450272,bertopic,n15_c25_s7,3,1.0
450292,bertopic,n15_c25_s7,39,1.0
450360,bertopic,n15_c25_s7,2,0.8864581164014375
450364,bertopic,n15_c25_s7,12,0.8325313127284538
450446,bertopic,n15_c25_s7,0,0.7898215960246392
450553,bertopic,n15_c25_s7,11,0.8460893964612387
450596,bertopic,n15_c25_s7,30,1.0
450715,bertopic,n15_c25_s7,3,1.0
450766,bertopic,n15_c25_s7,6,1.0
450804,bertopic,n15_c25_s7,47,0.7946913517538392
450805,bertopic,n15_c25_s7,58,1.0
451002,bertopic,n15_c25_s7,-1,0.0
451025,bertopic,n15_c25_s7,-1,0.0
451077,bertopic,n15_c25_s7,3,1.0
451223,bertopic,n15_c25_s7,16,1.0
453369,bertopic,n15_c25_s7,-1,0.0
453386,bertopic,n15_c25_s7,15,1.0
453392,bertopic,n15_c25_s7,8,0.47544210000163656
453457,bertopic,n15_c25_s7,-1,0.0
453459,bertopic,n15_c25_s7,-1,0.0
453483,bertopic,n15_c25_s7,13,0.4559090715140167
453595,bertopic,n15_c25_s7,-1,0.0
453643,bertopic,n15_c25_s7,0,1.0
453678,bertopic,n15_c25_s7,6,1.0
453699,bertopic,n15_c25_s7,54,1.0
453721,bertopic,n15_c25_s7,-1,0.0
453738,bertopic,n15_c25_s7,-1,0.0
453778,bertopic,n15_c25_s7,-1,0.0
453786,bertopic,n15_c25_s7,10,0.10098355620801892
453843,bertopic,n15_c25_s7,-1,0.0
453858,bertopic,n15_c25_s7,40,1.0
454168,bertopic,n15_c25_s7,-1,0.0
454675,bertopic,n15_c25_s7,30,0.931065862479339
455316,bertopic,n15_c25_s7,59,1.0
455374,bertopic,n15_c25_s7,8,0.5070051693574018
455404,bertopic,n15_c25_s7,43,1.0
455502,bertopic,n15_c25_s7,12,0.3652275541698142
455676,bertopic,n15_c25_s7,32,0.6698229150662
455693,bertopic,n15_c25_s7,13,0.5688086328317533
456011,bertopic,n15_c25_s7,33,1.0
456920,bertopic,n15_c25_s7,56,1.0
457247,bertopic,n15_c25_s7,-1,0.0
457271,bertopic,n15_c25_s7,13,0.9047059355285998
457301,bertopic,n15_c25_s7,20,1.0
457323,bertopic,n15_c25_s7,1,1.0
457352,bertopic,n15_c25_s7,-1,0.0
457417,bertopic,n15_c25_s7,-1,0.0
457430,bertopic,n15_c25_s7,22,1.0
457438,bertopic,n15_c25_s7,2,1.0
457513,bertopic,n15_c25_s7,5,0.25860824371536306
457530,bertopic,n15_c25_s7,19,0.33911111721177867
457574,bertopic,n15_c25_s7,25,1.0
457646,bertopic,n15_c25_s7,67,1.0
457650,bertopic,n15_c25_s7,30,1.0
457678,bertopic,n15_c25_s7,33,0.6210056001478088
457682,bertopic,n15_c25_s7,-1,0.0
457758,bertopic,n15_c25_s7,7,0.2965877399382618
458664,bertopic,n15_c25_s7,16,1.0
459503,bertopic,n15_c25_s7,2,1.0
459535,bertopic,n15_c25_s7,14,0.9375586138447893
459544,bertopic,n15_c25_s7,4,1.0
459576,bertopic,n15_c25_s7,25,1.0
459584,bertopic,n15_c25_s7,-1,0.0
459605,bertopic,n15_c25_s7,3,1.0
459618,bertopic,n15_c25_s7,9,0.5545876459144886
459658,bertopic,n15_c25_s7,3,0.8519097678326129
459684,bertopic,n15_c25_s7,15,0.804362644692937
459724,bertopic,n15_c25_s7,10,0.26625497904661916
459733,bertopic,n15_c25_s7,13,0.7895510693351262
459735,bertopic,n15_c25_s7,40,1.0
459768,bertopic,n15_c25_s7,46,0.48066697704783246
459774,bertopic,n15_c25_s7,9,1.0
459887,bertopic,n15_c25_s7,35,1.0
459888,bertopic,n15_c25_s7,47,1.0
459900,bertopic,n15_c25_s7,-1,0.0
459918,bertopic,n15_c25_s7,4,1.0
459969,bertopic,n15_c25_s7,-1,0.0
460287,bertopic,n15_c25_s7,0,1.0
461040,bertopic,n15_c25_s7,19,1.0
461287,bertopic,n15_c25_s7,5,1.0
461333,bertopic,n15_c25_s7,1,1.0
461337,bertopic,n15_c25_s7,50,1.0
461387,bertopic,n15_c25_s7,2,1.0
461399,bertopic,n15_c25_s7,-1,0.0
461405,bertopic,n15_c25_s7,9,1.0
461467,bertopic,n15_c25_s7,51,0.6147474955700697
461530,bertopic,n15_c25_s7,-1,0.0
461544,bertopic,n15_c25_s7,-1,0.0
461612,bertopic,n15_c25_s7,27,0.43664566725817827
461658,bertopic,n15_c25_s7,-1,0.0
461704,bertopic,n15_c25_s7,7,0.7231755329749837
461751,bertopic,n15_c25_s7,32,0.6611158282980445
461759,bertopic,n15_c25_s7,19,0.4341528525967382
462095,bertopic,n15_c25_s7,5,0.12939677133097988
463196,bertopic,n15_c25_s7,0,1.0
463323,bertopic,n15_c25_s7,1,0.7747611844243071
463443,bertopic,n15_c25_s7,-1,0.0
463533,bertopic,n15_c25_s7,20,1.0
463575,bertopic,n15_c25_s7,30,1.0
463653,bertopic,n15_c25_s7,25,0.9952482059054368
463679,bertopic,n15_c25_s7,-1,0.0
463689,bertopic,n15_c25_s7,-1,0.0
463804,bertopic,n15_c25_s7,11,0.8476076861932266
463935,bertopic,n15_c25_s7,-1,0.0
464032,bertopic,n15_c25_s7,16,0.8691203399290123
464041,bertopic,n15_c25_s7,10,0.10098355620801892
464042,bertopic,n15_c25_s7,-1,0.0
464082,bertopic,n15_c25_s7,15,0.8766672318120331
464092,bertopic,n15_c25_s7,35,1.0
464100,bertopic,n15_c25_s7,2,0.8561182858090517
464111,bertopic,n15_c25_s7,34,0.30753532355701846
464208,bertopic,n15_c25_s7,29,1.0
464536,bertopic,n15_c25_s7,59,1.0
465432,bertopic,n15_c25_s7,19,0.6660581950031431
465781,bertopic,n15_c25_s7,-1,0.0
465844,bertopic,n15_c25_s7,-1,0.0
465866,bertopic,n15_c25_s7,10,0.09067477300235834
465913,bertopic,n15_c25_s7,11,0.8892480004037164
465926,bertopic,n15_c25_s7,40,1.0
465945,bertopic,n15_c25_s7,-1,0.0
466029,bertopic,n15_c25_s7,32,1.0
466125,bertopic,n15_c25_s7,1,1.0
466164,bertopic,n15_c25_s7,51,1.0
466207,bertopic,n15_c25_s7,-1,0.0
466216,bertopic,n15_c25_s7,1,1.0
466336,bertopic,n15_c25_s7,16,0.7017834448563469
466399,bertopic,n15_c25_s7,1,0.5591125008889717
466437,bertopic,n15_c25_s7,1,1.0
466467,bertopic,n15_c25_s7,12,0.3450614090427061
466476,bertopic,n15_c25_s7,-1,0.0
466492,bertopic,n15_c25_s7,35,0.9454485627450541
466520,bertopic,n15_c25_s7,59,1.0
467327,bertopic,n15_c25_s7,40,1.0
467945,bertopic,n15_c25_s7,-1,0.0
468316,bertopic,n15_c25_s7,16,1.0
468557,bertopic,n15_c25_s7,13,0.700154563985052
468562,bertopic,n15_c25_s7,24,1.0
468595,bertopic,n15_c25_s7,56,1.0
468651,bertopic,n15_c25_s7,-1,0.0
468652,bertopic,n15_c25_s7,0,0.6531772438416187
469100,bertopic,n15_c25_s7,1,1.0
469225,bertopic,n15_c25_s7,3,1.0
469920,bertopic,n15_c25_s7,-1,0.0
471063,bertopic,n15_c25_s7,-1,0.0
471085,bertopic,n15_c25_s7,41,1.0
471416,bertopic,n15_c25_s7,35,1.0
471430,bertopic,n15_c25_s7,4,1.0
471445,bertopic,n15_c25_s7,7,0.2965877399382618
471638,bertopic,n15_c25_s7,15,1.0
471661,bertopic,n15_c25_s7,-1,0.0
471675,bertopic,n15_c25_s7,-1,0.0
471703,bertopic,n15_c25_s7,49,1.0
471759,bertopic,n15_c25_s7,0,1.0
471912,bertopic,n15_c25_s7,11,0.9519742982077768
471933,bertopic,n15_c25_s7,11,0.9436538628050195
471939,bertopic,n15_c25_s7,72,1.0
471973,bertopic,n15_c25_s7,37,1.0
473216,bertopic,n15_c25_s7,11,0.8751834510329491
473286,bertopic,n15_c25_s7,38,0.3481950554181563
473793,bertopic,n15_c25_s7,-1,0.0
474289,bertopic,n15_c25_s7,49,1.0
474337,bertopic,n15_c25_s7,6,1.0
474487,bertopic,n15_c25_s7,47,0.8305105637955404
474538,bertopic,n15_c25_s7,3,0.9294549808689567
474898,bertopic,n15_c25_s7,22,0.7324117806276311
475795,bertopic,n15_c25_s7,1,0.5591125008889717
476332,bertopic,n15_c25_s7,16,0.6030618718043639
476927,bertopic,n15_c25_s7,5,1.0
476963,bertopic,n15_c25_s7,-1,0.0
476968,bertopic,n15_c25_s7,19,0.632163460863792
476978,bertopic,n15_c25_s7,64,1.0
477077,bertopic,n15_c25_s7,65,1.0
477088,bertopic,n15_c25_s7,8,0.9502715368704907
477101,bertopic,n15_c25_s7,24,1.0
477106,bertopic,n15_c25_s7,10,0.4349578178809842
477235,bertopic,n15_c25_s7,-1,0.0
477305,bertopic,n15_c25_s7,12,1.0
477370,bertopic,n15_c25_s7,22,0.25063103011129884
477437,bertopic,n15_c25_s7,-1,0.0
477459,bertopic,n15_c25_s7,13,0.4559090715140167
477539,bertopic,n15_c25_s7,-1,0.0
477635,bertopic,n15_c25_s7,30,0.15318450724159802
477658,bertopic,n15_c25_s7,38,1.0
477660,bertopic,n15_c25_s7,60,0.8056296327863707
477682,bertopic,n15_c25_s7,16,0.9223922652631544
478016,bertopic,n15_c25_s7,9,0.856687797063379
478817,bertopic,n15_c25_s7,8,0.39627083140761393
478943,bertopic,n15_c25_s7,58,1.0
479036,bertopic,n15_c25_s7,46,1.0
479099,bertopic,n15_c25_s7,70,1.0
479410,bertopic,n15_c25_s7,8,0.5892649445877065
479415,bertopic,n15_c25_s7,3,0.9668841314314819
479431,bertopic,n15_c25_s7,59,1.0
479438,bertopic,n15_c25_s7,-1,0.0
479522,bertopic,n15_c25_s7,14,0.6175885704816165
479581,bertopic,n15_c25_s7,-1,0.0
479583,bertopic,n15_c25_s7,2,1.0
479614,bertopic,n15_c25_s7,4,0.90717159387888
479619,bertopic,n15_c25_s7,-1,0.0
479651,bertopic,n15_c25_s7,55,1.0
479838,bertopic,n15_c25_s7,1,0.5591125008889717
479873,bertopic,n15_c25_s7,59,1.0
479921,bertopic,n15_c25_s7,27,0.45332563538148024
479926,bertopic,n15_c25_s7,-1,0.0
479980,bertopic,n15_c25_s7,54,1.0
479986,bertopic,n15_c25_s7,11,0.9231303627270213
480028,bertopic,n15_c25_s7,39,0.11971540205516612
480768,bertopic,n15_c25_s7,50,1.0
480783,bertopic,n15_c25_s7,1,0.9684663614409986
481646,bertopic,n15_c25_s7,0,1.0
481749,bertopic,n15_c25_s7,1,1.0
481767,bertopic,n15_c25_s7,29,1.0
481820,bertopic,n15_c25_s7,-1,0.0
482152,bertopic,n15_c25_s7,-1,0.0
482238,bertopic,n15_c25_s7,-1,0.0
482241,bertopic,n15_c25_s7,1,0.7639258892507703
482319,bertopic,n15_c25_s7,-1,0.0
482353,bertopic,n15_c25_s7,59,0.9692520999357583
482421,bertopic,n15_c25_s7,11,1.0
482627,bertopic,n15_c25_s7,3,1.0
483784,bertopic,n15_c25_s7,25,1.0
483838,bertopic,n15_c25_s7,25,0.7493798550916895
483988,bertopic,n15_c25_s7,-1,0.0
484073,bertopic,n15_c25_s7,3,0.8414826974502054
484079,bertopic,n15_c25_s7,-1,0.0
484115,bertopic,n15_c25_s7,9,1.0
484157,bertopic,n15_c25_s7,1,0.3285090576880802
484220,bertopic,n15_c25_s7,45,1.0
484288,bertopic,n15_c25_s7,8,0.9221987253120799
484435,bertopic,n15_c25_s7,7,0.30195863479813245
484439,bertopic,n15_c25_s7,13,0.700154563985052
484456,bertopic,n15_c25_s7,22,1.0
484608,bertopic,n15_c25_s7,46,1.0
484629,bertopic,n15_c25_s7,1,1.0
484751,bertopic,n15_c25_s7,23,0.4691507545245863
484858,bertopic,n15_c25_s7,-1,0.0
485518,bertopic,n15_c25_s7,-1,0.0
486011,bertopic,n15_c25_s7,9,1.0
486798,bertopic,n15_c25_s7,22,0.20109052784111087
486860,bertopic,n15_c25_s7,3,1.0
486861,bertopic,n15_c25_s7,27,0.308539175735255
486877,bertopic,n15_c25_s7,0,1.0
486978,bertopic,n15_c25_s7,66,1.0
487012,bertopic,n15_c25_s7,20,0.4147854127100434
487016,bertopic,n15_c25_s7,8,0.36511731719637947
487085,bertopic,n15_c25_s7,-1,0.0
487216,bertopic,n15_c25_s7,44,1.0
487977,bertopic,n15_c25_s7,13,0.7683956771730668
488172,bertopic,n15_c25_s7,2,1.0
488824,bertopic,n15_c25_s7,19,0.642215076991599
488825,bertopic,n15_c25_s7,63,1.0
488844,bertopic,n15_c25_s7,6,0.7020010002583158
488874,bertopic,n15_c25_s7,33,1.0
488913,bertopic,n15_c25_s7,1,1.0
489064,bertopic,n15_c25_s7,1,1.0
489107,bertopic,n15_c25_s7,18,0.5862514052310203
489114,bertopic,n15_c25_s7,60,1.0
489163,bertopic,n15_c25_s7,33,0.6207702302282726
489221,bertopic,n15_c25_s7,-1,0.0
489234,bertopic,n15_c25_s7,-1,0.0
489263,bertopic,n15_c25_s7,3,1.0
489337,bertopic,n15_c25_s7,-1,0.0
489439,bertopic,n15_c25_s7,-1,0.0
489482,bertopic,n15_c25_s7,20,0.4147854127100434
489530,bertopic,n15_c25_s7,60,1.0
489559,bertopic,n15_c25_s7,10,0.09566074817524937
489653,bertopic,n15_c25_s7,21,0.6031787847842431
489735,bertopic,n15_c25_s7,10,0.09427955596524568
489819,bertopic,n15_c25_s7,60,0.9624391669109568
491067,bertopic,n15_c25_s7,-1,0.0
491375,bertopic,n15_c25_s7,-1,0.0
491428,bertopic,n15_c25_s7,2,1.0
491542,bertopic,n15_c25_s7,9,1.0
491548,bertopic,n15_c25_s7,-1,0.0
491598,bertopic,n15_c25_s7,1,0.5591125008889717
491620,bertopic,n15_c25_s7,14,0.5543476808229486
491822,bertopic,n15_c25_s7,5,0.8640954544775074
492212,bertopic,n15_c25_s7,0,1.0
493979,bertopic,n15_c25_s7,2,1.0
494027,bertopic,n15_c25_s7,-1,0.0
494031,bertopic,n15_c25_s7,-1,0.0
494115,bertopic,n15_c25_s7,35,0.8895870798939847
494161,bertopic,n15_c25_s7,4,1.0
494229,bertopic,n15_c25_s7,14,1.0
494282,bertopic,n15_c25_s7,4,0.48289375684571956
494525,bertopic,n15_c25_s7,2,1.0
494626,bertopic,n15_c25_s7,59,1.0
494723,bertopic,n15_c25_s7,31,0.8475117232522289
496131,bertopic,n15_c25_s7,46,1.0
496220,bertopic,n15_c25_s7,-1,0.0
496252,bertopic,n15_c25_s7,8,1.0
496366,bertopic,n15_c25_s7,58,1.0
496445,bertopic,n15_c25_s7,29,1.0
496447,bertopic,n15_c25_s7,51,0.933960787746632
496606,bertopic,n15_c25_s7,-1,0.0
496752,bertopic,n15_c25_s7,-1,0.0
496800,bertopic,n15_c25_s7,-1,0.0
496813,bertopic,n15_c25_s7,-1,0.0
496913,bertopic,n15_c25_s7,31,0.6809017928743845
496952,bertopic,n15_c25_s7,25,0.8032467546115466
496962,bertopic,n15_c25_s7,-1,0.0
497038,bertopic,n15_c25_s7,29,1.0
497100,bertopic,n15_c25_s7,30,1.0
497255,bertopic,n15_c25_s7,-1,0.0
497274,bertopic,n15_c25_s7,4,1.0
497296,bertopic,n15_c25_s7,-1,0.0
497304,bertopic,n15_c25_s7,39,1.0
497322,bertopic,n15_c25_s7,9,1.0
497392,bertopic,n15_c25_s7,-1,0.0
497413,bertopic,n15_c25_s7,10,0.08937639228683857
497497,bertopic,n15_c25_s7,21,0.8209763356148386
497505,bertopic,n15_c25_s7,32,0.8958303828331902
497555,bertopic,n15_c25_s7,-1,0.0
497666,bertopic,n15_c25_s7,16,0.5795436113741826
497718,bertopic,n15_c25_s7,58,0.71279326783972
497727,bertopic,n15_c25_s7,-1,0.0
497750,bertopic,n15_c25_s7,-1,0.0
497856,bertopic,n15_c25_s7,7,0.30195863479813245
497874,bertopic,n15_c25_s7,21,0.3758266342991944
497890,bertopic,n15_c25_s7,11,0.9519742982077768
497893,bertopic,n15_c25_s7,22,1.0
498063,bertopic,n15_c25_s7,34,0.38721952115600716
498085,bertopic,n15_c25_s7,-1,0.0
498088,bertopic,n15_c25_s7,33,0.39347481686100144
498101,bertopic,n15_c25_s7,44,0.9070512618815048
498246,bertopic,n15_c25_s7,-1,0.0
498337,bertopic,n15_c25_s7,12,0.7620019816211542
498671,bertopic,n15_c25_s7,10,0.43057703123638796
498912,bertopic,n15_c25_s7,51,1.0
498918,bertopic,n15_c25_s7,2,1.0
498964,bertopic,n15_c25_s7,13,0.6592231139787715
498969,bertopic,n15_c25_s7,1,1.0
499000,bertopic,n15_c25_s7,68,1.0
499097,bertopic,n15_c25_s7,16,0.7921631614136966
499113,bertopic,n15_c25_s7,15,0.804362644692937
499154,bertopic,n15_c25_s7,2,0.8521137487980178
499189,bertopic,n15_c25_s7,57,1.0
499248,bertopic,n15_c25_s7,-1,0.0
499278,bertopic,n15_c25_s7,1,0.9763479386835096
499333,bertopic,n15_c25_s7,-1,0.0
499356,bertopic,n15_c25_s7,-1,0.0
499390,bertopic,n15_c25_s7,19,0.5444549962703505
499418,bertopic,n15_c25_s7,-1,0.0
499439,bertopic,n15_c25_s7,-1,0.0
499463,bertopic,n15_c25_s7,-1,0.0
500081,bertopic,n15_c25_s7,21,0.3758266342991944
500196,bertopic,n15_c25_s7,0,1.0
500279,bertopic,n15_c25_s7,44,0.6813166310183354
500333,bertopic,n15_c25_s7,68,1.0
500345,bertopic,n15_c25_s7,-1,0.0
500537,bertopic,n15_c25_s7,30,0.15318450724159802
502006,bertopic,n15_c25_s7,66,1.0
503632,bertopic,n15_c25_s7,-1,0.0
503778,bertopic,n15_c25_s7,44,1.0
505906,bertopic,n15_c25_s7,45,1.0
506635,bertopic,n15_c25_s7,1,0.9609412338208098
506955,bertopic,n15_c25_s7,-1,0.0
507122,bertopic,n15_c25_s7,6,1.0
508115,bertopic,n15_c25_s7,63,1.0
508869,bertopic,n15_c25_s7,-1,0.0
508937,bertopic,n15_c25_s7,2,1.0
509506,bertopic,n15_c25_s7,18,1.0
511170,bertopic,n15_c25_s7,21,0.3758266342991944
511179,bertopic,n15_c25_s7,13,0.4879336799996646
511252,bertopic,n15_c25_s7,58,1.0
511331,bertopic,n15_c25_s7,7,0.28809879718402387
511345,bertopic,n15_c25_s7,7,0.6814751507651626
511399,bertopic,n15_c25_s7,22,1.0
511565,bertopic,n15_c25_s7,14,0.4997358282227917
511588,bertopic,n15_c25_s7,21,0.3758266342991944
511730,bertopic,n15_c25_s7,-1,0.0
511777,bertopic,n15_c25_s7,-1,0.0
511797,bertopic,n15_c25_s7,48,1.0
511823,bertopic,n15_c25_s7,1,1.0
511827,bertopic,n15_c25_s7,-1,0.0
511961,bertopic,n15_c25_s7,63,0.2618778607749229
511962,bertopic,n15_c25_s7,17,0.6986820567104725
512005,bertopic,n15_c25_s7,17,0.563982560869399
512013,bertopic,n15_c25_s7,17,0.5018644021425233
512039,bertopic,n15_c25_s7,1,1.0
512057,bertopic,n15_c25_s7,17,0.36169200982442
512300,bertopic,n15_c25_s7,8,0.3661997747387418
512473,bertopic,n15_c25_s7,0,1.0
512660,bertopic,n15_c25_s7,-1,0.0
512733,bertopic,n15_c25_s7,38,0.3481950554181563
512832,bertopic,n15_c25_s7,1,0.3285090576880802
512852,bertopic,n15_c25_s7,-1,0.0
512924,bertopic,n15_c25_s7,53,1.0
513063,bertopic,n15_c25_s7,33,0.4117623117794133
513118,bertopic,n15_c25_s7,-1,0.0
513363,bertopic,n15_c25_s7,4,1.0
513460,bertopic,n15_c25_s7,72,1.0
513500,bertopic,n15_c25_s7,3,0.9668841314314819
513642,bertopic,n15_c25_s7,12,0.433584913067213
513775,bertopic,n15_c25_s7,1,1.0
513805,bertopic,n15_c25_s7,-1,0.0
513841,bertopic,n15_c25_s7,25,1.0
514057,bertopic,n15_c25_s7,32,1.0
514133,bertopic,n15_c25_s7,38,1.0
514176,bertopic,n15_c25_s7,10,0.10233885570532061
514182,bertopic,n15_c25_s7,38,1.0
514664,bertopic,n15_c25_s7,38,1.0
514787,bertopic,n15_c25_s7,17,0.6171960832720753
514805,bertopic,n15_c25_s7,39,0.7055380701433892
514832,bertopic,n15_c25_s7,8,0.5070051693574018
514860,bertopic,n15_c25_s7,12,0.795960741482947
514938,bertopic,n15_c25_s7,32,1.0
514960,bertopic,n15_c25_s7,3,0.8132547060027719
514974,bertopic,n15_c25_s7,-1,0.0
515042,bertopic,n15_c25_s7,18,0.5236217205977441
515080,bertopic,n15_c25_s7,-1,0.0
515136,bertopic,n15_c25_s7,12,0.433584913067213
515159,bertopic,n15_c25_s7,29,1.0
515219,bertopic,n15_c25_s7,15,0.910215034995398
515272,bertopic,n15_c25_s7,-1,0.0
515699,bertopic,n15_c25_s7,-1,0.0
515842,bertopic,n15_c25_s7,4,1.0
515927,bertopic,n15_c25_s7,72,1.0
515958,bertopic,n15_c25_s7,25,0.5152811151624362
516092,bertopic,n15_c25_s7,15,0.9860029414111223
516109,bertopic,n15_c25_s7,0,1.0
516293,bertopic,n15_c25_s7,22,1.0
516330,bertopic,n15_c25_s7,-1,0.0
516367,bertopic,n15_c25_s7,15,0.9051086501744441
516403,bertopic,n15_c25_s7,14,0.4895615422532479
516408,bertopic,n15_c25_s7,27,0.32181512054955075
516409,bertopic,n15_c25_s7,1,0.3285090576880802
516421,bertopic,n15_c25_s7,14,0.871371547560218
516440,bertopic,n15_c25_s7,61,1.0
516488,bertopic,n15_c25_s7,45,1.0
517090,bertopic,n15_c25_s7,-1,0.0
517138,bertopic,n15_c25_s7,12,0.29709539864094014
517204,bertopic,n15_c25_s7,72,1.0
517420,bertopic,n15_c25_s7,0,1.0
517505,bertopic,n15_c25_s7,29,0.8667598678399847
517550,bertopic,n15_c25_s7,3,1.0
517674,bertopic,n15_c25_s7,45,1.0
517758,bertopic,n15_c25_s7,66,1.0
517821,bertopic,n15_c25_s7,0,1.0
517822,bertopic,n15_c25_s7,45,1.0
517838,bertopic,n15_c25_s7,1,1.0
517852,bertopic,n15_c25_s7,45,1.0
517981,bertopic,n15_c25_s7,1,1.0
518213,bertopic,n15_c25_s7,-1,0.0
518246,bertopic,n15_c25_s7,1,1.0
518263,bertopic,n15_c25_s7,1,1.0
518483,bertopic,n15_c25_s7,-1,0.0
518526,bertopic,n15_c25_s7,1,1.0
518600,bertopic,n15_c25_s7,31,0.8475117232522289
518770,bertopic,n15_c25_s7,-1,0.0
518930,bertopic,n15_c25_s7,1,0.3285090576880802
519054,bertopic,n15_c25_s7,60,0.8039409425916699
519122,bertopic,n15_c25_s7,-1,0.0
519227,bertopic,n15_c25_s7,-1,0.0
519285,bertopic,n15_c25_s7,8,0.4258563945054574
519442,bertopic,n15_c25_s7,25,1.0
519454,bertopic,n15_c25_s7,8,0.44556656185565274
519497,bertopic,n15_c25_s7,38,0.3927907851218079
519678,bertopic,n15_c25_s7,21,1.0
519737,bertopic,n15_c25_s7,0,1.0
519768,bertopic,n15_c25_s7,-1,0.0
520270,bertopic,n15_c25_s7,23,0.5010158527372129
520379,bertopic,n15_c25_s7,3,0.8247597480358042
520436,bertopic,n15_c25_s7,-1,0.0
520508,bertopic,n15_c25_s7,-1,0.0
520596,bertopic,n15_c25_s7,1,1.0
520696,bertopic,n15_c25_s7,68,1.0
520721,bertopic,n15_c25_s7,-1,0.0
521362,bertopic,n15_c25_s7,-1,0.0
521484,bertopic,n15_c25_s7,23,0.7294266773273055
521891,bertopic,n15_c25_s7,57,1.0
521904,bertopic,n15_c25_s7,12,0.323095305216463
522426,bertopic,n15_c25_s7,0,1.0
522438,bertopic,n15_c25_s7,0,1.0
522469,bertopic,n15_c25_s7,15,0.7971749570657138
522791,bertopic,n15_c25_s7,19,0.5434028884498853
523019,bertopic,n15_c25_s7,31,0.990603065375531
523222,bertopic,n15_c25_s7,0,1.0
523316,bertopic,n15_c25_s7,-1,0.0
523377,bertopic,n15_c25_s7,31,0.777255379008929
523538,bertopic,n15_c25_s7,0,1.0
523850,bertopic,n15_c25_s7,0,1.0
523908,bertopic,n15_c25_s7,23,1.0
524036,bertopic,n15_c25_s7,5,1.0
524145,bertopic,n15_c25_s7,58,1.0
524190,bertopic,n15_c25_s7,40,1.0
524511,bertopic,n15_c25_s7,22,0.9376570338381348
524536,bertopic,n15_c25_s7,1,1.0
524630,bertopic,n15_c25_s7,57,1.0
524757,bertopic,n15_c25_s7,0,1.0
524928,bertopic,n15_c25_s7,-1,0.0
524986,bertopic,n15_c25_s7,7,1.0
525124,bertopic,n15_c25_s7,25,1.0
525133,bertopic,n15_c25_s7,64,1.0
525139,bertopic,n15_c25_s7,33,0.5078799446042898
525194,bertopic,n15_c25_s7,-1,0.0
525300,bertopic,n15_c25_s7,72,1.0
525367,bertopic,n15_c25_s7,13,0.4559090715140167
525409,bertopic,n15_c25_s7,4,0.5355348267830488
525412,bertopic,n15_c25_s7,25,0.8336184990888716
525456,bertopic,n15_c25_s7,4,1.0
525516,bertopic,n15_c25_s7,40,1.0
525732,bertopic,n15_c25_s7,3,1.0
525922,bertopic,n15_c25_s7,29,1.0
525979,bertopic,n15_c25_s7,22,0.36697204953750967
526042,bertopic,n15_c25_s7,24,0.529873007626201
526238,bertopic,n15_c25_s7,-1,0.0
526366,bertopic,n15_c25_s7,66,0.513045273436302
526532,bertopic,n15_c25_s7,5,1.0
526678,bertopic,n15_c25_s7,7,0.5597307909152442
526726,bertopic,n15_c25_s7,25,1.0
526886,bertopic,n15_c25_s7,0,1.0
526947,bertopic,n15_c25_s7,16,0.3809252544569443
526953,bertopic,n15_c25_s7,25,1.0
526970,bertopic,n15_c25_s7,31,0.719791290412844
527032,bertopic,n15_c25_s7,-1,0.0
527100,bertopic,n15_c25_s7,17,1.0
527102,bertopic,n15_c25_s7,17,0.8548408430451779
527245,bertopic,n15_c25_s7,40,0.978097882007026
527272,bertopic,n15_c25_s7,14,0.7818747514199924
527358,bertopic,n15_c25_s7,38,1.0
527538,bertopic,n15_c25_s7,55,1.0
527542,bertopic,n15_c25_s7,15,1.0
527555,bertopic,n15_c25_s7,19,0.3980563539405187
527579,bertopic,n15_c25_s7,16,1.0
527763,bertopic,n15_c25_s7,-1,0.0
527928,bertopic,n15_c25_s7,38,0.3124350774608664
528014,bertopic,n15_c25_s7,60,1.0
528219,bertopic,n15_c25_s7,33,1.0
528257,bertopic,n15_c25_s7,1,1.0
528287,bertopic,n15_c25_s7,31,1.0
528469,bertopic,n15_c25_s7,72,1.0
528560,bertopic,n15_c25_s7,14,0.6725701222523754
528562,bertopic,n15_c25_s7,5,1.0
528614,bertopic,n15_c25_s7,40,1.0
528663,bertopic,n15_c25_s7,12,0.433584913067213
528701,bertopic,n15_c25_s7,14,0.7085185989378876
528715,bertopic,n15_c25_s7,14,0.7085185989378876
528747,bertopic,n15_c25_s7,0,1.0
528750,bertopic,n15_c25_s7,61,1.0
528769,bertopic,n15_c25_s7,0,1.0
528783,bertopic,n15_c25_s7,0,1.0
528784,bertopic,n15_c25_s7,0,1.0
528785,bertopic,n15_c25_s7,0,1.0
528799,bertopic,n15_c25_s7,0,0.9389659576714118
528806,bertopic,n15_c25_s7,0,1.0
528994,bertopic,n15_c25_s7,1,1.0
529019,bertopic,n15_c25_s7,64,1.0
529024,bertopic,n15_c25_s7,33,1.0
529054,bertopic,n15_c25_s7,0,1.0
529298,bertopic,n15_c25_s7,-1,0.0
529411,bertopic,n15_c25_s7,12,0.3420837744515005
529430,bertopic,n15_c25_s7,-1,0.0
529729,bertopic,n15_c25_s7,6,0.8381393741276556
530150,bertopic,n15_c25_s7,13,0.591758597990588
530361,bertopic,n15_c25_s7,72,1.0
530398,bertopic,n15_c25_s7,29,1.0
530405,bertopic,n15_c25_s7,0,1.0
530436,bertopic,n15_c25_s7,14,0.5973228352290896
530451,bertopic,n15_c25_s7,40,0.09779312816231307
530462,bertopic,n15_c25_s7,-1,0.0
530489,bertopic,n15_c25_s7,45,1.0
530549,bertopic,n15_c25_s7,24,0.6079409951225709
530658,bertopic,n15_c25_s7,3,1.0
530817,bertopic,n15_c25_s7,-1,0.0
530840,bertopic,n15_c25_s7,-1,0.0
530871,bertopic,n15_c25_s7,13,0.4559090715140167
530990,bertopic,n15_c25_s7,5,0.9333380501107384
531039,bertopic,n15_c25_s7,61,1.0
531051,bertopic,n15_c25_s7,23,0.5011838180675574
531151,bertopic,n15_c25_s7,-1,0.0
531339,bertopic,n15_c25_s7,22,0.9581562428876951
531459,bertopic,n15_c25_s7,64,0.48631719051594613
531474,bertopic,n15_c25_s7,17,0.8168312897348374
531490,bertopic,n15_c25_s7,1,1.0
531522,bertopic,n15_c25_s7,-1,0.0
531531,bertopic,n15_c25_s7,1,1.0
531537,bertopic,n15_c25_s7,1,1.0
531554,bertopic,n15_c25_s7,25,0.9385993872304808
531594,bertopic,n15_c25_s7,24,0.5835864979574364
531597,bertopic,n15_c25_s7,11,0.8624022276413404
531615,bertopic,n15_c25_s7,24,1.0
531744,bertopic,n15_c25_s7,-1,0.0
531745,bertopic,n15_c25_s7,24,1.0
531801,bertopic,n15_c25_s7,1,1.0
531894,bertopic,n15_c25_s7,24,1.0
531964,bertopic,n15_c25_s7,24,0.4011239215633783
531978,bertopic,n15_c25_s7,14,0.7085185989378876
531987,bertopic,n15_c25_s7,-1,0.0
532013,bertopic,n15_c25_s7,0,1.0
532151,bertopic,n15_c25_s7,7,0.5435091488858954
532231,bertopic,n15_c25_s7,0,1.0
532235,bertopic,n15_c25_s7,4,1.0
532242,bertopic,n15_c25_s7,35,1.0
532245,bertopic,n15_c25_s7,40,0.08979896446304278
532266,bertopic,n15_c25_s7,4,1.0
532268,bertopic,n15_c25_s7,-1,0.0
532278,bertopic,n15_c25_s7,48,1.0
532325,bertopic,n15_c25_s7,14,1.0
532346,bertopic,n15_c25_s7,13,1.0
532373,bertopic,n15_c25_s7,14,0.6336729789749784
532416,bertopic,n15_c25_s7,14,0.7085185989378876
532425,bertopic,n15_c25_s7,15,0.6151874676828814
532443,bertopic,n15_c25_s7,-1,0.0
532449,bertopic,n15_c25_s7,15,0.9860029414111223
532513,bertopic,n15_c25_s7,19,0.3361789968050778
532573,bertopic,n15_c25_s7,22,1.0
532644,bertopic,n15_c25_s7,22,1.0
532654,bertopic,n15_c25_s7,14,0.7239421250887396
532663,bertopic,n15_c25_s7,22,1.0
532672,bertopic,n15_c25_s7,15,0.804362644692937
532693,bertopic,n15_c25_s7,0,1.0
532716,bertopic,n15_c25_s7,-1,0.0
532781,bertopic,n15_c25_s7,1,1.0
532782,bertopic,n15_c25_s7,0,1.0
532799,bertopic,n15_c25_s7,-1,0.0
532812,bertopic,n15_c25_s7,19,0.34834775087779835
532823,bertopic,n15_c25_s7,-1,0.0
532828,bertopic,n15_c25_s7,14,0.7354537958374451
532896,bertopic,n15_c25_s7,56,0.6235352906318619
532914,bertopic,n15_c25_s7,36,0.5059641398100776
532953,bertopic,n15_c25_s7,17,0.43153322393781846
533057,bertopic,n15_c25_s7,11,1.0
533058,bertopic,n15_c25_s7,31,0.7053000811652032
533085,bertopic,n15_c25_s7,1,1.0
533196,bertopic,n15_c25_s7,11,0.9519742982077768
533242,bertopic,n15_c25_s7,0,1.0
533250,bertopic,n15_c25_s7,0,1.0
533262,bertopic,n15_c25_s7,-1,0.0
533285,bertopic,n15_c25_s7,8,0.41835476470772787
533288,bertopic,n15_c25_s7,-1,0.0
533306,bertopic,n15_c25_s7,-1,0.0
533407,bertopic,n15_c25_s7,-1,0.0
533428,bertopic,n15_c25_s7,-1,0.0
533642,bertopic,n15_c25_s7,-1,0.0
533835,bertopic,n15_c25_s7,45,1.0
533845,bertopic,n15_c25_s7,15,0.8702323677826312
533871,bertopic,n15_c25_s7,63,1.0
533882,bertopic,n15_c25_s7,9,0.9327037428968814
533917,bertopic,n15_c25_s7,8,0.39627083140761393
533998,bertopic,n15_c25_s7,28,0.8592061053134654
534007,bertopic,n15_c25_s7,25,0.5152811151624362
534077,bertopic,n15_c25_s7,14,0.6279488596575993
534195,bertopic,n15_c25_s7,-1,0.0
534290,bertopic,n15_c25_s7,24,0.8641977836998733
534308,bertopic,n15_c25_s7,8,0.45178848645525954
534363,bertopic,n15_c25_s7,16,0.36462072837670984
534382,bertopic,n15_c25_s7,7,0.30195863479813245
534472,bertopic,n15_c25_s7,58,1.0
534489,bertopic,n15_c25_s7,-1,0.0
534509,bertopic,n15_c25_s7,1,1.0
534534,bertopic,n15_c25_s7,-1,0.0
534575,bertopic,n15_c25_s7,3,1.0
534716,bertopic,n15_c25_s7,-1,0.0
534884,bertopic,n15_c25_s7,-1,0.0
534886,bertopic,n15_c25_s7,72,1.0
534985,bertopic,n15_c25_s7,2,1.0
535092,bertopic,n15_c25_s7,27,0.308539175735255
535101,bertopic,n15_c25_s7,2,1.0
535122,bertopic,n15_c25_s7,24,1.0
535230,bertopic,n15_c25_s7,72,1.0
535237,bertopic,n15_c25_s7,24,0.9537856247214843
535242,bertopic,n15_c25_s7,17,0.876437896188341
535311,bertopic,n15_c25_s7,7,0.49120863658251246
535323,bertopic,n15_c25_s7,14,0.48043103497018613
535451,bertopic,n15_c25_s7,24,0.43020578419806876
535473,bertopic,n15_c25_s7,19,1.0
535564,bertopic,n15_c25_s7,4,1.0
535633,bertopic,n15_c25_s7,-1,0.0
535724,bertopic,n15_c25_s7,60,1.0
535802,bertopic,n15_c25_s7,52,1.0
535817,bertopic,n15_c25_s7,2,1.0
535879,bertopic,n15_c25_s7,14,0.5460128329126984
535909,bertopic,n15_c25_s7,13,1.0
536024,bertopic,n15_c25_s7,22,0.5546937941348178
536518,bertopic,n15_c25_s7,6,1.0
536545,bertopic,n15_c25_s7,6,1.0
536605,bertopic,n15_c25_s7,12,0.32968474524172675
536618,bertopic,n15_c25_s7,-1,0.0
536920,bertopic,n15_c25_s7,11,1.0
536999,bertopic,n15_c25_s7,15,1.0
537046,bertopic,n15_c25_s7,31,1.0
537187,bertopic,n15_c25_s7,2,1.0
537251,bertopic,n15_c25_s7,-1,0.0
537257,bertopic,n15_c25_s7,0,1.0
537353,bertopic,n15_c25_s7,32,0.5616581322670967
537401,bertopic,n15_c25_s7,9,1.0
537422,bertopic,n15_c25_s7,53,1.0
537437,bertopic,n15_c25_s7,4,0.4708701054034927
537486,bertopic,n15_c25_s7,5,1.0
537540,bertopic,n15_c25_s7,-1,0.0
537622,bertopic,n15_c25_s7,4,1.0
537714,bertopic,n15_c25_s7,19,0.3980563539405187
537741,bertopic,n15_c25_s7,29,1.0
538018,bertopic,n15_c25_s7,40,0.09153441132642129
538067,bertopic,n15_c25_s7,1,1.0
538170,bertopic,n15_c25_s7,5,1.0
538222,bertopic,n15_c25_s7,2,0.7145311770872137
538244,bertopic,n15_c25_s7,-1,0.0
538337,bertopic,n15_c25_s7,30,1.0
538458,bertopic,n15_c25_s7,40,1.0
538473,bertopic,n15_c25_s7,-1,0.0
538492,bertopic,n15_c25_s7,2,1.0
538519,bertopic,n15_c25_s7,17,1.0
538680,bertopic,n15_c25_s7,17,0.4585462966424812
538689,bertopic,n15_c25_s7,33,1.0
538703,bertopic,n15_c25_s7,0,1.0
538717,bertopic,n15_c25_s7,-1,0.0
538770,bertopic,n15_c25_s7,30,0.9554858917876311
538792,bertopic,n15_c25_s7,-1,0.0
538833,bertopic,n15_c25_s7,22,1.0
538838,bertopic,n15_c25_s7,1,0.7639258892507703
538955,bertopic,n15_c25_s7,2,1.0
539051,bertopic,n15_c25_s7,2,0.8946841755484592
539052,bertopic,n15_c25_s7,1,0.9409429501892038
539101,bertopic,n15_c25_s7,1,1.0
539223,bertopic,n15_c25_s7,33,1.0
539365,bertopic,n15_c25_s7,39,1.0
539369,bertopic,n15_c25_s7,39,1.0
539540,bertopic,n15_c25_s7,72,1.0
539737,bertopic,n15_c25_s7,2,0.7145311770872137
539863,bertopic,n15_c25_s7,11,0.8990465817558317
539927,bertopic,n15_c25_s7,1,1.0
540126,bertopic,n15_c25_s7,16,0.8696705383389651
540219,bertopic,n15_c25_s7,19,0.38098498479993087
540367,bertopic,n15_c25_s7,4,1.0
540368,bertopic,n15_c25_s7,16,0.7989010008500326
540442,bertopic,n15_c25_s7,5,1.0
540451,bertopic,n15_c25_s7,8,0.39627083140761393
540477,bertopic,n15_c25_s7,1,0.3285090576880802
540534,bertopic,n15_c25_s7,1,1.0
540630,bertopic,n15_c25_s7,16,0.36972621874247596
540669,bertopic,n15_c25_s7,20,0.8716200270110253
540693,bertopic,n15_c25_s7,31,0.8475117232522289
540869,bertopic,n15_c25_s7,54,1.0
540895,bertopic,n15_c25_s7,0,0.5717703188877482
540914,bertopic,n15_c25_s7,72,1.0
540964,bertopic,n15_c25_s7,19,0.3980563539405187
541045,bertopic,n15_c25_s7,1,0.9763479386835096
541104,bertopic,n15_c25_s7,22,0.11777719435478289
541137,bertopic,n15_c25_s7,4,1.0
541162,bertopic,n15_c25_s7,20,0.8716200270110253
541211,bertopic,n15_c25_s7,34,0.36750935543709046
541339,bertopic,n15_c25_s7,-1,0.0
541374,bertopic,n15_c25_s7,-1,0.0
541385,bertopic,n15_c25_s7,-1,0.0
541402,bertopic,n15_c25_s7,29,0.9055095073462068
541424,bertopic,n15_c25_s7,33,0.5071772110854266
541446,bertopic,n15_c25_s7,29,0.9527234645773823
541518,bertopic,n15_c25_s7,-1,0.0
541556,bertopic,n15_c25_s7,-1,0.0
541586,bertopic,n15_c25_s7,-1,0.0
541848,bertopic,n15_c25_s7,26,0.20865043649387055
541900,bertopic,n15_c25_s7,-1,0.0
541933,bertopic,n15_c25_s7,58,1.0
541967,bertopic,n15_c25_s7,18,0.904965334739045
542073,bertopic,n15_c25_s7,-1,0.0
542075,bertopic,n15_c25_s7,16,1.0
542164,bertopic,n15_c25_s7,15,0.7030836681373731
542345,bertopic,n15_c25_s7,33,0.852508565494219
542423,bertopic,n15_c25_s7,0,1.0
542446,bertopic,n15_c25_s7,0,1.0
542542,bertopic,n15_c25_s7,5,1.0
542770,bertopic,n15_c25_s7,-1,0.0
542814,bertopic,n15_c25_s7,7,0.4431700084675816
542853,bertopic,n15_c25_s7,4,1.0
542860,bertopic,n15_c25_s7,8,0.44969929807970815
542911,bertopic,n15_c25_s7,13,1.0
542917,bertopic,n15_c25_s7,0,0.38200991325158046
542927,bertopic,n15_c25_s7,0,1.0
543061,bertopic,n15_c25_s7,0,0.7372140601212165
543074,bertopic,n15_c25_s7,38,0.37424756542760873
543199,bertopic,n15_c25_s7,68,1.0
543253,bertopic,n15_c25_s7,7,0.30195863479813245
543527,bertopic,n15_c25_s7,5,1.0
543631,bertopic,n15_c25_s7,0,0.8816510311750403
543752,bertopic,n15_c25_s7,4,1.0
543798,bertopic,n15_c25_s7,37,0.5930547099576422
543801,bertopic,n15_c25_s7,-1,0.0
543888,bertopic,n15_c25_s7,14,1.0
543931,bertopic,n15_c25_s7,21,0.98777752005035
543982,bertopic,n15_c25_s7,30,1.0
544171,bertopic,n15_c25_s7,18,0.4085286756368169
544222,bertopic,n15_c25_s7,16,1.0
544370,bertopic,n15_c25_s7,17,1.0
544383,bertopic,n15_c25_s7,0,1.0
544495,bertopic,n15_c25_s7,7,0.4431700084675816
544549,bertopic,n15_c25_s7,30,1.0
544691,bertopic,n15_c25_s7,1,1.0
544717,bertopic,n15_c25_s7,51,1.0
544815,bertopic,n15_c25_s7,0,1.0
544945,bertopic,n15_c25_s7,-1,0.0
545076,bertopic,n15_c25_s7,16,0.48899323912212295
545090,bertopic,n15_c25_s7,19,1.0
545113,bertopic,n15_c25_s7,2,0.9166521123643209
545349,bertopic,n15_c25_s7,2,1.0
545356,bertopic,n15_c25_s7,2,1.0
545373,bertopic,n15_c25_s7,-1,0.0
545605,bertopic,n15_c25_s7,9,0.3199809223122547
545612,bertopic,n15_c25_s7,3,0.8215961048544475
545631,bertopic,n15_c25_s7,1,1.0
545646,bertopic,n15_c25_s7,22,0.9229847635143703
545698,bertopic,n15_c25_s7,52,1.0
545713,bertopic,n15_c25_s7,43,0.25689033104813885
545815,bertopic,n15_c25_s7,12,0.9709428070702577
545913,bertopic,n15_c25_s7,-1,0.0
545996,bertopic,n15_c25_s7,5,1.0
546020,bertopic,n15_c25_s7,9,1.0
546031,bertopic,n15_c25_s7,-1,0.0
546045,bertopic,n15_c25_s7,2,1.0
546051,bertopic,n15_c25_s7,-1,0.0
546058,bertopic,n15_c25_s7,21,0.8209763356148386
546154,bertopic,n15_c25_s7,-1,0.0
546160,bertopic,n15_c25_s7,0,1.0
546207,bertopic,n15_c25_s7,13,0.40355537115409224
546245,bertopic,n15_c25_s7,19,0.6761900591678884
546308,bertopic,n15_c25_s7,1,0.5591125008889717
546320,bertopic,n15_c25_s7,-1,0.0
546374,bertopic,n15_c25_s7,-1,0.0
546490,bertopic,n15_c25_s7,1,1.0
546531,bertopic,n15_c25_s7,14,0.7810356370213712
546575,bertopic,n15_c25_s7,-1,0.0
546698,bertopic,n15_c25_s7,50,1.0
546719,bertopic,n15_c25_s7,1,1.0
546846,bertopic,n15_c25_s7,16,0.3809252544569443
546848,bertopic,n15_c25_s7,50,1.0
547261,bertopic,n15_c25_s7,64,1.0
547350,bertopic,n15_c25_s7,5,0.7121275664269768
547354,bertopic,n15_c25_s7,16,0.8944622438061548
547487,bertopic,n15_c25_s7,43,0.44049442150307166
547492,bertopic,n15_c25_s7,1,0.7639258892507703
547511,bertopic,n15_c25_s7,-1,0.0
547560,bertopic,n15_c25_s7,9,1.0
547575,bertopic,n15_c25_s7,8,0.39627083140761393
547684,bertopic,n15_c25_s7,-1,0.0
547687,bertopic,n15_c25_s7,19,0.3980563539405187
547776,bertopic,n15_c25_s7,3,1.0
547821,bertopic,n15_c25_s7,16,0.9962558570509513
547826,bertopic,n15_c25_s7,-1,0.0
547863,bertopic,n15_c25_s7,0,0.38200991325158046
547928,bertopic,n15_c25_s7,0,1.0
547959,bertopic,n15_c25_s7,5,0.702397480599524
548026,bertopic,n15_c25_s7,53,1.0
548152,bertopic,n15_c25_s7,43,0.49041438140822735
548169,bertopic,n15_c25_s7,66,1.0
548254,bertopic,n15_c25_s7,43,1.0
548362,bertopic,n15_c25_s7,1,1.0
548526,bertopic,n15_c25_s7,58,1.0
548559,bertopic,n15_c25_s7,14,0.8684344924481552
548607,bertopic,n15_c25_s7,4,1.0
548636,bertopic,n15_c25_s7,14,1.0
548701,bertopic,n15_c25_s7,50,1.0
548736,bertopic,n15_c25_s7,48,1.0
548773,bertopic,n15_c25_s7,47,1.0
548800,bertopic,n15_c25_s7,19,1.0
548878,bertopic,n15_c25_s7,-1,0.0
548965,bertopic,n15_c25_s7,19,1.0
548981,bertopic,n15_c25_s7,14,1.0
549015,bertopic,n15_c25_s7,50,1.0
549049,bertopic,n15_c25_s7,22,0.8570729010671798
549108,bertopic,n15_c25_s7,7,0.2965877399382618
549122,bertopic,n15_c25_s7,14,0.8729219621075042
549135,bertopic,n15_c25_s7,-1,0.0
549219,bertopic,n15_c25_s7,-1,0.0
549236,bertopic,n15_c25_s7,6,0.8241301019115185
549255,bertopic,n15_c25_s7,16,0.3809252544569443
549333,bertopic,n15_c25_s7,14,1.0
549355,bertopic,n15_c25_s7,-1,0.0
549361,bertopic,n15_c25_s7,8,0.39627083140761393
549367,bertopic,n15_c25_s7,1,1.0
549379,bertopic,n15_c25_s7,-1,0.0
549443,bertopic,n15_c25_s7,3,0.8178257034487995
549469,bertopic,n15_c25_s7,2,0.6913733804579639
549481,bertopic,n15_c25_s7,11,1.0
549579,bertopic,n15_c25_s7,14,0.8159561923772364
549605,bertopic,n15_c25_s7,14,0.44876987894936715
549711,bertopic,n15_c25_s7,1,1.0
549737,bertopic,n15_c25_s7,50,1.0
549751,bertopic,n15_c25_s7,8,0.3879665276059698
549914,bertopic,n15_c25_s7,5,1.0
550064,bertopic,n15_c25_s7,1,1.0
550072,bertopic,n15_c25_s7,20,1.0
550080,bertopic,n15_c25_s7,3,0.8803220072401502
550108,bertopic,n15_c25_s7,63,1.0
550249,bertopic,n15_c25_s7,19,0.3980563539405187
550273,bertopic,n15_c25_s7,2,1.0
550330,bertopic,n15_c25_s7,2,1.0
550411,bertopic,n15_c25_s7,0,0.547815660684736
550444,bertopic,n15_c25_s7,0,1.0
550450,bertopic,n15_c25_s7,2,1.0
550480,bertopic,n15_c25_s7,2,1.0
550483,bertopic,n15_c25_s7,2,1.0
550508,bertopic,n15_c25_s7,2,0.8784723585489006
550534,bertopic,n15_c25_s7,2,1.0
550553,bertopic,n15_c25_s7,2,0.8784723585489006
550590,bertopic,n15_c25_s7,58,0.5588401379523874
550666,bertopic,n15_c25_s7,2,1.0
550820,bertopic,n15_c25_s7,30,0.15318450724159802
550836,bertopic,n15_c25_s7,-1,0.0
550872,bertopic,n15_c25_s7,14,1.0
550901,bertopic,n15_c25_s7,-1,0.0
551022,bertopic,n15_c25_s7,9,0.5590235872244486
551073,bertopic,n15_c25_s7,-1,0.0
551081,bertopic,n15_c25_s7,4,1.0
551096,bertopic,n15_c25_s7,19,0.4841612853412497
551207,bertopic,n15_c25_s7,52,1.0
551265,bertopic,n15_c25_s7,7,0.5393068904424049
551280,bertopic,n15_c25_s7,1,1.0
551297,bertopic,n15_c25_s7,-1,0.0
551395,bertopic,n15_c25_s7,-1,0.0
551428,bertopic,n15_c25_s7,19,1.0
551481,bertopic,n15_c25_s7,-1,0.0
551515,bertopic,n15_c25_s7,-1,0.0
551580,bertopic,n15_c25_s7,14,0.8668650154003621
551582,bertopic,n15_c25_s7,19,0.34185484681015305
551586,bertopic,n15_c25_s7,33,1.0
551716,bertopic,n15_c25_s7,16,1.0
551754,bertopic,n15_c25_s7,1,1.0
551912,bertopic,n15_c25_s7,1,1.0
552002,bertopic,n15_c25_s7,16,0.7030802331328676
552020,bertopic,n15_c25_s7,8,0.39627083140761393
552086,bertopic,n15_c25_s7,25,0.6364465443559632
552104,bertopic,n15_c25_s7,18,0.34441579802740013
552167,bertopic,n15_c25_s7,6,1.0
552188,bertopic,n15_c25_s7,6,1.0
552206,bertopic,n15_c25_s7,6,0.8935539067149647
552207,bertopic,n15_c25_s7,6,1.0
552221,bertopic,n15_c25_s7,2,1.0
552260,bertopic,n15_c25_s7,5,1.0
552364,bertopic,n15_c25_s7,6,0.925905936530053
552399,bertopic,n15_c25_s7,29,0.9560256612389759
552421,bertopic,n15_c25_s7,6,0.9091604348415964
552476,bertopic,n15_c25_s7,31,0.8761453203870753
552500,bertopic,n15_c25_s7,1,1.0
552506,bertopic,n15_c25_s7,24,0.27538191551335484
552513,bertopic,n15_c25_s7,22,0.21381937152808173
552543,bertopic,n15_c25_s7,6,1.0
552561,bertopic,n15_c25_s7,-1,0.0
552584,bertopic,n15_c25_s7,6,0.8953498033042178
552663,bertopic,n15_c25_s7,22,0.2553970165007829
552667,bertopic,n15_c25_s7,6,1.0
552725,bertopic,n15_c25_s7,1,0.9301467858090195
552737,bertopic,n15_c25_s7,14,0.9632235349438502
552741,bertopic,n15_c25_s7,0,1.0
552761,bertopic,n15_c25_s7,1,1.0
552791,bertopic,n15_c25_s7,5,0.709631191384463
553200,bertopic,n15_c25_s7,6,1.0
553205,bertopic,n15_c25_s7,9,1.0
553270,bertopic,n15_c25_s7,-1,0.0
553278,bertopic,n15_c25_s7,1,1.0
553460,bertopic,n15_c25_s7,16,0.3809252544569443
553484,bertopic,n15_c25_s7,0,0.8587421534614191
553628,bertopic,n15_c25_s7,-1,0.0
553802,bertopic,n15_c25_s7,32,0.6487730187748887
553941,bertopic,n15_c25_s7,-1,0.0
553997,bertopic,n15_c25_s7,19,1.0
554009,bertopic,n15_c25_s7,0,0.965429054273153
554062,bertopic,n15_c25_s7,1,0.887586649732703
554121,bertopic,n15_c25_s7,-1,0.0
554126,bertopic,n15_c25_s7,42,0.5163162604028302
554133,bertopic,n15_c25_s7,-1,0.0
554230,bertopic,n15_c25_s7,3,1.0
554294,bertopic,n15_c25_s7,6,1.0
554391,bertopic,n15_c25_s7,58,0.3486442429981657
554442,bertopic,n15_c25_s7,4,0.7114144015239329
554492,bertopic,n15_c25_s7,60,1.0
554543,bertopic,n15_c25_s7,-1,0.0
554685,bertopic,n15_c25_s7,55,1.0
554745,bertopic,n15_c25_s7,6,1.0
554759,bertopic,n15_c25_s7,14,0.4984281302557737
554820,bertopic,n15_c25_s7,42,1.0
554844,bertopic,n15_c25_s7,5,1.0
555019,bertopic,n15_c25_s7,20,0.4147854127100434
555048,bertopic,n15_c25_s7,1,1.0
555056,bertopic,n15_c25_s7,67,1.0
555062,bertopic,n15_c25_s7,4,0.45513947806675037
555506,bertopic,n15_c25_s7,0,1.0
555549,bertopic,n15_c25_s7,7,0.2965877399382618
555641,bertopic,n15_c25_s7,-1,0.0
555737,bertopic,n15_c25_s7,9,1.0
555783,bertopic,n15_c25_s7,8,0.3826268523731468
555870,bertopic,n15_c25_s7,27,0.30357468952037664
555933,bertopic,n15_c25_s7,-1,0.0
555969,bertopic,n15_c25_s7,-1,0.0
556008,bertopic,n15_c25_s7,56,0.6713492304636003
556034,bertopic,n15_c25_s7,6,0.7159532545398538
556197,bertopic,n15_c25_s7,20,0.9653961463374895
556377,bertopic,n15_c25_s7,3,1.0
556380,bertopic,n15_c25_s7,29,0.9853500367970957
556557,bertopic,n15_c25_s7,5,0.12939677133097988
556570,bertopic,n15_c25_s7,6,1.0
556585,bertopic,n15_c25_s7,15,1.0
556622,bertopic,n15_c25_s7,-1,0.0
556635,bertopic,n15_c25_s7,1,1.0
556708,bertopic,n15_c25_s7,-1,0.0
556751,bertopic,n15_c25_s7,35,0.8273511301391344
556948,bertopic,n15_c25_s7,1,0.7639258892507703
556974,bertopic,n15_c25_s7,36,1.0
557015,bertopic,n15_c25_s7,6,1.0
557078,bertopic,n15_c25_s7,1,0.9763479386835096
557122,bertopic,n15_c25_s7,16,0.3809252544569443
557176,bertopic,n15_c25_s7,15,0.7965156824960342
557244,bertopic,n15_c25_s7,33,0.6590359766351136
557262,bertopic,n15_c25_s7,-1,0.0
557284,bertopic,n15_c25_s7,1,1.0
557350,bertopic,n15_c25_s7,0,1.0
557442,bertopic,n15_c25_s7,72,1.0
557857,bertopic,n15_c25_s7,20,1.0
557868,bertopic,n15_c25_s7,7,0.4431700084675816
557988,bertopic,n15_c25_s7,50,1.0
557996,bertopic,n15_c25_s7,1,1.0
558178,bertopic,n15_c25_s7,-1,0.0
558413,bertopic,n15_c25_s7,5,1.0
558564,bertopic,n15_c25_s7,66,1.0
558652,bertopic,n15_c25_s7,14,0.8830070477353611
558731,bertopic,n15_c25_s7,-1,0.0
558769,bertopic,n15_c25_s7,20,1.0
558896,bertopic,n15_c25_s7,-1,0.0
558940,bertopic,n15_c25_s7,7,1.0
559059,bertopic,n15_c25_s7,0,1.0
559407,bertopic,n15_c25_s7,9,1.0
559507,bertopic,n15_c25_s7,67,1.0
559536,bertopic,n15_c25_s7,14,1.0
559585,bertopic,n15_c25_s7,0,1.0
559597,bertopic,n15_c25_s7,17,1.0
559815,bertopic,n15_c25_s7,22,0.21310725568090416
559853,bertopic,n15_c25_s7,1,1.0
559866,bertopic,n15_c25_s7,3,1.0
559920,bertopic,n15_c25_s7,44,1.0
560010,bertopic,n15_c25_s7,-1,0.0
560052,bertopic,n15_c25_s7,0,1.0
560283,bertopic,n15_c25_s7,0,1.0
560291,bertopic,n15_c25_s7,-1,0.0
560327,bertopic,n15_c25_s7,7,0.6055719034514024
560330,bertopic,n15_c25_s7,50,0.1886580328766312
560368,bertopic,n15_c25_s7,16,1.0
560409,bertopic,n15_c25_s7,22,0.3377119321143711
560436,bertopic,n15_c25_s7,57,1.0
560649,bertopic,n15_c25_s7,13,0.4397854460052578
560713,bertopic,n15_c25_s7,1,1.0
560910,bertopic,n15_c25_s7,6,1.0
561017,bertopic,n15_c25_s7,0,1.0
561059,bertopic,n15_c25_s7,-1,0.0
561102,bertopic,n15_c25_s7,10,0.2725489279555411
561262,bertopic,n15_c25_s7,1,1.0
561342,bertopic,n15_c25_s7,7,0.2965877399382618
561402,bertopic,n15_c25_s7,7,0.5720687160915313
562011,bertopic,n15_c25_s7,18,0.5986259885754163
562096,bertopic,n15_c25_s7,1,1.0
562373,bertopic,n15_c25_s7,42,0.1877262262397417
562627,bertopic,n15_c25_s7,5,1.0
562656,bertopic,n15_c25_s7,2,0.9652494757424722
562705,bertopic,n15_c25_s7,6,1.0
562713,bertopic,n15_c25_s7,-1,0.0
562777,bertopic,n15_c25_s7,6,1.0
562962,bertopic,n15_c25_s7,4,1.0
563028,bertopic,n15_c25_s7,19,1.0
563043,bertopic,n15_c25_s7,8,0.8662683229181567
563237,bertopic,n15_c25_s7,14,0.6604554042147678
563310,bertopic,n15_c25_s7,20,0.8716200270110253
563428,bertopic,n15_c25_s7,-1,0.0
563562,bertopic,n15_c25_s7,23,1.0
563606,bertopic,n15_c25_s7,20,0.8716200270110253
563716,bertopic,n15_c25_s7,1,1.0
563736,bertopic,n15_c25_s7,10,0.24825970980954792
563774,bertopic,n15_c25_s7,1,0.5591125008889717
563870,bertopic,n15_c25_s7,5,0.9654301577010158
564061,bertopic,n15_c25_s7,0,1.0
564110,bertopic,n15_c25_s7,5,0.12939677133097988
564294,bertopic,n15_c25_s7,36,0.6159135238411751
564426,bertopic,n15_c25_s7,47,1.0
564476,bertopic,n15_c25_s7,54,1.0
564562,bertopic,n15_c25_s7,20,1.0
564695,bertopic,n15_c25_s7,63,1.0
564808,bertopic,n15_c25_s7,-1,0.0
564887,bertopic,n15_c25_s7,25,0.9685254936847406
564981,bertopic,n15_c25_s7,5,0.8571256720174198
565085,bertopic,n15_c25_s7,15,0.7965156824960342
565323,bertopic,n15_c25_s7,0,1.0
565485,bertopic,n15_c25_s7,6,1.0
565529,bertopic,n15_c25_s7,1,1.0
565598,bertopic,n15_c25_s7,-1,0.0
565654,bertopic,n15_c25_s7,-1,0.0
565790,bertopic,n15_c25_s7,-1,0.0
565832,bertopic,n15_c25_s7,0,1.0
565873,bertopic,n15_c25_s7,20,1.0
565886,bertopic,n15_c25_s7,15,0.6711993035284582
565964,bertopic,n15_c25_s7,-1,0.0
566067,bertopic,n15_c25_s7,54,1.0
566139,bertopic,n15_c25_s7,-1,0.0
566214,bertopic,n15_c25_s7,-1,0.0
566438,bertopic,n15_c25_s7,12,1.0
566451,bertopic,n15_c25_s7,-1,0.0
566478,bertopic,n15_c25_s7,3,1.0
566626,bertopic,n15_c25_s7,4,1.0
566687,bertopic,n15_c25_s7,52,1.0
566735,bertopic,n15_c25_s7,-1,0.0
566827,bertopic,n15_c25_s7,1,1.0
566929,bertopic,n15_c25_s7,-1,0.0
567016,bertopic,n15_c25_s7,0,1.0
567033,bertopic,n15_c25_s7,0,1.0
567038,bertopic,n15_c25_s7,0,1.0
567040,bertopic,n15_c25_s7,0,1.0
567094,bertopic,n15_c25_s7,-1,0.0
567137,bertopic,n15_c25_s7,0,0.8724267902152087
567141,bertopic,n15_c25_s7,0,1.0
567285,bertopic,n15_c25_s7,-1,0.0
567617,bertopic,n15_c25_s7,1,0.9304944507900238
567672,bertopic,n15_c25_s7,67,1.0
567805,bertopic,n15_c25_s7,4,1.0
568002,bertopic,n15_c25_s7,0,1.0
568156,bertopic,n15_c25_s7,-1,0.0
568166,bertopic,n15_c25_s7,49,1.0
568243,bertopic,n15_c25_s7,7,0.2965877399382618
568292,bertopic,n15_c25_s7,-1,0.0
568837,bertopic,n15_c25_s7,-1,0.0
568992,bertopic,n15_c25_s7,47,0.8016296397626106
569009,bertopic,n15_c25_s7,64,1.0
569044,bertopic,n15_c25_s7,7,0.4131968353645534
569205,bertopic,n15_c25_s7,-1,0.0
569354,bertopic,n15_c25_s7,1,1.0
569480,bertopic,n15_c25_s7,7,0.30195863479813245
569506,bertopic,n15_c25_s7,5,0.26091224991293427
569629,bertopic,n15_c25_s7,1,1.0
570603,bertopic,n15_c25_s7,1,0.8762712656968414
571389,bertopic,n15_c25_s7,65,1.0
576920,bertopic,n15_c25_s7,38,1.0
577338,bertopic,n15_c25_s7,18,1.0
578713,bertopic,n15_c25_s7,13,0.4559090715140167
582036,bertopic,n15_c25_s7,29,1.0
586844,bertopic,n15_c25_s7,-1,0.0
587422,bertopic,n15_c25_s7,25,1.0
589437,bertopic,n15_c25_s7,18,0.5646797312738813
590150,bertopic,n15_c25_s7,19,0.38826624394312376
592051,bertopic,n15_c25_s7,3,1.0
598866,bertopic,n15_c25_s7,5,0.12939677133097988
600392,bertopic,n15_c25_s7,2,0.7145311770872137
600706,bertopic,n15_c25_s7,29,1.0
602727,bertopic,n15_c25_s7,13,0.7375016054509775
602851,bertopic,n15_c25_s7,11,0.8988225244782118
603832,bertopic,n15_c25_s7,0,1.0
604489,bertopic,n15_c25_s7,-1,0.0
608360,bertopic,n15_c25_s7,8,0.3553404864149864
608599,bertopic,n15_c25_s7,4,0.5078883709464681
609335,bertopic,n15_c25_s7,9,1.0
610962,bertopic,n15_c25_s7,31,1.0
614593,bertopic,n15_c25_s7,44,1.0
615041,bertopic,n15_c25_s7,6,1.0
617701,bertopic,n15_c25_s7,-1,0.0
619719,bertopic,n15_c25_s7,-1,0.0
620069,bertopic,n15_c25_s7,3,1.0
622146,bertopic,n15_c25_s7,60,1.0
623162,bertopic,n15_c25_s7,8,0.7105754237970783
623174,bertopic,n15_c25_s7,19,1.0
624005,bertopic,n15_c25_s7,60,1.0
625400,bertopic,n15_c25_s7,30,1.0
627373,bertopic,n15_c25_s7,15,1.0
629330,bertopic,n15_c25_s7,29,1.0
635355,bertopic,n15_c25_s7,-1,0.0
636059,bertopic,n15_c25_s7,4,0.9942713113394063
641233,bertopic,n15_c25_s7,-1,0.0
641254,bertopic,n15_c25_s7,5,1.0
641306,bertopic,n15_c25_s7,11,0.9152330108578665
645141,bertopic,n15_c25_s7,58,1.0
646775,bertopic,n15_c25_s7,11,0.9519742982077768
646853,bertopic,n15_c25_s7,20,1.0
647749,bertopic,n15_c25_s7,35,1.0
647793,bertopic,n15_c25_s7,32,1.0
648284,bertopic,n15_c25_s7,3,1.0
649738,bertopic,n15_c25_s7,27,1.0
650217,bertopic,n15_c25_s7,1,1.0
650310,bertopic,n15_c25_s7,4,1.0
650337,bertopic,n15_c25_s7,4,0.8344130803934547
650456,bertopic,n15_c25_s7,31,0.6513201349703568
650686,bertopic,n15_c25_s7,25,0.5152811151624362
650941,bertopic,n15_c25_s7,-1,0.0
651000,bertopic,n15_c25_s7,11,1.0
651240,bertopic,n15_c25_s7,-1,0.0
651890,bertopic,n15_c25_s7,53,1.0
654131,bertopic,n15_c25_s7,36,0.7343504140731164
654463,bertopic,n15_c25_s7,9,1.0
654552,bertopic,n15_c25_s7,45,1.0
654648,bertopic,n15_c25_s7,-1,0.0
656038,bertopic,n15_c25_s7,39,0.7937983899391303
656246,bertopic,n15_c25_s7,20,0.4147854127100434
657205,bertopic,n15_c25_s7,13,1.0
657566,bertopic,n15_c25_s7,4,1.0
658037,bertopic,n15_c25_s7,12,1.0
658203,bertopic,n15_c25_s7,70,1.0
658396,bertopic,n15_c25_s7,-1,0.0
658987,bertopic,n15_c25_s7,2,0.7503773008507647
659058,bertopic,n15_c25_s7,1,1.0
659235,bertopic,n15_c25_s7,-1,0.0
659272,bertopic,n15_c25_s7,2,0.7861746639084692
659284,bertopic,n15_c25_s7,0,1.0
659365,bertopic,n15_c25_s7,53,0.844484694339814
659788,bertopic,n15_c25_s7,8,0.6165177776343024
659832,bertopic,n15_c25_s7,0,1.0
660079,bertopic,n15_c25_s7,50,1.0
660113,bertopic,n15_c25_s7,23,0.9913416448039459
660369,bertopic,n15_c25_s7,0,1.0
660608,bertopic,n15_c25_s7,6,0.9963964361231152
660755,bertopic,n15_c25_s7,3,0.9668841314314819
660895,bertopic,n15_c25_s7,15,0.9460910450651911
660904,bertopic,n15_c25_s7,8,1.0
661062,bertopic,n15_c25_s7,39,1.0
661200,bertopic,n15_c25_s7,0,1.0
661215,bertopic,n15_c25_s7,18,0.43289949389358107
661574,bertopic,n15_c25_s7,58,1.0
661725,bertopic,n15_c25_s7,21,0.8829191877859169
662701,bertopic,n15_c25_s7,-1,0.0
663919,bertopic,n15_c25_s7,8,0.39627083140761393
665315,bertopic,n15_c25_s7,-1,0.0
666200,bertopic,n15_c25_s7,53,1.0
666810,bertopic,n15_c25_s7,4,1.0
667190,bertopic,n15_c25_s7,12,1.0
667860,bertopic,n15_c25_s7,39,1.0
669845,bertopic,n15_c25_s7,-1,0.0
669848,bertopic,n15_c25_s7,18,0.41443056211740636
669937,bertopic,n15_c25_s7,-1,0.0
669941,bertopic,n15_c25_s7,32,0.9637985323310599
670968,bertopic,n15_c25_s7,12,0.7607363133919655
671140,bertopic,n15_c25_s7,41,0.6714056873410911
671264,bertopic,n15_c25_s7,15,0.804362644692937
671332,bertopic,n15_c25_s7,3,1.0
671530,bertopic,n15_c25_s7,28,0.7375580024741898
671716,bertopic,n15_c25_s7,32,1.0
671874,bertopic,n15_c25_s7,-1,0.0
672187,bertopic,n15_c25_s7,11,0.8990465817558317
672188,bertopic,n15_c25_s7,12,1.0
672208,bertopic,n15_c25_s7,-1,0.0
672216,bertopic,n15_c25_s7,-1,0.0
672224,bertopic,n15_c25_s7,15,0.7965156824960342
672255,bertopic,n15_c25_s7,11,0.8990465817558317
672259,bertopic,n15_c25_s7,11,0.8990465817558317
672266,bertopic,n15_c25_s7,3,0.8627223041311386
672285,bertopic,n15_c25_s7,9,1.0
672350,bertopic,n15_c25_s7,11,0.8990465817558317
672648,bertopic,n15_c25_s7,-1,0.0
672738,bertopic,n15_c25_s7,70,1.0
672889,bertopic,n15_c25_s7,3,1.0
673275,bertopic,n15_c25_s7,9,1.0
673442,bertopic,n15_c25_s7,-1,0.0
673580,bertopic,n15_c25_s7,-1,0.0
674506,bertopic,n15_c25_s7,3,1.0
674842,bertopic,n15_c25_s7,19,0.6678449311252593
675026,bertopic,n15_c25_s7,0,1.0
675108,bertopic,n15_c25_s7,42,0.41335835865737836
675446,bertopic,n15_c25_s7,-1,0.0
675822,bertopic,n15_c25_s7,-1,0.0
675946,bertopic,n15_c25_s7,6,0.9355896451959325
677283,bertopic,n15_c25_s7,3,0.9640861034677342
678454,bertopic,n15_c25_s7,40,1.0
678786,bertopic,n15_c25_s7,4,1.0
679255,bertopic,n15_c25_s7,20,0.8716200270110253
679282,bertopic,n15_c25_s7,-1,0.0
680093,bertopic,n15_c25_s7,-1,0.0
681005,bertopic,n15_c25_s7,-1,0.0
681256,bertopic,n15_c25_s7,0,0.38200991325158046
682450,bertopic,n15_c25_s7,57,1.0
682792,bertopic,n15_c25_s7,31,1.0
682795,bertopic,n15_c25_s7,15,0.9860029414111223
684367,bertopic,n15_c25_s7,0,1.0
684523,bertopic,n15_c25_s7,-1,0.0
684662,bertopic,n15_c25_s7,-1,0.0
685773,bertopic,n15_c25_s7,-1,0.0
686017,bertopic,n15_c25_s7,0,1.0
686476,bertopic,n15_c25_s7,32,1.0
686825,bertopic,n15_c25_s7,1,0.3285090576880802
686901,bertopic,n15_c25_s7,-1,0.0
687371,bertopic,n15_c25_s7,-1,0.0
687392,bertopic,n15_c25_s7,-1,0.0
687573,bertopic,n15_c25_s7,-1,0.0
687672,bertopic,n15_c25_s7,29,1.0
687861,bertopic,n15_c25_s7,-1,0.0
688223,bertopic,n15_c25_s7,40,0.8768698600627699
688427,bertopic,n15_c25_s7,-1,0.0
689217,bertopic,n15_c25_s7,1,0.3285090576880802
689930,bertopic,n15_c25_s7,70,1.0
690064,bertopic,n15_c25_s7,3,0.8824221775226176
690689,bertopic,n15_c25_s7,1,1.0
691058,bertopic,n15_c25_s7,-1,0.0
692064,bertopic,n15_c25_s7,21,1.0
692103,bertopic,n15_c25_s7,39,0.4693255185600606
693494,bertopic,n15_c25_s7,14,1.0
693639,bertopic,n15_c25_s7,42,0.3751214477578231
693796,bertopic,n15_c25_s7,21,0.34297879306230034
694629,bertopic,n15_c25_s7,44,1.0
695507,bertopic,n15_c25_s7,0,1.0
695646,bertopic,n15_c25_s7,18,0.3675998374975826
695834,bertopic,n15_c25_s7,30,1.0
696932,bertopic,n15_c25_s7,70,1.0
697017,bertopic,n15_c25_s7,15,0.6853599508870517
697046,bertopic,n15_c25_s7,8,0.39627083140761393
697183,bertopic,n15_c25_s7,-1,0.0
697295,bertopic,n15_c25_s7,14,0.7085185989378876
697643,bertopic,n15_c25_s7,30,0.9539238095213887
697663,bertopic,n15_c25_s7,4,1.0
697849,bertopic,n15_c25_s7,21,1.0
698280,bertopic,n15_c25_s7,7,1.0
698457,bertopic,n15_c25_s7,50,1.0
699032,bertopic,n15_c25_s7,-1,0.0
699594,bertopic,n15_c25_s7,3,0.9046167123358894
699720,bertopic,n15_c25_s7,16,0.7920504016036373
701079,bertopic,n15_c25_s7,40,1.0
703683,bertopic,n15_c25_s7,25,0.5152811151624362
703890,bertopic,n15_c25_s7,64,1.0
704137,bertopic,n15_c25_s7,3,0.9115197291015072
704168,bertopic,n15_c25_s7,6,1.0
704790,bertopic,n15_c25_s7,-1,0.0
704909,bertopic,n15_c25_s7,47,0.6272137925364535
704931,bertopic,n15_c25_s7,0,1.0
706120,bertopic,n15_c25_s7,-1,0.0
707021,bertopic,n15_c25_s7,-1,0.0
707393,bertopic,n15_c25_s7,5,1.0
707539,bertopic,n15_c25_s7,-1,0.0
708274,bertopic,n15_c25_s7,30,1.0
709574,bertopic,n15_c25_s7,19,1.0
710220,bertopic,n15_c25_s7,-1,0.0
710778,bertopic,n15_c25_s7,5,1.0
710990,bertopic,n15_c25_s7,-1,0.0
711238,bertopic,n15_c25_s7,2,1.0
711327,bertopic,n15_c25_s7,18,0.8414060435244154
711526,bertopic,n15_c25_s7,38,1.0
711747,bertopic,n15_c25_s7,66,1.0
713563,bertopic,n15_c25_s7,3,1.0
713863,bertopic,n15_c25_s7,31,1.0
714598,bertopic,n15_c25_s7,-1,0.0
715089,bertopic,n15_c25_s7,-1,0.0
715332,bertopic,n15_c25_s7,2,1.0
715731,bertopic,n15_c25_s7,2,0.9652494757424722
716169,bertopic,n15_c25_s7,9,1.0
717048,bertopic,n15_c25_s7,0,1.0
718752,bertopic,n15_c25_s7,22,0.9029258482722272
719093,bertopic,n15_c25_s7,22,0.618963331639577
719149,bertopic,n15_c25_s7,2,0.7145311770872137
719493,bertopic,n15_c25_s7,7,0.6841165691849868
720256,bertopic,n15_c25_s7,16,0.4626302478982034
720997,bertopic,n15_c25_s7,58,1.0
721187,bertopic,n15_c25_s7,2,0.8784723585489006
721633,bertopic,n15_c25_s7,-1,0.0
722331,bertopic,n15_c25_s7,5,1.0
723845,bertopic,n15_c25_s7,7,0.6168113170996932
725574,bertopic,n15_c25_s7,1,1.0
725605,bertopic,n15_c25_s7,0,1.0
725827,bertopic,n15_c25_s7,5,0.9471179837086221
727150,bertopic,n15_c25_s7,4,1.0
727347,bertopic,n15_c25_s7,40,1.0
727745,bertopic,n15_c25_s7,3,1.0
728317,bertopic,n15_c25_s7,34,1.0
729085,bertopic,n15_c25_s7,21,0.8209763356148386
729270,bertopic,n15_c25_s7,44,1.0
730351,bertopic,n15_c25_s7,1,1.0
730651,bertopic,n15_c25_s7,17,0.7369284227180793
731051,bertopic,n15_c25_s7,13,1.0
734258,bertopic,n15_c25_s7,-1,0.0
735258,bertopic,n15_c25_s7,15,0.804362644692937
735350,bertopic,n15_c25_s7,6,1.0
735597,bertopic,n15_c25_s7,8,0.5070051693574018
736369,bertopic,n15_c25_s7,0,0.960582383823049
736628,bertopic,n15_c25_s7,67,0.9154749732916387
736713,bertopic,n15_c25_s7,-1,0.0
737005,bertopic,n15_c25_s7,22,0.15281242300765044
737083,bertopic,n15_c25_s7,13,1.0
737896,bertopic,n15_c25_s7,1,1.0
738247,bertopic,n15_c25_s7,15,1.0
738462,bertopic,n15_c25_s7,30,1.0
738524,bertopic,n15_c25_s7,-1,0.0
738718,bertopic,n15_c25_s7,50,1.0
739406,bertopic,n15_c25_s7,40,1.0
739497,bertopic,n15_c25_s7,-1,0.0
740804,bertopic,n15_c25_s7,5,0.9598345241245665
741068,bertopic,n15_c25_s7,0,1.0
741213,bertopic,n15_c25_s7,3,0.998932913008146
742014,bertopic,n15_c25_s7,16,0.80778773913177
742272,bertopic,n15_c25_s7,0,0.38200991325158046
742408,bertopic,n15_c25_s7,-1,0.0
743015,bertopic,n15_c25_s7,14,0.766096250840778
743992,bertopic,n15_c25_s7,21,1.0
744328,bertopic,n15_c25_s7,69,1.0
744612,bertopic,n15_c25_s7,-1,0.0
744814,bertopic,n15_c25_s7,0,1.0
745242,bertopic,n15_c25_s7,-1,0.0
746933,bertopic,n15_c25_s7,1,1.0
747079,bertopic,n15_c25_s7,-1,0.0
748725,bertopic,n15_c25_s7,3,1.0
749422,bertopic,n15_c25_s7,-1,0.0
751604,bertopic,n15_c25_s7,11,0.8990465817558317
751753,bertopic,n15_c25_s7,38,1.0
752173,bertopic,n15_c25_s7,18,1.0
753032,bertopic,n15_c25_s7,13,0.700154563985052
755679,bertopic,n15_c25_s7,-1,0.0
756819,bertopic,n15_c25_s7,22,0.12301463754690861
757036,bertopic,n15_c25_s7,14,1.0
757221,bertopic,n15_c25_s7,52,1.0
757276,bertopic,n15_c25_s7,7,0.2965877399382618
757335,bertopic,n15_c25_s7,2,1.0
758285,bertopic,n15_c25_s7,5,1.0
758405,bertopic,n15_c25_s7,14,1.0
759519,bertopic,n15_c25_s7,33,1.0
759725,bertopic,n15_c25_s7,-1,0.0
759807,bertopic,n15_c25_s7,16,0.39294341001396355
759838,bertopic,n15_c25_s7,-1,0.0
760498,bertopic,n15_c25_s7,40,0.32583426454859504
761422,bertopic,n15_c25_s7,9,1.0
761724,bertopic,n15_c25_s7,20,0.8716200270110253
761897,bertopic,n15_c25_s7,1,1.0
762072,bertopic,n15_c25_s7,17,0.8841350181688844
762193,bertopic,n15_c25_s7,16,1.0
762384,bertopic,n15_c25_s7,9,0.4421302244312447
763279,bertopic,n15_c25_s7,-1,0.0
764188,bertopic,n15_c25_s7,40,1.0
764314,bertopic,n15_c25_s7,-1,0.0
764835,bertopic,n15_c25_s7,0,0.5369028923984202
766713,bertopic,n15_c25_s7,31,1.0
766993,bertopic,n15_c25_s7,54,1.0
767883,bertopic,n15_c25_s7,-1,0.0
769465,bertopic,n15_c25_s7,-1,0.0
770322,bertopic,n15_c25_s7,-1,0.0
771869,bertopic,n15_c25_s7,61,1.0
771928,bertopic,n15_c25_s7,29,0.679086618769833
772136,bertopic,n15_c25_s7,14,0.873277995694992
772217,bertopic,n15_c25_s7,-1,0.0
773372,bertopic,n15_c25_s7,-1,0.0
773611,bertopic,n15_c25_s7,64,1.0
774457,bertopic,n15_c25_s7,42,1.0
774968,bertopic,n15_c25_s7,0,1.0
776924,bertopic,n15_c25_s7,29,1.0
777495,bertopic,n15_c25_s7,0,1.0
777620,bertopic,n15_c25_s7,-1,0.0
778092,bertopic,n15_c25_s7,24,0.21849500870029157
778468,bertopic,n15_c25_s7,-1,0.0
778870,bertopic,n15_c25_s7,5,1.0
779172,bertopic,n15_c25_s7,1,1.0
779958,bertopic,n15_c25_s7,63,0.9604358855369955
780578,bertopic,n15_c25_s7,33,0.8591403037186243
781275,bertopic,n15_c25_s7,30,0.15318450724159802
781432,bertopic,n15_c25_s7,2,0.7386336763916728
781582,bertopic,n15_c25_s7,0,0.9601859271589204
782090,bertopic,n15_c25_s7,-1,0.0
782821,bertopic,n15_c25_s7,1,0.5591125008889717
783607,bertopic,n15_c25_s7,8,0.39627083140761393
784006,bertopic,n15_c25_s7,51,1.0
784090,bertopic,n15_c25_s7,0,1.0
784568,bertopic,n15_c25_s7,1,1.0
784877,bertopic,n15_c25_s7,31,1.0
785271,bertopic,n15_c25_s7,8,0.36511731719637947
786056,bertopic,n15_c25_s7,8,0.6549688475460652
786573,bertopic,n15_c25_s7,63,0.9172097899348879
788354,bertopic,n15_c25_s7,33,0.6459268861253511
788517,bertopic,n15_c25_s7,57,0.6372323081094486
788620,bertopic,n15_c25_s7,14,0.5868939477734707
789059,bertopic,n15_c25_s7,2,0.7818295867151687
789077,bertopic,n15_c25_s7,5,0.79680495293351
789163,bertopic,n15_c25_s7,4,1.0
790004,bertopic,n15_c25_s7,29,1.0
790446,bertopic,n15_c25_s7,57,1.0
791899,bertopic,n15_c25_s7,-1,0.0
791926,bertopic,n15_c25_s7,0,1.0
792286,bertopic,n15_c25_s7,21,0.3974725112699403
792589,bertopic,n15_c25_s7,6,1.0
792727,bertopic,n15_c25_s7,0,1.0
793151,bertopic,n15_c25_s7,10,0.16572894622606066
793457,bertopic,n15_c25_s7,-1,0.0
793694,bertopic,n15_c25_s7,6,0.9763262871860958
794269,bertopic,n15_c25_s7,5,1.0
794318,bertopic,n15_c25_s7,45,1.0
794584,bertopic,n15_c25_s7,16,1.0
794590,bertopic,n15_c25_s7,-1,0.0
794646,bertopic,n15_c25_s7,0,1.0
794905,bertopic,n15_c25_s7,-1,0.0
794972,bertopic,n15_c25_s7,0,1.0
795345,bertopic,n15_c25_s7,51,1.0
795664,bertopic,n15_c25_s7,6,0.6558837241715452
795837,bertopic,n15_c25_s7,3,0.8406982729532958
795956,bertopic,n15_c25_s7,6,1.0
796487,bertopic,n15_c25_s7,-1,0.0
797103,bertopic,n15_c25_s7,16,0.3809252544569443
797985,bertopic,n15_c25_s7,54,1.0
798188,bertopic,n15_c25_s7,-1,0.0
798365,bertopic,n15_c25_s7,33,0.7912647679844295
798457,bertopic,n15_c25_s7,16,1.0
798666,bertopic,n15_c25_s7,-1,0.0
798803,bertopic,n15_c25_s7,4,1.0
801936,bertopic,n15_c25_s7,5,1.0
802290,bertopic,n15_c25_s7,7,0.9880758671878018
803132,bertopic,n15_c25_s7,1,0.7639258892507703
803138,bertopic,n15_c25_s7,2,1.0
803194,bertopic,n15_c25_s7,3,0.9196686092317976
803576,bertopic,n15_c25_s7,1,0.3285090576880802
804067,bertopic,n15_c25_s7,43,1.0
804529,bertopic,n15_c25_s7,1,1.0
804591,bertopic,n15_c25_s7,25,1.0
805419,bertopic,n15_c25_s7,11,1.0
805485,bertopic,n15_c25_s7,-1,0.0
806530,bertopic,n15_c25_s7,31,1.0
806751,bertopic,n15_c25_s7,-1,0.0
807671,bertopic,n15_c25_s7,35,0.9708785899256114
809437,bertopic,n15_c25_s7,24,0.2659802488697977
809730,bertopic,n15_c25_s7,50,1.0
809864,bertopic,n15_c25_s7,-1,0.0
810393,bertopic,n15_c25_s7,1,0.9087677494034231
811330,bertopic,n15_c25_s7,52,1.0
811461,bertopic,n15_c25_s7,48,1.0
811718,bertopic,n15_c25_s7,72,1.0
812041,bertopic,n15_c25_s7,0,1.0
812080,bertopic,n15_c25_s7,55,1.0
813514,bertopic,n15_c25_s7,0,1.0
813811,bertopic,n15_c25_s7,0,1.0
814041,bertopic,n15_c25_s7,-1,0.0
814542,bertopic,n15_c25_s7,33,0.939661238130046
815056,bertopic,n15_c25_s7,60,0.8537029228023667
816239,bertopic,n15_c25_s7,-1,0.0
816490,bertopic,n15_c25_s7,-1,0.0
816512,bertopic,n15_c25_s7,1,1.0
816686,bertopic,n15_c25_s7,0,1.0
817063,bertopic,n15_c25_s7,-1,0.0
817240,bertopic,n15_c25_s7,-1,0.0
817356,bertopic,n15_c25_s7,1,0.5591125008889717
818744,bertopic,n15_c25_s7,-1,0.0
819637,bertopic,n15_c25_s7,38,1.0
820417,bertopic,n15_c25_s7,14,0.516482567785775
820499,bertopic,n15_c25_s7,14,1.0
820808,bertopic,n15_c25_s7,14,1.0
821259,bertopic,n15_c25_s7,5,1.0
822463,bertopic,n15_c25_s7,15,0.6558504178410629
823365,bertopic,n15_c25_s7,-1,0.0
823757,bertopic,n15_c25_s7,2,1.0
825847,bertopic,n15_c25_s7,36,1.0
826079,bertopic,n15_c25_s7,0,0.38200991325158046
826309,bertopic,n15_c25_s7,1,0.7639258892507703
826448,bertopic,n15_c25_s7,31,0.8655781492661618
826583,bertopic,n15_c25_s7,-1,0.0
829336,bertopic,n15_c25_s7,11,0.9519742982077768
829401,bertopic,n15_c25_s7,2,1.0
829443,bertopic,n15_c25_s7,-1,0.0
829512,bertopic,n15_c25_s7,2,0.7145311770872137
829925,bertopic,n15_c25_s7,1,1.0
830755,bertopic,n15_c25_s7,72,1.0
830861,bertopic,n15_c25_s7,-1,0.0
831003,bertopic,n15_c25_s7,1,1.0
831140,bertopic,n15_c25_s7,14,0.5874405555658964
831455,bertopic,n15_c25_s7,21,0.3758266342991944
832164,bertopic,n15_c25_s7,11,1.0
832451,bertopic,n15_c25_s7,1,0.5591125008889717
832539,bertopic,n15_c25_s7,-1,0.0
833507,bertopic,n15_c25_s7,16,0.9359415493160526
833652,bertopic,n15_c25_s7,52,1.0
833753,bertopic,n15_c25_s7,22,1.0
833755,bertopic,n15_c25_s7,3,1.0
834089,bertopic,n15_c25_s7,3,1.0
834965,bertopic,n15_c25_s7,31,0.9478073842757487
835091,bertopic,n15_c25_s7,13,0.35593112819153283
836593,bertopic,n15_c25_s7,0,1.0
836771,bertopic,n15_c25_s7,17,0.5669535855916857
837069,bertopic,n15_c25_s7,-1,0.0
837722,bertopic,n15_c25_s7,29,1.0
837949,bertopic,n15_c25_s7,25,0.9823868088972554
838913,bertopic,n15_c25_s7,35,1.0
839276,bertopic,n15_c25_s7,48,1.0
839417,bertopic,n15_c25_s7,64,1.0
839428,bertopic,n15_c25_s7,14,0.9629313215904609
839954,bertopic,n15_c25_s7,3,0.9477003710092916
840427,bertopic,n15_c25_s7,5,0.6647848232013983
840576,bertopic,n15_c25_s7,34,0.5827339809748803
840991,bertopic,n15_c25_s7,49,1.0
841015,bertopic,n15_c25_s7,14,0.5326127628379596
842319,bertopic,n15_c25_s7,15,1.0
844378,bertopic,n15_c25_s7,0,1.0
845221,bertopic,n15_c25_s7,50,1.0
845621,bertopic,n15_c25_s7,1,1.0
845957,bertopic,n15_c25_s7,13,0.700154563985052
846074,bertopic,n15_c25_s7,-1,0.0
846205,bertopic,n15_c25_s7,-1,0.0
846430,bertopic,n15_c25_s7,30,1.0
846635,bertopic,n15_c25_s7,4,1.0
846655,bertopic,n15_c25_s7,7,0.30195863479813245
847418,bertopic,n15_c25_s7,3,1.0
848231,bertopic,n15_c25_s7,-1,0.0
848372,bertopic,n15_c25_s7,0,1.0
848879,bertopic,n15_c25_s7,19,1.0
850856,bertopic,n15_c25_s7,0,1.0
850916,bertopic,n15_c25_s7,14,1.0
851542,bertopic,n15_c25_s7,1,1.0
852157,bertopic,n15_c25_s7,1,1.0
852174,bertopic,n15_c25_s7,0,0.8526944426811408
852434,bertopic,n15_c25_s7,68,1.0
854666,bertopic,n15_c25_s7,-1,0.0
855462,bertopic,n15_c25_s7,52,0.7590192967411906
856248,bertopic,n15_c25_s7,22,0.5490158367639217
858622,bertopic,n15_c25_s7,-1,0.0
858970,bertopic,n15_c25_s7,65,1.0
859505,bertopic,n15_c25_s7,-1,0.0
863262,bertopic,n15_c25_s7,57,1.0
864280,bertopic,n15_c25_s7,-1,0.0
865209,bertopic,n15_c25_s7,43,1.0
868781,bertopic,n15_c25_s7,23,1.0
869869,bertopic,n15_c25_s7,22,1.0
871970,bertopic,n15_c25_s7,53,1.0
873775,bertopic,n15_c25_s7,7,1.0
875499,bertopic,n15_c25_s7,36,1.0
876108,bertopic,n15_c25_s7,44,1.0
876480,bertopic,n15_c25_s7,1,1.0
876541,bertopic,n15_c25_s7,57,0.7154147203461783
877267,bertopic,n15_c25_s7,-1,0.0
878033,bertopic,n15_c25_s7,64,1.0
881117,bertopic,n15_c25_s7,-1,0.0
882051,bertopic,n15_c25_s7,27,0.5548818146232709
882911,bertopic,n15_c25_s7,0,1.0
888566,bertopic,n15_c25_s7,17,0.5573036666280702
889190,bertopic,n15_c25_s7,-1,0.0
889993,bertopic,n15_c25_s7,18,1.0
890018,bertopic,n15_c25_s7,24,0.40821811605667163
890036,bertopic,n15_c25_s7,-1,0.0
891180,bertopic,n15_c25_s7,-1,0.0
891504,bertopic,n15_c25_s7,-1,0.0
892785,bertopic,n15_c25_s7,13,0.4559090715140167
893155,bertopic,n15_c25_s7,-1,0.0
894631,bertopic,n15_c25_s7,-1,0.0
895040,bertopic,n15_c25_s7,18,0.4639321784251938
896968,bertopic,n15_c25_s7,19,0.4731706977882688
898207,bertopic,n15_c25_s7,-1,0.0
898994,bertopic,n15_c25_s7,-1,0.0
900355,bertopic,n15_c25_s7,42,0.22083445924117823
901198,bertopic,n15_c25_s7,34,0.6028248683335589
903482,bertopic,n15_c25_s7,-1,0.0
903837,bertopic,n15_c25_s7,-1,0.0
904099,bertopic,n15_c25_s7,-1,0.0
906185,bertopic,n15_c25_s7,32,0.5745111806346143
906511,bertopic,n15_c25_s7,7,0.2965877399382618
907428,bertopic,n15_c25_s7,33,1.0
907506,bertopic,n15_c25_s7,7,1.0
908241,bertopic,n15_c25_s7,1,1.0
909050,bertopic,n15_c25_s7,34,0.3610195673160414
909535,bertopic,n15_c25_s7,-1,0.0
910391,bertopic,n15_c25_s7,15,0.7399848350031779
910966,bertopic,n15_c25_s7,6,1.0
911482,bertopic,n15_c25_s7,-1,0.0
912087,bertopic,n15_c25_s7,-1,0.0
912459,bertopic,n15_c25_s7,55,1.0
912821,bertopic,n15_c25_s7,0,1.0
913484,bertopic,n15_c25_s7,2,1.0
913524,bertopic,n15_c25_s7,2,0.8299253537075735
913700,bertopic,n15_c25_s7,13,0.7219773753757902
913708,bertopic,n15_c25_s7,1,1.0
914128,bertopic,n15_c25_s7,33,1.0
914767,bertopic,n15_c25_s7,33,1.0
914838,bertopic,n15_c25_s7,-1,0.0
915745,bertopic,n15_c25_s7,-1,0.0
917093,bertopic,n15_c25_s7,19,0.3980563539405187
919888,bertopic,n15_c25_s7,38,0.395823690883839
920139,bertopic,n15_c25_s7,64,1.0
920360,bertopic,n15_c25_s7,1,1.0
920513,bertopic,n15_c25_s7,-1,0.0
921356,bertopic,n15_c25_s7,0,1.0
921590,bertopic,n15_c25_s7,3,1.0
922266,bertopic,n15_c25_s7,0,1.0
923043,bertopic,n15_c25_s7,-1,0.0
923715,bertopic,n15_c25_s7,7,0.4431700084675816
924953,bertopic,n15_c25_s7,5,1.0
925391,bertopic,n15_c25_s7,66,1.0
925961,bertopic,n15_c25_s7,1,1.0
926212,bertopic,n15_c25_s7,19,0.3980563539405187
926526,bertopic,n15_c25_s7,7,0.7788130408256796
926858,bertopic,n15_c25_s7,4,1.0
926992,bertopic,n15_c25_s7,40,1.0
927582,bertopic,n15_c25_s7,31,1.0
928473,bertopic,n15_c25_s7,41,1.0
929989,bertopic,n15_c25_s7,40,0.8712196631823159
931446,bertopic,n15_c25_s7,-1,0.0
931451,bertopic,n15_c25_s7,18,1.0
931661,bertopic,n15_c25_s7,-1,0.0
932266,bertopic,n15_c25_s7,0,1.0
932468,bertopic,n15_c25_s7,53,1.0
933784,bertopic,n15_c25_s7,15,0.7965156824960342
936437,bertopic,n15_c25_s7,-1,0.0
936494,bertopic,n15_c25_s7,22,0.930129165112506
938557,bertopic,n15_c25_s7,-1,0.0
938810,bertopic,n15_c25_s7,-1,0.0
939062,bertopic,n15_c25_s7,-1,0.0
939431,bertopic,n15_c25_s7,14,0.507587547333979
939974,bertopic,n15_c25_s7,1,1.0
940148,bertopic,n15_c25_s7,34,0.40876530830137436
942698,bertopic,n15_c25_s7,15,0.7408502072641875
943473,bertopic,n15_c25_s7,72,1.0
943536,bertopic,n15_c25_s7,2,1.0
944349,bertopic,n15_c25_s7,23,1.0
944415,bertopic,n15_c25_s7,1,1.0
946748,bertopic,n15_c25_s7,44,1.0
947165,bertopic,n15_c25_s7,66,1.0
947678,bertopic,n15_c25_s7,0,1.0
949593,bertopic,n15_c25_s7,3,1.0
951771,bertopic,n15_c25_s7,1,1.0
951940,bertopic,n15_c25_s7,5,1.0
952202,bertopic,n15_c25_s7,55,1.0
952335,bertopic,n15_c25_s7,0,1.0
955033,bertopic,n15_c25_s7,2,1.0
955035,bertopic,n15_c25_s7,18,1.0
956899,bertopic,n15_c25_s7,-1,0.0
966254,bertopic,n15_c25_s7,20,0.8604648957908645
966855,bertopic,n15_c25_s7,5,0.12939677133097988
967053,bertopic,n15_c25_s7,72,1.0
967464,bertopic,n15_c25_s7,21,1.0
967645,bertopic,n15_c25_s7,-1,0.0
968273,bertopic,n15_c25_s7,61,1.0
968481,bertopic,n15_c25_s7,0,0.9430548514188112
968642,bertopic,n15_c25_s7,42,1.0
968857,bertopic,n15_c25_s7,-1,0.0
970440,bertopic,n15_c25_s7,6,0.7159532545398538
970571,bertopic,n15_c25_s7,17,0.5573036666280702
971340,bertopic,n15_c25_s7,5,0.9424794792435621
971558,bertopic,n15_c25_s7,0,1.0
971958,bertopic,n15_c25_s7,29,1.0
972573,bertopic,n15_c25_s7,20,0.8716200270110253
973210,bertopic,n15_c25_s7,-1,0.0
975342,bertopic,n15_c25_s7,0,1.0
975444,bertopic,n15_c25_s7,13,0.7270123057670709
975611,bertopic,n15_c25_s7,-1,0.0
975756,bertopic,n15_c25_s7,-1,0.0
976410,bertopic,n15_c25_s7,-1,0.0
978624,bertopic,n15_c25_s7,-1,0.0
979489,bertopic,n15_c25_s7,0,1.0
979552,bertopic,n15_c25_s7,14,1.0
979962,bertopic,n15_c25_s7,34,1.0
980182,bertopic,n15_c25_s7,34,0.3448165488927865
980581,bertopic,n15_c25_s7,29,1.0
980991,bertopic,n15_c25_s7,67,1.0
981047,bertopic,n15_c25_s7,65,1.0
981270,bertopic,n15_c25_s7,28,1.0
981287,bertopic,n15_c25_s7,66,1.0
981413,bertopic,n15_c25_s7,14,0.8740560439004971
981727,bertopic,n15_c25_s7,40,1.0
982506,bertopic,n15_c25_s7,31,0.8475117232522289
983155,bertopic,n15_c25_s7,1,1.0
983284,bertopic,n15_c25_s7,9,1.0
984215,bertopic,n15_c25_s7,-1,0.0
984662,bertopic,n15_c25_s7,7,0.5295662298060138
986295,bertopic,n15_c25_s7,29,1.0
986633,bertopic,n15_c25_s7,14,0.5356777950489869
986953,bertopic,n15_c25_s7,-1,0.0
987048,bertopic,n15_c25_s7,6,1.0
987253,bertopic,n15_c25_s7,5,1.0
987483,bertopic,n15_c25_s7,23,1.0
987539,bertopic,n15_c25_s7,0,1.0
988656,bertopic,n15_c25_s7,-1,0.0
988691,bertopic,n15_c25_s7,5,0.9669532148447003
988991,bertopic,n15_c25_s7,23,1.0
990161,bertopic,n15_c25_s7,1,1.0
990208,bertopic,n15_c25_s7,23,0.7246791421959244
991167,bertopic,n15_c25_s7,1,1.0
991269,bertopic,n15_c25_s7,0,1.0
991872,bertopic,n15_c25_s7,-1,0.0
991935,bertopic,n15_c25_s7,3,0.8055705805178028
992944,bertopic,n15_c25_s7,5,0.8995822372896511
993158,bertopic,n15_c25_s7,-1,0.0
993844,bertopic,n15_c25_s7,1,1.0
994375,bertopic,n15_c25_s7,9,0.6570154851498926
994611,bertopic,n15_c25_s7,5,1.0
995628,bertopic,n15_c25_s7,2,1.0
996167,bertopic,n15_c25_s7,-1,0.0
996276,bertopic,n15_c25_s7,20,0.4147854127100434
996714,bertopic,n15_c25_s7,2,1.0
996931,bertopic,n15_c25_s7,-1,0.0
996940,bertopic,n15_c25_s7,-1,0.0
998870,bertopic,n15_c25_s7,16,0.56677490205986
998995,bertopic,n15_c25_s7,31,1.0
999286,bertopic,n15_c25_s7,8,0.7375003361302632
999384,bertopic,n15_c25_s7,48,1.0
999559,bertopic,n15_c25_s7,5,0.24679850951549825
999623,bertopic,n15_c25_s7,7,0.4255987005339525
1000178,bertopic,n15_c25_s7,39,0.42443715599480136
1000189,bertopic,n15_c25_s7,29,0.7769131254351154
1000307,bertopic,n15_c25_s7,48,1.0
1000340,bertopic,n15_c25_s7,8,0.5070051693574018
1000380,bertopic,n15_c25_s7,1,0.8443618835628819
1000528,bertopic,n15_c25_s7,17,0.39700237064141614
1000611,bertopic,n15_c25_s7,41,1.0
1000749,bertopic,n15_c25_s7,-1,0.0
1001047,bertopic,n15_c25_s7,40,0.09583678618236706
1001274,bertopic,n15_c25_s7,23,0.7294266773273055
1001458,bertopic,n15_c25_s7,23,0.9405418111544381
1002776,bertopic,n15_c25_s7,2,0.7145311770872137
1003046,bertopic,n15_c25_s7,3,1.0
1003287,bertopic,n15_c25_s7,15,0.8398188911619137
1003291,bertopic,n15_c25_s7,-1,0.0
1003352,bertopic,n15_c25_s7,5,0.9064792438559123
1003542,bertopic,n15_c25_s7,-1,0.0
1004826,bertopic,n15_c25_s7,5,0.12939677133097988
1005957,bertopic,n15_c25_s7,49,1.0
1006766,bertopic,n15_c25_s7,47,1.0
1008637,bertopic,n15_c25_s7,10,0.18222528850155678
1008724,bertopic,n15_c25_s7,1,1.0
1009546,bertopic,n15_c25_s7,0,1.0
1009940,bertopic,n15_c25_s7,0,1.0
1010256,bertopic,n15_c25_s7,35,1.0
1010446,bertopic,n15_c25_s7,-1,0.0
1010509,bertopic,n15_c25_s7,40,0.7347282057813634
1010772,bertopic,n15_c25_s7,20,0.2527147073826681
1011128,bertopic,n15_c25_s7,15,0.9319307333897273
1011670,bertopic,n15_c25_s7,21,1.0
1011897,bertopic,n15_c25_s7,0,1.0
1011957,bertopic,n15_c25_s7,-1,0.0
1013214,bertopic,n15_c25_s7,6,1.0
1013505,bertopic,n15_c25_s7,41,1.0
1013715,bertopic,n15_c25_s7,7,1.0
1013753,bertopic,n15_c25_s7,-1,0.0
1014352,bertopic,n15_c25_s7,20,0.8716200270110253
1014631,bertopic,n15_c25_s7,0,1.0
1015842,bertopic,n15_c25_s7,-1,0.0
1015982,bertopic,n15_c25_s7,-1,0.0
1016249,bertopic,n15_c25_s7,41,1.0
1016372,bertopic,n15_c25_s7,-1,0.0
1017197,bertopic,n15_c25_s7,40,0.5661490808330448
1017852,bertopic,n15_c25_s7,-1,0.0
1018156,bertopic,n15_c25_s7,43,0.1942477768732894
1019074,bertopic,n15_c25_s7,48,1.0
1019171,bertopic,n15_c25_s7,30,0.15318450724159802
1019255,bertopic,n15_c25_s7,-1,0.0
1019557,bertopic,n15_c25_s7,21,1.0
1019722,bertopic,n15_c25_s7,-1,0.0
1019745,bertopic,n15_c25_s7,1,1.0
1020533,bertopic,n15_c25_s7,66,1.0
1020889,bertopic,n15_c25_s7,4,1.0
1020917,bertopic,n15_c25_s7,11,0.8732721812706614
1020940,bertopic,n15_c25_s7,-1,0.0
1021384,bertopic,n15_c25_s7,16,1.0
1021736,bertopic,n15_c25_s7,54,1.0
1021989,bertopic,n15_c25_s7,6,1.0
1022416,bertopic,n15_c25_s7,33,0.6432767450175776
1022856,bertopic,n15_c25_s7,8,0.4205210404637472
1022941,bertopic,n15_c25_s7,-1,0.0
1023622,bertopic,n15_c25_s7,0,0.7936904200093132
1023669,bertopic,n15_c25_s7,1,1.0
1023726,bertopic,n15_c25_s7,0,1.0
1023811,bertopic,n15_c25_s7,25,0.5451505810842731
1023901,bertopic,n15_c25_s7,0,1.0
1024280,bertopic,n15_c25_s7,3,0.9668841314314819
1024345,bertopic,n15_c25_s7,0,1.0
1025219,bertopic,n15_c25_s7,5,1.0
1025410,bertopic,n15_c25_s7,0,0.5717703188877482
1025600,bertopic,n15_c25_s7,72,1.0
1026708,bertopic,n15_c25_s7,0,1.0
1026799,bertopic,n15_c25_s7,0,1.0
1027124,bertopic,n15_c25_s7,18,0.5506728640561158
1028597,bertopic,n15_c25_s7,-1,0.0
1029189,bertopic,n15_c25_s7,0,1.0
1029846,bertopic,n15_c25_s7,-1,0.0
1029892,bertopic,n15_c25_s7,-1,0.0
1030051,bertopic,n15_c25_s7,0,1.0
1030230,bertopic,n15_c25_s7,0,1.0
1031034,bertopic,n15_c25_s7,39,0.9850314330463514
1031347,bertopic,n15_c25_s7,7,0.2965877399382618
1031601,bertopic,n15_c25_s7,0,1.0
1032243,bertopic,n15_c25_s7,14,1.0
1032430,bertopic,n15_c25_s7,27,0.7035498325075784
1032439,bertopic,n15_c25_s7,70,1.0
1032462,bertopic,n15_c25_s7,32,0.6908765547732972
1032772,bertopic,n15_c25_s7,0,1.0
1033027,bertopic,n15_c25_s7,20,0.4147854127100434
1033232,bertopic,n15_c25_s7,56,1.0
1033395,bertopic,n15_c25_s7,3,1.0
1034845,bertopic,n15_c25_s7,36,0.5059641398100776
1034900,bertopic,n15_c25_s7,70,1.0
1034953,bertopic,n15_c25_s7,23,0.4434306227466724
1035229,bertopic,n15_c25_s7,10,0.10098355620801892
1035289,bertopic,n15_c25_s7,9,1.0
1035310,bertopic,n15_c25_s7,8,1.0
1035367,bertopic,n15_c25_s7,3,1.0
1035380,bertopic,n15_c25_s7,12,0.5848829751611593
1035388,bertopic,n15_c25_s7,57,0.6123461747076352
1035429,bertopic,n15_c25_s7,20,0.8716200270110253
1035544,bertopic,n15_c25_s7,7,0.30195863479813245
1035994,bertopic,n15_c25_s7,6,0.9510307190313978
1036613,bertopic,n15_c25_s7,0,1.0
1037469,bertopic,n15_c25_s7,-1,0.0
1037617,bertopic,n15_c25_s7,6,1.0
1038352,bertopic,n15_c25_s7,9,0.8928242266770645
1040208,bertopic,n15_c25_s7,0,1.0
1040297,bertopic,n15_c25_s7,50,1.0
1040352,bertopic,n15_c25_s7,0,1.0
1042129,bertopic,n15_c25_s7,-1,0.0
1043663,bertopic,n15_c25_s7,6,1.0
1043877,bertopic,n15_c25_s7,1,1.0
1044229,bertopic,n15_c25_s7,4,1.0
1044609,bertopic,n15_c25_s7,11,0.9519742982077768
1044777,bertopic,n15_c25_s7,23,0.803040097370629
1044904,bertopic,n15_c25_s7,0,1.0
1044974,bertopic,n15_c25_s7,-1,0.0
1044981,bertopic,n15_c25_s7,15,0.7965156824960342
1045140,bertopic,n15_c25_s7,43,1.0
1045154,bertopic,n15_c25_s7,23,1.0
1047012,bertopic,n15_c25_s7,30,1.0
1047052,bertopic,n15_c25_s7,28,0.6053718356037047
1048141,bertopic,n15_c25_s7,34,0.7352716272181867
1048375,bertopic,n15_c25_s7,63,1.0
1048410,bertopic,n15_c25_s7,27,0.308539175735255
1048805,bertopic,n15_c25_s7,-1,0.0
1049420,bertopic,n15_c25_s7,31,0.6839942956158538
1050845,bertopic,n15_c25_s7,5,1.0
1051104,bertopic,n15_c25_s7,7,0.4431700084675816
1053526,bertopic,n15_c25_s7,1,1.0
1053725,bertopic,n15_c25_s7,63,0.12496884986964522
1053754,bertopic,n15_c25_s7,17,0.7998406246367717
1055222,bertopic,n15_c25_s7,44,1.0
1055609,bertopic,n15_c25_s7,65,1.0
1055813,bertopic,n15_c25_s7,3,0.9453055512681394
1056195,bertopic,n15_c25_s7,5,1.0
1056210,bertopic,n15_c25_s7,36,1.0
1056986,bertopic,n15_c25_s7,20,0.26274584737362766
1057503,bertopic,n15_c25_s7,1,0.8906323423016727
1057649,bertopic,n15_c25_s7,52,1.0
1059360,bertopic,n15_c25_s7,29,0.4176088550114304
1059969,bertopic,n15_c25_s7,0,1.0
1060043,bertopic,n15_c25_s7,-1,0.0
1060532,bertopic,n15_c25_s7,25,1.0
1060803,bertopic,n15_c25_s7,53,1.0
1061551,bertopic,n15_c25_s7,5,0.9347836697599374
1061978,bertopic,n15_c25_s7,3,0.8393279537819728
1062074,bertopic,n15_c25_s7,-1,0.0
1062739,bertopic,n15_c25_s7,-1,0.0
1062797,bertopic,n15_c25_s7,-1,0.0
1063424,bertopic,n15_c25_s7,16,1.0
1063437,bertopic,n15_c25_s7,0,0.38200991325158046
1063454,bertopic,n15_c25_s7,17,0.49123683896856823
1063476,bertopic,n15_c25_s7,43,0.1834632494635765
1064404,bertopic,n15_c25_s7,1,1.0
1065299,bertopic,n15_c25_s7,24,1.0
1065448,bertopic,n15_c25_s7,1,1.0
1066123,bertopic,n15_c25_s7,0,1.0
1066522,bertopic,n15_c25_s7,24,0.3990036642125751
1067578,bertopic,n15_c25_s7,13,0.4559090715140167
1067693,bertopic,n15_c25_s7,0,1.0
1069084,bertopic,n15_c25_s7,-1,0.0
1069106,bertopic,n15_c25_s7,-1,0.0
1069254,bertopic,n15_c25_s7,1,0.5591125008889717
1069513,bertopic,n15_c25_s7,31,0.8475117232522289
1069835,bertopic,n15_c25_s7,-1,0.0
1069840,bertopic,n15_c25_s7,0,1.0
1070162,bertopic,n15_c25_s7,11,0.9519742982077768
1070665,bertopic,n15_c25_s7,-1,0.0
1070969,bertopic,n15_c25_s7,39,1.0
1071080,bertopic,n15_c25_s7,19,0.3980563539405187
1071107,bertopic,n15_c25_s7,0,0.3301219284514077
1071215,bertopic,n15_c25_s7,1,1.0
1072037,bertopic,n15_c25_s7,-1,0.0
1072289,bertopic,n15_c25_s7,17,0.4793775648460207
1072551,bertopic,n15_c25_s7,5,0.2595481391682667
1072623,bertopic,n15_c25_s7,54,0.9890421518861023
1073104,bertopic,n15_c25_s7,3,0.8223114995426763
1073234,bertopic,n15_c25_s7,-1,0.0
1073292,bertopic,n15_c25_s7,18,1.0
1073802,bertopic,n15_c25_s7,1,1.0
1074110,bertopic,n15_c25_s7,68,1.0
1074238,bertopic,n15_c25_s7,14,0.4778275339222736
1076235,bertopic,n15_c25_s7,12,0.3229408223128693
1076466,bertopic,n15_c25_s7,19,1.0
1076467,bertopic,n15_c25_s7,27,1.0
1076495,bertopic,n15_c25_s7,-1,0.0
1076705,bertopic,n15_c25_s7,14,0.7543902471885202
1077122,bertopic,n15_c25_s7,12,0.28999782039039745
1077485,bertopic,n15_c25_s7,15,0.9705402019810924
1078023,bertopic,n15_c25_s7,29,0.5869207795977445
1078248,bertopic,n15_c25_s7,2,1.0
1078560,bertopic,n15_c25_s7,-1,0.0
1078592,bertopic,n15_c25_s7,9,0.5115339869919687
1079076,bertopic,n15_c25_s7,0,1.0
1079790,bertopic,n15_c25_s7,0,0.5107051365934407
1080149,bertopic,n15_c25_s7,31,1.0
1080614,bertopic,n15_c25_s7,0,1.0
1080759,bertopic,n15_c25_s7,7,0.4789050161931224
1080788,bertopic,n15_c25_s7,40,0.9246856870912546
1080884,bertopic,n15_c25_s7,0,1.0
1081001,bertopic,n15_c25_s7,3,1.0
1081342,bertopic,n15_c25_s7,1,1.0
1081892,bertopic,n15_c25_s7,12,1.0
1082238,bertopic,n15_c25_s7,3,0.9668841314314819
1083077,bertopic,n15_c25_s7,3,0.8706379260274331
1083556,bertopic,n15_c25_s7,0,1.0
1084556,bertopic,n15_c25_s7,1,1.0
1084685,bertopic,n15_c25_s7,31,1.0
1084698,bertopic,n15_c25_s7,-1,0.0
1084727,bertopic,n15_c25_s7,18,1.0
1084772,bertopic,n15_c25_s7,19,0.6761900591678884
1085540,bertopic,n15_c25_s7,19,0.3980563539405187
1086110,bertopic,n15_c25_s7,18,1.0
1086352,bertopic,n15_c25_s7,11,1.0
1087088,bertopic,n15_c25_s7,3,0.9668841314314819
1087763,bertopic,n15_c25_s7,33,0.4117623117794133
1087979,bertopic,n15_c25_s7,5,0.5018730429787291
1088031,bertopic,n15_c25_s7,1,1.0
1088610,bertopic,n15_c25_s7,15,0.6222216603356883
1088726,bertopic,n15_c25_s7,15,0.9471898271773721
1089680,bertopic,n15_c25_s7,0,1.0
1089743,bertopic,n15_c25_s7,14,0.7184081035427294
1089980,bertopic,n15_c25_s7,-1,0.0
1090059,bertopic,n15_c25_s7,-1,0.0
1090082,bertopic,n15_c25_s7,8,0.5070051693574018
1090851,bertopic,n15_c25_s7,63,1.0
1091144,bertopic,n15_c25_s7,39,1.0
1091597,bertopic,n15_c25_s7,15,0.7018831421205164
1091700,bertopic,n15_c25_s7,15,1.0
1092044,bertopic,n15_c25_s7,1,0.3285090576880802
1092137,bertopic,n15_c25_s7,48,1.0
1092142,bertopic,n15_c25_s7,20,0.7117059081300318
1093059,bertopic,n15_c25_s7,65,1.0
1093801,bertopic,n15_c25_s7,29,1.0
1094257,bertopic,n15_c25_s7,56,0.7509053530218831
1094353,bertopic,n15_c25_s7,66,1.0
1095314,bertopic,n15_c25_s7,56,0.7040146497253446
1095730,bertopic,n15_c25_s7,21,0.3758266342991944
1095744,bertopic,n15_c25_s7,-1,0.0
1095794,bertopic,n15_c25_s7,22,1.0
1096069,bertopic,n15_c25_s7,7,1.0
1096200,bertopic,n15_c25_s7,-1,0.0
1096241,bertopic,n15_c25_s7,17,0.4855365748510774
1096298,bertopic,n15_c25_s7,-1,0.0
1096461,bertopic,n15_c25_s7,38,0.3481950554181563
1096507,bertopic,n15_c25_s7,63,0.6862145382102759
1096572,bertopic,n15_c25_s7,-1,0.0
1096749,bertopic,n15_c25_s7,0,1.0
1097185,bertopic,n15_c25_s7,1,0.3285090576880802
1097300,bertopic,n15_c25_s7,54,1.0
1097409,bertopic,n15_c25_s7,3,1.0
1097521,bertopic,n15_c25_s7,38,0.3481950554181563
1097866,bertopic,n15_c25_s7,1,1.0
1098259,bertopic,n15_c25_s7,12,0.34470244386875254
1098545,bertopic,n15_c25_s7,-1,0.0
1098819,bertopic,n15_c25_s7,38,1.0
1098963,bertopic,n15_c25_s7,38,1.0
1098982,bertopic,n15_c25_s7,-1,0.0
1099091,bertopic,n15_c25_s7,12,0.6429003985572734
1099235,bertopic,n15_c25_s7,8,0.5070051693574018
1099490,bertopic,n15_c25_s7,-1,0.0
1099494,bertopic,n15_c25_s7,-1,0.0
1099514,bertopic,n15_c25_s7,45,1.0
1099526,bertopic,n15_c25_s7,15,0.910215034995398
1099659,bertopic,n15_c25_s7,12,0.30198267400397416
1099789,bertopic,n15_c25_s7,-1,0.0
1099991,bertopic,n15_c25_s7,53,1.0
1100292,bertopic,n15_c25_s7,38,0.3481950554181563
1100313,bertopic,n15_c25_s7,19,0.6761900591678884
1100338,bertopic,n15_c25_s7,1,0.3285090576880802
1100413,bertopic,n15_c25_s7,53,1.0
1100434,bertopic,n15_c25_s7,44,1.0
1100449,bertopic,n15_c25_s7,-1,0.0
1100552,bertopic,n15_c25_s7,27,0.38486837833605503
1100594,bertopic,n15_c25_s7,-1,0.0
1100861,bertopic,n15_c25_s7,-1,0.0
1100932,bertopic,n15_c25_s7,7,0.3762900978356267
1100975,bertopic,n15_c25_s7,0,1.0
1100995,bertopic,n15_c25_s7,12,0.29011564949288376
1101219,bertopic,n15_c25_s7,12,0.4321276369394252
1101347,bertopic,n15_c25_s7,0,1.0
1101600,bertopic,n15_c25_s7,-1,0.0
1101650,bertopic,n15_c25_s7,12,0.611782599129591
1101774,bertopic,n15_c25_s7,31,0.822898757670982
1101833,bertopic,n15_c25_s7,1,1.0
1102145,bertopic,n15_c25_s7,1,1.0
1102171,bertopic,n15_c25_s7,-1,0.0
1102209,bertopic,n15_c25_s7,25,0.5761243068299073
1102291,bertopic,n15_c25_s7,38,0.3982633217757831
1102329,bertopic,n15_c25_s7,31,1.0
1102357,bertopic,n15_c25_s7,-1,0.0
1102380,bertopic,n15_c25_s7,48,1.0
1102591,bertopic,n15_c25_s7,3,1.0
1102629,bertopic,n15_c25_s7,1,1.0
1102677,bertopic,n15_c25_s7,12,0.8738333115441248
1102830,bertopic,n15_c25_s7,-1,0.0
1102838,bertopic,n15_c25_s7,-1,0.0
1102965,bertopic,n15_c25_s7,68,1.0
1103065,bertopic,n15_c25_s7,-1,0.0
1103081,bertopic,n15_c25_s7,34,1.0
1103395,bertopic,n15_c25_s7,-1,0.0
1103566,bertopic,n15_c25_s7,11,0.9042261168985402
1103673,bertopic,n15_c25_s7,-1,0.0
1103695,bertopic,n15_c25_s7,57,1.0
1103889,bertopic,n15_c25_s7,0,1.0
1103910,bertopic,n15_c25_s7,0,1.0
1104481,bertopic,n15_c25_s7,19,0.3980563539405187
1104538,bertopic,n15_c25_s7,0,1.0
1105907,bertopic,n15_c25_s7,7,0.679289221842568
1105913,bertopic,n15_c25_s7,34,1.0
1105941,bertopic,n15_c25_s7,25,0.9127916242645167
1105952,bertopic,n15_c25_s7,25,0.8309798045163242
1106184,bertopic,n15_c25_s7,4,1.0
1106279,bertopic,n15_c25_s7,-1,0.0
1106821,bertopic,n15_c25_s7,0,1.0
1107054,bertopic,n15_c25_s7,-1,0.0
1107129,bertopic,n15_c25_s7,16,0.3809252544569443
1107310,bertopic,n15_c25_s7,27,1.0
1107428,bertopic,n15_c25_s7,19,0.3980563539405187
1107525,bertopic,n15_c25_s7,25,0.8058135619006913
1107629,bertopic,n15_c25_s7,38,1.0
1108008,bertopic,n15_c25_s7,25,0.5152811151624362
1108317,bertopic,n15_c25_s7,0,1.0
1108557,bertopic,n15_c25_s7,14,0.7085185989378876
1108766,bertopic,n15_c25_s7,-1,0.0
1109432,bertopic,n15_c25_s7,4,1.0
1109710,bertopic,n15_c25_s7,5,1.0
1109970,bertopic,n15_c25_s7,1,1.0
1110115,bertopic,n15_c25_s7,24,1.0
1110127,bertopic,n15_c25_s7,-1,0.0
1110172,bertopic,n15_c25_s7,24,0.19772663159074066
1110269,bertopic,n15_c25_s7,24,0.8163928682305381
1110328,bertopic,n15_c25_s7,-1,0.0
1110439,bertopic,n15_c25_s7,3,1.0
1110451,bertopic,n15_c25_s7,0,1.0
1110625,bertopic,n15_c25_s7,-1,0.0
1110676,bertopic,n15_c25_s7,48,1.0
1110709,bertopic,n15_c25_s7,35,1.0
1110792,bertopic,n15_c25_s7,-1,0.0
1110901,bertopic,n15_c25_s7,0,1.0
1110981,bertopic,n15_c25_s7,2,1.0
1111001,bertopic,n15_c25_s7,36,0.43094840267482337
1111532,bertopic,n15_c25_s7,24,0.5535450403736244
1111947,bertopic,n15_c25_s7,0,0.9487696712333648
1112028,bertopic,n15_c25_s7,72,1.0
1112046,bertopic,n15_c25_s7,2,1.0
1112330,bertopic,n15_c25_s7,24,0.41597187551141673
1112600,bertopic,n15_c25_s7,13,1.0
1112879,bertopic,n15_c25_s7,3,1.0
1113001,bertopic,n15_c25_s7,1,1.0
1113004,bertopic,n15_c25_s7,2,1.0
1113072,bertopic,n15_c25_s7,48,1.0
1113366,bertopic,n15_c25_s7,5,1.0
1113844,bertopic,n15_c25_s7,2,0.8883983313557147
1113949,bertopic,n15_c25_s7,-1,0.0
1114316,bertopic,n15_c25_s7,2,1.0
1114352,bertopic,n15_c25_s7,2,0.7145311770872137
1114794,bertopic,n15_c25_s7,-1,0.0
1114827,bertopic,n15_c25_s7,-1,0.0
1114891,bertopic,n15_c25_s7,32,0.8571939066047496
1114995,bertopic,n15_c25_s7,4,1.0
1115098,bertopic,n15_c25_s7,22,0.2735521797598905
1115154,bertopic,n15_c25_s7,4,1.0
1115204,bertopic,n15_c25_s7,-1,0.0
1115380,bertopic,n15_c25_s7,2,1.0
1115412,bertopic,n15_c25_s7,23,0.5848100480602393
1115576,bertopic,n15_c25_s7,2,1.0
1115643,bertopic,n15_c25_s7,2,1.0
1115941,bertopic,n15_c25_s7,16,1.0
1116089,bertopic,n15_c25_s7,2,1.0
1116562,bertopic,n15_c25_s7,7,0.4382011440277648
1116827,bertopic,n15_c25_s7,66,1.0
1116858,bertopic,n15_c25_s7,24,1.0
1116913,bertopic,n15_c25_s7,5,1.0
1117195,bertopic,n15_c25_s7,18,0.7911534245615948
1117230,bertopic,n15_c25_s7,50,1.0
1117275,bertopic,n15_c25_s7,2,1.0
1117493,bertopic,n15_c25_s7,7,0.4431700084675816
1117508,bertopic,n15_c25_s7,17,1.0
1117531,bertopic,n15_c25_s7,2,1.0
1117684,bertopic,n15_c25_s7,2,1.0
1117698,bertopic,n15_c25_s7,34,1.0
1118052,bertopic,n15_c25_s7,2,1.0
1118073,bertopic,n15_c25_s7,2,1.0
1118141,bertopic,n15_c25_s7,18,0.8458047640556048
1118205,bertopic,n15_c25_s7,8,0.3750777958074325
1118246,bertopic,n15_c25_s7,1,1.0
1118312,bertopic,n15_c25_s7,2,1.0
1118440,bertopic,n15_c25_s7,21,0.8209763356148386
1118480,bertopic,n15_c25_s7,32,0.920182369577323
1118533,bertopic,n15_c25_s7,14,1.0
1118668,bertopic,n15_c25_s7,1,1.0
1118759,bertopic,n15_c25_s7,2,1.0
1118824,bertopic,n15_c25_s7,1,1.0
1118923,bertopic,n15_c25_s7,3,1.0
1119095,bertopic,n15_c25_s7,2,0.9652494757424722
1119264,bertopic,n15_c25_s7,2,1.0
1119296,bertopic,n15_c25_s7,1,1.0
1119321,bertopic,n15_c25_s7,43,1.0
1119376,bertopic,n15_c25_s7,9,0.2879556396738257
1119387,bertopic,n15_c25_s7,43,0.904213787519597
1119504,bertopic,n15_c25_s7,52,0.9385076933252432
1119709,bertopic,n15_c25_s7,13,0.905115312229944
1119724,bertopic,n15_c25_s7,8,0.5070051693574018
1119732,bertopic,n15_c25_s7,43,0.8327702680069595
1119837,bertopic,n15_c25_s7,43,1.0
1119949,bertopic,n15_c25_s7,-1,0.0
1120028,bertopic,n15_c25_s7,1,0.9472264379494076
1120135,bertopic,n15_c25_s7,48,1.0
1120334,bertopic,n15_c25_s7,54,1.0
1121077,bertopic,n15_c25_s7,12,0.39881795439484735
1121307,bertopic,n15_c25_s7,2,1.0
1121314,bertopic,n15_c25_s7,2,1.0
1121341,bertopic,n15_c25_s7,2,1.0
1121447,bertopic,n15_c25_s7,2,0.8784723585489006
1121643,bertopic,n15_c25_s7,-1,0.0
1121926,bertopic,n15_c25_s7,-1,0.0
1122060,bertopic,n15_c25_s7,26,0.22921350748042943
1122687,bertopic,n15_c25_s7,6,1.0
1122913,bertopic,n15_c25_s7,6,1.0
1123071,bertopic,n15_c25_s7,6,1.0
1123093,bertopic,n15_c25_s7,52,1.0
1124310,bertopic,n15_c25_s7,48,1.0
1124347,bertopic,n15_c25_s7,6,0.9980889125015686
1124353,bertopic,n15_c25_s7,-1,0.0
1124387,bertopic,n15_c25_s7,42,0.2508100441207468
1124797,bertopic,n15_c25_s7,25,0.5152811151624362
1124824,bertopic,n15_c25_s7,55,1.0
1124977,bertopic,n15_c25_s7,52,0.3909502658388354
1125019,bertopic,n15_c25_s7,0,1.0
1125021,bertopic,n15_c25_s7,4,0.739707232192411
1125760,bertopic,n15_c25_s7,6,0.7159532545398538
1126048,bertopic,n15_c25_s7,35,1.0
1126258,bertopic,n15_c25_s7,5,0.12939677133097988
1126719,bertopic,n15_c25_s7,1,1.0
1126733,bertopic,n15_c25_s7,1,0.9763479386835096
1127164,bertopic,n15_c25_s7,-1,0.0
1127853,bertopic,n15_c25_s7,25,0.6794449895528464
1128790,bertopic,n15_c25_s7,57,0.9210200542473108
1128885,bertopic,n15_c25_s7,6,1.0
1128919,bertopic,n15_c25_s7,1,1.0
1128965,bertopic,n15_c25_s7,0,1.0
1129054,bertopic,n15_c25_s7,2,1.0
1129221,bertopic,n15_c25_s7,1,0.9763479386835096
1129241,bertopic,n15_c25_s7,3,1.0
1129745,bertopic,n15_c25_s7,32,1.0
1129847,bertopic,n15_c25_s7,1,1.0
1129929,bertopic,n15_c25_s7,3,0.8445566868007712
1130065,bertopic,n15_c25_s7,-1,0.0
1130119,bertopic,n15_c25_s7,2,0.9652494757424722
1130131,bertopic,n15_c25_s7,6,1.0
1130323,bertopic,n15_c25_s7,48,1.0
1130384,bertopic,n15_c25_s7,1,1.0
1130842,bertopic,n15_c25_s7,10,0.1667818030824749
1130955,bertopic,n15_c25_s7,5,0.8877488076902379
1131856,bertopic,n15_c25_s7,21,1.0
1132014,bertopic,n15_c25_s7,6,1.0
1132074,bertopic,n15_c25_s7,32,0.5947729928453009
1132163,bertopic,n15_c25_s7,55,1.0
1132406,bertopic,n15_c25_s7,27,0.34741053999903954
1132415,bertopic,n15_c25_s7,26,0.15897088158725547
1132790,bertopic,n15_c25_s7,23,0.36829640124593016
1133215,bertopic,n15_c25_s7,5,1.0
1133283,bertopic,n15_c25_s7,1,0.5591125008889717
1133321,bertopic,n15_c25_s7,9,1.0
1133411,bertopic,n15_c25_s7,0,1.0
1133518,bertopic,n15_c25_s7,0,1.0
1133697,bertopic,n15_c25_s7,19,0.3671674351158807
1133760,bertopic,n15_c25_s7,0,1.0
1133776,bertopic,n15_c25_s7,4,1.0
1133880,bertopic,n15_c25_s7,5,0.6844288650946434
1134028,bertopic,n15_c25_s7,49,1.0
1134165,bertopic,n15_c25_s7,7,0.28805892453801996
1134199,bertopic,n15_c25_s7,5,0.9516226424274999
1134222,bertopic,n15_c25_s7,0,1.0
1134608,bertopic,n15_c25_s7,-1,0.0
1134753,bertopic,n15_c25_s7,25,0.4252628688794623
1134862,bertopic,n15_c25_s7,6,0.9870222162675428
1135019,bertopic,n15_c25_s7,5,0.25769568860554404
1135134,bertopic,n15_c25_s7,1,1.0
1135142,bertopic,n15_c25_s7,5,1.0
1136015,bertopic,n15_c25_s7,0,1.0
1136884,bertopic,n15_c25_s7,1,0.9763479386835096
1137187,bertopic,n15_c25_s7,7,0.4431700084675816
1137490,bertopic,n15_c25_s7,31,0.8475117232522289
1137796,bertopic,n15_c25_s7,1,0.9763479386835096
1138035,bertopic,n15_c25_s7,66,1.0
1138182,bertopic,n15_c25_s7,-1,0.0
1138623,bertopic,n15_c25_s7,-1,0.0
1138707,bertopic,n15_c25_s7,-1,0.0
1139842,bertopic,n15_c25_s7,-1,0.0
1140181,bertopic,n15_c25_s7,0,1.0
1140801,bertopic,n15_c25_s7,29,1.0
1141046,bertopic,n15_c25_s7,5,1.0
1141197,bertopic,n15_c25_s7,5,0.12939677133097988
1141638,bertopic,n15_c25_s7,22,1.0
1141813,bertopic,n15_c25_s7,34,0.38734255555028424
1141951,bertopic,n15_c25_s7,0,1.0
1142937,bertopic,n15_c25_s7,31,0.8475117232522289
1144824,bertopic,n15_c25_s7,50,1.0
1145165,bertopic,n15_c25_s7,16,0.9157644462961154
1145638,bertopic,n15_c25_s7,17,0.6195458672326728
1146027,bertopic,n15_c25_s7,-1,0.0
1146042,bertopic,n15_c25_s7,6,1.0
1146152,bertopic,n15_c25_s7,40,1.0
1146252,bertopic,n15_c25_s7,25,0.5899859256935731
1146352,bertopic,n15_c25_s7,-1,0.0
1147158,bertopic,n15_c25_s7,15,0.9078321333172723
1147273,bertopic,n15_c25_s7,19,0.3980563539405187
1147402,bertopic,n15_c25_s7,-1,0.0
1147699,bertopic,n15_c25_s7,1,1.0
1148447,bertopic,n15_c25_s7,7,0.8252006554978559
1148547,bertopic,n15_c25_s7,6,1.0
1148606,bertopic,n15_c25_s7,0,0.9653677557583388
1148875,bertopic,n15_c25_s7,8,0.38148112833278847
1149101,bertopic,n15_c25_s7,15,1.0
1149294,bertopic,n15_c25_s7,15,0.804362644692937
1149383,bertopic,n15_c25_s7,8,0.39627083140761393
1150390,bertopic,n15_c25_s7,2,0.7395471348936267
1150687,bertopic,n15_c25_s7,7,0.42502255520729965
1151009,bertopic,n15_c25_s7,0,1.0
1151445,bertopic,n15_c25_s7,1,0.9590747874314368
1151675,bertopic,n15_c25_s7,8,0.5998978153718231
1151793,bertopic,n15_c25_s7,-1,0.0
1154042,bertopic,n15_c25_s7,0,1.0
1154242,bertopic,n15_c25_s7,24,1.0
1154680,bertopic,n15_c25_s7,0,0.7977166734268271
1155302,bertopic,n15_c25_s7,13,0.700154563985052
1156050,bertopic,n15_c25_s7,-1,0.0
1158781,bertopic,n15_c25_s7,-1,0.0
1159641,bertopic,n15_c25_s7,31,0.8475117232522289
1160696,bertopic,n15_c25_s7,-1,0.0
1161665,bertopic,n15_c25_s7,-1,0.0
1161789,bertopic,n15_c25_s7,64,1.0
1161895,bertopic,n15_c25_s7,13,0.32263929251446904
1162509,bertopic,n15_c25_s7,19,1.0
1162778,bertopic,n15_c25_s7,21,0.3758266342991944
1163727,bertopic,n15_c25_s7,0,0.7931728632706632
1163846,bertopic,n15_c25_s7,2,1.0
1166428,bertopic,n15_c25_s7,-1,0.0
1166606,bertopic,n15_c25_s7,-1,0.0
1172193,bertopic,n15_c25_s7,28,0.6820421519146781
1173734,bertopic,n15_c25_s7,13,0.4559090715140167
1176583,bertopic,n15_c25_s7,65,1.0
1176973,bertopic,n15_c25_s7,17,0.5326292629358598
1177723,bertopic,n15_c25_s7,-1,0.0
1177972,bertopic,n15_c25_s7,19,0.3980563539405187
1178665,bertopic,n15_c25_s7,41,1.0
1179288,bertopic,n15_c25_s7,-1,0.0
1179930,bertopic,n15_c25_s7,21,0.8209763356148386
1180166,bertopic,n15_c25_s7,0,1.0
1180430,bertopic,n15_c25_s7,-1,0.0
1180915,bertopic,n15_c25_s7,19,0.40803364486009497
1182632,bertopic,n15_c25_s7,18,1.0
1185968,bertopic,n15_c25_s7,-1,0.0
1189527,bertopic,n15_c25_s7,6,1.0
1189737,bertopic,n15_c25_s7,0,1.0
1190471,bertopic,n15_c25_s7,1,1.0
1191095,bertopic,n15_c25_s7,-1,0.0
1191971,bertopic,n15_c25_s7,24,0.5889113312623134
1192253,bertopic,n15_c25_s7,31,0.7105915614087026
1192680,bertopic,n15_c25_s7,-1,0.0
1193022,bertopic,n15_c25_s7,0,0.8971558669778936
1196817,bertopic,n15_c25_s7,19,0.3907329804276193
1198108,bertopic,n15_c25_s7,-1,0.0
1200295,bertopic,n15_c25_s7,-1,0.0
1200453,bertopic,n15_c25_s7,-1,0.0
1200649,bertopic,n15_c25_s7,13,0.4559090715140167
1200694,bertopic,n15_c25_s7,13,0.367453326988516
1202138,bertopic,n15_c25_s7,2,1.0
1202164,bertopic,n15_c25_s7,33,0.4117623117794133
1202753,bertopic,n15_c25_s7,7,0.2965877399382618
1203775,bertopic,n15_c25_s7,-1,0.0
1205723,bertopic,n15_c25_s7,42,0.9140321563665421
1207633,bertopic,n15_c25_s7,19,0.38485628519301834
1208066,bertopic,n15_c25_s7,-1,0.0
1209971,bertopic,n15_c25_s7,14,0.7085185989378876
1213628,bertopic,n15_c25_s7,44,1.0
1214551,bertopic,n15_c25_s7,72,1.0
1215205,bertopic,n15_c25_s7,1,0.9763479386835096
1215569,bertopic,n15_c25_s7,18,0.5435401215612614
1215831,bertopic,n15_c25_s7,15,0.9860029414111223
1216753,bertopic,n15_c25_s7,17,0.5573036666280702
1217154,bertopic,n15_c25_s7,7,0.9179480213870926
1217384,bertopic,n15_c25_s7,19,1.0
1222251,bertopic,n15_c25_s7,37,1.0
1222276,bertopic,n15_c25_s7,4,0.9489156625311737
1223277,bertopic,n15_c25_s7,-1,0.0
1223412,bertopic,n15_c25_s7,1,1.0
1225916,bertopic,n15_c25_s7,55,1.0
1226995,bertopic,n15_c25_s7,19,0.6761900591678884
1227271,bertopic,n15_c25_s7,4,1.0
1227710,bertopic,n15_c25_s7,-1,0.0
1228096,bertopic,n15_c25_s7,15,0.804362644692937
1228776,bertopic,n15_c25_s7,6,1.0
1229008,bertopic,n15_c25_s7,-1,0.0
1229988,bertopic,n15_c25_s7,-1,0.0
1231622,bertopic,n15_c25_s7,29,0.9139784655125434
1231635,bertopic,n15_c25_s7,-1,0.0
1231901,bertopic,n15_c25_s7,4,1.0
1232008,bertopic,n15_c25_s7,23,1.0
1232174,bertopic,n15_c25_s7,2,1.0
1233088,bertopic,n15_c25_s7,16,0.3297481536488173
1233385,bertopic,n15_c25_s7,13,0.6310246775799133
1233422,bertopic,n15_c25_s7,35,1.0
1235322,bertopic,n15_c25_s7,2,1.0
1236378,bertopic,n15_c25_s7,32,1.0
1237031,bertopic,n15_c25_s7,6,0.7159532545398538
1237170,bertopic,n15_c25_s7,2,0.7145311770872137
1237413,bertopic,n15_c25_s7,15,1.0
1237848,bertopic,n15_c25_s7,5,1.0
1237922,bertopic,n15_c25_s7,33,0.7335569604945372
1238889,bertopic,n15_c25_s7,15,0.9860029414111223
1238961,bertopic,n15_c25_s7,17,0.4394310845778427
1239523,bertopic,n15_c25_s7,4,1.0
1240026,bertopic,n15_c25_s7,-1,0.0
1241291,bertopic,n15_c25_s7,-1,0.0
1242184,bertopic,n15_c25_s7,-1,0.0
1245244,bertopic,n15_c25_s7,1,1.0
1248105,bertopic,n15_c25_s7,11,0.8327813293269171
1248204,bertopic,n15_c25_s7,23,0.7294266773273055
1248300,bertopic,n15_c25_s7,18,0.4086819635246879
1250399,bertopic,n15_c25_s7,3,1.0
1251753,bertopic,n15_c25_s7,-1,0.0
1252071,bertopic,n15_c25_s7,9,0.5664585889950869
1252327,bertopic,n15_c25_s7,4,1.0
1254524,bertopic,n15_c25_s7,25,0.5152811151624362
1256404,bertopic,n15_c25_s7,-1,0.0
1257472,bertopic,n15_c25_s7,-1,0.0
1260426,bertopic,n15_c25_s7,24,0.6263322761738708
1261053,bertopic,n15_c25_s7,31,1.0
1261757,bertopic,n15_c25_s7,0,1.0
1262969,bertopic,n15_c25_s7,23,0.33398534858637347
1263492,bertopic,n15_c25_s7,22,0.19645525810447728
1264343,bertopic,n15_c25_s7,4,1.0
1264590,bertopic,n15_c25_s7,18,0.660114082759958
1264716,bertopic,n15_c25_s7,-1,0.0
1266683,bertopic,n15_c25_s7,19,0.6761900591678884
1267035,bertopic,n15_c25_s7,17,0.5810102994421308
1267428,bertopic,n15_c25_s7,24,0.5889113312623134
1267998,bertopic,n15_c25_s7,0,1.0
1270171,bertopic,n15_c25_s7,-1,0.0
1271152,bertopic,n15_c25_s7,-1,0.0
1271406,bertopic,n15_c25_s7,56,1.0
1273521,bertopic,n15_c25_s7,22,0.1580411344975034
1274004,bertopic,n15_c25_s7,29,1.0
1275243,bertopic,n15_c25_s7,15,0.804362644692937
1275309,bertopic,n15_c25_s7,1,0.8957478075415714
1276979,bertopic,n15_c25_s7,23,0.7294266773273055
1277211,bertopic,n15_c25_s7,17,1.0
1277828,bertopic,n15_c25_s7,19,1.0
1278728,bertopic,n15_c25_s7,-1,0.0
1280692,bertopic,n15_c25_s7,2,1.0
1282492,bertopic,n15_c25_s7,-1,0.0
1282669,bertopic,n15_c25_s7,47,1.0
1283815,bertopic,n15_c25_s7,5,1.0
1285885,bertopic,n15_c25_s7,17,0.5573036666280702
1286087,bertopic,n15_c25_s7,51,0.6738309226908321
1286957,bertopic,n15_c25_s7,15,0.7965156824960342
1288369,bertopic,n15_c25_s7,2,1.0
1293162,bertopic,n15_c25_s7,15,0.9860029414111223
1293332,bertopic,n15_c25_s7,64,1.0
1293933,bertopic,n15_c25_s7,44,1.0
1295827,bertopic,n15_c25_s7,60,1.0
1295853,bertopic,n15_c25_s7,59,1.0
1295865,bertopic,n15_c25_s7,-1,0.0
1295888,bertopic,n15_c25_s7,54,1.0
1296775,bertopic,n15_c25_s7,22,0.1702997914931969
1297875,bertopic,n15_c25_s7,0,1.0
1298653,bertopic,n15_c25_s7,19,1.0
1303438,bertopic,n15_c25_s7,1,1.0
1303474,bertopic,n15_c25_s7,15,0.9860029414111223
1304857,bertopic,n15_c25_s7,0,1.0
1305880,bertopic,n15_c25_s7,-1,0.0
1306813,bertopic,n15_c25_s7,-1,0.0
1307171,bertopic,n15_c25_s7,63,1.0
1311466,bertopic,n15_c25_s7,19,0.3980563539405187
1312605,bertopic,n15_c25_s7,4,1.0
1312667,bertopic,n15_c25_s7,52,1.0
1312787,bertopic,n15_c25_s7,14,0.4889262062405993
1313336,bertopic,n15_c25_s7,-1,0.0
1314141,bertopic,n15_c25_s7,0,0.38200991325158046
1314588,bertopic,n15_c25_s7,-1,0.0
1315353,bertopic,n15_c25_s7,-1,0.0
1316358,bertopic,n15_c25_s7,3,0.8972844564376354
1317422,bertopic,n15_c25_s7,1,1.0
1319309,bertopic,n15_c25_s7,-1,0.0
1319652,bertopic,n15_c25_s7,-1,0.0
1322468,bertopic,n15_c25_s7,52,1.0
1322941,bertopic,n15_c25_s7,15,0.7965156824960342
1325291,bertopic,n15_c25_s7,40,0.897578345975494
1326263,bertopic,n15_c25_s7,15,1.0
1326419,bertopic,n15_c25_s7,-1,0.0
1327705,bertopic,n15_c25_s7,61,1.0
1328425,bertopic,n15_c25_s7,-1,0.0
1328433,bertopic,n15_c25_s7,21,0.3758266342991944
1328559,bertopic,n15_c25_s7,13,0.4559090715140167
1328590,bertopic,n15_c25_s7,21,0.3758266342991944
1328629,bertopic,n15_c25_s7,16,0.3345297047236251
1328920,bertopic,n15_c25_s7,-1,0.0
1329456,bertopic,n15_c25_s7,-1,0.0
1330537,bertopic,n15_c25_s7,66,0.47584987659527683
1331105,bertopic,n15_c25_s7,-1,0.0
1331247,bertopic,n15_c25_s7,14,0.6025566715591718
1331568,bertopic,n15_c25_s7,27,0.2507890303620186
1331824,bertopic,n15_c25_s7,12,0.7755327237428787
1332132,bertopic,n15_c25_s7,44,1.0
1332151,bertopic,n15_c25_s7,14,0.9864072273769243
1333447,bertopic,n15_c25_s7,8,0.5370254143202304
1333466,bertopic,n15_c25_s7,-1,0.0
1333612,bertopic,n15_c25_s7,44,0.9325277313515694
1333849,bertopic,n15_c25_s7,-1,0.0
1333894,bertopic,n15_c25_s7,3,1.0
1334215,bertopic,n15_c25_s7,25,1.0
1334660,bertopic,n15_c25_s7,3,0.8576099050736733
1334867,bertopic,n15_c25_s7,-1,0.0
1334990,bertopic,n15_c25_s7,-1,0.0
1335182,bertopic,n15_c25_s7,35,1.0
1335569,bertopic,n15_c25_s7,34,0.23841409782522016
1335873,bertopic,n15_c25_s7,-1,0.0
1336013,bertopic,n15_c25_s7,14,0.5316621144639276
1336227,bertopic,n15_c25_s7,24,1.0
1336272,bertopic,n15_c25_s7,38,0.3481950554181563
1336457,bertopic,n15_c25_s7,9,0.9238642941190207
1336508,bertopic,n15_c25_s7,24,1.0
1336545,bertopic,n15_c25_s7,-1,0.0
1336635,bertopic,n15_c25_s7,34,0.2856298981011551
1336697,bertopic,n15_c25_s7,3,0.9065428157665361
1336889,bertopic,n15_c25_s7,14,1.0
1337777,bertopic,n15_c25_s7,2,1.0
1337833,bertopic,n15_c25_s7,-1,0.0
1337953,bertopic,n15_c25_s7,48,0.6363551827927996
1338185,bertopic,n15_c25_s7,2,1.0
1338187,bertopic,n15_c25_s7,0,1.0
1338591,bertopic,n15_c25_s7,11,0.9327815026931341
1338720,bertopic,n15_c25_s7,-1,0.0
1339546,bertopic,n15_c25_s7,2,0.7145311770872137
1339717,bertopic,n15_c25_s7,38,0.3481950554181563
1339936,bertopic,n15_c25_s7,-1,0.0
1340018,bertopic,n15_c25_s7,-1,0.0
1340221,bertopic,n15_c25_s7,3,1.0
1340290,bertopic,n15_c25_s7,16,0.8089795068176551
1340354,bertopic,n15_c25_s7,-1,0.0
1340550,bertopic,n15_c25_s7,59,0.5598253266427712
1340579,bertopic,n15_c25_s7,-1,0.0
1340837,bertopic,n15_c25_s7,3,0.9915833488085302
1340896,bertopic,n15_c25_s7,-1,0.0
1341084,bertopic,n15_c25_s7,10,1.0
1341136,bertopic,n15_c25_s7,16,1.0
1341197,bertopic,n15_c25_s7,8,0.5076191731760751
1341211,bertopic,n15_c25_s7,7,0.4431700084675816
1341349,bertopic,n15_c25_s7,1,1.0
1341492,bertopic,n15_c25_s7,9,1.0
1341518,bertopic,n15_c25_s7,27,1.0
1341529,bertopic,n15_c25_s7,10,0.3046783691515539
1341600,bertopic,n15_c25_s7,10,0.16887574645784487
1341631,bertopic,n15_c25_s7,14,0.6530475978877402
1341648,bertopic,n15_c25_s7,2,1.0
1341653,bertopic,n15_c25_s7,3,1.0
1341654,bertopic,n15_c25_s7,-1,0.0
1341717,bertopic,n15_c25_s7,0,0.2862980375101843
1341723,bertopic,n15_c25_s7,-1,0.0
1341731,bertopic,n15_c25_s7,49,0.9129633041699619
1341735,bertopic,n15_c25_s7,9,0.43221133180000143
1341778,bertopic,n15_c25_s7,-1,0.0
1341855,bertopic,n15_c25_s7,10,0.2909433722825431
1341861,bertopic,n15_c25_s7,3,1.0
1341976,bertopic,n15_c25_s7,1,0.5591125008889717
1341980,bertopic,n15_c25_s7,10,0.3272114112951929
1341997,bertopic,n15_c25_s7,1,1.0
1342072,bertopic,n15_c25_s7,10,1.0
1342094,bertopic,n15_c25_s7,50,1.0
1342147,bertopic,n15_c25_s7,-1,0.0
1342200,bertopic,n15_c25_s7,2,0.8021649098597156
1342209,bertopic,n15_c25_s7,-1,0.0
1342353,bertopic,n15_c25_s7,2,0.8613071558842326
1342385,bertopic,n15_c25_s7,-1,0.0
1342387,bertopic,n15_c25_s7,43,1.0
1342400,bertopic,n15_c25_s7,2,0.9205367892129949
1342431,bertopic,n15_c25_s7,2,1.0
1342456,bertopic,n15_c25_s7,-1,0.0
1342504,bertopic,n15_c25_s7,10,0.9074585366169605
1342820,bertopic,n15_c25_s7,66,1.0
1342923,bertopic,n15_c25_s7,10,0.8542056914879671
1343205,bertopic,n15_c25_s7,19,1.0
1343217,bertopic,n15_c25_s7,14,0.6783940007314028
1343397,bertopic,n15_c25_s7,10,0.8927445074457203
1343705,bertopic,n15_c25_s7,58,1.0
1343918,bertopic,n15_c25_s7,31,1.0
1346153,bertopic,n15_c25_s7,15,0.804362644692937
1347867,bertopic,n15_c25_s7,15,0.9078321333172723
1349045,bertopic,n15_c25_s7,-1,0.0
1350240,bertopic,n15_c25_s7,7,1.0
1350512,bertopic,n15_c25_s7,65,1.0
1350627,bertopic,n15_c25_s7,-1,0.0
1350933,bertopic,n15_c25_s7,0,1.0
1352422,bertopic,n15_c25_s7,1,1.0
1352426,bertopic,n15_c25_s7,20,1.0
1352433,bertopic,n15_c25_s7,9,1.0
1352468,bertopic,n15_c25_s7,3,1.0
1352471,bertopic,n15_c25_s7,2,1.0
1352495,bertopic,n15_c25_s7,-1,0.0
1352496,bertopic,n15_c25_s7,10,0.44422943364490014
1352515,bertopic,n15_c25_s7,-1,0.0
1352534,bertopic,n15_c25_s7,2,0.9652494757424722
1352596,bertopic,n15_c25_s7,2,1.0
1352613,bertopic,n15_c25_s7,2,1.0
1352718,bertopic,n15_c25_s7,10,0.7488550372158795
1352820,bertopic,n15_c25_s7,52,1.0
1352903,bertopic,n15_c25_s7,10,0.6926816764974161
1352958,bertopic,n15_c25_s7,9,1.0
1352995,bertopic,n15_c25_s7,10,0.48244750094452643
1353016,bertopic,n15_c25_s7,1,1.0
1353060,bertopic,n15_c25_s7,-1,0.0
1353072,bertopic,n15_c25_s7,1,1.0
1353120,bertopic,n15_c25_s7,10,1.0
1353281,bertopic,n15_c25_s7,-1,0.0
1353290,bertopic,n15_c25_s7,3,1.0
1353320,bertopic,n15_c25_s7,-1,0.0
1353323,bertopic,n15_c25_s7,10,1.0
1353372,bertopic,n15_c25_s7,-1,0.0
1353458,bertopic,n15_c25_s7,0,1.0
1353520,bertopic,n15_c25_s7,10,1.0
1353567,bertopic,n15_c25_s7,9,1.0
1353575,bertopic,n15_c25_s7,4,1.0
1353735,bertopic,n15_c25_s7,10,0.3911421976585821
1353748,bertopic,n15_c25_s7,3,0.9668841314314819
1353809,bertopic,n15_c25_s7,-1,0.0
1353844,bertopic,n15_c25_s7,10,0.4817365799299576
1353851,bertopic,n15_c25_s7,1,0.8507900707271494
1353908,bertopic,n15_c25_s7,10,1.0
1354016,bertopic,n15_c25_s7,3,0.9668841314314819
1354033,bertopic,n15_c25_s7,10,1.0
1354073,bertopic,n15_c25_s7,37,1.0
1354115,bertopic,n15_c25_s7,-1,0.0
1354131,bertopic,n15_c25_s7,-1,0.0
1354200,bertopic,n15_c25_s7,10,0.9942825421082617
1354225,bertopic,n15_c25_s7,42,0.6161676012656575
1354386,bertopic,n15_c25_s7,-1,0.0
1354429,bertopic,n15_c25_s7,9,1.0
1354493,bertopic,n15_c25_s7,10,1.0
1354538,bertopic,n15_c25_s7,12,0.5284188845493656
1354555,bertopic,n15_c25_s7,10,0.5315043340755593
1354623,bertopic,n15_c25_s7,20,1.0
1354630,bertopic,n15_c25_s7,3,0.9388739436633854
1354634,bertopic,n15_c25_s7,10,0.46625692479884334
1354764,bertopic,n15_c25_s7,8,0.3826268523731468
1354790,bertopic,n15_c25_s7,10,1.0
1354799,bertopic,n15_c25_s7,10,0.4301867179839118
1354892,bertopic,n15_c25_s7,-1,0.0
1354928,bertopic,n15_c25_s7,3,1.0
1355075,bertopic,n15_c25_s7,10,1.0
1355098,bertopic,n15_c25_s7,-1,0.0
1355148,bertopic,n15_c25_s7,10,1.0
1355189,bertopic,n15_c25_s7,9,1.0
1355212,bertopic,n15_c25_s7,10,1.0
1355277,bertopic,n15_c25_s7,0,1.0
1355289,bertopic,n15_c25_s7,-1,0.0
1355306,bertopic,n15_c25_s7,0,1.0
1355387,bertopic,n15_c25_s7,0,0.35793671695811063
1355464,bertopic,n15_c25_s7,9,1.0
1355474,bertopic,n15_c25_s7,3,1.0
1355513,bertopic,n15_c25_s7,12,0.433584913067213
1355600,bertopic,n15_c25_s7,0,1.0
1355641,bertopic,n15_c25_s7,-1,0.0
1355698,bertopic,n15_c25_s7,9,1.0
1355959,bertopic,n15_c25_s7,-1,0.0
1356010,bertopic,n15_c25_s7,-1,0.0
1356076,bertopic,n15_c25_s7,10,0.8231688054087368
1356190,bertopic,n15_c25_s7,27,1.0
1356274,bertopic,n15_c25_s7,10,0.9727454575797388
1356290,bertopic,n15_c25_s7,48,1.0
1356495,bertopic,n15_c25_s7,48,1.0
1356519,bertopic,n15_c25_s7,10,0.6398733824067465
1356599,bertopic,n15_c25_s7,10,1.0
1356604,bertopic,n15_c25_s7,57,1.0
1356627,bertopic,n15_c25_s7,-1,0.0
1356668,bertopic,n15_c25_s7,21,0.3758266342991944
1356670,bertopic,n15_c25_s7,5,1.0
1356825,bertopic,n15_c25_s7,3,1.0
1356942,bertopic,n15_c25_s7,10,1.0
1356967,bertopic,n15_c25_s7,10,1.0
1356975,bertopic,n15_c25_s7,32,1.0
1357163,bertopic,n15_c25_s7,-1,0.0
1357414,bertopic,n15_c25_s7,10,0.3760669723298499
1357473,bertopic,n15_c25_s7,23,0.6100564768214906
1357554,bertopic,n15_c25_s7,10,1.0
1357652,bertopic,n15_c25_s7,-1,0.0
1357665,bertopic,n15_c25_s7,6,1.0
1357813,bertopic,n15_c25_s7,10,1.0
1357853,bertopic,n15_c25_s7,10,0.8504352713655164
1357960,bertopic,n15_c25_s7,10,0.5390696168259458
1358114,bertopic,n15_c25_s7,-1,0.0
1358178,bertopic,n15_c25_s7,-1,0.0
1358210,bertopic,n15_c25_s7,14,0.65435538186773
1358250,bertopic,n15_c25_s7,19,0.3980563539405187
1358624,bertopic,n15_c25_s7,5,0.9975025927318304
1358742,bertopic,n15_c25_s7,63,1.0
1358818,bertopic,n15_c25_s7,10,1.0
1358971,bertopic,n15_c25_s7,0,1.0
1359310,bertopic,n15_c25_s7,0,1.0
1359637,bertopic,n15_c25_s7,-1,0.0
1359667,bertopic,n15_c25_s7,-1,0.0
1359688,bertopic,n15_c25_s7,10,0.4213515392470927
1359697,bertopic,n15_c25_s7,10,0.8300064772379245
1360008,bertopic,n15_c25_s7,-1,0.0
1360222,bertopic,n15_c25_s7,34,1.0
1360241,bertopic,n15_c25_s7,0,1.0
1360518,bertopic,n15_c25_s7,-1,0.0
1360532,bertopic,n15_c25_s7,4,1.0
1360803,bertopic,n15_c25_s7,10,1.0
1361392,bertopic,n15_c25_s7,10,1.0
1361989,bertopic,n15_c25_s7,3,0.8407258172975438
1362085,bertopic,n15_c25_s7,-1,0.0
1362270,bertopic,n15_c25_s7,20,0.8228578520210988
1363598,bertopic,n15_c25_s7,11,0.9519742982077768
1364107,bertopic,n15_c25_s7,31,1.0
1364501,bertopic,n15_c25_s7,-1,0.0
1365761,bertopic,n15_c25_s7,-1,0.0
1365820,bertopic,n15_c25_s7,-1,0.0
1365942,bertopic,n15_c25_s7,6,1.0
1366210,bertopic,n15_c25_s7,1,1.0
1367076,bertopic,n15_c25_s7,48,1.0
1367334,bertopic,n15_c25_s7,7,1.0
1368672,bertopic,n15_c25_s7,38,1.0
1368830,bertopic,n15_c25_s7,55,1.0
1369052,bertopic,n15_c25_s7,1,1.0
1369207,bertopic,n15_c25_s7,56,1.0
1370009,bertopic,n15_c25_s7,27,0.37225534634395463
1370734,bertopic,n15_c25_s7,21,0.3758266342991944
1371099,bertopic,n15_c25_s7,15,0.7329202836879953
1372834,bertopic,n15_c25_s7,51,1.0
1373382,bertopic,n15_c25_s7,15,0.9860029414111223
1373517,bertopic,n15_c25_s7,11,1.0
1374213,bertopic,n15_c25_s7,40,0.5683604326259913
1374351,bertopic,n15_c25_s7,27,0.32619385109975363
1374888,bertopic,n15_c25_s7,3,0.9756929257493993
1375962,bertopic,n15_c25_s7,12,0.2945392621779855
1377305,bertopic,n15_c25_s7,45,1.0
1378147,bertopic,n15_c25_s7,5,0.2514967885494394
1378625,bertopic,n15_c25_s7,66,1.0
1378806,bertopic,n15_c25_s7,1,1.0
1379129,bertopic,n15_c25_s7,-1,0.0
1379802,bertopic,n15_c25_s7,38,0.3481950554181563
1380129,bertopic,n15_c25_s7,42,0.28389761802604074
1381254,bertopic,n15_c25_s7,-1,0.0
1381696,bertopic,n15_c25_s7,38,0.3967681938524524
1381808,bertopic,n15_c25_s7,25,1.0
1383057,bertopic,n15_c25_s7,0,1.0
1383889,bertopic,n15_c25_s7,39,0.298767327886088
1385669,bertopic,n15_c25_s7,19,0.6761900591678884
1386600,bertopic,n15_c25_s7,28,0.9619672288304939
1386891,bertopic,n15_c25_s7,0,0.7656434536713306
1386909,bertopic,n15_c25_s7,7,0.2965877399382618
1386978,bertopic,n15_c25_s7,-1,0.0
1387913,bertopic,n15_c25_s7,-1,0.0
1388481,bertopic,n15_c25_s7,22,1.0
1388627,bertopic,n15_c25_s7,35,1.0
1389193,bertopic,n15_c25_s7,-1,0.0
1389237,bertopic,n15_c25_s7,13,0.33313184983062333
1389776,bertopic,n15_c25_s7,6,0.8674468049927465
1389785,bertopic,n15_c25_s7,0,1.0
1391001,bertopic,n15_c25_s7,3,1.0
1391878,bertopic,n15_c25_s7,-1,0.0
1392171,bertopic,n15_c25_s7,-1,0.0
1392616,bertopic,n15_c25_s7,0,0.760305049713108
1392742,bertopic,n15_c25_s7,41,1.0
1393021,bertopic,n15_c25_s7,3,0.9213182217549534
1393149,bertopic,n15_c25_s7,0,1.0
1393280,bertopic,n15_c25_s7,40,1.0
1393391,bertopic,n15_c25_s7,-1,0.0
1393488,bertopic,n15_c25_s7,27,1.0
1393512,bertopic,n15_c25_s7,0,1.0
1393553,bertopic,n15_c25_s7,52,1.0
1393777,bertopic,n15_c25_s7,20,1.0
1394418,bertopic,n15_c25_s7,0,0.7672556518873401
1394813,bertopic,n15_c25_s7,5,1.0
1395113,bertopic,n15_c25_s7,36,1.0
1396305,bertopic,n15_c25_s7,0,1.0
1396536,bertopic,n15_c25_s7,46,0.27269468788746026
1397992,bertopic,n15_c25_s7,0,1.0
1398139,bertopic,n15_c25_s7,-1,0.0
1398174,bertopic,n15_c25_s7,7,1.0
1398252,bertopic,n15_c25_s7,7,0.9361829727951306
1398346,bertopic,n15_c25_s7,34,1.0
1399933,bertopic,n15_c25_s7,40,0.7946324242990177
1400276,bertopic,n15_c25_s7,-1,0.0
1401281,bertopic,n15_c25_s7,27,0.6616449655354848
1401776,bertopic,n15_c25_s7,13,1.0
1403499,bertopic,n15_c25_s7,25,1.0
1403543,bertopic,n15_c25_s7,-1,0.0
1403618,bertopic,n15_c25_s7,0,1.0
1403934,bertopic,n15_c25_s7,-1,0.0
1404262,bertopic,n15_c25_s7,16,0.3809252544569443
1404449,bertopic,n15_c25_s7,12,0.6995036790707325
1404526,bertopic,n15_c25_s7,17,0.8563269780664046
1405038,bertopic,n15_c25_s7,0,1.0
1405327,bertopic,n15_c25_s7,40,1.0
1406803,bertopic,n15_c25_s7,3,1.0
1407139,bertopic,n15_c25_s7,-1,0.0
1407233,bertopic,n15_c25_s7,21,0.8209763356148386
1407371,bertopic,n15_c25_s7,-1,0.0
1407589,bertopic,n15_c25_s7,5,1.0
1408074,bertopic,n15_c25_s7,5,1.0
1408639,bertopic,n15_c25_s7,46,1.0
1408737,bertopic,n15_c25_s7,46,1.0
1409160,bertopic,n15_c25_s7,-1,0.0
1409834,bertopic,n15_c25_s7,5,1.0
1410309,bertopic,n15_c25_s7,40,1.0
1410817,bertopic,n15_c25_s7,0,1.0
1410862,bertopic,n15_c25_s7,0,1.0
1410997,bertopic,n15_c25_s7,0,1.0
1411119,bertopic,n15_c25_s7,0,1.0
1411519,bertopic,n15_c25_s7,33,0.868258884088439
1411756,bertopic,n15_c25_s7,5,0.8402124289907754
1412149,bertopic,n15_c25_s7,0,1.0
1412424,bertopic,n15_c25_s7,36,0.8778487239671364
1412975,bertopic,n15_c25_s7,-1,0.0
1413114,bertopic,n15_c25_s7,-1,0.0
1413469,bertopic,n15_c25_s7,-1,0.0
1413886,bertopic,n15_c25_s7,34,1.0
1414377,bertopic,n15_c25_s7,11,0.9519742982077768
1414621,bertopic,n15_c25_s7,0,1.0
1414854,bertopic,n15_c25_s7,33,1.0
1418587,bertopic,n15_c25_s7,3,0.8754466402216615
1419130,bertopic,n15_c25_s7,28,0.8683766681506458
1419281,bertopic,n15_c25_s7,11,1.0
1419373,bertopic,n15_c25_s7,5,0.8478082263577464
1420150,bertopic,n15_c25_s7,-1,0.0
1420359,bertopic,n15_c25_s7,22,0.19501451267186876
1420676,bertopic,n15_c25_s7,-1,0.0
1421290,bertopic,n15_c25_s7,24,0.35018808914088145
1421554,bertopic,n15_c25_s7,8,0.39627083140761393
1421739,bertopic,n15_c25_s7,-1,0.0
1422211,bertopic,n15_c25_s7,-1,0.0
1422237,bertopic,n15_c25_s7,-1,0.0
1422305,bertopic,n15_c25_s7,1,1.0
1422445,bertopic,n15_c25_s7,27,1.0
1422449,bertopic,n15_c25_s7,14,0.7625896153519149
1422805,bertopic,n15_c25_s7,0,1.0
1423023,bertopic,n15_c25_s7,-1,0.0
1423636,bertopic,n15_c25_s7,-1,0.0
1423827,bertopic,n15_c25_s7,0,1.0
1424324,bertopic,n15_c25_s7,48,1.0
1424560,bertopic,n15_c25_s7,14,0.7085185989378876
1424726,bertopic,n15_c25_s7,13,0.5190319162645857
1425329,bertopic,n15_c25_s7,7,1.0
1425381,bertopic,n15_c25_s7,1,1.0
1425396,bertopic,n15_c25_s7,-1,0.0
1425918,bertopic,n15_c25_s7,0,0.5717703188877482
1426603,bertopic,n15_c25_s7,14,0.5466072196110876
1427271,bertopic,n15_c25_s7,35,1.0
1427504,bertopic,n15_c25_s7,0,1.0
1428060,bertopic,n15_c25_s7,66,1.0
1428577,bertopic,n15_c25_s7,3,0.9668841314314819
1429008,bertopic,n15_c25_s7,36,1.0
1429314,bertopic,n15_c25_s7,36,1.0
1429483,bertopic,n15_c25_s7,-1,0.0
1429660,bertopic,n15_c25_s7,56,0.788988770425698
1430221,bertopic,n15_c25_s7,15,0.9037193250296239
1430422,bertopic,n15_c25_s7,63,1.0
1431867,bertopic,n15_c25_s7,41,1.0
1433003,bertopic,n15_c25_s7,7,0.30195863479813245
1433177,bertopic,n15_c25_s7,0,1.0
1433228,bertopic,n15_c25_s7,13,0.710102898644045
1433399,bertopic,n15_c25_s7,25,0.3984684248860342
1433559,bertopic,n15_c25_s7,1,1.0
1434021,bertopic,n15_c25_s7,-1,0.0
1434138,bertopic,n15_c25_s7,56,1.0
1435315,bertopic,n15_c25_s7,56,1.0
1435944,bertopic,n15_c25_s7,2,1.0
1435954,bertopic,n15_c25_s7,13,0.5162620978626359
1435966,bertopic,n15_c25_s7,4,1.0
1436002,bertopic,n15_c25_s7,2,1.0
1436096,bertopic,n15_c25_s7,27,0.308539175735255
1436232,bertopic,n15_c25_s7,-1,0.0
1436382,bertopic,n15_c25_s7,37,0.827609015551082
1436761,bertopic,n15_c25_s7,37,0.9848543839814542
1436769,bertopic,n15_c25_s7,24,0.5230081510124075
1437201,bertopic,n15_c25_s7,39,1.0
1437730,bertopic,n15_c25_s7,13,0.5713284383417598
1438428,bertopic,n15_c25_s7,12,1.0
1438672,bertopic,n15_c25_s7,35,0.9206302797011696
1439249,bertopic,n15_c25_s7,-1,0.0
1439868,bertopic,n15_c25_s7,5,0.7771766375579148
1440498,bertopic,n15_c25_s7,-1,0.0
1442827,bertopic,n15_c25_s7,3,0.9668841314314819
1443154,bertopic,n15_c25_s7,-1,0.0
1443270,bertopic,n15_c25_s7,13,0.725750668405395
1443466,bertopic,n15_c25_s7,13,1.0
1443642,bertopic,n15_c25_s7,13,1.0
1443675,bertopic,n15_c25_s7,13,0.305206873315433
1443679,bertopic,n15_c25_s7,13,1.0
1443967,bertopic,n15_c25_s7,13,1.0
1444123,bertopic,n15_c25_s7,8,0.39627083140761393
1444388,bertopic,n15_c25_s7,45,1.0
1444407,bertopic,n15_c25_s7,2,1.0
1444816,bertopic,n15_c25_s7,-1,0.0
1445155,bertopic,n15_c25_s7,-1,0.0
1445868,bertopic,n15_c25_s7,-1,0.0
1446344,bertopic,n15_c25_s7,35,1.0
1447236,bertopic,n15_c25_s7,-1,0.0
1447277,bertopic,n15_c25_s7,-1,0.0
1447518,bertopic,n15_c25_s7,9,1.0
1447668,bertopic,n15_c25_s7,2,1.0
1448206,bertopic,n15_c25_s7,2,1.0
1448247,bertopic,n15_c25_s7,-1,0.0
1448250,bertopic,n15_c25_s7,51,1.0
1448327,bertopic,n15_c25_s7,11,0.8532887335185618
1448611,bertopic,n15_c25_s7,-1,0.0
1448896,bertopic,n15_c25_s7,-1,0.0
1449283,bertopic,n15_c25_s7,0,1.0
1449372,bertopic,n15_c25_s7,-1,0.0
1449655,bertopic,n15_c25_s7,2,1.0
1449677,bertopic,n15_c25_s7,0,1.0
1449683,bertopic,n15_c25_s7,0,0.8440411537414543
1449805,bertopic,n15_c25_s7,-1,0.0
1449843,bertopic,n15_c25_s7,-1,0.0
1450043,bertopic,n15_c25_s7,2,0.8875258514313435
1450121,bertopic,n15_c25_s7,14,0.8461366244780784
1450731,bertopic,n15_c25_s7,34,0.9533351970003153
1450759,bertopic,n15_c25_s7,-1,0.0
1451103,bertopic,n15_c25_s7,-1,0.0
1451408,bertopic,n15_c25_s7,-1,0.0
1451509,bertopic,n15_c25_s7,0,0.5426118097744089
1451529,bertopic,n15_c25_s7,0,0.5717625019080352
1451625,bertopic,n15_c25_s7,5,1.0
1452133,bertopic,n15_c25_s7,29,0.9259504365944122
1453222,bertopic,n15_c25_s7,56,1.0
1453255,bertopic,n15_c25_s7,5,0.9300458766287628
1453330,bertopic,n15_c25_s7,56,1.0
1453464,bertopic,n15_c25_s7,1,1.0
1453989,bertopic,n15_c25_s7,2,0.7145311770872137
1454189,bertopic,n15_c25_s7,38,0.3481950554181563
1454199,bertopic,n15_c25_s7,36,0.5059641398100776
1454244,bertopic,n15_c25_s7,8,0.39627083140761393
1454277,bertopic,n15_c25_s7,36,1.0
1454429,bertopic,n15_c25_s7,32,0.8567623008164056
1454947,bertopic,n15_c25_s7,12,1.0
1454949,bertopic,n15_c25_s7,32,1.0
1455111,bertopic,n15_c25_s7,30,1.0
1455238,bertopic,n15_c25_s7,0,1.0
1455283,bertopic,n15_c25_s7,3,0.9668841314314819
1455354,bertopic,n15_c25_s7,13,0.4559090715140167
1455402,bertopic,n15_c25_s7,2,1.0
1455720,bertopic,n15_c25_s7,56,1.0
1455994,bertopic,n15_c25_s7,17,1.0
1456517,bertopic,n15_c25_s7,11,0.9360235770995889
1456665,bertopic,n15_c25_s7,4,1.0
1456962,bertopic,n15_c25_s7,-1,0.0
1457263,bertopic,n15_c25_s7,3,1.0
1457325,bertopic,n15_c25_s7,56,1.0
1457859,bertopic,n15_c25_s7,2,1.0
1457932,bertopic,n15_c25_s7,-1,0.0
1457983,bertopic,n15_c25_s7,1,0.9763479386835096
1458072,bertopic,n15_c25_s7,2,0.8475615785901208
1458241,bertopic,n15_c25_s7,56,1.0
1458262,bertopic,n15_c25_s7,46,0.8883629418574224
1458275,bertopic,n15_c25_s7,46,0.8227551688747375
1458437,bertopic,n15_c25_s7,21,0.8096904915276463
1458616,bertopic,n15_c25_s7,2,1.0
1458672,bertopic,n15_c25_s7,14,0.7847829312884208
1458964,bertopic,n15_c25_s7,12,1.0
1459015,bertopic,n15_c25_s7,33,1.0
1459678,bertopic,n15_c25_s7,15,0.7039727192686415
1459715,bertopic,n15_c25_s7,25,0.5152811151624362
1459749,bertopic,n15_c25_s7,39,1.0
1459777,bertopic,n15_c25_s7,39,0.8327564253029509
1459845,bertopic,n15_c25_s7,4,0.8463805801651574
1459893,bertopic,n15_c25_s7,27,0.623287991932006
1459929,bertopic,n15_c25_s7,39,1.0
1459987,bertopic,n15_c25_s7,11,0.8430851612720083
1460048,bertopic,n15_c25_s7,-1,0.0
1460075,bertopic,n15_c25_s7,39,0.3053403751086875
1460145,bertopic,n15_c25_s7,1,0.7747611844243071
1460432,bertopic,n15_c25_s7,4,1.0
1460462,bertopic,n15_c25_s7,1,0.9738603361237554
1460518,bertopic,n15_c25_s7,-1,0.0
1461227,bertopic,n15_c25_s7,53,1.0
1461289,bertopic,n15_c25_s7,53,1.0
1461300,bertopic,n15_c25_s7,30,1.0
1461315,bertopic,n15_c25_s7,31,0.8475117232522289
1461357,bertopic,n15_c25_s7,2,0.7145311770872137
1461797,bertopic,n15_c25_s7,-1,0.0
1461825,bertopic,n15_c25_s7,14,0.4403412568814186
1461835,bertopic,n15_c25_s7,11,0.8990465817558317
1461873,bertopic,n15_c25_s7,29,1.0
1461916,bertopic,n15_c25_s7,-1,0.0
1462157,bertopic,n15_c25_s7,-1,0.0
1462192,bertopic,n15_c25_s7,-1,0.0
1462467,bertopic,n15_c25_s7,41,0.7289637437757344
1464287,bertopic,n15_c25_s7,24,0.25585911216995877
1464707,bertopic,n15_c25_s7,3,1.0
1465268,bertopic,n15_c25_s7,-1,0.0
1465580,bertopic,n15_c25_s7,56,1.0
1465862,bertopic,n15_c25_s7,51,0.3455160251264405
1467500,bertopic,n15_c25_s7,35,1.0
1468123,bertopic,n15_c25_s7,3,0.9025447892348453
1468145,bertopic,n15_c25_s7,37,0.8224764368776125
1468240,bertopic,n15_c25_s7,6,1.0
1468764,bertopic,n15_c25_s7,4,1.0
1469128,bertopic,n15_c25_s7,5,1.0
1471831,bertopic,n15_c25_s7,1,1.0
1472174,bertopic,n15_c25_s7,3,0.9338933386110103
1472393,bertopic,n15_c25_s7,4,1.0
1472475,bertopic,n15_c25_s7,16,0.3809252544569443
1472765,bertopic,n15_c25_s7,0,0.5717703188877482
1473282,bertopic,n15_c25_s7,2,1.0
1473571,bertopic,n15_c25_s7,4,1.0
1473593,bertopic,n15_c25_s7,-1,0.0
1473646,bertopic,n15_c25_s7,32,1.0
1473689,bertopic,n15_c25_s7,-1,0.0
1473885,bertopic,n15_c25_s7,5,1.0
1474107,bertopic,n15_c25_s7,29,0.6662630445773996
1474637,bertopic,n15_c25_s7,-1,0.0
1475061,bertopic,n15_c25_s7,-1,0.0
1475207,bertopic,n15_c25_s7,2,1.0
1475268,bertopic,n15_c25_s7,32,0.7312083829646409
1476126,bertopic,n15_c25_s7,-1,0.0
1476496,bertopic,n15_c25_s7,29,1.0
1476625,bertopic,n15_c25_s7,2,1.0
1476870,bertopic,n15_c25_s7,54,1.0
1477069,bertopic,n15_c25_s7,34,0.9169284471833633
1477305,bertopic,n15_c25_s7,-1,0.0
1477493,bertopic,n15_c25_s7,-1,0.0
1477562,bertopic,n15_c25_s7,4,1.0
1479172,bertopic,n15_c25_s7,29,0.4281761163644901
1479182,bertopic,n15_c25_s7,-1,0.0
1479188,bertopic,n15_c25_s7,-1,0.0
1479421,bertopic,n15_c25_s7,11,0.9699773389056806
1479744,bertopic,n15_c25_s7,16,1.0
1479969,bertopic,n15_c25_s7,0,1.0
1480263,bertopic,n15_c25_s7,16,0.8304299102024956
1480343,bertopic,n15_c25_s7,-1,0.0
1480473,bertopic,n15_c25_s7,13,0.4559090715140167
1480689,bertopic,n15_c25_s7,2,1.0
1481916,bertopic,n15_c25_s7,1,1.0
1482195,bertopic,n15_c25_s7,5,1.0
1482391,bertopic,n15_c25_s7,11,0.917736010547101
1482463,bertopic,n15_c25_s7,-1,0.0
1482515,bertopic,n15_c25_s7,2,1.0
1482810,bertopic,n15_c25_s7,0,1.0
1483028,bertopic,n15_c25_s7,41,1.0
1483236,bertopic,n15_c25_s7,2,1.0
1483699,bertopic,n15_c25_s7,56,1.0
1483702,bertopic,n15_c25_s7,56,0.8511687249873652
1483857,bertopic,n15_c25_s7,13,1.0
1484827,bertopic,n15_c25_s7,0,0.5717703188877482
1484861,bertopic,n15_c25_s7,4,1.0
1485022,bertopic,n15_c25_s7,2,1.0
1485226,bertopic,n15_c25_s7,68,1.0
1485402,bertopic,n15_c25_s7,7,0.30195863479813245
1485515,bertopic,n15_c25_s7,2,1.0
1486206,bertopic,n15_c25_s7,4,1.0
1486828,bertopic,n15_c25_s7,1,1.0
1486861,bertopic,n15_c25_s7,5,1.0
1487166,bertopic,n15_c25_s7,55,1.0
1487279,bertopic,n15_c25_s7,45,1.0
1487657,bertopic,n15_c25_s7,34,0.8066038658625758
1488073,bertopic,n15_c25_s7,51,0.34806939843299345
1488503,bertopic,n15_c25_s7,4,1.0
1489314,bertopic,n15_c25_s7,17,1.0
1489479,bertopic,n15_c25_s7,8,0.39627083140761393
1489556,bertopic,n15_c25_s7,1,1.0
1489671,bertopic,n15_c25_s7,5,0.25431398052880716
1489886,bertopic,n15_c25_s7,-1,0.0
1489966,bertopic,n15_c25_s7,37,1.0
1490025,bertopic,n15_c25_s7,-1,0.0
1490662,bertopic,n15_c25_s7,0,1.0
1490725,bertopic,n15_c25_s7,-1,0.0
1490887,bertopic,n15_c25_s7,13,0.4401900998867547
1491534,bertopic,n15_c25_s7,70,1.0
1491726,bertopic,n15_c25_s7,25,0.5152811151624362
1491889,bertopic,n15_c25_s7,1,1.0
1492240,bertopic,n15_c25_s7,-1,0.0
1492365,bertopic,n15_c25_s7,-1,0.0
1492483,bertopic,n15_c25_s7,0,0.9746576710315417
1492756,bertopic,n15_c25_s7,0,1.0
1492867,bertopic,n15_c25_s7,9,1.0
1492957,bertopic,n15_c25_s7,0,1.0
1493310,bertopic,n15_c25_s7,37,0.728023188820053
1493469,bertopic,n15_c25_s7,41,1.0
1493972,bertopic,n15_c25_s7,0,1.0
1494075,bertopic,n15_c25_s7,16,0.3786406319636766
1494496,bertopic,n15_c25_s7,8,0.39627083140761393
1494699,bertopic,n15_c25_s7,11,0.8783353059417266
1494894,bertopic,n15_c25_s7,41,1.0
1495194,bertopic,n15_c25_s7,1,1.0
1495228,bertopic,n15_c25_s7,39,1.0
1495233,bertopic,n15_c25_s7,2,1.0
1495239,bertopic,n15_c25_s7,-1,0.0
1495404,bertopic,n15_c25_s7,2,1.0
1495440,bertopic,n15_c25_s7,8,0.4281370377605871
1495553,bertopic,n15_c25_s7,-1,0.0
1495677,bertopic,n15_c25_s7,-1,0.0
1495775,bertopic,n15_c25_s7,35,1.0
1496266,bertopic,n15_c25_s7,-1,0.0
1496293,bertopic,n15_c25_s7,1,1.0
1496432,bertopic,n15_c25_s7,1,1.0
1496436,bertopic,n15_c25_s7,9,0.2700162847726793
1496526,bertopic,n15_c25_s7,29,1.0
1496680,bertopic,n15_c25_s7,65,1.0
1496826,bertopic,n15_c25_s7,22,1.0
1497092,bertopic,n15_c25_s7,41,1.0
1497392,bertopic,n15_c25_s7,-1,0.0
1497441,bertopic,n15_c25_s7,-1,0.0
1497562,bertopic,n15_c25_s7,41,1.0
1497811,bertopic,n15_c25_s7,56,1.0
1498127,bertopic,n15_c25_s7,-1,0.0
1498364,bertopic,n15_c25_s7,-1,0.0
1498493,bertopic,n15_c25_s7,3,1.0
1498498,bertopic,n15_c25_s7,15,1.0
1498576,bertopic,n15_c25_s7,22,0.5062640048699566
1498626,bertopic,n15_c25_s7,12,0.433584913067213
1498789,bertopic,n15_c25_s7,11,0.8994179219767287
1499016,bertopic,n15_c25_s7,-1,0.0
1499096,bertopic,n15_c25_s7,36,0.5059641398100776
1499112,bertopic,n15_c25_s7,21,0.8209763356148386
1499270,bertopic,n15_c25_s7,21,0.8209763356148386
1499361,bertopic,n15_c25_s7,53,1.0
1499586,bertopic,n15_c25_s7,7,0.2965877399382618
1499672,bertopic,n15_c25_s7,0,1.0
1499709,bertopic,n15_c25_s7,6,1.0
1499813,bertopic,n15_c25_s7,-1,0.0
1499973,bertopic,n15_c25_s7,8,0.39627083140761393
1500095,bertopic,n15_c25_s7,0,0.9567033055960449
1500173,bertopic,n15_c25_s7,0,0.9348427986395617
1500499,bertopic,n15_c25_s7,36,1.0
1500634,bertopic,n15_c25_s7,1,0.5591125008889717
1500676,bertopic,n15_c25_s7,39,1.0
1500738,bertopic,n15_c25_s7,7,1.0
1500963,bertopic,n15_c25_s7,46,1.0
1501574,bertopic,n15_c25_s7,1,1.0
1501578,bertopic,n15_c25_s7,1,1.0
1502199,bertopic,n15_c25_s7,1,0.8495902914085971
1502390,bertopic,n15_c25_s7,61,1.0
1502766,bertopic,n15_c25_s7,11,0.9519742982077768
1502904,bertopic,n15_c25_s7,16,0.2835438671172602
1502922,bertopic,n15_c25_s7,-1,0.0
1503008,bertopic,n15_c25_s7,53,0.699036692319983
1503312,bertopic,n15_c25_s7,1,1.0
1503519,bertopic,n15_c25_s7,4,1.0
1503634,bertopic,n15_c25_s7,50,1.0
1503852,bertopic,n15_c25_s7,0,1.0
1504597,bertopic,n15_c25_s7,11,0.9519742982077768
1504665,bertopic,n15_c25_s7,0,1.0
1504919,bertopic,n15_c25_s7,11,0.9519742982077768
1505312,bertopic,n15_c25_s7,0,1.0
1505383,bertopic,n15_c25_s7,3,1.0
1505704,bertopic,n15_c25_s7,41,1.0
1505868,bertopic,n15_c25_s7,31,1.0
1505959,bertopic,n15_c25_s7,25,0.9125915012468889
1506500,bertopic,n15_c25_s7,5,0.6265787859095756
1507104,bertopic,n15_c25_s7,43,1.0
1507401,bertopic,n15_c25_s7,8,0.3809919983979928
1507627,bertopic,n15_c25_s7,8,0.39627083140761393
1507831,bertopic,n15_c25_s7,-1,0.0
1507969,bertopic,n15_c25_s7,43,1.0
1508022,bertopic,n15_c25_s7,41,1.0
1508136,bertopic,n15_c25_s7,4,1.0
1508674,bertopic,n15_c25_s7,4,1.0
1509113,bertopic,n15_c25_s7,-1,0.0
1509437,bertopic,n15_c25_s7,20,1.0
1509486,bertopic,n15_c25_s7,44,0.9735133304843682
1509498,bertopic,n15_c25_s7,0,1.0
1509817,bertopic,n15_c25_s7,-1,0.0
1509923,bertopic,n15_c25_s7,3,1.0
1510125,bertopic,n15_c25_s7,44,0.8776211686076322
1510588,bertopic,n15_c25_s7,2,1.0
1510958,bertopic,n15_c25_s7,43,1.0
1511533,bertopic,n15_c25_s7,41,1.0
1511673,bertopic,n15_c25_s7,56,1.0
1511859,bertopic,n15_c25_s7,68,0.9619940023918118
1511860,bertopic,n15_c25_s7,5,0.6929701983165226
1512573,bertopic,n15_c25_s7,-1,0.0
1512689,bertopic,n15_c25_s7,-1,0.0
1513723,bertopic,n15_c25_s7,3,1.0
1513871,bertopic,n15_c25_s7,48,1.0
1514186,bertopic,n15_c25_s7,22,0.9109790389398142
1514274,bertopic,n15_c25_s7,31,1.0
1514325,bertopic,n15_c25_s7,3,1.0
1514580,bertopic,n15_c25_s7,7,0.2965877399382618
1514606,bertopic,n15_c25_s7,13,1.0
1515184,bertopic,n15_c25_s7,-1,0.0
1515210,bertopic,n15_c25_s7,8,0.38283162150339056
1515246,bertopic,n15_c25_s7,46,1.0
1515274,bertopic,n15_c25_s7,43,1.0
1515359,bertopic,n15_c25_s7,-1,0.0
1515570,bertopic,n15_c25_s7,-1,0.0
1515598,bertopic,n15_c25_s7,39,0.16996097792228995
1515749,bertopic,n15_c25_s7,-1,0.0
1515808,bertopic,n15_c25_s7,50,1.0
1516138,bertopic,n15_c25_s7,-1,0.0
1516280,bertopic,n15_c25_s7,2,1.0
1516649,bertopic,n15_c25_s7,22,0.9229847635143703
1516702,bertopic,n15_c25_s7,11,0.9519742982077768
1516736,bertopic,n15_c25_s7,15,0.9860029414111223
1517627,bertopic,n15_c25_s7,-1,0.0
1517695,bertopic,n15_c25_s7,36,0.5059641398100776
1517727,bertopic,n15_c25_s7,49,0.9422361381266674
1517867,bertopic,n15_c25_s7,-1,0.0
1517964,bertopic,n15_c25_s7,39,1.0
1518533,bertopic,n15_c25_s7,9,0.8169022328484741
1519045,bertopic,n15_c25_s7,20,1.0
1519200,bertopic,n15_c25_s7,1,1.0
1519498,bertopic,n15_c25_s7,63,1.0
1519584,bertopic,n15_c25_s7,0,0.9820343785282647
1519848,bertopic,n15_c25_s7,36,1.0
1520160,bertopic,n15_c25_s7,15,1.0
1520425,bertopic,n15_c25_s7,2,1.0
1520737,bertopic,n15_c25_s7,2,1.0
1520908,bertopic,n15_c25_s7,2,1.0
1520918,bertopic,n15_c25_s7,27,0.308539175735255
1521008,bertopic,n15_c25_s7,41,1.0
1521252,bertopic,n15_c25_s7,2,1.0
1521557,bertopic,n15_c25_s7,-1,0.0
1521679,bertopic,n15_c25_s7,2,0.8784723585489006
1521726,bertopic,n15_c25_s7,2,1.0
1521733,bertopic,n15_c25_s7,2,0.8784723585489006
1522251,bertopic,n15_c25_s7,-1,0.0
1522969,bertopic,n15_c25_s7,0,1.0
1523554,bertopic,n15_c25_s7,0,1.0
1524302,bertopic,n15_c25_s7,-1,0.0
1524595,bertopic,n15_c25_s7,10,0.0852522246307259
1524652,bertopic,n15_c25_s7,7,0.4444639139087663
1524974,bertopic,n15_c25_s7,-1,0.0
1525140,bertopic,n15_c25_s7,47,1.0
1525270,bertopic,n15_c25_s7,-1,0.0
1525606,bertopic,n15_c25_s7,53,0.946693758806024
1525636,bertopic,n15_c25_s7,0,0.8671081730182134
1526226,bertopic,n15_c25_s7,33,1.0
1526572,bertopic,n15_c25_s7,4,1.0
1526808,bertopic,n15_c25_s7,-1,0.0
1526886,bertopic,n15_c25_s7,-1,0.0
1527006,bertopic,n15_c25_s7,1,1.0
1527106,bertopic,n15_c25_s7,0,1.0
1527270,bertopic,n15_c25_s7,19,0.5795570829491438
1527880,bertopic,n15_c25_s7,16,0.6689419923965365
1528242,bertopic,n15_c25_s7,7,1.0
1529188,bertopic,n15_c25_s7,3,1.0
1529305,bertopic,n15_c25_s7,-1,0.0
1529625,bertopic,n15_c25_s7,2,1.0
1529644,bertopic,n15_c25_s7,6,1.0
1530080,bertopic,n15_c25_s7,6,0.9897835024943143
1530590,bertopic,n15_c25_s7,1,1.0
1530603,bertopic,n15_c25_s7,56,1.0
1530720,bertopic,n15_c25_s7,0,1.0
1530764,bertopic,n15_c25_s7,6,1.0
1530838,bertopic,n15_c25_s7,-1,0.0
1531212,bertopic,n15_c25_s7,22,0.18949274146331094
1531260,bertopic,n15_c25_s7,-1,0.0
1531273,bertopic,n15_c25_s7,14,0.7452631655243855
1531420,bertopic,n15_c25_s7,9,1.0
1531571,bertopic,n15_c25_s7,0,1.0
1532111,bertopic,n15_c25_s7,56,1.0
1532719,bertopic,n15_c25_s7,-1,0.0
1534162,bertopic,n15_c25_s7,42,0.7663925651632011
1534179,bertopic,n15_c25_s7,-1,0.0
1534504,bertopic,n15_c25_s7,-1,0.0
1534796,bertopic,n15_c25_s7,-1,0.0
1535832,bertopic,n15_c25_s7,0,1.0
1536549,bertopic,n15_c25_s7,-1,0.0
1536697,bertopic,n15_c25_s7,34,1.0
1537297,bertopic,n15_c25_s7,0,1.0
1537636,bertopic,n15_c25_s7,0,1.0
1537770,bertopic,n15_c25_s7,51,1.0
1537887,bertopic,n15_c25_s7,21,0.6185132496920647
1538407,bertopic,n15_c25_s7,3,1.0
1538570,bertopic,n15_c25_s7,0,1.0
1538663,bertopic,n15_c25_s7,13,1.0
1538868,bertopic,n15_c25_s7,3,1.0
1539324,bertopic,n15_c25_s7,-1,0.0
1539331,bertopic,n15_c25_s7,-1,0.0
1539395,bertopic,n15_c25_s7,24,0.6877328371377951
1539403,bertopic,n15_c25_s7,37,0.9921061569659811
1540711,bertopic,n15_c25_s7,0,1.0
1540756,bertopic,n15_c25_s7,-1,0.0
1540774,bertopic,n15_c25_s7,1,1.0
1540776,bertopic,n15_c25_s7,1,0.7747611844243071
1540884,bertopic,n15_c25_s7,0,0.9057044552908363
1541021,bertopic,n15_c25_s7,56,1.0
1541093,bertopic,n15_c25_s7,0,1.0
1541238,bertopic,n15_c25_s7,-1,0.0
1541869,bertopic,n15_c25_s7,60,1.0
1542070,bertopic,n15_c25_s7,56,1.0
1542322,bertopic,n15_c25_s7,36,0.5059641398100776
1542483,bertopic,n15_c25_s7,55,1.0
1542514,bertopic,n15_c25_s7,8,0.39627083140761393
1542601,bertopic,n15_c25_s7,9,1.0
1542888,bertopic,n15_c25_s7,7,0.5559312797736339
1542963,bertopic,n15_c25_s7,5,1.0
1542983,bertopic,n15_c25_s7,16,0.37023782235104047
1543175,bertopic,n15_c25_s7,42,1.0
1543371,bertopic,n15_c25_s7,5,1.0
1543670,bertopic,n15_c25_s7,4,1.0
1543874,bertopic,n15_c25_s7,0,0.6488406830444581
1544114,bertopic,n15_c25_s7,0,0.8307540789381624
1544170,bertopic,n15_c25_s7,-1,0.0
1544450,bertopic,n15_c25_s7,-1,0.0
1544451,bertopic,n15_c25_s7,1,1.0
1544501,bertopic,n15_c25_s7,31,0.7451818099352047
1544521,bertopic,n15_c25_s7,67,1.0
1545235,bertopic,n15_c25_s7,-1,0.0
1545283,bertopic,n15_c25_s7,-1,0.0
1546012,bertopic,n15_c25_s7,0,1.0
1546283,bertopic,n15_c25_s7,0,1.0
1546486,bertopic,n15_c25_s7,0,1.0
1546803,bertopic,n15_c25_s7,3,1.0
1547028,bertopic,n15_c25_s7,1,1.0
1547799,bertopic,n15_c25_s7,8,0.30912636757252643
1547850,bertopic,n15_c25_s7,5,1.0
1547868,bertopic,n15_c25_s7,-1,0.0
1548025,bertopic,n15_c25_s7,-1,0.0
1548624,bertopic,n15_c25_s7,-1,0.0
1549095,bertopic,n15_c25_s7,6,0.7159532545398538
1549163,bertopic,n15_c25_s7,31,1.0
1549742,bertopic,n15_c25_s7,5,1.0
1549766,bertopic,n15_c25_s7,12,0.433584913067213
1549906,bertopic,n15_c25_s7,66,1.0
1550076,bertopic,n15_c25_s7,1,1.0
1550274,bertopic,n15_c25_s7,20,1.0
1551201,bertopic,n15_c25_s7,36,0.5059641398100776
1552027,bertopic,n15_c25_s7,2,0.5631781712931551
1552042,bertopic,n15_c25_s7,5,0.12939677133097988
1552436,bertopic,n15_c25_s7,9,1.0
1552526,bertopic,n15_c25_s7,6,1.0
1553823,bertopic,n15_c25_s7,37,0.7871216706274633
1554221,bertopic,n15_c25_s7,52,0.8359450574319951
1554319,bertopic,n15_c25_s7,1,0.7639258892507703
1554328,bertopic,n15_c25_s7,46,0.6374873976650457
1554564,bertopic,n15_c25_s7,70,1.0
1554656,bertopic,n15_c25_s7,36,1.0
1554691,bertopic,n15_c25_s7,36,1.0
1555133,bertopic,n15_c25_s7,1,0.9763479386835096
1555803,bertopic,n15_c25_s7,36,1.0
1555945,bertopic,n15_c25_s7,33,0.8317220394018988
1555952,bertopic,n15_c25_s7,1,1.0
1555957,bertopic,n15_c25_s7,46,0.458237164126253
1556983,bertopic,n15_c25_s7,0,1.0
1557452,bertopic,n15_c25_s7,33,1.0
1557814,bertopic,n15_c25_s7,0,1.0
1558294,bertopic,n15_c25_s7,6,0.8594314754629953
1558297,bertopic,n15_c25_s7,0,1.0
1558386,bertopic,n15_c25_s7,27,0.30467175865192286
1558528,bertopic,n15_c25_s7,-1,0.0
1558705,bertopic,n15_c25_s7,13,0.29220008744777515
1558919,bertopic,n15_c25_s7,-1,0.0
1559241,bertopic,n15_c25_s7,36,0.5021260309336386
1559325,bertopic,n15_c25_s7,0,1.0
1559378,bertopic,n15_c25_s7,19,0.3980563539405187
1559538,bertopic,n15_c25_s7,-1,0.0
1559623,bertopic,n15_c25_s7,19,0.628305353517263
1559836,bertopic,n15_c25_s7,61,1.0
1560054,bertopic,n15_c25_s7,5,0.7541911950546856
1560368,bertopic,n15_c25_s7,30,1.0
1561560,bertopic,n15_c25_s7,1,1.0
1561578,bertopic,n15_c25_s7,1,0.7747611844243071
1562046,bertopic,n15_c25_s7,5,1.0
1562100,bertopic,n15_c25_s7,-1,0.0
1562779,bertopic,n15_c25_s7,46,1.0
1563006,bertopic,n15_c25_s7,-1,0.0
1563857,bertopic,n15_c25_s7,13,0.5595599782269653
1564679,bertopic,n15_c25_s7,-1,0.0
1564741,bertopic,n15_c25_s7,15,0.7965156824960342
1565071,bertopic,n15_c25_s7,32,0.6986094002631966
1565468,bertopic,n15_c25_s7,-1,0.0
1567458,bertopic,n15_c25_s7,21,1.0
1567486,bertopic,n15_c25_s7,23,0.7274653642237722
1568134,bertopic,n15_c25_s7,9,1.0
1568789,bertopic,n15_c25_s7,67,1.0
1568922,bertopic,n15_c25_s7,-1,0.0
1568979,bertopic,n15_c25_s7,67,1.0
1568982,bertopic,n15_c25_s7,0,1.0
1568998,bertopic,n15_c25_s7,65,1.0
1569529,bertopic,n15_c25_s7,17,0.5573036666280702
1570798,bertopic,n15_c25_s7,32,0.705464838835409
1570810,bertopic,n15_c25_s7,1,0.8139414266447271
1571139,bertopic,n15_c25_s7,-1,0.0
1571143,bertopic,n15_c25_s7,65,1.0
1571368,bertopic,n15_c25_s7,4,1.0
1571604,bertopic,n15_c25_s7,55,0.3524159267266986
1571733,bertopic,n15_c25_s7,34,0.4044952650494512
1571748,bertopic,n15_c25_s7,1,0.5421390361795175
1572189,bertopic,n15_c25_s7,4,0.932502740547808
1572248,bertopic,n15_c25_s7,19,1.0
1572346,bertopic,n15_c25_s7,56,1.0
1572459,bertopic,n15_c25_s7,-1,0.0
1572646,bertopic,n15_c25_s7,39,1.0
1572813,bertopic,n15_c25_s7,70,1.0
1573020,bertopic,n15_c25_s7,11,1.0
1573782,bertopic,n15_c25_s7,0,1.0
1573787,bertopic,n15_c25_s7,23,0.6873359874528341
1574359,bertopic,n15_c25_s7,39,1.0
1574564,bertopic,n15_c25_s7,1,1.0
1575547,bertopic,n15_c25_s7,29,0.8617872708018863
1576207,bertopic,n15_c25_s7,29,0.5594309304850922
1580503,bertopic,n15_c25_s7,66,1.0
1581015,bertopic,n15_c25_s7,0,0.8341162488509978
1581556,bertopic,n15_c25_s7,7,0.2965877399382618
1581904,bertopic,n15_c25_s7,23,0.7294266773273055
1582089,bertopic,n15_c25_s7,7,0.8651851239945819
1582804,bertopic,n15_c25_s7,53,0.8317829544800197
1583328,bertopic,n15_c25_s7,41,1.0
1583384,bertopic,n15_c25_s7,1,1.0
1583464,bertopic,n15_c25_s7,-1,0.0
1583692,bertopic,n15_c25_s7,68,1.0
1584072,bertopic,n15_c25_s7,8,0.5070051693574018
1584290,bertopic,n15_c25_s7,7,0.2965877399382618
1584463,bertopic,n15_c25_s7,7,0.2965877399382618
1584561,bertopic,n15_c25_s7,6,0.6971432479882776
1584690,bertopic,n15_c25_s7,5,0.2522709861870865
1584702,bertopic,n15_c25_s7,0,0.38200991325158046
1584723,bertopic,n15_c25_s7,60,1.0
1585232,bertopic,n15_c25_s7,7,1.0
1585252,bertopic,n15_c25_s7,1,1.0
1585805,bertopic,n15_c25_s7,23,0.8311752600083788
1586519,bertopic,n15_c25_s7,15,1.0
1587467,bertopic,n15_c25_s7,2,0.9652494757424722
1588089,bertopic,n15_c25_s7,6,1.0
1588714,bertopic,n15_c25_s7,-1,0.0
1589034,bertopic,n15_c25_s7,-1,0.0
1590072,bertopic,n15_c25_s7,-1,0.0
1590296,bertopic,n15_c25_s7,20,0.6288910108202601
1590539,bertopic,n15_c25_s7,46,0.9122164989525405
1590598,bertopic,n15_c25_s7,15,1.0
1590801,bertopic,n15_c25_s7,56,1.0
1590969,bertopic,n15_c25_s7,14,1.0
1591081,bertopic,n15_c25_s7,14,1.0
1591317,bertopic,n15_c25_s7,68,1.0
1592648,bertopic,n15_c25_s7,20,0.8716200270110253
1592996,bertopic,n15_c25_s7,70,1.0
1593360,bertopic,n15_c25_s7,-1,0.0
1593802,bertopic,n15_c25_s7,5,0.7286961627186647
1593842,bertopic,n15_c25_s7,5,0.4147981478523784
1593942,bertopic,n15_c25_s7,35,1.0
1594238,bertopic,n15_c25_s7,5,0.8930948051644255
1594886,bertopic,n15_c25_s7,15,0.7734141838257033
1595108,bertopic,n15_c25_s7,27,0.308539175735255
1595174,bertopic,n15_c25_s7,5,0.12939677133097988
1595833,bertopic,n15_c25_s7,0,1.0
1596054,bertopic,n15_c25_s7,36,1.0
1596086,bertopic,n15_c25_s7,36,1.0
1596783,bertopic,n15_c25_s7,47,1.0
1597618,bertopic,n15_c25_s7,56,1.0
1597802,bertopic,n15_c25_s7,0,0.5717703188877482
1598813,bertopic,n15_c25_s7,41,1.0
1599011,bertopic,n15_c25_s7,49,1.0
1601162,bertopic,n15_c25_s7,5,0.2726398900287502
1601255,bertopic,n15_c25_s7,19,0.3980563539405187
1601952,bertopic,n15_c25_s7,0,1.0
1602097,bertopic,n15_c25_s7,0,0.5717703188877482
1602124,bertopic,n15_c25_s7,0,0.5717703188877482
1602322,bertopic,n15_c25_s7,0,1.0
1603249,bertopic,n15_c25_s7,18,1.0
1603303,bertopic,n15_c25_s7,0,1.0
1603708,bertopic,n15_c25_s7,15,0.7142723674588549
1603749,bertopic,n15_c25_s7,-1,0.0
1604979,bertopic,n15_c25_s7,2,0.8784723585489006
1605083,bertopic,n15_c25_s7,-1,0.0
1605481,bertopic,n15_c25_s7,5,1.0
1605630,bertopic,n15_c25_s7,18,1.0
1606053,bertopic,n15_c25_s7,5,1.0
1606367,bertopic,n15_c25_s7,15,0.9871958656959787
1606471,bertopic,n15_c25_s7,15,0.9963064993748406
1607996,bertopic,n15_c25_s7,23,0.7294266773273055
1608050,bertopic,n15_c25_s7,23,0.7294266773273055
1608305,bertopic,n15_c25_s7,6,0.8907758037822382
1608343,bertopic,n15_c25_s7,6,0.8287055590930528
1608523,bertopic,n15_c25_s7,40,0.7489991643336618
1608611,bertopic,n15_c25_s7,6,0.8203821589933342
1608877,bertopic,n15_c25_s7,1,1.0
1608878,bertopic,n15_c25_s7,9,1.0
1609173,bertopic,n15_c25_s7,6,0.8874152380599192
1610786,bertopic,n15_c25_s7,8,0.47172807942707917
1611689,bertopic,n15_c25_s7,39,1.0
1612202,bertopic,n15_c25_s7,65,1.0
1612234,bertopic,n15_c25_s7,-1,0.0
1612259,bertopic,n15_c25_s7,-1,0.0
1612810,bertopic,n15_c25_s7,-1,0.0
1612909,bertopic,n15_c25_s7,66,1.0
1614015,bertopic,n15_c25_s7,17,0.5573036666280702
1614893,bertopic,n15_c25_s7,21,1.0
1615227,bertopic,n15_c25_s7,21,1.0
1615573,bertopic,n15_c25_s7,21,1.0
1615715,bertopic,n15_c25_s7,66,1.0
1615722,bertopic,n15_c25_s7,-1,0.0
1615725,bertopic,n15_c25_s7,31,0.833119414428502
1616337,bertopic,n15_c25_s7,-1,0.0
1616763,bertopic,n15_c25_s7,-1,0.0
1618925,bertopic,n15_c25_s7,21,1.0
1619965,bertopic,n15_c25_s7,-1,0.0
1620427,bertopic,n15_c25_s7,21,0.8209763356148386
1620477,bertopic,n15_c25_s7,15,0.6893518719560916
1620517,bertopic,n15_c25_s7,21,1.0
1620531,bertopic,n15_c25_s7,21,0.7331059821888267
1620652,bertopic,n15_c25_s7,-1,0.0
1620730,bertopic,n15_c25_s7,15,0.7022045480108334
1620782,bertopic,n15_c25_s7,46,1.0
1621203,bertopic,n15_c25_s7,15,0.804362644692937
1621700,bertopic,n15_c25_s7,2,1.0
1621877,bertopic,n15_c25_s7,-1,0.0
1622181,bertopic,n15_c25_s7,31,1.0
1622524,bertopic,n15_c25_s7,3,0.9352002959342656
1622573,bertopic,n15_c25_s7,-1,0.0
1622698,bertopic,n15_c25_s7,0,0.9570850353282493
1622930,bertopic,n15_c25_s7,-1,0.0
1624003,bertopic,n15_c25_s7,0,1.0
1624371,bertopic,n15_c25_s7,61,1.0
1625072,bertopic,n15_c25_s7,-1,0.0
1625326,bertopic,n15_c25_s7,0,1.0
1626063,bertopic,n15_c25_s7,39,0.7280780029953922
1626112,bertopic,n15_c25_s7,2,0.5570203089305883
1626193,bertopic,n15_c25_s7,32,1.0
1626305,bertopic,n15_c25_s7,4,0.5296539105420707
1626331,bertopic,n15_c25_s7,1,0.7747611844243071
1626414,bertopic,n15_c25_s7,4,1.0
1626427,bertopic,n15_c25_s7,65,1.0
1626513,bertopic,n15_c25_s7,4,1.0
1627048,bertopic,n15_c25_s7,4,1.0
1627976,bertopic,n15_c25_s7,-1,0.0
1628020,bertopic,n15_c25_s7,9,1.0
1628061,bertopic,n15_c25_s7,5,1.0
1628085,bertopic,n15_c25_s7,5,0.9206221808342473
1628354,bertopic,n15_c25_s7,-1,0.0
1628417,bertopic,n15_c25_s7,-1,0.0
1628529,bertopic,n15_c25_s7,-1,0.0
1628847,bertopic,n15_c25_s7,0,1.0
1628863,bertopic,n15_c25_s7,0,1.0
1628928,bertopic,n15_c25_s7,0,1.0
1628955,bertopic,n15_c25_s7,0,1.0
1629053,bertopic,n15_c25_s7,20,1.0
1629082,bertopic,n15_c25_s7,21,1.0
1629201,bertopic,n15_c25_s7,0,1.0
1629324,bertopic,n15_c25_s7,0,1.0
1629357,bertopic,n15_c25_s7,23,0.304605352440702
1629527,bertopic,n15_c25_s7,-1,0.0
1629581,bertopic,n15_c25_s7,0,1.0
1629804,bertopic,n15_c25_s7,4,0.9942713113394063
1630109,bertopic,n15_c25_s7,7,0.8978887808115977
1630227,bertopic,n15_c25_s7,0,1.0
1630233,bertopic,n15_c25_s7,0,1.0
1630240,bertopic,n15_c25_s7,0,1.0
1630342,bertopic,n15_c25_s7,4,1.0
1630541,bertopic,n15_c25_s7,39,0.9693170208656762
1630643,bertopic,n15_c25_s7,-1,0.0
1631344,bertopic,n15_c25_s7,36,1.0
1631698,bertopic,n15_c25_s7,44,1.0
1631752,bertopic,n15_c25_s7,-1,0.0
1632025,bertopic,n15_c25_s7,0,1.0
1633050,bertopic,n15_c25_s7,21,0.7733993698812125
1633094,bertopic,n15_c25_s7,0,1.0
1633144,bertopic,n15_c25_s7,21,0.7190147284150744
1633190,bertopic,n15_c25_s7,21,0.8102783033950661
1633362,bertopic,n15_c25_s7,67,1.0
1633392,bertopic,n15_c25_s7,1,0.9714628913363937
1633401,bertopic,n15_c25_s7,67,1.0
1633413,bertopic,n15_c25_s7,21,0.7999590896377253
1633448,bertopic,n15_c25_s7,0,1.0
1634199,bertopic,n15_c25_s7,9,1.0
1634480,bertopic,n15_c25_s7,4,1.0
1634535,bertopic,n15_c25_s7,0,1.0
1634924,bertopic,n15_c25_s7,4,1.0
1635457,bertopic,n15_c25_s7,-1,0.0
1635558,bertopic,n15_c25_s7,-1,0.0
1635802,bertopic,n15_c25_s7,4,1.0
1635844,bertopic,n15_c25_s7,31,0.8475117232522289
1635991,bertopic,n15_c25_s7,0,1.0
1636083,bertopic,n15_c25_s7,0,1.0
1636243,bertopic,n15_c25_s7,0,1.0
1636404,bertopic,n15_c25_s7,0,1.0
1636431,bertopic,n15_c25_s7,0,1.0
1636592,bertopic,n15_c25_s7,0,1.0
1636718,bertopic,n15_c25_s7,0,1.0
1636835,bertopic,n15_c25_s7,-1,0.0
1637154,bertopic,n15_c25_s7,-1,0.0
1637297,bertopic,n15_c25_s7,-1,0.0
1637388,bertopic,n15_c25_s7,-1,0.0
1637480,bertopic,n15_c25_s7,49,1.0
1637484,bertopic,n15_c25_s7,49,1.0
1637670,bertopic,n15_c25_s7,9,1.0
1637750,bertopic,n15_c25_s7,0,1.0
1637917,bertopic,n15_c25_s7,0,1.0
1637962,bertopic,n15_c25_s7,7,0.2965877399382618
1638213,bertopic,n15_c25_s7,-1,0.0
1638474,bertopic,n15_c25_s7,0,0.3899997988334836
1638879,bertopic,n15_c25_s7,70,1.0
1640012,bertopic,n15_c25_s7,70,1.0
1641201,bertopic,n15_c25_s7,0,1.0
1641467,bertopic,n15_c25_s7,-1,0.0
1642038,bertopic,n15_c25_s7,5,0.28185789575452413
1642741,bertopic,n15_c25_s7,47,0.7373423514167053
1642850,bertopic,n15_c25_s7,47,0.7324155683962909
1643225,bertopic,n15_c25_s7,47,0.7617438332680317
1643304,bertopic,n15_c25_s7,0,1.0
1643410,bertopic,n15_c25_s7,47,0.7698871771350082
1643593,bertopic,n15_c25_s7,64,1.0
1643672,bertopic,n15_c25_s7,64,1.0
1643689,bertopic,n15_c25_s7,64,1.0
1643801,bertopic,n15_c25_s7,-1,0.0
1643812,bertopic,n15_c25_s7,7,0.2841870941421161
1644104,bertopic,n15_c25_s7,23,1.0
1644107,bertopic,n15_c25_s7,47,0.9032649801888512
1644185,bertopic,n15_c25_s7,0,0.5717703188877482
1644238,bertopic,n15_c25_s7,23,1.0
1644289,bertopic,n15_c25_s7,44,1.0
1644777,bertopic,n15_c25_s7,41,1.0
1645053,bertopic,n15_c25_s7,-1,0.0
1645255,bertopic,n15_c25_s7,22,0.1208986906104026
1645318,bertopic,n15_c25_s7,22,0.14421072510383712
1645518,bertopic,n15_c25_s7,-1,0.0
1645809,bertopic,n15_c25_s7,20,0.8716200270110253
1645828,bertopic,n15_c25_s7,0,1.0
1645964,bertopic,n15_c25_s7,22,0.14071199359169131
1646059,bertopic,n15_c25_s7,1,1.0
1646133,bertopic,n15_c25_s7,-1,0.0
1647389,bertopic,n15_c25_s7,5,0.2605359637648654
1647652,bertopic,n15_c25_s7,-1,0.0
1647853,bertopic,n15_c25_s7,46,0.6892946311593445
1648054,bertopic,n15_c25_s7,1,0.9763479386835096
1648219,bertopic,n15_c25_s7,-1,0.0
1648790,bertopic,n15_c25_s7,-1,0.0
1649210,bertopic,n15_c25_s7,1,1.0
1649646,bertopic,n15_c25_s7,15,0.8886949039986578
1649970,bertopic,n15_c25_s7,67,1.0
1650049,bertopic,n15_c25_s7,67,1.0
1650196,bertopic,n15_c25_s7,0,1.0
1650249,bertopic,n15_c25_s7,1,1.0
1650886,bertopic,n15_c25_s7,11,1.0
1651326,bertopic,n15_c25_s7,23,1.0
1651339,bertopic,n15_c25_s7,23,1.0
1651505,bertopic,n15_c25_s7,23,0.4561563771939375
1651781,bertopic,n15_c25_s7,23,1.0
1651888,bertopic,n15_c25_s7,23,0.8962749620596787
1651889,bertopic,n15_c25_s7,23,0.7112360667727997
1651902,bertopic,n15_c25_s7,23,0.8929000148272382
1651924,bertopic,n15_c25_s7,23,1.0
1652591,bertopic,n15_c25_s7,0,0.7221620531694894
1653181,bertopic,n15_c25_s7,-1,0.0
1654123,bertopic,n15_c25_s7,65,1.0
1654397,bertopic,n15_c25_s7,15,0.8093840732819195
1654474,bertopic,n15_c25_s7,60,1.0
1655065,bertopic,n15_c25_s7,8,1.0
1655750,bertopic,n15_c25_s7,0,1.0
1656280,bertopic,n15_c25_s7,0,1.0
1656434,bertopic,n15_c25_s7,-1,0.0
1657720,bertopic,n15_c25_s7,-1,0.0
1658202,bertopic,n15_c25_s7,60,1.0
1658204,bertopic,n15_c25_s7,53,1.0
1660561,bertopic,n15_c25_s7,33,0.4117623117794133
1660628,bertopic,n15_c25_s7,3,0.9555697655594173
1661755,bertopic,n15_c25_s7,1,1.0
1662908,bertopic,n15_c25_s7,25,0.8980093280218213
1663598,bertopic,n15_c25_s7,0,1.0
1664651,bertopic,n15_c25_s7,-1,0.0
1664667,bertopic,n15_c25_s7,6,1.0
1664914,bertopic,n15_c25_s7,13,0.6128764793364945
1665044,bertopic,n15_c25_s7,42,0.5864108012068839
1665218,bertopic,n15_c25_s7,5,1.0
1666448,bertopic,n15_c25_s7,1,1.0
1666522,bertopic,n15_c25_s7,20,0.4147854127100434
1666592,bertopic,n15_c25_s7,67,1.0
1666754,bertopic,n15_c25_s7,70,1.0
1667161,bertopic,n15_c25_s7,31,0.9146477920531444
1669889,bertopic,n15_c25_s7,-1,0.0
1671510,bertopic,n15_c25_s7,6,0.7159532545398538
1673964,bertopic,n15_c25_s7,-1,0.0
1674689,bertopic,n15_c25_s7,72,1.0
1676225,bertopic,n15_c25_s7,37,0.8629475080845332
1676319,bertopic,n15_c25_s7,-1,0.0
1676925,bertopic,n15_c25_s7,7,0.6781141605032991
1677219,bertopic,n15_c25_s7,6,1.0
1678071,bertopic,n15_c25_s7,33,0.6813972512811995
1679362,bertopic,n15_c25_s7,0,1.0
1681379,bertopic,n15_c25_s7,45,1.0
1682395,bertopic,n15_c25_s7,17,1.0
1683078,bertopic,n15_c25_s7,32,1.0
1683091,bertopic,n15_c25_s7,18,1.0
1683109,bertopic,n15_c25_s7,3,1.0
1683130,bertopic,n15_c25_s7,-1,0.0
1683707,bertopic,n15_c25_s7,-1,0.0
1684733,bertopic,n15_c25_s7,3,1.0
1684815,bertopic,n15_c25_s7,-1,0.0
1685072,bertopic,n15_c25_s7,2,0.7145311770872137
1685266,bertopic,n15_c25_s7,39,1.0
1686021,bertopic,n15_c25_s7,-1,0.0
1686112,bertopic,n15_c25_s7,-1,0.0
1686355,bertopic,n15_c25_s7,25,1.0
1686518,bertopic,n15_c25_s7,-1,0.0
1687000,bertopic,n15_c25_s7,45,1.0
1687424,bertopic,n15_c25_s7,-1,0.0
1688112,bertopic,n15_c25_s7,16,0.3809252544569443
1689823,bertopic,n15_c25_s7,0,1.0
1690809,bertopic,n15_c25_s7,7,0.9983155280531879
1691665,bertopic,n15_c25_s7,17,1.0
1691862,bertopic,n15_c25_s7,17,0.7367094286847424
1692560,bertopic,n15_c25_s7,18,0.3566993127104141
1693028,bertopic,n15_c25_s7,3,1.0
1693980,bertopic,n15_c25_s7,26,0.6336954519573651
1695724,bertopic,n15_c25_s7,-1,0.0
1697471,bertopic,n15_c25_s7,17,0.44727560889666446
1697669,bertopic,n15_c25_s7,5,0.8984900057207599
1697963,bertopic,n15_c25_s7,26,0.5188366760476387
1698281,bertopic,n15_c25_s7,5,1.0
1698411,bertopic,n15_c25_s7,38,0.3481950554181563
1698475,bertopic,n15_c25_s7,3,1.0
1698981,bertopic,n15_c25_s7,12,1.0
1699396,bertopic,n15_c25_s7,24,0.5889113312623134
1699699,bertopic,n15_c25_s7,2,1.0
1699718,bertopic,n15_c25_s7,-1,0.0
1700125,bertopic,n15_c25_s7,18,1.0
1700225,bertopic,n15_c25_s7,26,0.6336954519573651
1700548,bertopic,n15_c25_s7,5,1.0
1700627,bertopic,n15_c25_s7,17,0.9919277030088682
1700716,bertopic,n15_c25_s7,1,1.0
1701825,bertopic,n15_c25_s7,-1,0.0
1702604,bertopic,n15_c25_s7,17,0.8577273465854693
1702894,bertopic,n15_c25_s7,17,1.0
1703304,bertopic,n15_c25_s7,26,0.5381415508510512
1704668,bertopic,n15_c25_s7,18,0.867392744006744
1704740,bertopic,n15_c25_s7,26,0.3029882251186267
1705265,bertopic,n15_c25_s7,52,0.9783892612198566
1705327,bertopic,n15_c25_s7,-1,0.0
1706168,bertopic,n15_c25_s7,26,0.14061655648144042
1706486,bertopic,n15_c25_s7,45,1.0
1706496,bertopic,n15_c25_s7,3,1.0
1706540,bertopic,n15_c25_s7,4,1.0
1706737,bertopic,n15_c25_s7,26,1.0
1707062,bertopic,n15_c25_s7,17,0.8701113902484076
1708593,bertopic,n15_c25_s7,4,1.0
1709044,bertopic,n15_c25_s7,3,0.8084348868705938
1709656,bertopic,n15_c25_s7,71,1.0
1709805,bertopic,n15_c25_s7,3,1.0
1709939,bertopic,n15_c25_s7,38,1.0
1710264,bertopic,n15_c25_s7,3,1.0
1710764,bertopic,n15_c25_s7,26,0.4026758814396455
1710933,bertopic,n15_c25_s7,18,1.0
1711239,bertopic,n15_c25_s7,26,0.5879882859572033
1711692,bertopic,n15_c25_s7,-1,0.0
1712207,bertopic,n15_c25_s7,26,0.18975300732929823
1712797,bertopic,n15_c25_s7,1,0.3285090576880802
1713263,bertopic,n15_c25_s7,63,1.0
1714928,bertopic,n15_c25_s7,17,0.563982560869399
1715015,bertopic,n15_c25_s7,17,0.6011233093671553
1715532,bertopic,n15_c25_s7,2,1.0
1715850,bertopic,n15_c25_s7,26,0.5401465224864093
1715958,bertopic,n15_c25_s7,17,0.6625815732705662
1716332,bertopic,n15_c25_s7,3,1.0
1717227,bertopic,n15_c25_s7,-1,0.0
1717561,bertopic,n15_c25_s7,17,1.0
1718260,bertopic,n15_c25_s7,24,1.0
1718954,bertopic,n15_c25_s7,26,0.6336954519573651
1719182,bertopic,n15_c25_s7,-1,0.0
1719361,bertopic,n15_c25_s7,46,0.3171263707496634
1719455,bertopic,n15_c25_s7,3,1.0
1719954,bertopic,n15_c25_s7,26,0.5737253131472997
1720340,bertopic,n15_c25_s7,26,0.5052503744576877
1720393,bertopic,n15_c25_s7,71,1.0
1722098,bertopic,n15_c25_s7,55,1.0
1722301,bertopic,n15_c25_s7,18,0.6644878124776128
1723071,bertopic,n15_c25_s7,3,1.0
1723124,bertopic,n15_c25_s7,24,0.21342109527570943
1723294,bertopic,n15_c25_s7,25,0.5050602428296332
1724660,bertopic,n15_c25_s7,45,1.0
1725087,bertopic,n15_c25_s7,26,0.44711033931880084
1725177,bertopic,n15_c25_s7,45,1.0
1726786,bertopic,n15_c25_s7,71,1.0
1727314,bertopic,n15_c25_s7,18,1.0
1727348,bertopic,n15_c25_s7,26,0.19290658232876257
1727748,bertopic,n15_c25_s7,4,0.8463805801651574
1728274,bertopic,n15_c25_s7,-1,0.0
1728370,bertopic,n15_c25_s7,-1,0.0
1728791,bertopic,n15_c25_s7,-1,0.0
1729194,bertopic,n15_c25_s7,-1,0.0
1731850,bertopic,n15_c25_s7,-1,0.0
1732329,bertopic,n15_c25_s7,24,0.8685090283706314
1732611,bertopic,n15_c25_s7,38,1.0
1733429,bertopic,n15_c25_s7,0,1.0
1733690,bertopic,n15_c25_s7,26,0.3228362912827159
1734395,bertopic,n15_c25_s7,-1,0.0
1734997,bertopic,n15_c25_s7,71,1.0
1737105,bertopic,n15_c25_s7,9,0.5675526459839426
1737159,bertopic,n15_c25_s7,26,0.407676936956521
1737367,bertopic,n15_c25_s7,3,1.0
1738246,bertopic,n15_c25_s7,17,1.0
1739309,bertopic,n15_c25_s7,26,0.5772757588090736
1740679,bertopic,n15_c25_s7,49,1.0
1740693,bertopic,n15_c25_s7,9,0.4968913951731543
1741399,bertopic,n15_c25_s7,71,1.0
1743180,bertopic,n15_c25_s7,18,0.4364445078500678
1743215,bertopic,n15_c25_s7,38,0.3481950554181563
1743803,bertopic,n15_c25_s7,3,1.0
1745237,bertopic,n15_c25_s7,-1,0.0
1745303,bertopic,n15_c25_s7,45,1.0
1745896,bertopic,n15_c25_s7,0,1.0
1745972,bertopic,n15_c25_s7,29,1.0
1746476,bertopic,n15_c25_s7,26,0.7299153747152282
1746753,bertopic,n15_c25_s7,-1,0.0
1747022,bertopic,n15_c25_s7,0,1.0
1747741,bertopic,n15_c25_s7,-1,0.0
1748179,bertopic,n15_c25_s7,-1,0.0
1748483,bertopic,n15_c25_s7,45,0.9431355082173176
1748926,bertopic,n15_c25_s7,-1,0.0
1749111,bertopic,n15_c25_s7,4,1.0
1749433,bertopic,n15_c25_s7,52,0.944208665730275
1749525,bertopic,n15_c25_s7,3,0.9875308707713112
1749569,bertopic,n15_c25_s7,4,1.0
1749755,bertopic,n15_c25_s7,16,0.3809252544569443
1749859,bertopic,n15_c25_s7,3,1.0
1749863,bertopic,n15_c25_s7,3,0.8980704123239586
1750089,bertopic,n15_c25_s7,71,1.0
1750589,bertopic,n15_c25_s7,16,0.2928195106494276
1750711,bertopic,n15_c25_s7,52,0.5810669453653601
1750919,bertopic,n15_c25_s7,35,0.9828310456806829
1750939,bertopic,n15_c25_s7,18,1.0
1751352,bertopic,n15_c25_s7,71,1.0
1752783,bertopic,n15_c25_s7,2,1.0
1753410,bertopic,n15_c25_s7,55,0.5694803833024159
1754216,bertopic,n15_c25_s7,4,1.0
1756841,bertopic,n15_c25_s7,1,1.0
1757662,bertopic,n15_c25_s7,43,0.362819984160619
1757765,bertopic,n15_c25_s7,26,0.26839170964508147
1757933,bertopic,n15_c25_s7,18,1.0
1759498,bertopic,n15_c25_s7,26,0.34587774386835696
1759830,bertopic,n15_c25_s7,26,0.5925201302107025
1759873,bertopic,n15_c25_s7,26,1.0
1760552,bertopic,n15_c25_s7,18,1.0
1761953,bertopic,n15_c25_s7,17,0.632859891343582
1762654,bertopic,n15_c25_s7,26,1.0
1762824,bertopic,n15_c25_s7,52,0.6448015774156585
1762994,bertopic,n15_c25_s7,36,0.5059641398100776
1763439,bertopic,n15_c25_s7,26,0.787040730592496
1764269,bertopic,n15_c25_s7,6,1.0
1765393,bertopic,n15_c25_s7,26,1.0
1765897,bertopic,n15_c25_s7,16,0.3930644109027722
1765978,bertopic,n15_c25_s7,26,1.0
1766021,bertopic,n15_c25_s7,16,1.0
1766529,bertopic,n15_c25_s7,3,1.0
1766769,bertopic,n15_c25_s7,71,1.0
1766969,bertopic,n15_c25_s7,6,1.0
1767208,bertopic,n15_c25_s7,18,1.0
1767405,bertopic,n15_c25_s7,1,0.7113310771625632
1767580,bertopic,n15_c25_s7,3,1.0
1768327,bertopic,n15_c25_s7,-1,0.0
1768788,bertopic,n15_c25_s7,71,1.0
1769257,bertopic,n15_c25_s7,18,1.0
1769738,bertopic,n15_c25_s7,2,0.8784723585489006
1770600,bertopic,n15_c25_s7,26,0.922572589275679
1770622,bertopic,n15_c25_s7,1,1.0
1771324,bertopic,n15_c25_s7,3,0.8999760309742284
1771782,bertopic,n15_c25_s7,26,1.0
1772764,bertopic,n15_c25_s7,26,0.593946762014314
1772835,bertopic,n15_c25_s7,17,0.4494822700357762
1772931,bertopic,n15_c25_s7,18,1.0
1773425,bertopic,n15_c25_s7,71,1.0
1774287,bertopic,n15_c25_s7,71,1.0
1774660,bertopic,n15_c25_s7,26,0.35623311884776093
1774761,bertopic,n15_c25_s7,18,1.0
1774912,bertopic,n15_c25_s7,-1,0.0
1775048,bertopic,n15_c25_s7,71,1.0
1775531,bertopic,n15_c25_s7,18,0.7599527036062265
1777220,bertopic,n15_c25_s7,27,1.0
1777819,bertopic,n15_c25_s7,3,1.0
1778040,bertopic,n15_c25_s7,18,1.0
1778220,bertopic,n15_c25_s7,0,0.6560658727392135
1778534,bertopic,n15_c25_s7,26,1.0
1779124,bertopic,n15_c25_s7,71,1.0
1780784,bertopic,n15_c25_s7,18,1.0
1780870,bertopic,n15_c25_s7,26,0.5883456367054739
1781369,bertopic,n15_c25_s7,71,1.0
1781371,bertopic,n15_c25_s7,4,1.0
1781465,bertopic,n15_c25_s7,-1,0.0
1781567,bertopic,n15_c25_s7,7,0.4431700084675816
1781757,bertopic,n15_c25_s7,64,1.0
1782449,bertopic,n15_c25_s7,6,0.8623491877686595
1782773,bertopic,n15_c25_s7,6,0.9282876689604889
1782894,bertopic,n15_c25_s7,71,1.0
1783088,bertopic,n15_c25_s7,3,1.0
1783472,bertopic,n15_c25_s7,55,1.0
1784023,bertopic,n15_c25_s7,71,1.0
1784510,bertopic,n15_c25_s7,-1,0.0
1786605,bertopic,n15_c25_s7,0,1.0
1786860,bertopic,n15_c25_s7,1,0.8859255399489783
1787190,bertopic,n15_c25_s7,26,1.0
1787369,bertopic,n15_c25_s7,71,1.0
1787402,bertopic,n15_c25_s7,71,1.0
1788046,bertopic,n15_c25_s7,71,1.0
1788210,bertopic,n15_c25_s7,26,0.5858756014923802
1788249,bertopic,n15_c25_s7,3,1.0
1788658,bertopic,n15_c25_s7,26,1.0
1788669,bertopic,n15_c25_s7,18,1.0
1788823,bertopic,n15_c25_s7,18,0.7362742650775369
1789010,bertopic,n15_c25_s7,3,1.0
1789341,bertopic,n15_c25_s7,26,0.7285578216240144
1790219,bertopic,n15_c25_s7,6,1.0
1790464,bertopic,n15_c25_s7,-1,0.0
1790795,bertopic,n15_c25_s7,3,1.0
1792141,bertopic,n15_c25_s7,12,1.0
1792754,bertopic,n15_c25_s7,3,1.0
1793048,bertopic,n15_c25_s7,26,0.593946762014314
1793349,bertopic,n15_c25_s7,12,0.7499941633916509
1793500,bertopic,n15_c25_s7,-1,0.0
1793650,bertopic,n15_c25_s7,26,1.0
1794330,bertopic,n15_c25_s7,-1,0.0
1794525,bertopic,n15_c25_s7,24,0.14160416388063723
1794830,bertopic,n15_c25_s7,3,1.0
1794940,bertopic,n15_c25_s7,1,0.8473667470044434
1795442,bertopic,n15_c25_s7,18,1.0
1795528,bertopic,n15_c25_s7,18,1.0
1795592,bertopic,n15_c25_s7,32,1.0
1795901,bertopic,n15_c25_s7,2,0.8784723585489006
1796159,bertopic,n15_c25_s7,71,1.0
1796275,bertopic,n15_c25_s7,6,1.0
1797065,bertopic,n15_c25_s7,-1,0.0
1797180,bertopic,n15_c25_s7,42,1.0
1797356,bertopic,n15_c25_s7,6,1.0
1798409,bertopic,n15_c25_s7,62,1.0
1798748,bertopic,n15_c25_s7,33,1.0
1799072,bertopic,n15_c25_s7,35,1.0
1799196,bertopic,n15_c25_s7,-1,0.0
1799623,bertopic,n15_c25_s7,6,1.0
1800294,bertopic,n15_c25_s7,3,0.992174916075524
1800390,bertopic,n15_c25_s7,71,0.9973777523746679
1801977,bertopic,n15_c25_s7,62,0.5066356765846737
1802483,bertopic,n15_c25_s7,6,1.0
1803579,bertopic,n15_c25_s7,26,1.0
1803645,bertopic,n15_c25_s7,3,1.0
1804034,bertopic,n15_c25_s7,17,1.0
1804666,bertopic,n15_c25_s7,1,1.0
1804998,bertopic,n15_c25_s7,-1,0.0
1805507,bertopic,n15_c25_s7,62,1.0
1806946,bertopic,n15_c25_s7,-1,0.0
1807432,bertopic,n15_c25_s7,50,0.18953295898567749
1807741,bertopic,n15_c25_s7,-1,0.0
1808525,bertopic,n15_c25_s7,62,0.9853721075613786
1808878,bertopic,n15_c25_s7,3,1.0
1809279,bertopic,n15_c25_s7,62,1.0
1809745,bertopic,n15_c25_s7,26,1.0
1810050,bertopic,n15_c25_s7,3,1.0
1811161,bertopic,n15_c25_s7,-1,0.0
1811551,bertopic,n15_c25_s7,62,1.0
1812418,bertopic,n15_c25_s7,3,1.0
1812560,bertopic,n15_c25_s7,3,1.0
1812849,bertopic,n15_c25_s7,5,1.0
1812942,bertopic,n15_c25_s7,-1,0.0
1814127,bertopic,n15_c25_s7,62,1.0
1814492,bertopic,n15_c25_s7,26,1.0
1814823,bertopic,n15_c25_s7,55,0.4397459370901135
1814857,bertopic,n15_c25_s7,62,1.0
1815057,bertopic,n15_c25_s7,62,1.0
1815347,bertopic,n15_c25_s7,0,1.0
1816307,bertopic,n15_c25_s7,62,1.0
1816824,bertopic,n15_c25_s7,3,1.0
1817789,bertopic,n15_c25_s7,62,1.0
1817911,bertopic,n15_c25_s7,62,1.0
1819002,bertopic,n15_c25_s7,62,1.0
1819063,bertopic,n15_c25_s7,12,1.0
1819183,bertopic,n15_c25_s7,62,1.0
1819282,bertopic,n15_c25_s7,55,0.38516401743359185
1819310,bertopic,n15_c25_s7,62,1.0
1819353,bertopic,n15_c25_s7,3,1.0
1819427,bertopic,n15_c25_s7,62,1.0
1819806,bertopic,n15_c25_s7,62,1.0
1819857,bertopic,n15_c25_s7,62,1.0
1821007,bertopic,n15_c25_s7,62,0.7453821564954257
1821156,bertopic,n15_c25_s7,62,1.0
1821596,bertopic,n15_c25_s7,5,0.12939677133097988
1824215,bertopic,n15_c25_s7,62,1.0
1824347,bertopic,n15_c25_s7,62,1.0
1824634,bertopic,n15_c25_s7,62,1.0
1825156,bertopic,n15_c25_s7,62,1.0
1826482,bertopic,n15_c25_s7,62,1.0
1828952,bertopic,n15_c25_s7,3,0.9941271288946814
1828997,bertopic,n15_c25_s7,26,0.9996427687485853
1829044,bertopic,n15_c25_s7,18,0.9785749980964235
1829612,bertopic,n15_c25_s7,62,1.0
1830227,bertopic,n15_c25_s7,62,0.8441888478382904
1832511,bertopic,n15_c25_s7,42,1.0
1833174,bertopic,n15_c25_s7,17,0.7368947122455997
1833629,bertopic,n15_c25_s7,-1,0.0
1833849,bertopic,n15_c25_s7,6,0.7159532545398538
1834610,bertopic,n15_c25_s7,67,1.0
1835823,bertopic,n15_c25_s7,-1,0.0
1836084,bertopic,n15_c25_s7,6,0.7627462307916725
1837582,bertopic,n15_c25_s7,62,1.0
1838801,bertopic,n15_c25_s7,62,1.0
1839338,bertopic,n15_c25_s7,62,0.9195534393612226
1840067,bertopic,n15_c25_s7,-1,0.0
1840353,bertopic,n15_c25_s7,1,1.0
1841915,bertopic,n15_c25_s7,26,0.45673657658252204
1844676,bertopic,n15_c25_s7,26,1.0
1846581,bertopic,n15_c25_s7,18,0.8859455438586903
1848894,bertopic,n15_c25_s7,-1,0.0
1849673,bertopic,n15_c25_s7,-1,0.0
1850279,bertopic,n15_c25_s7,32,0.906585050348554
1850586,bertopic,n15_c25_s7,-1,0.0
1850605,bertopic,n15_c25_s7,27,0.41689814958814286
1850613,bertopic,n15_c25_s7,49,1.0
1850656,bertopic,n15_c25_s7,59,0.8160380994673747
1850658,bertopic,n15_c25_s7,-1,0.0
1850698,bertopic,n15_c25_s7,-1,0.0
1850775,bertopic,n15_c25_s7,1,0.5591125008889717
1850805,bertopic,n15_c25_s7,26,1.0
1852817,bertopic,n15_c25_s7,71,1.0
1853776,bertopic,n15_c25_s7,0,1.0
1854231,bertopic,n15_c25_s7,1,1.0
1854565,bertopic,n15_c25_s7,30,0.15318450724159802
1855730,bertopic,n15_c25_s7,49,1.0
1857855,bertopic,n15_c25_s7,3,0.8213053277670725
1859703,bertopic,n15_c25_s7,18,1.0
1859873,bertopic,n15_c25_s7,1,0.5591125008889717
1859986,bertopic,n15_c25_s7,26,1.0
1861945,bertopic,n15_c25_s7,18,0.8640839057520038
1864354,bertopic,n15_c25_s7,-1,0.0
1864798,bertopic,n15_c25_s7,1,0.7768039920186646
1877554,bertopic,n15_c25_s7,25,0.5152811151624362
1877561,bertopic,n15_c25_s7,17,0.9809610879092823
1878318,bertopic,n15_c25_s7,-1,0.0
1882764,bertopic,n15_c25_s7,17,0.6171960832720753
1887908,bertopic,n15_c25_s7,0,1.0
1898150,bertopic,n15_c25_s7,18,0.9506856775753741
1903287,bertopic,n15_c25_s7,71,1.0
1903507,bertopic,n15_c25_s7,45,1.0
1909651,bertopic,n15_c25_s7,38,1.0
1910159,bertopic,n15_c25_s7,8,0.5070051693574018
1910233,bertopic,n15_c25_s7,45,0.9602876392117289
1910817,bertopic,n15_c25_s7,-1,0.0
1911320,bertopic,n15_c25_s7,45,1.0
1911491,bertopic,n15_c25_s7,1,1.0
1911514,bertopic,n15_c25_s7,45,1.0
1912688,bertopic,n15_c25_s7,57,0.9454153819441597
1912825,bertopic,n15_c25_s7,0,1.0
1913064,bertopic,n15_c25_s7,-1,0.0
1913151,bertopic,n15_c25_s7,0,1.0
1913394,bertopic,n15_c25_s7,1,1.0
1913513,bertopic,n15_c25_s7,0,1.0
1913582,bertopic,n15_c25_s7,0,1.0
1914067,bertopic,n15_c25_s7,64,0.9315026176962449
1914123,bertopic,n15_c25_s7,7,1.0
1914502,bertopic,n15_c25_s7,-1,0.0
1914556,bertopic,n15_c25_s7,40,0.3013527566264643
1914857,bertopic,n15_c25_s7,25,1.0
1914916,bertopic,n15_c25_s7,7,1.0
1914999,bertopic,n15_c25_s7,17,1.0
1915075,bertopic,n15_c25_s7,25,0.9099189025642161
1915304,bertopic,n15_c25_s7,64,1.0
1915804,bertopic,n15_c25_s7,0,1.0
1916053,bertopic,n15_c25_s7,33,1.0
1916441,bertopic,n15_c25_s7,45,1.0
1917032,bertopic,n15_c25_s7,45,1.0
1917329,bertopic,n15_c25_s7,61,1.0
1917366,bertopic,n15_c25_s7,1,1.0
1917376,bertopic,n15_c25_s7,24,0.320736559080751
1917392,bertopic,n15_c25_s7,24,0.5497372759885484
1917662,bertopic,n15_c25_s7,24,0.49403896738738434
1917921,bertopic,n15_c25_s7,16,0.3809252544569443
1918072,bertopic,n15_c25_s7,12,0.2892411273053322
1918118,bertopic,n15_c25_s7,45,1.0
1918149,bertopic,n15_c25_s7,1,1.0
1919027,bertopic,n15_c25_s7,25,0.5152811151624362
1919141,bertopic,n15_c25_s7,7,0.30195863479813245
1919384,bertopic,n15_c25_s7,61,0.9197592956389837
1919642,bertopic,n15_c25_s7,-1,0.0
1919898,bertopic,n15_c25_s7,2,1.0
1920049,bertopic,n15_c25_s7,-1,0.0
1920139,bertopic,n15_c25_s7,6,0.9119354428670103
1920344,bertopic,n15_c25_s7,6,1.0
1920462,bertopic,n15_c25_s7,6,1.0
1920552,bertopic,n15_c25_s7,0,1.0
1920614,bertopic,n15_c25_s7,2,1.0
1920979,bertopic,n15_c25_s7,2,1.0
1921087,bertopic,n15_c25_s7,-1,0.0
1921245,bertopic,n15_c25_s7,2,0.7145311770872137
1921288,bertopic,n15_c25_s7,2,1.0
1921294,bertopic,n15_c25_s7,2,1.0
1921486,bertopic,n15_c25_s7,2,1.0
1921595,bertopic,n15_c25_s7,2,0.7647562498511852
1921610,bertopic,n15_c25_s7,61,0.9306461946268687
1921687,bertopic,n15_c25_s7,2,1.0
1921781,bertopic,n15_c25_s7,2,1.0
1921794,bertopic,n15_c25_s7,2,0.7145311770872137
1921824,bertopic,n15_c25_s7,26,0.5962395294637063
1921913,bertopic,n15_c25_s7,9,1.0
1922057,bertopic,n15_c25_s7,2,1.0
1922173,bertopic,n15_c25_s7,1,1.0
1922205,bertopic,n15_c25_s7,2,0.7145311770872137
1922459,bertopic,n15_c25_s7,16,0.6898265659780927
1922629,bertopic,n15_c25_s7,2,1.0
1922795,bertopic,n15_c25_s7,4,1.0
1922828,bertopic,n15_c25_s7,5,1.0
1922977,bertopic,n15_c25_s7,4,1.0
1923009,bertopic,n15_c25_s7,4,1.0
1923146,bertopic,n15_c25_s7,2,1.0
1923374,bertopic,n15_c25_s7,4,1.0
1923479,bertopic,n15_c25_s7,2,1.0
1923644,bertopic,n15_c25_s7,2,0.7354026522214436
1923697,bertopic,n15_c25_s7,2,1.0
1924497,bertopic,n15_c25_s7,-1,0.0
1924855,bertopic,n15_c25_s7,4,1.0
1924864,bertopic,n15_c25_s7,2,1.0
1925034,bertopic,n15_c25_s7,-1,0.0
1925150,bertopic,n15_c25_s7,2,1.0
1925327,bertopic,n15_c25_s7,2,1.0
1925452,bertopic,n15_c25_s7,-1,0.0
1925613,bertopic,n15_c25_s7,39,0.21462521305065094
1927157,bertopic,n15_c25_s7,4,1.0
1927201,bertopic,n15_c25_s7,2,1.0
1927890,bertopic,n15_c25_s7,-1,0.0
1928474,bertopic,n15_c25_s7,43,1.0
1928645,bertopic,n15_c25_s7,25,1.0
1928724,bertopic,n15_c25_s7,43,1.0
1929485,bertopic,n15_c25_s7,0,1.0
1929633,bertopic,n15_c25_s7,43,0.6319285413856328
1929760,bertopic,n15_c25_s7,2,1.0
1929763,bertopic,n15_c25_s7,2,1.0
1929767,bertopic,n15_c25_s7,2,1.0
1929768,bertopic,n15_c25_s7,2,0.8784723585489006
1930608,bertopic,n15_c25_s7,1,1.0
1931300,bertopic,n15_c25_s7,0,1.0
1931498,bertopic,n15_c25_s7,1,0.8917189124836821
1931996,bertopic,n15_c25_s7,42,1.0
1936683,bertopic,n15_c25_s7,30,0.15318450724159802
1945070,bertopic,n15_c25_s7,19,0.3980563539405187
1945313,bertopic,n15_c25_s7,2,0.5631781712931551
1945319,bertopic,n15_c25_s7,-1,0.0
1945374,bertopic,n15_c25_s7,3,0.9313656751365301
1945392,bertopic,n15_c25_s7,11,0.9209060707583916
1945405,bertopic,n15_c25_s7,9,0.7150317998635386
1945418,bertopic,n15_c25_s7,59,0.757152221636323
1945429,bertopic,n15_c25_s7,1,0.7055737772276646
1945490,bertopic,n15_c25_s7,1,0.5591125008889717
1945530,bertopic,n15_c25_s7,32,1.0
1945546,bertopic,n15_c25_s7,7,0.3602597429593006
1945567,bertopic,n15_c25_s7,-1,0.0
1945611,bertopic,n15_c25_s7,2,0.5631781712931551
1945733,bertopic,n15_c25_s7,20,0.4147854127100434
1946223,bertopic,n15_c25_s7,9,0.541859449311774
1947980,bertopic,n15_c25_s7,36,0.23085923790866264
1948740,bertopic,n15_c25_s7,-1,0.0
1948741,bertopic,n15_c25_s7,14,0.5151428093364191
1949482,bertopic,n15_c25_s7,69,1.0
1949955,bertopic,n15_c25_s7,-1,0.0
1950075,bertopic,n15_c25_s7,21,0.3758266342991944
1950644,bertopic,n15_c25_s7,-1,0.0
1951609,bertopic,n15_c25_s7,28,1.0
1951771,bertopic,n15_c25_s7,48,1.0
1952739,bertopic,n15_c25_s7,-1,0.0
1953711,bertopic,n15_c25_s7,17,0.774011986413839
1955309,bertopic,n15_c25_s7,36,1.0
1957301,bertopic,n15_c25_s7,-1,0.0
1960077,bertopic,n15_c25_s7,-1,0.0
1964448,bertopic,n15_c25_s7,8,0.5070051693574018
1965386,bertopic,n15_c25_s7,-1,0.0
1967155,bertopic,n15_c25_s7,28,0.9591645198786276
1967951,bertopic,n15_c25_s7,35,1.0
1970492,bertopic,n15_c25_s7,44,1.0
1970500,bertopic,n15_c25_s7,44,1.0
1970785,bertopic,n15_c25_s7,41,0.9906632209134196
1971369,bertopic,n15_c25_s7,45,1.0
1975413,bertopic,n15_c25_s7,-1,0.0
1976203,bertopic,n15_c25_s7,-1,0.0
1977473,bertopic,n15_c25_s7,1,1.0
1977542,bertopic,n15_c25_s7,1,1.0
1978978,bertopic,n15_c25_s7,-1,0.0
1980594,bertopic,n15_c25_s7,-1,0.0
1983301,bertopic,n15_c25_s7,54,1.0
1985714,bertopic,n15_c25_s7,57,1.0
1985731,bertopic,n15_c25_s7,55,0.8395892659624316
1986698,bertopic,n15_c25_s7,57,1.0
1987308,bertopic,n15_c25_s7,3,0.9388739436633854
1987373,bertopic,n15_c25_s7,0,1.0
1987812,bertopic,n15_c25_s7,-1,0.0
1987816,bertopic,n15_c25_s7,0,1.0
1988414,bertopic,n15_c25_s7,0,1.0
1988762,bertopic,n15_c25_s7,0,1.0
1988873,bertopic,n15_c25_s7,69,1.0
1988877,bertopic,n15_c25_s7,69,1.0
1989809,bertopic,n15_c25_s7,0,1.0
1989941,bertopic,n15_c25_s7,3,1.0
1990045,bertopic,n15_c25_s7,-1,0.0
1991285,bertopic,n15_c25_s7,0,1.0
1991332,bertopic,n15_c25_s7,3,1.0
1991560,bertopic,n15_c25_s7,12,0.5199365362277192
1991578,bertopic,n15_c25_s7,3,1.0
1991582,bertopic,n15_c25_s7,54,1.0
1991685,bertopic,n15_c25_s7,-1,0.0
1991804,bertopic,n15_c25_s7,3,1.0
1992116,bertopic,n15_c25_s7,0,1.0
1992590,bertopic,n15_c25_s7,-1,0.0
1993112,bertopic,n15_c25_s7,-1,0.0
1993759,bertopic,n15_c25_s7,61,1.0
1993811,bertopic,n15_c25_s7,13,0.3852481795075882
1994088,bertopic,n15_c25_s7,69,1.0
1994200,bertopic,n15_c25_s7,11,1.0
1994540,bertopic,n15_c25_s7,3,1.0
1994982,bertopic,n15_c25_s7,1,1.0
1995093,bertopic,n15_c25_s7,21,0.3758266342991944
1996158,bertopic,n15_c25_s7,26,1.0
1996364,bertopic,n15_c25_s7,2,0.5631781712931551
1997760,bertopic,n15_c25_s7,-1,0.0
1997762,bertopic,n15_c25_s7,25,0.43354088580722355
1997763,bertopic,n15_c25_s7,-1,0.0
1998455,bertopic,n15_c25_s7,32,0.747055890362325
1998813,bertopic,n15_c25_s7,5,1.0
1998814,bertopic,n15_c25_s7,5,1.0
1998925,bertopic,n15_c25_s7,0,1.0
1998992,bertopic,n15_c25_s7,0,0.9590193085868951
1999136,bertopic,n15_c25_s7,0,1.0
1999406,bertopic,n15_c25_s7,10,0.6463229578360776
1999413,bertopic,n15_c25_s7,-1,0.0
1999416,bertopic,n15_c25_s7,-1,0.0
1999419,bertopic,n15_c25_s7,2,1.0
1999799,bertopic,n15_c25_s7,69,1.0
1999800,bertopic,n15_c25_s7,69,1.0
1999902,bertopic,n15_c25_s7,27,1.0
1999907,bertopic,n15_c25_s7,7,0.4397374013057945
2000287,bertopic,n15_c25_s7,0,1.0
2000408,bertopic,n15_c25_s7,17,0.48772085660810716
2001063,bertopic,n15_c25_s7,28,1.0
2001078,bertopic,n15_c25_s7,28,1.0
2001263,bertopic,n15_c25_s7,25,0.5152811151624362
2002133,bertopic,n15_c25_s7,17,0.834257862626157
2002376,bertopic,n15_c25_s7,0,1.0
2002387,bertopic,n15_c25_s7,3,0.9845891249420029
2003038,bertopic,n15_c25_s7,25,1.0
2003363,bertopic,n15_c25_s7,0,1.0
2003965,bertopic,n15_c25_s7,52,1.0
2005390,bertopic,n15_c25_s7,-1,0.0
2007388,bertopic,n15_c25_s7,3,1.0
2007389,bertopic,n15_c25_s7,3,1.0
2007445,bertopic,n15_c25_s7,33,1.0
2007592,bertopic,n15_c25_s7,-1,0.0
2007707,bertopic,n15_c25_s7,0,1.0
2008279,bertopic,n15_c25_s7,3,1.0
2009227,bertopic,n15_c25_s7,31,0.8475117232522289
2009404,bertopic,n15_c25_s7,37,1.0
2009473,bertopic,n15_c25_s7,31,0.8475117232522289
2009559,bertopic,n15_c25_s7,11,0.8375946672819093
2011091,bertopic,n15_c25_s7,13,0.36951377797513313
2011679,bertopic,n15_c25_s7,32,0.9650158440687293
2013225,bertopic,n15_c25_s7,51,1.0
2013501,bertopic,n15_c25_s7,32,1.0
2013569,bertopic,n15_c25_s7,57,1.0
2014497,bertopic,n15_c25_s7,11,0.8248318653803008
2014759,bertopic,n15_c25_s7,17,0.9657634349679831
2015012,bertopic,n15_c25_s7,58,0.3114946552140945
2015030,bertopic,n15_c25_s7,1,1.0
2015337,bertopic,n15_c25_s7,69,1.0
2015402,bertopic,n15_c25_s7,35,1.0
2015579,bertopic,n15_c25_s7,1,1.0
2015581,bertopic,n15_c25_s7,-1,0.0
2015910,bertopic,n15_c25_s7,24,0.6393566316732354
2016180,bertopic,n15_c25_s7,-1,0.0
2017225,bertopic,n15_c25_s7,54,1.0
2017594,bertopic,n15_c25_s7,35,1.0
2017937,bertopic,n15_c25_s7,61,1.0
2017938,bertopic,n15_c25_s7,24,1.0
2017939,bertopic,n15_c25_s7,24,0.38307188981407647
2019441,bertopic,n15_c25_s7,27,0.454752835511196
2019516,bertopic,n15_c25_s7,1,1.0
2021619,bertopic,n15_c25_s7,4,1.0
2021983,bertopic,n15_c25_s7,0,1.0
2022527,bertopic,n15_c25_s7,-1,0.0
2023244,bertopic,n15_c25_s7,2,1.0
2023474,bertopic,n15_c25_s7,4,1.0
2024007,bertopic,n15_c25_s7,4,1.0
2024008,bertopic,n15_c25_s7,4,1.0
2024011,bertopic,n15_c25_s7,4,1.0
2024174,bertopic,n15_c25_s7,34,0.4734729379214817
2024289,bertopic,n15_c25_s7,69,1.0
2024401,bertopic,n15_c25_s7,7,0.30195863479813245
2024482,bertopic,n15_c25_s7,15,0.7965156824960342
2024509,bertopic,n15_c25_s7,2,1.0
2024682,bertopic,n15_c25_s7,26,0.2997627375820603
2025132,bertopic,n15_c25_s7,-1,0.0
2025463,bertopic,n15_c25_s7,2,1.0
2026211,bertopic,n15_c25_s7,11,0.8572035919807425
2028370,bertopic,n15_c25_s7,58,1.0
2028405,bertopic,n15_c25_s7,-1,0.0
2028568,bertopic,n15_c25_s7,-1,0.0
2028611,bertopic,n15_c25_s7,28,0.9594456468949254
2028764,bertopic,n15_c25_s7,60,1.0
2029014,bertopic,n15_c25_s7,69,1.0
2029290,bertopic,n15_c25_s7,2,0.9841365872378813
2029717,bertopic,n15_c25_s7,13,1.0
2029718,bertopic,n15_c25_s7,13,1.0
2030076,bertopic,n15_c25_s7,21,0.9319524399524962
2030240,bertopic,n15_c25_s7,28,0.6733262720256016
2030242,bertopic,n15_c25_s7,28,1.0
2030261,bertopic,n15_c25_s7,28,0.8163477026563979
2031168,bertopic,n15_c25_s7,37,1.0
2031195,bertopic,n15_c25_s7,12,0.7676710116202135
2031196,bertopic,n15_c25_s7,-1,0.0
2031472,bertopic,n15_c25_s7,69,1.0
2031482,bertopic,n15_c25_s7,2,0.8708111460957598
2031483,bertopic,n15_c25_s7,13,1.0
2031486,bertopic,n15_c25_s7,4,1.0
2032150,bertopic,n15_c25_s7,2,1.0
2032154,bertopic,n15_c25_s7,6,1.0
2032266,bertopic,n15_c25_s7,2,1.0
2033352,bertopic,n15_c25_s7,5,1.0
2033927,bertopic,n15_c25_s7,1,1.0
2034218,bertopic,n15_c25_s7,69,1.0
2034219,bertopic,n15_c25_s7,69,1.0
2034220,bertopic,n15_c25_s7,69,1.0
2034376,bertopic,n15_c25_s7,8,0.3264859631848004
2034377,bertopic,n15_c25_s7,41,1.0
2034608,bertopic,n15_c25_s7,34,1.0
2035212,bertopic,n15_c25_s7,32,0.9722869346882124
2035473,bertopic,n15_c25_s7,34,1.0
2036373,bertopic,n15_c25_s7,0,1.0
2036375,bertopic,n15_c25_s7,41,0.7071479994869616
2036922,bertopic,n15_c25_s7,2,1.0
2036923,bertopic,n15_c25_s7,2,0.6163268004717618
2036924,bertopic,n15_c25_s7,4,1.0
2037033,bertopic,n15_c25_s7,1,1.0
2037304,bertopic,n15_c25_s7,60,0.8484901981577881
2038117,bertopic,n15_c25_s7,39,1.0
2038130,bertopic,n15_c25_s7,39,1.0
2038366,bertopic,n15_c25_s7,-1,0.0
2038672,bertopic,n15_c25_s7,2,1.0
2039029,bertopic,n15_c25_s7,69,1.0
2039030,bertopic,n15_c25_s7,69,1.0
2039035,bertopic,n15_c25_s7,69,1.0
2039173,bertopic,n15_c25_s7,39,1.0
2039175,bertopic,n15_c25_s7,39,0.5132160543476081
2039530,bertopic,n15_c25_s7,2,1.0
2039950,bertopic,n15_c25_s7,2,1.0
2039969,bertopic,n15_c25_s7,43,0.21043248434200795
2040358,bertopic,n15_c25_s7,28,1.0
2040360,bertopic,n15_c25_s7,28,1.0
2040363,bertopic,n15_c25_s7,-1,0.0
2040365,bertopic,n15_c25_s7,1,0.9377256388787536
2040367,bertopic,n15_c25_s7,28,1.0
2040368,bertopic,n15_c25_s7,28,0.6607822220070636
2040369,bertopic,n15_c25_s7,28,1.0
2040569,bertopic,n15_c25_s7,25,0.5152811151624362
2040735,bertopic,n15_c25_s7,25,0.5152811151624362
2041509,bertopic,n15_c25_s7,2,0.7145311770872137
2041628,bertopic,n15_c25_s7,31,0.8475117232522289
2042151,bertopic,n15_c25_s7,2,1.0
2042152,bertopic,n15_c25_s7,43,0.21098455879439945
2042154,bertopic,n15_c25_s7,2,0.7145311770872137
2042157,bertopic,n15_c25_s7,2,0.7145311770872137
2042158,bertopic,n15_c25_s7,2,1.0
2042316,bertopic,n15_c25_s7,9,1.0
2042976,bertopic,n15_c25_s7,3,1.0
2043450,bertopic,n15_c25_s7,11,0.9519742982077768
2043453,bertopic,n15_c25_s7,-1,0.0
2043934,bertopic,n15_c25_s7,38,0.2703352297741696
2044003,bertopic,n15_c25_s7,13,0.4559090715140167
2044156,bertopic,n15_c25_s7,-1,0.0
2044184,bertopic,n15_c25_s7,14,0.7729485760626709
2044257,bertopic,n15_c25_s7,69,1.0
2044423,bertopic,n15_c25_s7,37,1.0
2044436,bertopic,n15_c25_s7,41,0.8602425534466985
2045872,bertopic,n15_c25_s7,16,1.0
2046239,bertopic,n15_c25_s7,3,1.0
2047211,bertopic,n15_c25_s7,4,1.0
2047219,bertopic,n15_c25_s7,4,1.0
2047320,bertopic,n15_c25_s7,1,0.9763479386835096
2047539,bertopic,n15_c25_s7,-1,0.0
2048315,bertopic,n15_c25_s7,-1,0.0
2049150,bertopic,n15_c25_s7,69,1.0
2050124,bertopic,n15_c25_s7,16,1.0
2050252,bertopic,n15_c25_s7,54,1.0
2050630,bertopic,n15_c25_s7,25,0.5152811151624362
2051044,bertopic,n15_c25_s7,-1,0.0
2051060,bertopic,n15_c25_s7,-1,0.0
2051915,bertopic,n15_c25_s7,2,1.0
2052862,bertopic,n15_c25_s7,5,1.0
2053100,bertopic,n15_c25_s7,27,0.5520689169628391
2053572,bertopic,n15_c25_s7,13,0.9145105585789568
2053691,bertopic,n15_c25_s7,69,1.0
2053719,bertopic,n15_c25_s7,68,1.0
2054476,bertopic,n15_c25_s7,2,1.0
2054776,bertopic,n15_c25_s7,34,1.0
2055852,bertopic,n15_c25_s7,27,1.0
2056125,bertopic,n15_c25_s7,-1,0.0
2056550,bertopic,n15_c25_s7,4,1.0
2056757,bertopic,n15_c25_s7,12,0.4352275759446056
2057845,bertopic,n15_c25_s7,-1,0.0
2058363,bertopic,n15_c25_s7,9,1.0
2058406,bertopic,n15_c25_s7,21,0.4740398672707833
2058433,bertopic,n15_c25_s7,35,1.0
2058922,bertopic,n15_c25_s7,31,0.8475117232522289
2059350,bertopic,n15_c25_s7,16,0.6435670432396092
2059784,bertopic,n15_c25_s7,12,1.0
2060050,bertopic,n15_c25_s7,28,1.0
2060367,bertopic,n15_c25_s7,18,1.0
2060632,bertopic,n15_c25_s7,0,1.0
2061242,bertopic,n15_c25_s7,2,1.0
2062317,bertopic,n15_c25_s7,-1,0.0
2062938,bertopic,n15_c25_s7,3,1.0
2063072,bertopic,n15_c25_s7,69,1.0
2063227,bertopic,n15_c25_s7,9,0.24710048386236577
2063228,bertopic,n15_c25_s7,-1,0.0
2063522,bertopic,n15_c25_s7,-1,0.0
2063675,bertopic,n15_c25_s7,1,1.0
2063954,bertopic,n15_c25_s7,2,1.0
2064159,bertopic,n15_c25_s7,21,0.8209763356148386
2064339,bertopic,n15_c25_s7,3,1.0
2064505,bertopic,n15_c25_s7,35,1.0
2065168,bertopic,n15_c25_s7,-1,0.0
2065425,bertopic,n15_c25_s7,32,0.8200988010116934
2065523,bertopic,n15_c25_s7,28,0.9497562428559395
2065880,bertopic,n15_c25_s7,37,0.8239471914729677
2066166,bertopic,n15_c25_s7,3,1.0
2066291,bertopic,n15_c25_s7,-1,0.0
2066373,bertopic,n15_c25_s7,3,1.0
2066451,bertopic,n15_c25_s7,3,1.0
2067016,bertopic,n15_c25_s7,3,1.0
2067515,bertopic,n15_c25_s7,37,0.9294444779235685
2067699,bertopic,n15_c25_s7,-1,0.0
2067894,bertopic,n15_c25_s7,69,1.0
2068031,bertopic,n15_c25_s7,8,0.3479453526127169
2068606,bertopic,n15_c25_s7,43,1.0
2068811,bertopic,n15_c25_s7,21,0.9151530226906125
2068903,bertopic,n15_c25_s7,-1,0.0
2069482,bertopic,n15_c25_s7,43,0.840989317619158
2069818,bertopic,n15_c25_s7,27,0.7155646834130359
2069830,bertopic,n15_c25_s7,-1,0.0
2070092,bertopic,n15_c25_s7,0,0.38200991325158046
2070126,bertopic,n15_c25_s7,3,0.8773327246268627
2070198,bertopic,n15_c25_s7,34,0.8721190376967273
2070252,bertopic,n15_c25_s7,-1,0.0
2070261,bertopic,n15_c25_s7,-1,0.0
2070336,bertopic,n15_c25_s7,28,1.0
2070644,bertopic,n15_c25_s7,64,1.0
2070739,bertopic,n15_c25_s7,1,0.9763479386835096
2070740,bertopic,n15_c25_s7,2,1.0
2070741,bertopic,n15_c25_s7,1,1.0
2070892,bertopic,n15_c25_s7,14,0.6023464048310483
2070928,bertopic,n15_c25_s7,6,0.6719948224661901
2072426,bertopic,n15_c25_s7,69,1.0
2072531,bertopic,n15_c25_s7,-1,0.0
2072532,bertopic,n15_c25_s7,-1,0.0
2074928,bertopic,n15_c25_s7,66,1.0
2074981,bertopic,n15_c25_s7,43,1.0
2074983,bertopic,n15_c25_s7,43,0.2543647374391635
2076397,bertopic,n15_c25_s7,3,1.0
2076827,bertopic,n15_c25_s7,39,1.0
2076872,bertopic,n15_c25_s7,8,0.34684743714876914
2078495,bertopic,n15_c25_s7,2,1.0
2078807,bertopic,n15_c25_s7,48,1.0
2079697,bertopic,n15_c25_s7,28,0.45391618982629395
2080208,bertopic,n15_c25_s7,1,1.0
2080520,bertopic,n15_c25_s7,52,1.0
2080524,bertopic,n15_c25_s7,-1,0.0
2080559,bertopic,n15_c25_s7,58,1.0
2080964,bertopic,n15_c25_s7,69,1.0
2081038,bertopic,n15_c25_s7,34,1.0
2081158,bertopic,n15_c25_s7,-1,0.0
2081268,bertopic,n15_c25_s7,-1,0.0
2081505,bertopic,n15_c25_s7,2,1.0
2081635,bertopic,n15_c25_s7,-1,0.0
2082839,bertopic,n15_c25_s7,28,1.0
2082840,bertopic,n15_c25_s7,28,1.0
2083475,bertopic,n15_c25_s7,2,0.8784723585489006
2083552,bertopic,n15_c25_s7,2,1.0
2083754,bertopic,n15_c25_s7,-1,0.0
2083779,bertopic,n15_c25_s7,2,1.0
2083848,bertopic,n15_c25_s7,2,0.8784723585489006
2084534,bertopic,n15_c25_s7,28,0.9097920318919935
2084870,bertopic,n15_c25_s7,-1,0.0
2084875,bertopic,n15_c25_s7,28,0.9607606884851077
2085254,bertopic,n15_c25_s7,3,1.0
2085345,bertopic,n15_c25_s7,-1,0.0
2085382,bertopic,n15_c25_s7,-1,0.0
2085383,bertopic,n15_c25_s7,-1,0.0
2085405,bertopic,n15_c25_s7,0,1.0
2085623,bertopic,n15_c25_s7,-1,0.0
2085747,bertopic,n15_c25_s7,3,1.0
2086233,bertopic,n15_c25_s7,3,1.0
2086322,bertopic,n15_c25_s7,16,0.718307025482013
2086458,bertopic,n15_c25_s7,28,0.7561376143420413
2086745,bertopic,n15_c25_s7,28,1.0
2087273,bertopic,n15_c25_s7,6,1.0
2087489,bertopic,n15_c25_s7,2,1.0
2087557,bertopic,n15_c25_s7,28,0.6932178989411768
2087571,bertopic,n15_c25_s7,0,1.0
2087572,bertopic,n15_c25_s7,0,1.0
2087621,bertopic,n15_c25_s7,3,1.0
2087788,bertopic,n15_c25_s7,3,0.8106836417713285
2087950,bertopic,n15_c25_s7,6,0.8066119845994727
2088184,bertopic,n15_c25_s7,6,1.0
2088185,bertopic,n15_c25_s7,-1,0.0
2088188,bertopic,n15_c25_s7,6,0.9442087473408064
2088189,bertopic,n15_c25_s7,33,1.0
2088286,bertopic,n15_c25_s7,1,1.0
2088386,bertopic,n15_c25_s7,28,0.8306550760704513
2088411,bertopic,n15_c25_s7,28,0.9085434505258283
2088466,bertopic,n15_c25_s7,-1,0.0
2088611,bertopic,n15_c25_s7,15,1.0
2088722,bertopic,n15_c25_s7,28,1.0
2089535,bertopic,n15_c25_s7,12,0.31060690584885364
2090286,bertopic,n15_c25_s7,0,1.0
2093107,bertopic,n15_c25_s7,0,1.0
2093714,bertopic,n15_c25_s7,-1,0.0
2093845,bertopic,n15_c25_s7,5,1.0
2094139,bertopic,n15_c25_s7,-1,0.0
2094453,bertopic,n15_c25_s7,28,0.7600001141555414
2094577,bertopic,n15_c25_s7,28,1.0
2094582,bertopic,n15_c25_s7,6,0.9666903804884069
2095270,bertopic,n15_c25_s7,35,1.0
2095462,bertopic,n15_c25_s7,16,0.3809252544569443
2096702,bertopic,n15_c25_s7,14,0.4624971549149711
2096779,bertopic,n15_c25_s7,-1,0.0
2097577,bertopic,n15_c25_s7,4,1.0
2097674,bertopic,n15_c25_s7,1,1.0
2097712,bertopic,n15_c25_s7,-1,0.0
2098828,bertopic,n15_c25_s7,23,0.7916179599335309
2099736,bertopic,n15_c25_s7,-1,0.0
2100693,bertopic,n15_c25_s7,32,0.9307959288530295
2101432,bertopic,n15_c25_s7,37,0.719296318300085
2102016,bertopic,n15_c25_s7,28,0.6338009246681928
2102637,bertopic,n15_c25_s7,14,0.712929560460898
2103764,bertopic,n15_c25_s7,44,1.0
2103914,bertopic,n15_c25_s7,28,1.0
2104181,bertopic,n15_c25_s7,70,1.0
2105529,bertopic,n15_c25_s7,12,0.7028313607881521
2106385,bertopic,n15_c25_s7,69,1.0
2106386,bertopic,n15_c25_s7,69,0.8359234140711921
2106496,bertopic,n15_c25_s7,3,1.0
2106680,bertopic,n15_c25_s7,44,0.7011684890524857
2106820,bertopic,n15_c25_s7,1,0.9763479386835096
2107672,bertopic,n15_c25_s7,-1,0.0
2107801,bertopic,n15_c25_s7,-1,0.0
2108028,bertopic,n15_c25_s7,-1,0.0
2108304,bertopic,n15_c25_s7,28,1.0
2109054,bertopic,n15_c25_s7,-1,0.0
2109302,bertopic,n15_c25_s7,20,0.8716200270110253
2110285,bertopic,n15_c25_s7,34,1.0
2111097,bertopic,n15_c25_s7,4,1.0
2111098,bertopic,n15_c25_s7,61,1.0
2112280,bertopic,n15_c25_s7,60,1.0
2114346,bertopic,n15_c25_s7,-1,0.0
2117367,bertopic,n15_c25_s7,28,0.9632081437704404
2117965,bertopic,n15_c25_s7,67,1.0
2119976,bertopic,n15_c25_s7,3,0.8746700710976144
2120551,bertopic,n15_c25_s7,4,0.830707005216284
2120569,bertopic,n15_c25_s7,12,1.0
2120993,bertopic,n15_c25_s7,14,0.7847829312884208
2121720,bertopic,n15_c25_s7,-1,0.0
2121738,bertopic,n15_c25_s7,32,1.0
2122258,bertopic,n15_c25_s7,28,1.0
2122262,bertopic,n15_c25_s7,28,0.5455346429995331
2122631,bertopic,n15_c25_s7,8,0.5070051693574018
2123001,bertopic,n15_c25_s7,-1,0.0
2123541,bertopic,n15_c25_s7,8,0.3586913046895125
2124983,bertopic,n15_c25_s7,-1,0.0
2125414,bertopic,n15_c25_s7,41,1.0
2125946,bertopic,n15_c25_s7,-1,0.0
2126187,bertopic,n15_c25_s7,20,0.841374736296587
2128711,bertopic,n15_c25_s7,-1,0.0
2129151,bertopic,n15_c25_s7,28,0.8374919400301774
2129451,bertopic,n15_c25_s7,6,1.0
2129452,bertopic,n15_c25_s7,6,1.0
2129768,bertopic,n15_c25_s7,1,1.0
2130756,bertopic,n15_c25_s7,48,1.0
2131032,bertopic,n15_c25_s7,28,0.45000752452754766
2131071,bertopic,n15_c25_s7,48,1.0
2131333,bertopic,n15_c25_s7,23,0.9878169561836746
2131728,bertopic,n15_c25_s7,-1,0.0
2134018,bertopic,n15_c25_s7,70,1.0
2134131,bertopic,n15_c25_s7,-1,0.0
2134846,bertopic,n15_c25_s7,-1,0.0
2137522,bertopic,n15_c25_s7,-1,0.0
2139002,bertopic,n15_c25_s7,-1,0.0
2139271,bertopic,n15_c25_s7,4,1.0
2139819,bertopic,n15_c25_s7,28,0.47638604198125895
2139832,bertopic,n15_c25_s7,21,1.0
2140049,bertopic,n15_c25_s7,3,0.9781980775798623
2140167,bertopic,n15_c25_s7,-1,0.0
2140169,bertopic,n15_c25_s7,3,1.0
2141099,bertopic,n15_c25_s7,-1,0.0
2141765,bertopic,n15_c25_s7,6,1.0
2142186,bertopic,n15_c25_s7,-1,0.0
2142632,bertopic,n15_c25_s7,-1,0.0
2142633,bertopic,n15_c25_s7,-1,0.0
2143076,bertopic,n15_c25_s7,32,0.786945885833146
2143209,bertopic,n15_c25_s7,-1,0.0
2144273,bertopic,n15_c25_s7,-1,0.0
2144775,bertopic,n15_c25_s7,28,1.0
2144781,bertopic,n15_c25_s7,28,0.9414320619876082
2144906,bertopic,n15_c25_s7,0,1.0
2145081,bertopic,n15_c25_s7,23,0.2983944654064603
2145129,bertopic,n15_c25_s7,-1,0.0
2147478,bertopic,n15_c25_s7,28,1.0
2147479,bertopic,n15_c25_s7,28,1.0
2147481,bertopic,n15_c25_s7,-1,0.0
2147483,bertopic,n15_c25_s7,-1,0.0
2147788,bertopic,n15_c25_s7,4,1.0
2147793,bertopic,n15_c25_s7,-1,0.0
2149520,bertopic,n15_c25_s7,28,0.64843377988274
2149543,bertopic,n15_c25_s7,4,0.8857335030719108
2149836,bertopic,n15_c25_s7,70,1.0
2150869,bertopic,n15_c25_s7,21,0.7384099848042731
2151907,bertopic,n15_c25_s7,4,1.0
2154569,bertopic,n15_c25_s7,3,0.9781980775798623
2154732,bertopic,n15_c25_s7,47,0.7698871771350082
2154885,bertopic,n15_c25_s7,3,1.0
2156785,bertopic,n15_c25_s7,0,1.0
2159159,bertopic,n15_c25_s7,28,0.4891285728900663
2159180,bertopic,n15_c25_s7,2,0.5631781712931551
2159712,bertopic,n15_c25_s7,39,0.9060912591100345
2160028,bertopic,n15_c25_s7,-1,0.0
2161919,bertopic,n15_c25_s7,2,0.5631781712931551
2162503,bertopic,n15_c25_s7,4,1.0
2162627,bertopic,n15_c25_s7,49,1.0
2162681,bertopic,n15_c25_s7,-1,0.0
2162877,bertopic,n15_c25_s7,2,0.5631781712931551
2162951,bertopic,n15_c25_s7,2,0.5631781712931551
2162976,bertopic,n15_c25_s7,53,1.0
2162990,bertopic,n15_c25_s7,-1,0.0
2163143,bertopic,n15_c25_s7,54,1.0
2163236,bertopic,n15_c25_s7,-1,0.0
2163395,bertopic,n15_c25_s7,49,1.0
2163553,bertopic,n15_c25_s7,1,0.6410572320988727
2163644,bertopic,n15_c25_s7,1,1.0
2163683,bertopic,n15_c25_s7,-1,0.0
2163686,bertopic,n15_c25_s7,2,0.5631781712931551
2163786,bertopic,n15_c25_s7,60,1.0
2163794,bertopic,n15_c25_s7,-1,0.0
2163834,bertopic,n15_c25_s7,18,0.5830459810704852
2163839,bertopic,n15_c25_s7,7,0.5516125001440573
2164487,bertopic,n15_c25_s7,2,0.5631781712931551
2165196,bertopic,n15_c25_s7,2,0.5631781712931551
2165527,bertopic,n15_c25_s7,60,1.0
2165918,bertopic,n15_c25_s7,-1,0.0
2166015,bertopic,n15_c25_s7,17,0.5573036666280702
2166447,bertopic,n15_c25_s7,2,0.5631781712931551
2167891,bertopic,n15_c25_s7,2,0.5631781712931551
2168655,bertopic,n15_c25_s7,60,1.0
2168938,bertopic,n15_c25_s7,-1,0.0
2168954,bertopic,n15_c25_s7,2,0.5631781712931551
2168975,bertopic,n15_c25_s7,2,0.6589538890568414
2168979,bertopic,n15_c25_s7,2,0.9652494757424722
2169334,bertopic,n15_c25_s7,1,1.0
2169579,bertopic,n15_c25_s7,12,0.29151111908296784
2169600,bertopic,n15_c25_s7,-1,0.0
2169622,bertopic,n15_c25_s7,-1,0.0
2169647,bertopic,n15_c25_s7,-1,0.0
2169648,bertopic,n15_c25_s7,3,1.0
2169704,bertopic,n15_c25_s7,12,0.433584913067213
2169734,bertopic,n15_c25_s7,1,0.587692561806227
2169845,bertopic,n15_c25_s7,-1,0.0
2169877,bertopic,n15_c25_s7,53,0.9168956772572825
2170122,bertopic,n15_c25_s7,-1,0.0
2170128,bertopic,n15_c25_s7,2,0.8754281398355785
2170246,bertopic,n15_c25_s7,37,0.6067980780410964
2170291,bertopic,n15_c25_s7,60,1.0
2170306,bertopic,n15_c25_s7,-1,0.0
2170354,bertopic,n15_c25_s7,0,1.0
2170365,bertopic,n15_c25_s7,2,0.5631781712931551
2170366,bertopic,n15_c25_s7,2,0.5631781712931551
2171003,bertopic,n15_c25_s7,3,1.0
2171330,bertopic,n15_c25_s7,60,1.0
2171357,bertopic,n15_c25_s7,17,0.4533244309512668
2270064,bertopic,n15_c25_s7,0,1.0
2270568,bertopic,n15_c25_s7,0,1.0
2272889,bertopic,n15_c25_s7,4,1.0
2272891,bertopic,n15_c25_s7,0,1.0
2272915,bertopic,n15_c25_s7,12,0.4711904424140524
2272942,bertopic,n15_c25_s7,9,0.6779917647999415
2273245,bertopic,n15_c25_s7,0,1.0
2273570,bertopic,n15_c25_s7,25,0.9170511578738076
2277189,bertopic,n15_c25_s7,1,1.0
2277467,bertopic,n15_c25_s7,23,0.32813485610399074
2278541,bertopic,n15_c25_s7,23,0.3360609325180552
2280645,bertopic,n15_c25_s7,-1,0.0
2280776,bertopic,n15_c25_s7,-1,0.0
2280856,bertopic,n15_c25_s7,1,0.8299111398584423
2281139,bertopic,n15_c25_s7,0,1.0
2281140,bertopic,n15_c25_s7,-1,0.0
2281329,bertopic,n15_c25_s7,0,1.0
2281379,bertopic,n15_c25_s7,2,0.5631781712931551
2281391,bertopic,n15_c25_s7,0,1.0
2281433,bertopic,n15_c25_s7,0,1.0
2281596,bertopic,n15_c25_s7,0,1.0
2282243,bertopic,n15_c25_s7,-1,0.0
2282417,bertopic,n15_c25_s7,46,1.0
2283293,bertopic,n15_c25_s7,0,1.0
2284109,bertopic,n15_c25_s7,1,1.0
2287359,bertopic,n15_c25_s7,21,0.48432044543991193
2288483,bertopic,n15_c25_s7,49,1.0
2289482,bertopic,n15_c25_s7,-1,0.0
2293266,bertopic,n15_c25_s7,0,1.0
2293601,bertopic,n15_c25_s7,49,1.0
2293654,bertopic,n15_c25_s7,-1,0.0
2293728,bertopic,n15_c25_s7,-1,0.0
2293859,bertopic,n15_c25_s7,49,1.0
2295287,bertopic,n15_c25_s7,7,0.2965877399382618
2295356,bertopic,n15_c25_s7,30,0.723635362600781
2295524,bertopic,n15_c25_s7,30,0.964335959103432
2298894,bertopic,n15_c25_s7,11,1.0
2299116,bertopic,n15_c25_s7,7,0.7571985987694968
2299401,bertopic,n15_c25_s7,11,1.0
2301712,bertopic,n15_c25_s7,30,0.8347119901587198
2306157,bertopic,n15_c25_s7,0,1.0
2306633,bertopic,n15_c25_s7,0,1.0
2306647,bertopic,n15_c25_s7,30,0.7493641761016644
2306688,bertopic,n15_c25_s7,59,1.0
2307453,bertopic,n15_c25_s7,-1,0.0
2307952,bertopic,n15_c25_s7,33,1.0
2308112,bertopic,n15_c25_s7,-1,0.0
2308238,bertopic,n15_c25_s7,-1,0.0
2308500,bertopic,n15_c25_s7,7,1.0
2308765,bertopic,n15_c25_s7,3,1.0
2308783,bertopic,n15_c25_s7,30,0.6797527097678312
2308894,bertopic,n15_c25_s7,7,0.9096168784251427
2309588,bertopic,n15_c25_s7,7,0.8298830470649423
2310365,bertopic,n15_c25_s7,1,0.7747611844243071
2310520,bertopic,n15_c25_s7,54,1.0
2310833,bertopic,n15_c25_s7,-1,0.0
2311213,bertopic,n15_c25_s7,18,0.9718321682712694
2311647,bertopic,n15_c25_s7,-1,0.0
2311966,bertopic,n15_c25_s7,26,1.0
2312404,bertopic,n15_c25_s7,44,1.0
2312451,bertopic,n15_c25_s7,7,0.8577715882647551
2312509,bertopic,n15_c25_s7,30,0.8273701911702863
2312748,bertopic,n15_c25_s7,11,0.8990465817558317
2312793,bertopic,n15_c25_s7,11,0.8990465817558317
2312825,bertopic,n15_c25_s7,12,0.30501302210338
2312891,bertopic,n15_c25_s7,50,0.15259878260528584
2313111,bertopic,n15_c25_s7,-1,0.0
2313217,bertopic,n15_c25_s7,7,0.4269426060451728
2316602,bertopic,n15_c25_s7,4,1.0
2316736,bertopic,n15_c25_s7,-1,0.0
2316738,bertopic,n15_c25_s7,0,1.0
2316833,bertopic,n15_c25_s7,3,0.9668841314314819
2317157,bertopic,n15_c25_s7,0,1.0
2317230,bertopic,n15_c25_s7,34,1.0
2317233,bertopic,n15_c25_s7,-1,0.0
2317316,bertopic,n15_c25_s7,1,1.0
2317425,bertopic,n15_c25_s7,0,1.0
2317764,bertopic,n15_c25_s7,0,0.9670146649234503
2318600,bertopic,n15_c25_s7,0,1.0
2318956,bertopic,n15_c25_s7,1,1.0
2322155,bertopic,n15_c25_s7,-1,0.0
2325883,bertopic,n15_c25_s7,65,1.0
2326309,bertopic,n15_c25_s7,10,1.0
2328929,bertopic,n15_c25_s7,3,0.9668841314314819
2328989,bertopic,n15_c25_s7,44,0.9735133304843682
2335380,bertopic,n15_c25_s7,3,1.0
2335404,bertopic,n15_c25_s7,10,0.32207136274242826
2335527,bertopic,n15_c25_s7,3,1.0
2335539,bertopic,n15_c25_s7,12,1.0
2335905,bertopic,n15_c25_s7,0,1.0
2335966,bertopic,n15_c25_s7,60,1.0
2338108,bertopic,n15_c25_s7,71,1.0
2340111,bertopic,n15_c25_s7,1,1.0
2340129,bertopic,n15_c25_s7,11,0.9558631030956555
2340150,bertopic,n15_c25_s7,-1,0.0
2340172,bertopic,n15_c25_s7,59,0.7841645064075276
2340199,bertopic,n15_c25_s7,1,1.0
2340203,bertopic,n15_c25_s7,19,0.6761900591678884
2340237,bertopic,n15_c25_s7,4,1.0
2340317,bertopic,n15_c25_s7,10,0.35375192906224595
2340428,bertopic,n15_c25_s7,-1,0.0
2340431,bertopic,n15_c25_s7,11,0.8437759157383341
2342367,bertopic,n15_c25_s7,19,0.38904275111934034
2342503,bertopic,n15_c25_s7,30,1.0
2342771,bertopic,n15_c25_s7,30,1.0
2343374,bertopic,n15_c25_s7,42,1.0
2343508,bertopic,n15_c25_s7,30,1.0
2343565,bertopic,n15_c25_s7,-1,0.0
2344938,bertopic,n15_c25_s7,32,0.6817507596861536
2345361,bertopic,n15_c25_s7,-1,0.0
2345603,bertopic,n15_c25_s7,23,1.0
2345623,bertopic,n15_c25_s7,41,1.0
2346721,bertopic,n15_c25_s7,70,1.0
2347222,bertopic,n15_c25_s7,35,1.0
2348972,bertopic,n15_c25_s7,28,0.6523418683062497
2349098,bertopic,n15_c25_s7,54,1.0
2349311,bertopic,n15_c25_s7,2,0.5631781712931551
2349589,bertopic,n15_c25_s7,-1,0.0
2351410,bertopic,n15_c25_s7,69,0.7806991303773545
2354025,bertopic,n15_c25_s7,-1,0.0
2355996,bertopic,n15_c25_s7,9,1.0
2356459,bertopic,n15_c25_s7,-1,0.0
2356771,bertopic,n15_c25_s7,0,1.0
2357998,bertopic,n15_c25_s7,53,1.0
2358210,bertopic,n15_c25_s7,41,1.0
2360205,bertopic,n15_c25_s7,4,0.7601193413218087
2362843,bertopic,n15_c25_s7,42,0.7837147312705602
2363066,bertopic,n15_c25_s7,65,0.9557690434115131
2363378,bertopic,n15_c25_s7,66,0.7399527441089652
2364849,bertopic,n15_c25_s7,34,0.4304314030242519
2365043,bertopic,n15_c25_s7,44,1.0
2365286,bertopic,n15_c25_s7,30,1.0
2365313,bertopic,n15_c25_s7,12,0.519161534171112
2369290,bertopic,n15_c25_s7,0,1.0
2369928,bertopic,n15_c25_s7,37,1.0
2371027,bertopic,n15_c25_s7,19,0.6761900591678884
2371097,bertopic,n15_c25_s7,-1,0.0
2371625,bertopic,n15_c25_s7,30,1.0
2371829,bertopic,n15_c25_s7,55,1.0
2372048,bertopic,n15_c25_s7,15,0.7965156824960342
2372255,bertopic,n15_c25_s7,0,1.0
2372313,bertopic,n15_c25_s7,30,0.15318450724159802
2372477,bertopic,n15_c25_s7,0,1.0
2372574,bertopic,n15_c25_s7,3,1.0
2372696,bertopic,n15_c25_s7,30,0.7789014445641712
2373826,bertopic,n15_c25_s7,0,0.6113724371399981
2373879,bertopic,n15_c25_s7,0,1.0
2374166,bertopic,n15_c25_s7,0,1.0
2374258,bertopic,n15_c25_s7,68,1.0
2374290,bertopic,n15_c25_s7,9,1.0
2374506,bertopic,n15_c25_s7,44,1.0
2374933,bertopic,n15_c25_s7,1,1.0
2375041,bertopic,n15_c25_s7,-1,0.0
2375087,bertopic,n15_c25_s7,0,1.0
2375109,bertopic,n15_c25_s7,55,1.0
2375163,bertopic,n15_c25_s7,15,0.7965156824960342
2375414,bertopic,n15_c25_s7,0,0.8350348152581408
2375692,bertopic,n15_c25_s7,-1,0.0
2375819,bertopic,n15_c25_s7,-1,0.0
2375864,bertopic,n15_c25_s7,19,0.6546213700585117
2376159,bertopic,n15_c25_s7,23,0.6666764866312085
2376309,bertopic,n15_c25_s7,36,1.0
2378135,bertopic,n15_c25_s7,35,0.8681696339135025
2378797,bertopic,n15_c25_s7,3,1.0
2380582,bertopic,n15_c25_s7,30,1.0
2380656,bertopic,n15_c25_s7,10,0.2625831751627579
2383045,bertopic,n15_c25_s7,70,1.0
2383287,bertopic,n15_c25_s7,-1,0.0
2383384,bertopic,n15_c25_s7,1,1.0
2383536,bertopic,n15_c25_s7,1,1.0
2383635,bertopic,n15_c25_s7,4,1.0
2384098,bertopic,n15_c25_s7,0,1.0
2384103,bertopic,n15_c25_s7,19,1.0
2384169,bertopic,n15_c25_s7,30,1.0
2384239,bertopic,n15_c25_s7,23,0.5136167379886158
2384377,bertopic,n15_c25_s7,21,0.6644975780691683
2384500,bertopic,n15_c25_s7,70,1.0
2386837,bertopic,n15_c25_s7,0,0.9640895067891639
2387301,bertopic,n15_c25_s7,1,1.0
2387742,bertopic,n15_c25_s7,65,0.38932154219720694
2389165,bertopic,n15_c25_s7,30,0.48492245506575343
2390815,bertopic,n15_c25_s7,1,1.0
2397146,bertopic,n15_c25_s7,10,0.6114396534193758
2397438,bertopic,n15_c25_s7,42,1.0
2397463,bertopic,n15_c25_s7,1,0.9763479386835096
2397577,bertopic,n15_c25_s7,1,1.0
2397594,bertopic,n15_c25_s7,1,1.0
2397610,bertopic,n15_c25_s7,3,0.9023464711418963
2398450,bertopic,n15_c25_s7,65,0.4045216375262472
2398470,bertopic,n15_c25_s7,30,0.524972350894159
2398749,bertopic,n15_c25_s7,0,1.0
2399345,bertopic,n15_c25_s7,4,1.0
2399493,bertopic,n15_c25_s7,65,1.0
2400728,bertopic,n15_c25_s7,30,0.15318450724159802
2400805,bertopic,n15_c25_s7,1,1.0
2402176,bertopic,n15_c25_s7,13,0.4444655769089694
2402204,bertopic,n15_c25_s7,65,1.0
2404045,bertopic,n15_c25_s7,42,0.8100368517151851
2404129,bertopic,n15_c25_s7,30,0.15318450724159802
2404400,bertopic,n15_c25_s7,2,0.7071595003233888
2407195,bertopic,n15_c25_s7,42,1.0
2407216,bertopic,n15_c25_s7,4,1.0
2407241,bertopic,n15_c25_s7,10,0.9074585366169605
2407581,bertopic,n15_c25_s7,13,0.5592239951286192
2407670,bertopic,n15_c25_s7,30,0.15318450724159802
2407690,bertopic,n15_c25_s7,-1,0.0
2407707,bertopic,n15_c25_s7,16,1.0
2407769,bertopic,n15_c25_s7,42,1.0
2407927,bertopic,n15_c25_s7,42,0.8171518482313455
2408000,bertopic,n15_c25_s7,16,1.0
2408019,bertopic,n15_c25_s7,42,1.0
2408135,bertopic,n15_c25_s7,39,0.8982707670922688
2408480,bertopic,n15_c25_s7,13,0.33690964457717304
2409088,bertopic,n15_c25_s7,1,1.0
2410619,bertopic,n15_c25_s7,42,1.0
2412161,bertopic,n15_c25_s7,-1,0.0
2412165,bertopic,n15_c25_s7,38,0.36007157724157396
2412178,bertopic,n15_c25_s7,0,0.38200991325158046
2412182,bertopic,n15_c25_s7,5,1.0
2412206,bertopic,n15_c25_s7,7,0.6769593551550998
2412209,bertopic,n15_c25_s7,1,1.0
2426755,bertopic,n15_c25_s7,4,1.0
2427222,bertopic,n15_c25_s7,0,1.0
2427273,bertopic,n15_c25_s7,-1,0.0
2427301,bertopic,n15_c25_s7,4,1.0
2427303,bertopic,n15_c25_s7,4,1.0
2428938,bertopic,n15_c25_s7,15,1.0
2429147,bertopic,n15_c25_s7,12,0.433584913067213
2429728,bertopic,n15_c25_s7,18,0.37235225611038864
2430090,bertopic,n15_c25_s7,9,0.5172047107942125
2433620,bertopic,n15_c25_s7,13,0.34616607870282373
2434204,bertopic,n15_c25_s7,23,1.0
2434220,bertopic,n15_c25_s7,23,0.4528902711357386
2434367,bertopic,n15_c25_s7,23,1.0
2434517,bertopic,n15_c25_s7,0,1.0
2434602,bertopic,n15_c25_s7,23,0.6180452984897136
2434747,bertopic,n15_c25_s7,6,0.7278935101588337
2435071,bertopic,n15_c25_s7,-1,0.0
2436427,bertopic,n15_c25_s7,8,0.48263806517259156
2436795,bertopic,n15_c25_s7,36,1.0
2437000,bertopic,n15_c25_s7,3,1.0
2437040,bertopic,n15_c25_s7,8,0.342290645693739
2437205,bertopic,n15_c25_s7,0,1.0
2437333,bertopic,n15_c25_s7,12,0.3113374137279242
2437917,bertopic,n15_c25_s7,11,0.9519742982077768
2439532,bertopic,n15_c25_s7,-1,0.0
2439825,bertopic,n15_c25_s7,4,1.0
2440514,bertopic,n15_c25_s7,-1,0.0
2440714,bertopic,n15_c25_s7,49,1.0
2440726,bertopic,n15_c25_s7,8,0.9755286056676714
2440864,bertopic,n15_c25_s7,27,1.0
2441508,bertopic,n15_c25_s7,10,0.29816924906167225
2442039,bertopic,n15_c25_s7,0,1.0
2442324,bertopic,n15_c25_s7,1,0.6230349987997053
2443126,bertopic,n15_c25_s7,2,0.5631781712931551
2443197,bertopic,n15_c25_s7,14,0.5968625063212913
2444063,bertopic,n15_c25_s7,0,1.0
2444414,bertopic,n15_c25_s7,46,1.0
2444562,bertopic,n15_c25_s7,46,1.0
2445643,bertopic,n15_c25_s7,27,1.0
2445779,bertopic,n15_c25_s7,1,1.0
2446163,bertopic,n15_c25_s7,47,1.0
2446207,bertopic,n15_c25_s7,27,1.0
2446707,bertopic,n15_c25_s7,49,1.0
2446937,bertopic,n15_c25_s7,-1,0.0
2448440,bertopic,n15_c25_s7,3,0.9767413030291414
2448787,bertopic,n15_c25_s7,21,1.0
2448837,bertopic,n15_c25_s7,58,0.46999220644116785
2449149,bertopic,n15_c25_s7,1,1.0
2449317,bertopic,n15_c25_s7,-1,0.0
2450742,bertopic,n15_c25_s7,0,1.0
2450918,bertopic,n15_c25_s7,36,0.5059641398100776
2450942,bertopic,n15_c25_s7,10,0.10098355620801892
2451069,bertopic,n15_c25_s7,46,1.0
2451238,bertopic,n15_c25_s7,1,1.0
2451707,bertopic,n15_c25_s7,4,0.9772701217451876
2453409,bertopic,n15_c25_s7,1,1.0
2453412,bertopic,n15_c25_s7,3,1.0
2453436,bertopic,n15_c25_s7,0,1.0
2453440,bertopic,n15_c25_s7,0,1.0
2453472,bertopic,n15_c25_s7,65,1.0
2453563,bertopic,n15_c25_s7,28,0.6347906498299595
2453999,bertopic,n15_c25_s7,40,0.6812501324037364
2454383,bertopic,n15_c25_s7,-1,0.0
2454783,bertopic,n15_c25_s7,-1,0.0
2454893,bertopic,n15_c25_s7,21,0.3758266342991944
2455095,bertopic,n15_c25_s7,32,0.6302814890661309
2455805,bertopic,n15_c25_s7,0,1.0
2456162,bertopic,n15_c25_s7,13,0.47693263839262773
2456211,bertopic,n15_c25_s7,0,1.0
2456407,bertopic,n15_c25_s7,42,1.0
2456475,bertopic,n15_c25_s7,42,1.0
2456572,bertopic,n15_c25_s7,1,1.0
2456667,bertopic,n15_c25_s7,-1,0.0
2456678,bertopic,n15_c25_s7,2,0.7447774537450103
2456891,bertopic,n15_c25_s7,6,0.919726537839995
2456907,bertopic,n15_c25_s7,-1,0.0
2456917,bertopic,n15_c25_s7,30,0.15318450724159802
2457481,bertopic,n15_c25_s7,10,0.3717966598950915
2457499,bertopic,n15_c25_s7,27,0.414796767208978
2457671,bertopic,n15_c25_s7,32,1.0
2458041,bertopic,n15_c25_s7,51,0.2645655862238823
2458813,bertopic,n15_c25_s7,-1,0.0
2458874,bertopic,n15_c25_s7,5,0.2817813947400177
2458940,bertopic,n15_c25_s7,46,1.0
2460062,bertopic,n15_c25_s7,33,0.3895506709876961
2461404,bertopic,n15_c25_s7,44,1.0
2461532,bertopic,n15_c25_s7,60,1.0
2461657,bertopic,n15_c25_s7,42,1.0
2461933,bertopic,n15_c25_s7,26,1.0
2462082,bertopic,n15_c25_s7,26,1.0
2462241,bertopic,n15_c25_s7,26,0.3478143945499656
2462311,bertopic,n15_c25_s7,26,0.8263887286388042
2462399,bertopic,n15_c25_s7,18,0.3833192656106121
2462443,bertopic,n15_c25_s7,26,1.0
2462816,bertopic,n15_c25_s7,26,0.8281286654769671
2463759,bertopic,n15_c25_s7,50,1.0
2465364,bertopic,n15_c25_s7,42,1.0
2469797,bertopic,n15_c25_s7,42,1.0
2469839,bertopic,n15_c25_s7,32,0.9745306801387583
2470452,bertopic,n15_c25_s7,-1,0.0
2470763,bertopic,n15_c25_s7,30,0.9772532536806366
2471051,bertopic,n15_c25_s7,1,1.0
2471126,bertopic,n15_c25_s7,68,1.0
2471197,bertopic,n15_c25_s7,44,0.8756819619764549
2471245,bertopic,n15_c25_s7,42,1.0
2471320,bertopic,n15_c25_s7,42,0.9990036962922572
2471611,bertopic,n15_c25_s7,68,1.0
2471675,bertopic,n15_c25_s7,0,1.0
2472050,bertopic,n15_c25_s7,-1,0.0
2472160,bertopic,n15_c25_s7,44,0.7996255283531502
2472262,bertopic,n15_c25_s7,27,0.25198107907221096
2472373,bertopic,n15_c25_s7,0,1.0
2473223,bertopic,n15_c25_s7,46,1.0
2476182,bertopic,n15_c25_s7,42,1.0
2476457,bertopic,n15_c25_s7,-1,0.0
2476681,bertopic,n15_c25_s7,14,0.7737577673486188
2477933,bertopic,n15_c25_s7,42,1.0
2477984,bertopic,n15_c25_s7,2,0.655415303609077
2478332,bertopic,n15_c25_s7,42,1.0
2478365,bertopic,n15_c25_s7,42,0.7302838665979623
2481534,bertopic,n15_c25_s7,3,0.9460212682587408
2482132,bertopic,n15_c25_s7,34,0.3987421299913956
2482143,bertopic,n15_c25_s7,2,1.0
2483268,bertopic,n15_c25_s7,30,0.15318450724159802
2487361,bertopic,n15_c25_s7,-1,0.0
2487593,bertopic,n15_c25_s7,25,0.6358129595208899
2487639,bertopic,n15_c25_s7,0,1.0
2488153,bertopic,n15_c25_s7,36,0.5059641398100776
2488235,bertopic,n15_c25_s7,46,0.4881395234677579
2489311,bertopic,n15_c25_s7,3,0.9668841314314819
2490050,bertopic,n15_c25_s7,36,0.5059641398100776
2490256,bertopic,n15_c25_s7,71,1.0
2490374,bertopic,n15_c25_s7,18,1.0
2490394,bertopic,n15_c25_s7,18,0.9785749980964235
2490615,bertopic,n15_c25_s7,26,0.9702442531652103
2490964,bertopic,n15_c25_s7,1,1.0
2491368,bertopic,n15_c25_s7,11,1.0
2491624,bertopic,n15_c25_s7,34,0.4775157314697469
2492654,bertopic,n15_c25_s7,27,1.0
2492682,bertopic,n15_c25_s7,-1,0.0
2492984,bertopic,n15_c25_s7,68,1.0
2495670,bertopic,n15_c25_s7,44,0.9596110772932445
2495753,bertopic,n15_c25_s7,9,0.5546905105143947
2496437,bertopic,n15_c25_s7,36,0.5059641398100776
2496686,bertopic,n15_c25_s7,30,1.0
2497267,bertopic,n15_c25_s7,1,1.0
2497282,bertopic,n15_c25_s7,3,1.0
2497327,bertopic,n15_c25_s7,-1,0.0
2497334,bertopic,n15_c25_s7,10,0.5005918354623728
2497852,bertopic,n15_c25_s7,10,0.4527138072889941
2497908,bertopic,n15_c25_s7,7,1.0
2497961,bertopic,n15_c25_s7,10,0.08941917685956993
2497986,bertopic,n15_c25_s7,1,1.0
2497993,bertopic,n15_c25_s7,-1,0.0
2498009,bertopic,n15_c25_s7,-1,0.0
2498079,bertopic,n15_c25_s7,20,0.8716200270110253
2498188,bertopic,n15_c25_s7,20,0.7411648957556504
2498734,bertopic,n15_c25_s7,68,1.0
2498922,bertopic,n15_c25_s7,30,1.0
2499091,bertopic,n15_c25_s7,36,0.5059641398100776
2499942,bertopic,n15_c25_s7,70,0.6148968681518803
2500285,bertopic,n15_c25_s7,0,1.0
2500497,bertopic,n15_c25_s7,8,1.0
2500530,bertopic,n15_c25_s7,61,1.0
2500706,bertopic,n15_c25_s7,-1,0.0
2500726,bertopic,n15_c25_s7,-1,0.0
2502273,bertopic,n15_c25_s7,1,0.8085903175109324
2502519,bertopic,n15_c25_s7,20,1.0
2503070,bertopic,n15_c25_s7,36,0.5059641398100776
2503265,bertopic,n15_c25_s7,36,0.5059641398100776
2503505,bertopic,n15_c25_s7,-1,0.0
2504193,bertopic,n15_c25_s7,-1,0.0
2505790,bertopic,n15_c25_s7,9,1.0
2506070,bertopic,n15_c25_s7,8,0.5070051693574018
2506145,bertopic,n15_c25_s7,-1,0.0
2506307,bertopic,n15_c25_s7,8,0.4761775876616105
2507251,bertopic,n15_c25_s7,7,0.30195863479813245
2507567,bertopic,n15_c25_s7,23,0.308380753238033
2509901,bertopic,n15_c25_s7,-1,0.0
2510621,bertopic,n15_c25_s7,59,0.6539607814478232
2510995,bertopic,n15_c25_s7,15,1.0
2511010,bertopic,n15_c25_s7,9,1.0
2511029,bertopic,n15_c25_s7,1,0.8543298265088559
2511062,bertopic,n15_c25_s7,23,0.6894439150587307
2511287,bertopic,n15_c25_s7,-1,0.0
2511445,bertopic,n15_c25_s7,15,1.0
2511759,bertopic,n15_c25_s7,-1,0.0
2511812,bertopic,n15_c25_s7,8,0.5102782691700806
2511822,bertopic,n15_c25_s7,-1,0.0
2511853,bertopic,n15_c25_s7,9,1.0
2511970,bertopic,n15_c25_s7,20,0.8716200270110253
2513420,bertopic,n15_c25_s7,48,1.0
2514037,bertopic,n15_c25_s7,-1,0.0
2514945,bertopic,n15_c25_s7,-1,0.0
2515340,bertopic,n15_c25_s7,-1,0.0
2515632,bertopic,n15_c25_s7,-1,0.0
2516641,bertopic,n15_c25_s7,0,1.0
2518257,bertopic,n15_c25_s7,46,1.0
2519411,bertopic,n15_c25_s7,0,1.0
2520643,bertopic,n15_c25_s7,19,1.0
2520666,bertopic,n15_c25_s7,15,0.9860029414111223
2521483,bertopic,n15_c25_s7,22,0.7324117806276311
2523209,bertopic,n15_c25_s7,19,1.0
2523892,bertopic,n15_c25_s7,17,0.3975864711053331
2524988,bertopic,n15_c25_s7,-1,0.0
2524994,bertopic,n15_c25_s7,46,0.36742012457076356
2524995,bertopic,n15_c25_s7,-1,0.0
2525759,bertopic,n15_c25_s7,9,1.0
2525933,bertopic,n15_c25_s7,-1,0.0
2525935,bertopic,n15_c25_s7,48,0.36079505658723854
2526045,bertopic,n15_c25_s7,-1,0.0
2526358,bertopic,n15_c25_s7,-1,0.0
2526523,bertopic,n15_c25_s7,52,1.0
2527057,bertopic,n15_c25_s7,-1,0.0
2528000,bertopic,n15_c25_s7,-1,0.0
2528385,bertopic,n15_c25_s7,25,1.0
2532561,bertopic,n15_c25_s7,-1,0.0
2532644,bertopic,n15_c25_s7,-1,0.0
2532656,bertopic,n15_c25_s7,0,1.0
2532713,bertopic,n15_c25_s7,-1,0.0
2534432,bertopic,n15_c25_s7,71,1.0
2534829,bertopic,n15_c25_s7,65,1.0
2536085,bertopic,n15_c25_s7,3,0.9668841314314819
2536112,bertopic,n15_c25_s7,70,1.0
2536497,bertopic,n15_c25_s7,28,0.571398938215835
2538025,bertopic,n15_c25_s7,-1,0.0
2540031,bertopic,n15_c25_s7,48,1.0
2540061,bertopic,n15_c25_s7,-1,0.0
2541974,bertopic,n15_c25_s7,46,0.4381221796081478
2546975,bertopic,n15_c25_s7,1,1.0
2547045,bertopic,n15_c25_s7,15,1.0
2547054,bertopic,n15_c25_s7,1,1.0
2547079,bertopic,n15_c25_s7,20,1.0
2547081,bertopic,n15_c25_s7,13,0.2900189215526932
2547132,bertopic,n15_c25_s7,8,1.0
2547160,bertopic,n15_c25_s7,-1,0.0
2547346,bertopic,n15_c25_s7,52,1.0
2547383,bertopic,n15_c25_s7,32,1.0
2548547,bertopic,n15_c25_s7,35,1.0
2549327,bertopic,n15_c25_s7,4,1.0
2549502,bertopic,n15_c25_s7,7,0.30195863479813245
2550955,bertopic,n15_c25_s7,52,1.0
2555405,bertopic,n15_c25_s7,9,1.0
2556252,bertopic,n15_c25_s7,-1,0.0
2557196,bertopic,n15_c25_s7,48,1.0
2557271,bertopic,n15_c25_s7,-1,0.0
2557319,bertopic,n15_c25_s7,48,1.0
2557345,bertopic,n15_c25_s7,-1,0.0
2557367,bertopic,n15_c25_s7,9,1.0
2557605,bertopic,n15_c25_s7,-1,0.0
2558138,bertopic,n15_c25_s7,0,1.0
2559335,bertopic,n15_c25_s7,-1,0.0
2559394,bertopic,n15_c25_s7,-1,0.0
2559427,bertopic,n15_c25_s7,13,0.9332147139645325
2559445,bertopic,n15_c25_s7,-1,0.0
2560526,bertopic,n15_c25_s7,17,1.0
2560688,bertopic,n15_c25_s7,26,1.0
2560843,bertopic,n15_c25_s7,19,0.6272053788638658
2561244,bertopic,n15_c25_s7,17,1.0
2561717,bertopic,n15_c25_s7,19,0.6339346815331461
2562374,bertopic,n15_c25_s7,50,1.0
2562415,bertopic,n15_c25_s7,14,1.0
2562482,bertopic,n15_c25_s7,46,1.0
2562975,bertopic,n15_c25_s7,26,0.2676218817927027
2563153,bertopic,n15_c25_s7,26,1.0
2563258,bertopic,n15_c25_s7,-1,0.0
2563393,bertopic,n15_c25_s7,14,1.0
2564722,bertopic,n15_c25_s7,14,0.733770044114856
2566397,bertopic,n15_c25_s7,2,0.8784723585489006
2566487,bertopic,n15_c25_s7,17,1.0
2566617,bertopic,n15_c25_s7,9,1.0
2568034,bertopic,n15_c25_s7,17,1.0
2568753,bertopic,n15_c25_s7,17,1.0
2568792,bertopic,n15_c25_s7,9,1.0
2569841,bertopic,n15_c25_s7,68,1.0
2569845,bertopic,n15_c25_s7,13,0.700154563985052
2569888,bertopic,n15_c25_s7,-1,0.0
2569929,bertopic,n15_c25_s7,-1,0.0
2570383,bertopic,n15_c25_s7,14,0.9253487657754202
2571180,bertopic,n15_c25_s7,14,1.0
2571596,bertopic,n15_c25_s7,11,0.8492556897235368
2571959,bertopic,n15_c25_s7,56,1.0
2572038,bertopic,n15_c25_s7,14,1.0
2577011,bertopic,n15_c25_s7,47,1.0
2577975,bertopic,n15_c25_s7,-1,0.0
2580156,bertopic,n15_c25_s7,-1,0.0
2584460,bertopic,n15_c25_s7,-1,0.0
2585256,bertopic,n15_c25_s7,-1,0.0
2585345,bertopic,n15_c25_s7,36,0.7305653360059343
2585370,bertopic,n15_c25_s7,63,1.0
2585638,bertopic,n15_c25_s7,8,1.0
2589596,bertopic,n15_c25_s7,-1,0.0
2589611,bertopic,n15_c25_s7,8,1.0
2589710,bertopic,n15_c25_s7,8,0.9052737375555386
2589808,bertopic,n15_c25_s7,49,1.0
2589857,bertopic,n15_c25_s7,8,1.0
2590419,bertopic,n15_c25_s7,26,0.5628059832772832
2591450,bertopic,n15_c25_s7,12,0.3193098133363787
2591462,bertopic,n15_c25_s7,-1,0.0
2591536,bertopic,n15_c25_s7,13,0.6723542093211847
2593165,bertopic,n15_c25_s7,-1,0.0
2594634,bertopic,n15_c25_s7,8,1.0
2597251,bertopic,n15_c25_s7,-1,0.0
2597262,bertopic,n15_c25_s7,10,1.0
2597271,bertopic,n15_c25_s7,8,1.0
2597367,bertopic,n15_c25_s7,19,0.651012766473028
2597439,bertopic,n15_c25_s7,0,1.0
2598365,bertopic,n15_c25_s7,8,1.0
2598406,bertopic,n15_c25_s7,8,1.0
2600113,bertopic,n15_c25_s7,-1,0.0
2600586,bertopic,n15_c25_s7,8,1.0
2601172,bertopic,n15_c25_s7,49,0.7927980555478387
2601422,bertopic,n15_c25_s7,0,1.0
2603625,bertopic,n15_c25_s7,-1,0.0
2603806,bertopic,n15_c25_s7,1,1.0
2604483,bertopic,n15_c25_s7,37,0.5508472568341631
2604962,bertopic,n15_c25_s7,57,1.0
2607422,bertopic,n15_c25_s7,-1,0.0
2608083,bertopic,n15_c25_s7,3,0.9582461385002504
2608302,bertopic,n15_c25_s7,8,1.0
2608658,bertopic,n15_c25_s7,-1,0.0
2610131,bertopic,n15_c25_s7,49,0.7588452329473512
2610158,bertopic,n15_c25_s7,49,0.7471220109172577
2611816,bertopic,n15_c25_s7,10,0.3621248897951561
2612658,bertopic,n15_c25_s7,3,1.0
2613031,bertopic,n15_c25_s7,-1,0.0
2613241,bertopic,n15_c25_s7,41,1.0
2613242,bertopic,n15_c25_s7,8,1.0
2615935,bertopic,n15_c25_s7,48,1.0
2616124,bertopic,n15_c25_s7,9,1.0
2616141,bertopic,n15_c25_s7,13,0.6323002463361009
2616428,bertopic,n15_c25_s7,63,1.0
2616491,bertopic,n15_c25_s7,8,0.5086825127040536
2616561,bertopic,n15_c25_s7,1,1.0
2616582,bertopic,n15_c25_s7,-1,0.0
2616608,bertopic,n15_c25_s7,47,1.0
2616643,bertopic,n15_c25_s7,41,1.0
2616745,bertopic,n15_c25_s7,49,0.8589910479290974
2617387,bertopic,n15_c25_s7,0,1.0
2617662,bertopic,n15_c25_s7,0,1.0
2618113,bertopic,n15_c25_s7,49,1.0
2619892,bertopic,n15_c25_s7,49,0.9973133437875511
2623860,bertopic,n15_c25_s7,-1,0.0
2623864,bertopic,n15_c25_s7,10,0.597575290494741
2624058,bertopic,n15_c25_s7,0,1.0
2624922,bertopic,n15_c25_s7,8,1.0
2624940,bertopic,n15_c25_s7,8,0.5072725322362273
2624999,bertopic,n15_c25_s7,9,1.0
2625001,bertopic,n15_c25_s7,1,1.0
2625024,bertopic,n15_c25_s7,-1,0.0
2625083,bertopic,n15_c25_s7,41,1.0
2625148,bertopic,n15_c25_s7,49,0.768751532299902
2625184,bertopic,n15_c25_s7,47,1.0
2625996,bertopic,n15_c25_s7,-1,0.0
2626013,bertopic,n15_c25_s7,61,1.0
2626562,bertopic,n15_c25_s7,49,0.9417239449040928
2628178,bertopic,n15_c25_s7,0,1.0
2628491,bertopic,n15_c25_s7,1,1.0
2630605,bertopic,n15_c25_s7,20,1.0
2630699,bertopic,n15_c25_s7,-1,0.0
2631118,bertopic,n15_c25_s7,24,0.21414137780968745
2631313,bertopic,n15_c25_s7,0,1.0
2632728,bertopic,n15_c25_s7,11,1.0
2633781,bertopic,n15_c25_s7,18,0.40859006410332954
2634148,bertopic,n15_c25_s7,41,1.0
2634462,bertopic,n15_c25_s7,20,1.0
2634583,bertopic,n15_c25_s7,0,1.0
2634599,bertopic,n15_c25_s7,39,0.7579770787398435
2634890,bertopic,n15_c25_s7,20,1.0
2635271,bertopic,n15_c25_s7,31,0.7557409430117247
2635319,bertopic,n15_c25_s7,31,0.7087455895862633
2638979,bertopic,n15_c25_s7,20,1.0
2638981,bertopic,n15_c25_s7,10,1.0
2638998,bertopic,n15_c25_s7,11,1.0
2640069,bertopic,n15_c25_s7,24,0.1554711594107254
2640096,bertopic,n15_c25_s7,20,1.0
2640233,bertopic,n15_c25_s7,50,1.0
2640243,bertopic,n15_c25_s7,46,0.579078696774717
2641130,bertopic,n15_c25_s7,41,1.0
2641148,bertopic,n15_c25_s7,8,0.5070051693574018
2643143,bertopic,n15_c25_s7,12,1.0
2643491,bertopic,n15_c25_s7,0,0.69748675448374
2644906,bertopic,n15_c25_s7,26,1.0
2644951,bertopic,n15_c25_s7,3,1.0
2645149,bertopic,n15_c25_s7,18,1.0
2645355,bertopic,n15_c25_s7,20,1.0
2645374,bertopic,n15_c25_s7,-1,0.0
2645390,bertopic,n15_c25_s7,26,1.0
2645862,bertopic,n15_c25_s7,1,1.0
2646547,bertopic,n15_c25_s7,-1,0.0
2647339,bertopic,n15_c25_s7,-1,0.0
2648435,bertopic,n15_c25_s7,18,0.5626675253200306
2650143,bertopic,n15_c25_s7,-1,0.0
2650427,bertopic,n15_c25_s7,30,0.15318450724159802
2653529,bertopic,n15_c25_s7,18,0.5942540139011965
2655116,bertopic,n15_c25_s7,10,1.0
2655146,bertopic,n15_c25_s7,0,1.0
2655757,bertopic,n15_c25_s7,-1,0.0
2656186,bertopic,n15_c25_s7,18,0.36897109555597524
2658677,bertopic,n15_c25_s7,0,1.0
2662017,bertopic,n15_c25_s7,0,0.7995412617296184
2662954,bertopic,n15_c25_s7,30,0.15318450724159802
2663084,bertopic,n15_c25_s7,63,1.0
2669279,bertopic,n15_c25_s7,10,0.331529251732435
2669355,bertopic,n15_c25_s7,-1,0.0
2669468,bertopic,n15_c25_s7,8,0.3123161587175176
2669701,bertopic,n15_c25_s7,0,1.0
2670031,bertopic,n15_c25_s7,31,0.9509423092669439
2671995,bertopic,n15_c25_s7,0,1.0
2672350,bertopic,n15_c25_s7,47,1.0
2674392,bertopic,n15_c25_s7,68,1.0
2675013,bertopic,n15_c25_s7,0,1.0
2675183,bertopic,n15_c25_s7,8,1.0
2675771,bertopic,n15_c25_s7,3,0.9668841314314819
2676416,bertopic,n15_c25_s7,0,1.0
2676612,bertopic,n15_c25_s7,0,1.0
2677132,bertopic,n15_c25_s7,20,1.0
2680179,bertopic,n15_c25_s7,-1,0.0
2680561,bertopic,n15_c25_s7,0,1.0
2683268,bertopic,n15_c25_s7,47,1.0
2687760,bertopic,n15_c25_s7,-1,0.0
2687766,bertopic,n15_c25_s7,32,0.9781466300220518
2687926,bertopic,n15_c25_s7,0,1.0
2689613,bertopic,n15_c25_s7,1,1.0
2689671,bertopic,n15_c25_s7,0,1.0
2689695,bertopic,n15_c25_s7,20,1.0
2689768,bertopic,n15_c25_s7,68,1.0
2689814,bertopic,n15_c25_s7,18,0.6497268130702165
2689857,bertopic,n15_c25_s7,-1,0.0
2689916,bertopic,n15_c25_s7,0,1.0
2689917,bertopic,n15_c25_s7,1,1.0
2690024,bertopic,n15_c25_s7,31,0.9682171661654431
2690194,bertopic,n15_c25_s7,3,0.9218511886528651
2690231,bertopic,n15_c25_s7,53,0.806994300005621
2690249,bertopic,n15_c25_s7,0,1.0
2690261,bertopic,n15_c25_s7,-1,0.0
2690277,bertopic,n15_c25_s7,63,1.0
2690325,bertopic,n15_c25_s7,50,0.19647617799106315
2690334,bertopic,n15_c25_s7,10,0.2089181363778137
2693080,bertopic,n15_c25_s7,-1,0.0
2693275,bertopic,n15_c25_s7,63,1.0
2694617,bertopic,n15_c25_s7,50,0.2002502098132604
2695528,bertopic,n15_c25_s7,0,1.0
2698761,bertopic,n15_c25_s7,0,1.0
2698785,bertopic,n15_c25_s7,63,1.0
2698807,bertopic,n15_c25_s7,-1,0.0
2698815,bertopic,n15_c25_s7,50,0.1908085399037176
2698842,bertopic,n15_c25_s7,10,0.5224390686422006
2698984,bertopic,n15_c25_s7,1,0.7747611844243071
2699021,bertopic,n15_c25_s7,-1,0.0
2699836,bertopic,n15_c25_s7,63,1.0
2699874,bertopic,n15_c25_s7,16,0.46782801089736914
2699915,bertopic,n15_c25_s7,10,0.10098355620801892
2699934,bertopic,n15_c25_s7,1,0.7747611844243071
2699981,bertopic,n15_c25_s7,59,1.0
2700077,bertopic,n15_c25_s7,-1,0.0
2700084,bertopic,n15_c25_s7,-1,0.0
2700223,bertopic,n15_c25_s7,50,0.1966138467395398
2700232,bertopic,n15_c25_s7,0,1.0
2700272,bertopic,n15_c25_s7,0,1.0
2700279,bertopic,n15_c25_s7,68,0.9608831951210773
2700547,bertopic,n15_c25_s7,50,0.19751547372677614
2700619,bertopic,n15_c25_s7,0,1.0
2700941,bertopic,n15_c25_s7,63,1.0
2701030,bertopic,n15_c25_s7,63,1.0
2702464,bertopic,n15_c25_s7,-1,0.0
2702608,bertopic,n15_c25_s7,1,0.7747611844243071
2702666,bertopic,n15_c25_s7,1,0.7747611844243071
2702728,bertopic,n15_c25_s7,1,0.7747611844243071
2702831,bertopic,n15_c25_s7,1,0.7747611844243071
2703100,bertopic,n15_c25_s7,14,1.0
2703167,bertopic,n15_c25_s7,1,0.7100887199836664
2705197,bertopic,n15_c25_s7,-1,0.0
2705340,bertopic,n15_c25_s7,-1,0.0
2705854,bertopic,n15_c25_s7,41,0.9018745336817702
2706102,bertopic,n15_c25_s7,27,1.0
2707779,bertopic,n15_c25_s7,61,1.0
2708802,bertopic,n15_c25_s7,-1,0.0
2709830,bertopic,n15_c25_s7,-1,0.0
2710287,bertopic,n15_c25_s7,1,0.7747611844243071
2710980,bertopic,n15_c25_s7,63,1.0
2713702,bertopic,n15_c25_s7,1,1.0
2713751,bertopic,n15_c25_s7,10,1.0
2713786,bertopic,n15_c25_s7,44,0.8484654481752604
2714741,bertopic,n15_c25_s7,11,1.0
2714751,bertopic,n15_c25_s7,-1,0.0
2714851,bertopic,n15_c25_s7,1,1.0
2715113,bertopic,n15_c25_s7,-1,0.0
2715544,bertopic,n15_c25_s7,1,1.0
2715594,bertopic,n15_c25_s7,41,1.0
2715697,bertopic,n15_c25_s7,-1,0.0
2715870,bertopic,n15_c25_s7,-1,0.0
2716305,bertopic,n15_c25_s7,61,1.0
2716339,bertopic,n15_c25_s7,-1,0.0
2717304,bertopic,n15_c25_s7,34,1.0
2717851,bertopic,n15_c25_s7,36,0.5059641398100776
2717955,bertopic,n15_c25_s7,-1,0.0
2719984,bertopic,n15_c25_s7,46,1.0
2722280,bertopic,n15_c25_s7,28,1.0
2723598,bertopic,n15_c25_s7,-1,0.0
2723664,bertopic,n15_c25_s7,-1,0.0
2724071,bertopic,n15_c25_s7,1,0.7747611844243071
2724468,bertopic,n15_c25_s7,37,0.8147422969861701
2732227,bertopic,n15_c25_s7,30,0.15318450724159802
2735098,bertopic,n15_c25_s7,-1,0.0
2735919,bertopic,n15_c25_s7,6,1.0
2735971,bertopic,n15_c25_s7,10,0.10098355620801892
2736091,bertopic,n15_c25_s7,10,0.3759397478474228
2736175,bertopic,n15_c25_s7,1,1.0
2737855,bertopic,n15_c25_s7,30,0.15318450724159802
2741418,bertopic,n15_c25_s7,-1,0.0
2742487,bertopic,n15_c25_s7,2,0.5631781712931551
2742517,bertopic,n15_c25_s7,3,1.0
2744196,bertopic,n15_c25_s7,-1,0.0
2747430,bertopic,n15_c25_s7,2,0.5631781712931551
2747800,bertopic,n15_c25_s7,17,0.5573036666280702
2748634,bertopic,n15_c25_s7,-1,0.0
2749995,bertopic,n15_c25_s7,11,1.0
2755458,bertopic,n15_c25_s7,2,0.5631781712931551
2756434,bertopic,n15_c25_s7,2,0.5631781712931551
2756499,bertopic,n15_c25_s7,1,1.0
2757091,bertopic,n15_c25_s7,6,0.6599911953161063
2757384,bertopic,n15_c25_s7,1,1.0
2772606,bertopic,n15_c25_s7,17,0.4061215108099807
2773959,bertopic,n15_c25_s7,1,0.7747611844243071
2774572,bertopic,n15_c25_s7,41,1.0
2774746,bertopic,n15_c25_s7,-1,0.0
2775638,bertopic,n15_c25_s7,0,1.0
2781172,bertopic,n15_c25_s7,-1,0.0
2781301,bertopic,n15_c25_s7,49,1.0
2785307,bertopic,n15_c25_s7,2,0.5631781712931551
2788190,bertopic,n15_c25_s7,1,0.7747611844243071
2788229,bertopic,n15_c25_s7,1,1.0
2788276,bertopic,n15_c25_s7,1,1.0
2788348,bertopic,n15_c25_s7,-1,0.0
2788352,bertopic,n15_c25_s7,-1,0.0
2788503,bertopic,n15_c25_s7,6,1.0
2788627,bertopic,n15_c25_s7,1,1.0
2788752,bertopic,n15_c25_s7,1,1.0
2788805,bertopic,n15_c25_s7,1,1.0
2788848,bertopic,n15_c25_s7,2,0.5631781712931551
