article_id,model,run_id,topic_id,membership_strength
300,bertopic,n15_c25_s21,64,1.0
551,bertopic,n15_c25_s21,-1,0.0
574,bertopic,n15_c25_s21,16,0.8370473950892305
593,bertopic,n15_c25_s21,-1,0.0
1739,bertopic,n15_c25_s21,22,1.0
1755,bertopic,n15_c25_s21,-1,0.0
2835,bertopic,n15_c25_s21,21,0.5332735971855508
3594,bertopic,n15_c25_s21,2,1.0
3635,bertopic,n15_c25_s21,0,1.0
3656,bertopic,n15_c25_s21,-1,0.0
3708,bertopic,n15_c25_s21,19,0.8117137698112145
3798,bertopic,n15_c25_s21,43,1.0
4089,bertopic,n15_c25_s21,51,1.0
4710,bertopic,n15_c25_s21,5,1.0
4830,bertopic,n15_c25_s21,36,1.0
5276,bertopic,n15_c25_s21,2,0.7356669515732897
5586,bertopic,n15_c25_s21,56,1.0
5683,bertopic,n15_c25_s21,-1,0.0
5693,bertopic,n15_c25_s21,10,0.7251326624730191
6435,bertopic,n15_c25_s21,5,0.9031466942352939
6544,bertopic,n15_c25_s21,8,0.3785986758837842
7082,bertopic,n15_c25_s21,4,1.0
7244,bertopic,n15_c25_s21,1,1.0
7574,bertopic,n15_c25_s21,43,1.0
7681,bertopic,n15_c25_s21,69,1.0
7854,bertopic,n15_c25_s21,13,0.40314348688470564
7868,bertopic,n15_c25_s21,7,0.4440343198170131
7879,bertopic,n15_c25_s21,4,0.9033501597524567
7921,bertopic,n15_c25_s21,63,1.0
7959,bertopic,n15_c25_s21,4,1.0
8530,bertopic,n15_c25_s21,22,0.25331221099723616
8844,bertopic,n15_c25_s21,5,0.6520034723277642
9037,bertopic,n15_c25_s21,2,1.0
9349,bertopic,n15_c25_s21,3,0.9528348176690435
10235,bertopic,n15_c25_s21,56,1.0
10296,bertopic,n15_c25_s21,-1,0.0
10939,bertopic,n15_c25_s21,63,1.0
11348,bertopic,n15_c25_s21,2,0.7401221881241496
12099,bertopic,n15_c25_s21,35,0.8295585168621395
12364,bertopic,n15_c25_s21,12,0.42450407123614403
12399,bertopic,n15_c25_s21,2,0.7401221881241496
12685,bertopic,n15_c25_s21,3,0.8441581602261944
12801,bertopic,n15_c25_s21,-1,0.0
12810,bertopic,n15_c25_s21,67,1.0
12858,bertopic,n15_c25_s21,1,1.0
13084,bertopic,n15_c25_s21,35,1.0
13205,bertopic,n15_c25_s21,26,0.9392115357960511
13274,bertopic,n15_c25_s21,5,0.7161020626116744
13403,bertopic,n15_c25_s21,4,0.6243068741390492
13594,bertopic,n15_c25_s21,7,0.3691427405762607
13768,bertopic,n15_c25_s21,-1,0.0
13851,bertopic,n15_c25_s21,-1,0.0
14117,bertopic,n15_c25_s21,8,0.3994543120256333
14506,bertopic,n15_c25_s21,2,1.0
14528,bertopic,n15_c25_s21,3,1.0
14529,bertopic,n15_c25_s21,2,1.0
14599,bertopic,n15_c25_s21,0,1.0
14858,bertopic,n15_c25_s21,0,1.0
15016,bertopic,n15_c25_s21,29,0.3125547244721071
15506,bertopic,n15_c25_s21,2,1.0
15759,bertopic,n15_c25_s21,27,0.4990917430782477
15792,bertopic,n15_c25_s21,45,0.9472161910285712
15993,bertopic,n15_c25_s21,-1,0.0
16083,bertopic,n15_c25_s21,38,1.0
16274,bertopic,n15_c25_s21,66,1.0
16458,bertopic,n15_c25_s21,5,1.0
16762,bertopic,n15_c25_s21,4,1.0
16814,bertopic,n15_c25_s21,3,0.8939274256916986
17264,bertopic,n15_c25_s21,6,0.2762079959345454
17329,bertopic,n15_c25_s21,10,0.7881719916207812
17922,bertopic,n15_c25_s21,4,1.0
18543,bertopic,n15_c25_s21,23,1.0
19690,bertopic,n15_c25_s21,4,1.0
20012,bertopic,n15_c25_s21,4,1.0
20127,bertopic,n15_c25_s21,4,1.0
20668,bertopic,n15_c25_s21,21,0.914699467168344
20712,bertopic,n15_c25_s21,42,0.6493233050768634
20941,bertopic,n15_c25_s21,0,1.0
21460,bertopic,n15_c25_s21,-1,0.0
21530,bertopic,n15_c25_s21,22,0.25331221099723616
21659,bertopic,n15_c25_s21,0,1.0
21782,bertopic,n15_c25_s21,2,1.0
21917,bertopic,n15_c25_s21,65,1.0
22065,bertopic,n15_c25_s21,33,0.4181689600397916
22132,bertopic,n15_c25_s21,-1,0.0
22159,bertopic,n15_c25_s21,2,1.0
22390,bertopic,n15_c25_s21,35,1.0
22705,bertopic,n15_c25_s21,-1,0.0
23217,bertopic,n15_c25_s21,2,1.0
23962,bertopic,n15_c25_s21,-1,0.0
24198,bertopic,n15_c25_s21,5,0.670014403593837
24286,bertopic,n15_c25_s21,1,1.0
24876,bertopic,n15_c25_s21,4,0.6461673881508693
24965,bertopic,n15_c25_s21,13,0.276442459799801
25431,bertopic,n15_c25_s21,12,0.45357730994899365
25458,bertopic,n15_c25_s21,-1,0.0
25974,bertopic,n15_c25_s21,18,0.42133600966856116
26212,bertopic,n15_c25_s21,30,0.4621792530760497
26434,bertopic,n15_c25_s21,-1,0.0
27038,bertopic,n15_c25_s21,11,1.0
27122,bertopic,n15_c25_s21,-1,0.0
27189,bertopic,n15_c25_s21,18,0.42133600966856116
27469,bertopic,n15_c25_s21,21,0.27694499970902087
27920,bertopic,n15_c25_s21,34,1.0
28510,bertopic,n15_c25_s21,3,1.0
28661,bertopic,n15_c25_s21,36,0.3149353740380804
28781,bertopic,n15_c25_s21,-1,0.0
28784,bertopic,n15_c25_s21,4,1.0
28936,bertopic,n15_c25_s21,4,1.0
29129,bertopic,n15_c25_s21,8,0.48534179661808274
30097,bertopic,n15_c25_s21,6,0.2751705117876137
30107,bertopic,n15_c25_s21,2,1.0
30257,bertopic,n15_c25_s21,2,0.8210040170692322
30703,bertopic,n15_c25_s21,3,0.9507593069107985
30778,bertopic,n15_c25_s21,51,1.0
30997,bertopic,n15_c25_s21,37,1.0
31478,bertopic,n15_c25_s21,2,0.8875579481246728
31594,bertopic,n15_c25_s21,-1,0.0
31664,bertopic,n15_c25_s21,3,1.0
31875,bertopic,n15_c25_s21,63,0.9780761252863529
31919,bertopic,n15_c25_s21,3,1.0
32030,bertopic,n15_c25_s21,4,1.0
32072,bertopic,n15_c25_s21,0,0.8678945791289114
32140,bertopic,n15_c25_s21,5,1.0
33141,bertopic,n15_c25_s21,63,1.0
33193,bertopic,n15_c25_s21,4,1.0
33255,bertopic,n15_c25_s21,-1,0.0
33651,bertopic,n15_c25_s21,4,1.0
33732,bertopic,n15_c25_s21,45,1.0
33907,bertopic,n15_c25_s21,55,1.0
34443,bertopic,n15_c25_s21,1,1.0
35047,bertopic,n15_c25_s21,20,0.7035666822380038
35309,bertopic,n15_c25_s21,1,0.46839273057557407
35903,bertopic,n15_c25_s21,33,0.3941774623177221
35925,bertopic,n15_c25_s21,-1,0.0
36149,bertopic,n15_c25_s21,-1,0.0
36372,bertopic,n15_c25_s21,-1,0.0
36523,bertopic,n15_c25_s21,4,1.0
36957,bertopic,n15_c25_s21,2,1.0
37122,bertopic,n15_c25_s21,1,1.0
37241,bertopic,n15_c25_s21,26,0.3167730963152748
37289,bertopic,n15_c25_s21,42,0.2852120028098542
38068,bertopic,n15_c25_s21,15,1.0
38130,bertopic,n15_c25_s21,4,0.7117294153450735
38397,bertopic,n15_c25_s21,4,0.8024312438711316
38774,bertopic,n15_c25_s21,5,0.8204418331310444
38952,bertopic,n15_c25_s21,8,0.3691758680271912
39053,bertopic,n15_c25_s21,10,1.0
39204,bertopic,n15_c25_s21,4,0.7535244232034493
39234,bertopic,n15_c25_s21,3,0.8993903673678484
40130,bertopic,n15_c25_s21,37,1.0
40296,bertopic,n15_c25_s21,2,1.0
40454,bertopic,n15_c25_s21,4,1.0
40807,bertopic,n15_c25_s21,25,0.15830826094431272
41150,bertopic,n15_c25_s21,22,0.25331221099723616
41235,bertopic,n15_c25_s21,-1,0.0
41649,bertopic,n15_c25_s21,5,1.0
41765,bertopic,n15_c25_s21,4,1.0
41883,bertopic,n15_c25_s21,6,0.5535317314915402
42206,bertopic,n15_c25_s21,63,1.0
42360,bertopic,n15_c25_s21,63,1.0
42454,bertopic,n15_c25_s21,-1,0.0
43243,bertopic,n15_c25_s21,35,0.8590332583327105
43481,bertopic,n15_c25_s21,-1,0.0
43606,bertopic,n15_c25_s21,43,0.48998299993907746
43636,bertopic,n15_c25_s21,12,0.3722985686423901
44273,bertopic,n15_c25_s21,3,0.8062518290990125
44421,bertopic,n15_c25_s21,-1,0.0
44459,bertopic,n15_c25_s21,0,1.0
44507,bertopic,n15_c25_s21,36,1.0
44761,bertopic,n15_c25_s21,13,0.9886288769270363
44828,bertopic,n15_c25_s21,4,1.0
44886,bertopic,n15_c25_s21,30,1.0
44926,bertopic,n15_c25_s21,-1,0.0
45170,bertopic,n15_c25_s21,-1,0.0
45318,bertopic,n15_c25_s21,12,0.2200268284974985
45333,bertopic,n15_c25_s21,42,0.2772126232291294
45594,bertopic,n15_c25_s21,-1,0.0
45601,bertopic,n15_c25_s21,17,0.8793084842032695
45666,bertopic,n15_c25_s21,45,1.0
45929,bertopic,n15_c25_s21,0,1.0
46773,bertopic,n15_c25_s21,-1,0.0
46798,bertopic,n15_c25_s21,2,1.0
47374,bertopic,n15_c25_s21,24,1.0
47878,bertopic,n15_c25_s21,60,1.0
48013,bertopic,n15_c25_s21,-1,0.0
48054,bertopic,n15_c25_s21,63,0.9521579169576885
48189,bertopic,n15_c25_s21,4,1.0
48429,bertopic,n15_c25_s21,3,1.0
48523,bertopic,n15_c25_s21,0,1.0
48645,bertopic,n15_c25_s21,46,0.8843341038774959
48719,bertopic,n15_c25_s21,4,1.0
48986,bertopic,n15_c25_s21,27,0.8207332488386002
49147,bertopic,n15_c25_s21,-1,0.0
49182,bertopic,n15_c25_s21,31,1.0
49242,bertopic,n15_c25_s21,31,1.0
49457,bertopic,n15_c25_s21,-1,0.0
49694,bertopic,n15_c25_s21,4,1.0
50156,bertopic,n15_c25_s21,18,1.0
50396,bertopic,n15_c25_s21,22,1.0
50448,bertopic,n15_c25_s21,1,1.0
50669,bertopic,n15_c25_s21,67,1.0
51001,bertopic,n15_c25_s21,12,0.2203443150726511
51195,bertopic,n15_c25_s21,16,0.7739362843029274
51957,bertopic,n15_c25_s21,45,1.0
52032,bertopic,n15_c25_s21,4,0.6611306884153804
52281,bertopic,n15_c25_s21,4,1.0
52788,bertopic,n15_c25_s21,-1,0.0
52904,bertopic,n15_c25_s21,22,0.6230586011609762
53033,bertopic,n15_c25_s21,57,1.0
53036,bertopic,n15_c25_s21,56,1.0
53127,bertopic,n15_c25_s21,4,1.0
53281,bertopic,n15_c25_s21,13,0.6317598089701993
53378,bertopic,n15_c25_s21,20,0.4834061777775809
53444,bertopic,n15_c25_s21,10,0.4564974460203907
53522,bertopic,n15_c25_s21,63,1.0
53977,bertopic,n15_c25_s21,69,1.0
54284,bertopic,n15_c25_s21,0,1.0
54295,bertopic,n15_c25_s21,22,0.5617685149162538
55518,bertopic,n15_c25_s21,4,0.8547957058706784
55684,bertopic,n15_c25_s21,-1,0.0
55997,bertopic,n15_c25_s21,12,0.47323673496785895
56047,bertopic,n15_c25_s21,4,1.0
56383,bertopic,n15_c25_s21,-1,0.0
56427,bertopic,n15_c25_s21,-1,0.0
56476,bertopic,n15_c25_s21,2,0.6686725829188949
56477,bertopic,n15_c25_s21,37,1.0
56571,bertopic,n15_c25_s21,2,1.0
56582,bertopic,n15_c25_s21,37,1.0
56617,bertopic,n15_c25_s21,55,0.5960496609488452
56838,bertopic,n15_c25_s21,14,0.565136311921165
57121,bertopic,n15_c25_s21,19,0.5574844176917814
57340,bertopic,n15_c25_s21,46,0.917185453981765
57357,bertopic,n15_c25_s21,-1,0.0
57436,bertopic,n15_c25_s21,63,0.8419996710452454
57487,bertopic,n15_c25_s21,63,1.0
59278,bertopic,n15_c25_s21,0,1.0
59330,bertopic,n15_c25_s21,2,1.0
60166,bertopic,n15_c25_s21,4,0.6070041896035976
60190,bertopic,n15_c25_s21,26,0.39744945532270853
60525,bertopic,n15_c25_s21,1,1.0
60772,bertopic,n15_c25_s21,39,1.0
60790,bertopic,n15_c25_s21,6,1.0
60943,bertopic,n15_c25_s21,-1,0.0
60989,bertopic,n15_c25_s21,23,0.9715988980665634
61037,bertopic,n15_c25_s21,2,1.0
61392,bertopic,n15_c25_s21,33,1.0
61399,bertopic,n15_c25_s21,20,1.0
61433,bertopic,n15_c25_s21,65,1.0
61614,bertopic,n15_c25_s21,15,0.40458943986056206
61618,bertopic,n15_c25_s21,7,0.7358067906032516
61634,bertopic,n15_c25_s21,2,1.0
61874,bertopic,n15_c25_s21,4,1.0
62010,bertopic,n15_c25_s21,-1,0.0
62225,bertopic,n15_c25_s21,3,0.971254128036014
62396,bertopic,n15_c25_s21,1,1.0
62514,bertopic,n15_c25_s21,1,1.0
62536,bertopic,n15_c25_s21,1,0.9543265680720568
62561,bertopic,n15_c25_s21,36,1.0
62909,bertopic,n15_c25_s21,1,1.0
63202,bertopic,n15_c25_s21,1,1.0
63485,bertopic,n15_c25_s21,2,1.0
63812,bertopic,n15_c25_s21,44,0.6728289184271103
64049,bertopic,n15_c25_s21,-1,0.0
64159,bertopic,n15_c25_s21,1,1.0
64288,bertopic,n15_c25_s21,12,1.0
64460,bertopic,n15_c25_s21,0,1.0
64660,bertopic,n15_c25_s21,16,0.30374745931357583
65325,bertopic,n15_c25_s21,5,1.0
66799,bertopic,n15_c25_s21,-1,0.0
67010,bertopic,n15_c25_s21,56,1.0
67102,bertopic,n15_c25_s21,56,0.689193045767824
67221,bertopic,n15_c25_s21,1,1.0
67486,bertopic,n15_c25_s21,3,0.9409721658828248
67860,bertopic,n15_c25_s21,55,1.0
68053,bertopic,n15_c25_s21,35,0.42806192776315904
68520,bertopic,n15_c25_s21,2,1.0
68807,bertopic,n15_c25_s21,3,1.0
69068,bertopic,n15_c25_s21,63,1.0
69258,bertopic,n15_c25_s21,15,1.0
70036,bertopic,n15_c25_s21,-1,0.0
70485,bertopic,n15_c25_s21,1,1.0
70557,bertopic,n15_c25_s21,20,0.7035666822380038
70943,bertopic,n15_c25_s21,36,0.3149353740380804
71054,bertopic,n15_c25_s21,14,1.0
71331,bertopic,n15_c25_s21,30,0.4197595981158162
71519,bertopic,n15_c25_s21,-1,0.0
71879,bertopic,n15_c25_s21,-1,0.0
71942,bertopic,n15_c25_s21,-1,0.0
72159,bertopic,n15_c25_s21,-1,0.0
72242,bertopic,n15_c25_s21,63,1.0
72412,bertopic,n15_c25_s21,4,0.9166526446465095
72552,bertopic,n15_c25_s21,12,0.2772164608152993
72770,bertopic,n15_c25_s21,24,0.3797757249458378
73421,bertopic,n15_c25_s21,-1,0.0
73478,bertopic,n15_c25_s21,15,0.3833995345007785
73841,bertopic,n15_c25_s21,17,1.0
73919,bertopic,n15_c25_s21,18,0.42133600966856116
74002,bertopic,n15_c25_s21,35,1.0
74128,bertopic,n15_c25_s21,-1,0.0
74554,bertopic,n15_c25_s21,13,0.8219589843479612
75484,bertopic,n15_c25_s21,-1,0.0
76050,bertopic,n15_c25_s21,15,1.0
76152,bertopic,n15_c25_s21,26,1.0
76171,bertopic,n15_c25_s21,5,1.0
76296,bertopic,n15_c25_s21,4,1.0
76323,bertopic,n15_c25_s21,55,1.0
76379,bertopic,n15_c25_s21,37,1.0
77023,bertopic,n15_c25_s21,45,1.0
78009,bertopic,n15_c25_s21,1,1.0
78179,bertopic,n15_c25_s21,2,1.0
78211,bertopic,n15_c25_s21,52,1.0
78357,bertopic,n15_c25_s21,65,1.0
78501,bertopic,n15_c25_s21,-1,0.0
78524,bertopic,n15_c25_s21,20,0.7035666822380038
78603,bertopic,n15_c25_s21,2,1.0
79028,bertopic,n15_c25_s21,4,1.0
79129,bertopic,n15_c25_s21,28,0.41393618315920416
79661,bertopic,n15_c25_s21,0,1.0
80282,bertopic,n15_c25_s21,2,1.0
80316,bertopic,n15_c25_s21,2,0.8335071730290856
80570,bertopic,n15_c25_s21,20,1.0
80631,bertopic,n15_c25_s21,2,1.0
80746,bertopic,n15_c25_s21,3,1.0
81605,bertopic,n15_c25_s21,-1,0.0
81713,bertopic,n15_c25_s21,63,1.0
81755,bertopic,n15_c25_s21,38,1.0
81778,bertopic,n15_c25_s21,13,0.276442459799801
82147,bertopic,n15_c25_s21,0,0.9122007054508436
82319,bertopic,n15_c25_s21,65,1.0
82733,bertopic,n15_c25_s21,-1,0.0
82814,bertopic,n15_c25_s21,34,1.0
83020,bertopic,n15_c25_s21,36,1.0
83321,bertopic,n15_c25_s21,0,1.0
83391,bertopic,n15_c25_s21,38,1.0
83576,bertopic,n15_c25_s21,12,0.9944182214910829
84049,bertopic,n15_c25_s21,0,1.0
84779,bertopic,n15_c25_s21,0,1.0
84812,bertopic,n15_c25_s21,2,1.0
85969,bertopic,n15_c25_s21,6,1.0
86321,bertopic,n15_c25_s21,27,0.507988455273338
86508,bertopic,n15_c25_s21,10,0.5420425906629691
87000,bertopic,n15_c25_s21,4,0.7117294153450735
87049,bertopic,n15_c25_s21,21,1.0
87587,bertopic,n15_c25_s21,45,1.0
87874,bertopic,n15_c25_s21,-1,0.0
88070,bertopic,n15_c25_s21,1,1.0
88079,bertopic,n15_c25_s21,-1,0.0
88571,bertopic,n15_c25_s21,23,1.0
88657,bertopic,n15_c25_s21,2,1.0
89301,bertopic,n15_c25_s21,16,0.5872900085234568
89410,bertopic,n15_c25_s21,-1,0.0
89624,bertopic,n15_c25_s21,-1,0.0
89801,bertopic,n15_c25_s21,5,0.8085422468935431
89830,bertopic,n15_c25_s21,0,0.9752472710423707
89847,bertopic,n15_c25_s21,12,0.6916340632974626
89873,bertopic,n15_c25_s21,10,0.3327797692001784
89919,bertopic,n15_c25_s21,-1,0.0
89926,bertopic,n15_c25_s21,6,1.0
89957,bertopic,n15_c25_s21,63,1.0
90406,bertopic,n15_c25_s21,17,1.0
90724,bertopic,n15_c25_s21,56,1.0
91137,bertopic,n15_c25_s21,25,1.0
91212,bertopic,n15_c25_s21,-1,0.0
91317,bertopic,n15_c25_s21,0,1.0
91669,bertopic,n15_c25_s21,30,1.0
91911,bertopic,n15_c25_s21,17,1.0
92331,bertopic,n15_c25_s21,-1,0.0
92399,bertopic,n15_c25_s21,1,1.0
92447,bertopic,n15_c25_s21,2,1.0
92485,bertopic,n15_c25_s21,39,0.4252454622842387
92507,bertopic,n15_c25_s21,0,0.7083826325482517
92521,bertopic,n15_c25_s21,3,1.0
92660,bertopic,n15_c25_s21,43,0.9172436861632637
92766,bertopic,n15_c25_s21,2,1.0
92962,bertopic,n15_c25_s21,27,0.5723511588117692
94288,bertopic,n15_c25_s21,3,1.0
94315,bertopic,n15_c25_s21,4,1.0
95209,bertopic,n15_c25_s21,4,1.0
95243,bertopic,n15_c25_s21,4,0.7117294153450735
95502,bertopic,n15_c25_s21,1,1.0
95503,bertopic,n15_c25_s21,44,1.0
95505,bertopic,n15_c25_s21,21,1.0
95887,bertopic,n15_c25_s21,4,1.0
96093,bertopic,n15_c25_s21,-1,0.0
96587,bertopic,n15_c25_s21,63,1.0
97339,bertopic,n15_c25_s21,-1,0.0
97796,bertopic,n15_c25_s21,1,1.0
97953,bertopic,n15_c25_s21,4,1.0
98192,bertopic,n15_c25_s21,-1,0.0
98320,bertopic,n15_c25_s21,2,1.0
98372,bertopic,n15_c25_s21,-1,0.0
98422,bertopic,n15_c25_s21,23,0.23771470871612574
98649,bertopic,n15_c25_s21,4,1.0
98692,bertopic,n15_c25_s21,-1,0.0
98812,bertopic,n15_c25_s21,3,1.0
98882,bertopic,n15_c25_s21,35,0.20109060328527947
99053,bertopic,n15_c25_s21,26,1.0
99311,bertopic,n15_c25_s21,-1,0.0
99362,bertopic,n15_c25_s21,31,0.9436742421610511
99429,bertopic,n15_c25_s21,63,1.0
99690,bertopic,n15_c25_s21,5,1.0
99888,bertopic,n15_c25_s21,0,1.0
100550,bertopic,n15_c25_s21,3,1.0
100730,bertopic,n15_c25_s21,37,1.0
100962,bertopic,n15_c25_s21,36,0.3149353740380804
101231,bertopic,n15_c25_s21,10,0.6681098655835503
101764,bertopic,n15_c25_s21,8,0.44991969606628135
101775,bertopic,n15_c25_s21,36,0.3149353740380804
101854,bertopic,n15_c25_s21,4,1.0
101901,bertopic,n15_c25_s21,0,0.9811314014529292
102431,bertopic,n15_c25_s21,-1,0.0
102601,bertopic,n15_c25_s21,-1,0.0
102738,bertopic,n15_c25_s21,4,1.0
102885,bertopic,n15_c25_s21,58,1.0
102902,bertopic,n15_c25_s21,0,1.0
103750,bertopic,n15_c25_s21,1,1.0
104233,bertopic,n15_c25_s21,3,1.0
104546,bertopic,n15_c25_s21,63,1.0
104601,bertopic,n15_c25_s21,2,1.0
104855,bertopic,n15_c25_s21,36,1.0
105357,bertopic,n15_c25_s21,63,1.0
105490,bertopic,n15_c25_s21,5,1.0
106202,bertopic,n15_c25_s21,-1,0.0
106439,bertopic,n15_c25_s21,2,0.9732807968948245
106717,bertopic,n15_c25_s21,-1,0.0
107060,bertopic,n15_c25_s21,67,1.0
107314,bertopic,n15_c25_s21,-1,0.0
107334,bertopic,n15_c25_s21,-1,0.0
107625,bertopic,n15_c25_s21,2,1.0
108455,bertopic,n15_c25_s21,-1,0.0
108461,bertopic,n15_c25_s21,0,1.0
109175,bertopic,n15_c25_s21,33,0.733948348073019
109347,bertopic,n15_c25_s21,3,1.0
109367,bertopic,n15_c25_s21,10,1.0
109381,bertopic,n15_c25_s21,-1,0.0
109470,bertopic,n15_c25_s21,0,1.0
109503,bertopic,n15_c25_s21,45,1.0
110123,bertopic,n15_c25_s21,5,1.0
110274,bertopic,n15_c25_s21,38,1.0
110368,bertopic,n15_c25_s21,4,1.0
110828,bertopic,n15_c25_s21,-1,0.0
110861,bertopic,n15_c25_s21,26,0.3220276979456807
110923,bertopic,n15_c25_s21,-1,0.0
110945,bertopic,n15_c25_s21,1,1.0
111432,bertopic,n15_c25_s21,50,1.0
111618,bertopic,n15_c25_s21,44,1.0
112184,bertopic,n15_c25_s21,27,0.36301200846665943
112673,bertopic,n15_c25_s21,51,1.0
113785,bertopic,n15_c25_s21,5,0.4024577729162694
113818,bertopic,n15_c25_s21,63,1.0
113906,bertopic,n15_c25_s21,-1,0.0
114291,bertopic,n15_c25_s21,63,1.0
114519,bertopic,n15_c25_s21,-1,0.0
115008,bertopic,n15_c25_s21,5,1.0
115166,bertopic,n15_c25_s21,2,1.0
115239,bertopic,n15_c25_s21,-1,0.0
115378,bertopic,n15_c25_s21,27,0.5282872798567756
115416,bertopic,n15_c25_s21,34,0.9045161081946591
115482,bertopic,n15_c25_s21,1,1.0
115506,bertopic,n15_c25_s21,53,1.0
115561,bertopic,n15_c25_s21,63,1.0
115935,bertopic,n15_c25_s21,16,1.0
116580,bertopic,n15_c25_s21,33,1.0
117070,bertopic,n15_c25_s21,34,0.9034291316775073
117354,bertopic,n15_c25_s21,1,1.0
117646,bertopic,n15_c25_s21,-1,0.0
117905,bertopic,n15_c25_s21,30,0.43030533784464386
118371,bertopic,n15_c25_s21,8,0.5932143148293094
119090,bertopic,n15_c25_s21,5,1.0
119115,bertopic,n15_c25_s21,3,0.7706179971079559
119777,bertopic,n15_c25_s21,6,1.0
120054,bertopic,n15_c25_s21,57,1.0
120126,bertopic,n15_c25_s21,11,1.0
120781,bertopic,n15_c25_s21,45,1.0
121300,bertopic,n15_c25_s21,3,0.9345032984622446
122087,bertopic,n15_c25_s21,-1,0.0
122128,bertopic,n15_c25_s21,4,1.0
123233,bertopic,n15_c25_s21,50,1.0
123354,bertopic,n15_c25_s21,12,0.25340974613282785
123513,bertopic,n15_c25_s21,26,0.7958828993891407
123677,bertopic,n15_c25_s21,0,1.0
124291,bertopic,n15_c25_s21,2,1.0
124504,bertopic,n15_c25_s21,4,1.0
124924,bertopic,n15_c25_s21,37,0.42327357372661434
124998,bertopic,n15_c25_s21,5,0.6980850943464861
125146,bertopic,n15_c25_s21,0,0.9020834256112861
125299,bertopic,n15_c25_s21,-1,0.0
125714,bertopic,n15_c25_s21,4,1.0
125811,bertopic,n15_c25_s21,37,1.0
125862,bertopic,n15_c25_s21,4,1.0
126305,bertopic,n15_c25_s21,5,1.0
126787,bertopic,n15_c25_s21,-1,0.0
127076,bertopic,n15_c25_s21,-1,0.0
127077,bertopic,n15_c25_s21,32,1.0
127252,bertopic,n15_c25_s21,17,1.0
127382,bertopic,n15_c25_s21,-1,0.0
127780,bertopic,n15_c25_s21,30,0.8943978211016546
127807,bertopic,n15_c25_s21,30,0.4420878970791615
128077,bertopic,n15_c25_s21,29,1.0
128329,bertopic,n15_c25_s21,6,1.0
128668,bertopic,n15_c25_s21,58,1.0
129453,bertopic,n15_c25_s21,10,0.7881719916207812
129521,bertopic,n15_c25_s21,-1,0.0
129697,bertopic,n15_c25_s21,1,1.0
130075,bertopic,n15_c25_s21,5,1.0
130193,bertopic,n15_c25_s21,38,0.7523125755350241
130229,bertopic,n15_c25_s21,25,0.15243207297662445
130247,bertopic,n15_c25_s21,13,1.0
130332,bertopic,n15_c25_s21,16,0.8370473950892305
130373,bertopic,n15_c25_s21,34,1.0
130542,bertopic,n15_c25_s21,-1,0.0
131018,bertopic,n15_c25_s21,29,0.3004232232682629
131134,bertopic,n15_c25_s21,2,0.7846499883905472
131630,bertopic,n15_c25_s21,5,0.9149123441687494
131655,bertopic,n15_c25_s21,-1,0.0
131953,bertopic,n15_c25_s21,-1,0.0
132216,bertopic,n15_c25_s21,16,0.8292031575070512
132343,bertopic,n15_c25_s21,47,1.0
132371,bertopic,n15_c25_s21,44,1.0
132580,bertopic,n15_c25_s21,63,1.0
132689,bertopic,n15_c25_s21,-1,0.0
133011,bertopic,n15_c25_s21,2,1.0
133390,bertopic,n15_c25_s21,4,0.9774943106638004
133467,bertopic,n15_c25_s21,6,1.0
133776,bertopic,n15_c25_s21,-1,0.0
134147,bertopic,n15_c25_s21,0,1.0
134265,bertopic,n15_c25_s21,22,0.25331221099723616
134759,bertopic,n15_c25_s21,-1,0.0
134864,bertopic,n15_c25_s21,4,0.7117294153450735
135098,bertopic,n15_c25_s21,67,1.0
137255,bertopic,n15_c25_s21,24,1.0
137501,bertopic,n15_c25_s21,0,1.0
137526,bertopic,n15_c25_s21,12,0.40887871712177776
137788,bertopic,n15_c25_s21,4,1.0
138059,bertopic,n15_c25_s21,-1,0.0
138257,bertopic,n15_c25_s21,4,1.0
138447,bertopic,n15_c25_s21,24,1.0
138458,bertopic,n15_c25_s21,63,1.0
139177,bertopic,n15_c25_s21,7,0.8590910206173602
139181,bertopic,n15_c25_s21,40,1.0
139355,bertopic,n15_c25_s21,20,1.0
140134,bertopic,n15_c25_s21,12,1.0
140242,bertopic,n15_c25_s21,22,0.5619545348310515
140319,bertopic,n15_c25_s21,3,1.0
140433,bertopic,n15_c25_s21,27,0.6090231837252023
140479,bertopic,n15_c25_s21,2,1.0
140865,bertopic,n15_c25_s21,8,0.5576676313998408
141179,bertopic,n15_c25_s21,5,0.9820287295985092
141257,bertopic,n15_c25_s21,63,1.0
141399,bertopic,n15_c25_s21,45,0.9997830925419624
141429,bertopic,n15_c25_s21,4,1.0
141861,bertopic,n15_c25_s21,5,0.9649224591602579
141920,bertopic,n15_c25_s21,57,1.0
142165,bertopic,n15_c25_s21,5,0.358086682169807
142216,bertopic,n15_c25_s21,1,1.0
142280,bertopic,n15_c25_s21,17,0.8793084842032695
142354,bertopic,n15_c25_s21,63,1.0
142857,bertopic,n15_c25_s21,1,1.0
142874,bertopic,n15_c25_s21,17,1.0
143292,bertopic,n15_c25_s21,12,0.3219391606106277
143578,bertopic,n15_c25_s21,-1,0.0
143689,bertopic,n15_c25_s21,30,1.0
143832,bertopic,n15_c25_s21,2,1.0
144024,bertopic,n15_c25_s21,38,1.0
144692,bertopic,n15_c25_s21,2,0.9529752463280674
144696,bertopic,n15_c25_s21,-1,0.0
144709,bertopic,n15_c25_s21,2,0.8335071730290856
144921,bertopic,n15_c25_s21,-1,0.0
145458,bertopic,n15_c25_s21,21,0.5332735971855508
145466,bertopic,n15_c25_s21,5,0.9853220873163405
145515,bertopic,n15_c25_s21,4,1.0
146165,bertopic,n15_c25_s21,0,0.8419876635675897
146804,bertopic,n15_c25_s21,-1,0.0
147134,bertopic,n15_c25_s21,-1,0.0
147174,bertopic,n15_c25_s21,3,0.8064184489260229
147259,bertopic,n15_c25_s21,1,1.0
147557,bertopic,n15_c25_s21,35,0.42806192776315904
147902,bertopic,n15_c25_s21,5,0.4531255394106157
148461,bertopic,n15_c25_s21,4,1.0
148586,bertopic,n15_c25_s21,6,0.3002017893399943
149077,bertopic,n15_c25_s21,15,0.49813005637893215
149365,bertopic,n15_c25_s21,4,0.8810049491531692
149398,bertopic,n15_c25_s21,1,1.0
150163,bertopic,n15_c25_s21,69,1.0
150607,bertopic,n15_c25_s21,46,1.0
150859,bertopic,n15_c25_s21,3,1.0
150907,bertopic,n15_c25_s21,44,1.0
151426,bertopic,n15_c25_s21,40,1.0
151602,bertopic,n15_c25_s21,14,0.5346560350553551
151703,bertopic,n15_c25_s21,4,0.9216500037333061
152273,bertopic,n15_c25_s21,27,1.0
152390,bertopic,n15_c25_s21,36,0.3149353740380804
152618,bertopic,n15_c25_s21,22,1.0
152738,bertopic,n15_c25_s21,0,1.0
152759,bertopic,n15_c25_s21,33,1.0
152861,bertopic,n15_c25_s21,3,1.0
153163,bertopic,n15_c25_s21,45,1.0
153367,bertopic,n15_c25_s21,8,0.32502129268696106
153749,bertopic,n15_c25_s21,8,0.33731851951370306
153782,bertopic,n15_c25_s21,56,1.0
153794,bertopic,n15_c25_s21,-1,0.0
154435,bertopic,n15_c25_s21,4,0.7117294153450735
154829,bertopic,n15_c25_s21,4,1.0
155138,bertopic,n15_c25_s21,51,1.0
155572,bertopic,n15_c25_s21,-1,0.0
155577,bertopic,n15_c25_s21,8,0.9054311513755925
155990,bertopic,n15_c25_s21,4,1.0
156160,bertopic,n15_c25_s21,5,0.371526985058408
156667,bertopic,n15_c25_s21,3,0.8497589045476075
157217,bertopic,n15_c25_s21,37,1.0
157293,bertopic,n15_c25_s21,5,1.0
158049,bertopic,n15_c25_s21,4,1.0
158118,bertopic,n15_c25_s21,50,0.4587845721678207
158288,bertopic,n15_c25_s21,37,0.42327357372661434
158417,bertopic,n15_c25_s21,5,0.3616732345927455
159915,bertopic,n15_c25_s21,5,1.0
160084,bertopic,n15_c25_s21,18,0.42133600966856116
160307,bertopic,n15_c25_s21,26,1.0
160391,bertopic,n15_c25_s21,13,0.3040666648945177
160458,bertopic,n15_c25_s21,2,1.0
160910,bertopic,n15_c25_s21,2,1.0
161335,bertopic,n15_c25_s21,1,1.0
162325,bertopic,n15_c25_s21,15,0.3737842350572448
162406,bertopic,n15_c25_s21,22,0.8989282069310601
162493,bertopic,n15_c25_s21,27,0.3776418783659242
162892,bertopic,n15_c25_s21,-1,0.0
163252,bertopic,n15_c25_s21,-1,0.0
163289,bertopic,n15_c25_s21,21,0.5332735971855508
163539,bertopic,n15_c25_s21,12,0.2447504587572135
163860,bertopic,n15_c25_s21,2,0.8285223589313784
164027,bertopic,n15_c25_s21,-1,0.0
164048,bertopic,n15_c25_s21,44,1.0
164182,bertopic,n15_c25_s21,-1,0.0
165132,bertopic,n15_c25_s21,63,1.0
165165,bertopic,n15_c25_s21,6,1.0
165310,bertopic,n15_c25_s21,1,1.0
165624,bertopic,n15_c25_s21,4,0.9136156891517966
165839,bertopic,n15_c25_s21,2,1.0
165905,bertopic,n15_c25_s21,8,0.3785986758837842
166141,bertopic,n15_c25_s21,27,0.45655377795270136
166267,bertopic,n15_c25_s21,30,1.0
166775,bertopic,n15_c25_s21,4,0.8394527780248229
167316,bertopic,n15_c25_s21,10,0.623559104353821
167433,bertopic,n15_c25_s21,-1,0.0
167700,bertopic,n15_c25_s21,4,1.0
168453,bertopic,n15_c25_s21,51,1.0
168675,bertopic,n15_c25_s21,-1,0.0
168754,bertopic,n15_c25_s21,-1,0.0
169040,bertopic,n15_c25_s21,-1,0.0
169672,bertopic,n15_c25_s21,-1,0.0
169919,bertopic,n15_c25_s21,8,0.9385483020675401
170023,bertopic,n15_c25_s21,5,1.0
170430,bertopic,n15_c25_s21,3,1.0
170588,bertopic,n15_c25_s21,4,1.0
170812,bertopic,n15_c25_s21,17,1.0
171269,bertopic,n15_c25_s21,23,0.9715988980665634
171494,bertopic,n15_c25_s21,-1,0.0
171532,bertopic,n15_c25_s21,3,0.7734194788743062
171818,bertopic,n15_c25_s21,35,1.0
172291,bertopic,n15_c25_s21,40,1.0
172331,bertopic,n15_c25_s21,-1,0.0
172404,bertopic,n15_c25_s21,27,0.9710216225411499
172528,bertopic,n15_c25_s21,3,0.7652796945078988
172930,bertopic,n15_c25_s21,1,0.9753477385342528
173021,bertopic,n15_c25_s21,21,0.5332735971855508
173150,bertopic,n15_c25_s21,37,0.4178750059921023
173485,bertopic,n15_c25_s21,29,0.31803373276950825
174372,bertopic,n15_c25_s21,67,1.0
174898,bertopic,n15_c25_s21,40,1.0
175083,bertopic,n15_c25_s21,2,1.0
175137,bertopic,n15_c25_s21,7,0.3830228113191904
175451,bertopic,n15_c25_s21,28,0.2546093450309817
176208,bertopic,n15_c25_s21,1,1.0
176213,bertopic,n15_c25_s21,-1,0.0
176495,bertopic,n15_c25_s21,1,1.0
176558,bertopic,n15_c25_s21,1,1.0
176645,bertopic,n15_c25_s21,2,1.0
177277,bertopic,n15_c25_s21,38,0.07695019509735813
177542,bertopic,n15_c25_s21,2,0.6179477767033392
177670,bertopic,n15_c25_s21,33,0.4181689600397916
177858,bertopic,n15_c25_s21,21,0.914699467168344
178414,bertopic,n15_c25_s21,20,0.7773540760392249
178516,bertopic,n15_c25_s21,-1,0.0
178592,bertopic,n15_c25_s21,-1,0.0
179281,bertopic,n15_c25_s21,-1,0.0
179475,bertopic,n15_c25_s21,21,0.6417954611237598
179482,bertopic,n15_c25_s21,4,1.0
179615,bertopic,n15_c25_s21,20,1.0
179786,bertopic,n15_c25_s21,11,0.497496271187794
179849,bertopic,n15_c25_s21,22,0.25331221099723616
179980,bertopic,n15_c25_s21,13,1.0
180088,bertopic,n15_c25_s21,1,1.0
180264,bertopic,n15_c25_s21,17,0.8328314551737569
180517,bertopic,n15_c25_s21,63,1.0
180989,bertopic,n15_c25_s21,58,1.0
181421,bertopic,n15_c25_s21,36,0.3149353740380804
181562,bertopic,n15_c25_s21,2,1.0
182387,bertopic,n15_c25_s21,44,0.9995285853208653
183087,bertopic,n15_c25_s21,1,1.0
183185,bertopic,n15_c25_s21,5,1.0
183539,bertopic,n15_c25_s21,11,0.34442052141878754
184365,bertopic,n15_c25_s21,0,1.0
185076,bertopic,n15_c25_s21,16,0.9662089935614331
185482,bertopic,n15_c25_s21,15,0.9364653622373781
185781,bertopic,n15_c25_s21,5,1.0
185801,bertopic,n15_c25_s21,19,1.0
185802,bertopic,n15_c25_s21,22,1.0
186200,bertopic,n15_c25_s21,-1,0.0
186413,bertopic,n15_c25_s21,24,0.1683614645935344
186552,bertopic,n15_c25_s21,29,1.0
186860,bertopic,n15_c25_s21,1,1.0
186920,bertopic,n15_c25_s21,4,0.7349724771343502
187624,bertopic,n15_c25_s21,30,0.6407233199540174
187862,bertopic,n15_c25_s21,1,1.0
189272,bertopic,n15_c25_s21,6,1.0
189826,bertopic,n15_c25_s21,63,1.0
190212,bertopic,n15_c25_s21,31,1.0
190440,bertopic,n15_c25_s21,1,1.0
207249,bertopic,n15_c25_s21,4,0.9156434527576819
209101,bertopic,n15_c25_s21,-1,0.0
209823,bertopic,n15_c25_s21,-1,0.0
210477,bertopic,n15_c25_s21,53,0.6217955618485431
212525,bertopic,n15_c25_s21,41,0.8668722141094974
213476,bertopic,n15_c25_s21,2,1.0
213637,bertopic,n15_c25_s21,32,1.0
213962,bertopic,n15_c25_s21,24,0.38208666817043924
214506,bertopic,n15_c25_s21,18,0.5338664992983769
215622,bertopic,n15_c25_s21,7,0.38989556130333075
216046,bertopic,n15_c25_s21,15,0.49813005637893215
216745,bertopic,n15_c25_s21,57,0.9398395676920078
217405,bertopic,n15_c25_s21,12,0.47998649669630805
218059,bertopic,n15_c25_s21,4,1.0
219205,bertopic,n15_c25_s21,4,1.0
220070,bertopic,n15_c25_s21,14,0.7030353915981906
220219,bertopic,n15_c25_s21,3,1.0
221300,bertopic,n15_c25_s21,20,0.5947887604256122
221543,bertopic,n15_c25_s21,20,0.7332295738434497
225193,bertopic,n15_c25_s21,-1,0.0
225537,bertopic,n15_c25_s21,-1,0.0
227916,bertopic,n15_c25_s21,24,0.4922034767137841
228098,bertopic,n15_c25_s21,11,1.0
229464,bertopic,n15_c25_s21,-1,0.0
229766,bertopic,n15_c25_s21,24,1.0
229873,bertopic,n15_c25_s21,18,0.5921137831424622
230044,bertopic,n15_c25_s21,1,1.0
230646,bertopic,n15_c25_s21,24,0.30403882910429914
230697,bertopic,n15_c25_s21,17,1.0
233108,bertopic,n15_c25_s21,24,0.4922034767137841
234038,bertopic,n15_c25_s21,2,1.0
234150,bertopic,n15_c25_s21,-1,0.0
235588,bertopic,n15_c25_s21,0,1.0
236783,bertopic,n15_c25_s21,8,1.0
237316,bertopic,n15_c25_s21,8,1.0
238020,bertopic,n15_c25_s21,55,1.0
239910,bertopic,n15_c25_s21,15,0.37316944029934007
241459,bertopic,n15_c25_s21,4,1.0
243015,bertopic,n15_c25_s21,-1,0.0
243273,bertopic,n15_c25_s21,29,1.0
243516,bertopic,n15_c25_s21,61,1.0
244200,bertopic,n15_c25_s21,-1,0.0
244286,bertopic,n15_c25_s21,10,0.5620185433721199
245122,bertopic,n15_c25_s21,-1,0.0
245414,bertopic,n15_c25_s21,-1,0.0
247430,bertopic,n15_c25_s21,29,1.0
247452,bertopic,n15_c25_s21,-1,0.0
250503,bertopic,n15_c25_s21,-1,0.0
250800,bertopic,n15_c25_s21,-1,0.0
251285,bertopic,n15_c25_s21,-1,0.0
252444,bertopic,n15_c25_s21,-1,0.0
252534,bertopic,n15_c25_s21,3,1.0
252606,bertopic,n15_c25_s21,0,1.0
253527,bertopic,n15_c25_s21,24,1.0
253602,bertopic,n15_c25_s21,24,1.0
254843,bertopic,n15_c25_s21,26,1.0
255266,bertopic,n15_c25_s21,24,0.24253927627111113
256590,bertopic,n15_c25_s21,-1,0.0
257094,bertopic,n15_c25_s21,16,0.30374745931357583
257363,bertopic,n15_c25_s21,20,0.710157817818307
258851,bertopic,n15_c25_s21,2,1.0
259508,bertopic,n15_c25_s21,-1,0.0
259930,bertopic,n15_c25_s21,-1,0.0
260872,bertopic,n15_c25_s21,-1,0.0
261067,bertopic,n15_c25_s21,61,1.0
261162,bertopic,n15_c25_s21,3,1.0
263520,bertopic,n15_c25_s21,3,1.0
264399,bertopic,n15_c25_s21,-1,0.0
265775,bertopic,n15_c25_s21,19,0.9633066469966549
265994,bertopic,n15_c25_s21,42,1.0
266635,bertopic,n15_c25_s21,-1,0.0
267879,bertopic,n15_c25_s21,32,1.0
267886,bertopic,n15_c25_s21,56,1.0
268006,bertopic,n15_c25_s21,16,1.0
268436,bertopic,n15_c25_s21,8,0.7567743518403066
268538,bertopic,n15_c25_s21,56,1.0
268614,bertopic,n15_c25_s21,-1,0.0
268716,bertopic,n15_c25_s21,2,1.0
268915,bertopic,n15_c25_s21,3,1.0
269115,bertopic,n15_c25_s21,14,0.64028776099379
269723,bertopic,n15_c25_s21,12,0.45357730994899365
269982,bertopic,n15_c25_s21,-1,0.0
270478,bertopic,n15_c25_s21,9,0.6490669954551053
270535,bertopic,n15_c25_s21,8,0.45817728250769474
270654,bertopic,n15_c25_s21,1,1.0
270679,bertopic,n15_c25_s21,23,1.0
271016,bertopic,n15_c25_s21,52,1.0
271079,bertopic,n15_c25_s21,-1,0.0
271364,bertopic,n15_c25_s21,7,0.41582945550050704
271402,bertopic,n15_c25_s21,4,0.5881509692096225
271430,bertopic,n15_c25_s21,9,0.5124210166905457
271554,bertopic,n15_c25_s21,-1,0.0
271922,bertopic,n15_c25_s21,20,0.7695038125259375
271963,bertopic,n15_c25_s21,1,1.0
272040,bertopic,n15_c25_s21,-1,0.0
272157,bertopic,n15_c25_s21,3,1.0
272186,bertopic,n15_c25_s21,11,1.0
272194,bertopic,n15_c25_s21,3,1.0
272278,bertopic,n15_c25_s21,-1,0.0
272405,bertopic,n15_c25_s21,31,0.6659987677852831
272438,bertopic,n15_c25_s21,25,1.0
272459,bertopic,n15_c25_s21,-1,0.0
272469,bertopic,n15_c25_s21,-1,0.0
272515,bertopic,n15_c25_s21,9,0.14540449193620775
272564,bertopic,n15_c25_s21,-1,0.0
272655,bertopic,n15_c25_s21,-1,0.0
272699,bertopic,n15_c25_s21,6,1.0
272704,bertopic,n15_c25_s21,-1,0.0
272878,bertopic,n15_c25_s21,2,0.7401221881241496
272913,bertopic,n15_c25_s21,52,1.0
272980,bertopic,n15_c25_s21,14,0.64028776099379
273050,bertopic,n15_c25_s21,-1,0.0
273357,bertopic,n15_c25_s21,4,0.914968829381256
273409,bertopic,n15_c25_s21,50,1.0
273533,bertopic,n15_c25_s21,2,0.8335071730290856
273554,bertopic,n15_c25_s21,38,1.0
273650,bertopic,n15_c25_s21,2,1.0
273681,bertopic,n15_c25_s21,18,0.5085252821145592
273939,bertopic,n15_c25_s21,4,1.0
274379,bertopic,n15_c25_s21,11,1.0
274594,bertopic,n15_c25_s21,13,1.0
274895,bertopic,n15_c25_s21,29,0.3125547244721071
274977,bertopic,n15_c25_s21,25,0.15830826094431272
275252,bertopic,n15_c25_s21,-1,0.0
275282,bertopic,n15_c25_s21,1,1.0
275570,bertopic,n15_c25_s21,17,0.8793084842032695
275737,bertopic,n15_c25_s21,25,1.0
275952,bertopic,n15_c25_s21,19,0.7467303611073856
276099,bertopic,n15_c25_s21,21,0.4855610022536018
276592,bertopic,n15_c25_s21,5,0.7853825980664199
276980,bertopic,n15_c25_s21,55,1.0
277723,bertopic,n15_c25_s21,1,1.0
277836,bertopic,n15_c25_s21,51,0.826284750944
277972,bertopic,n15_c25_s21,-1,0.0
278112,bertopic,n15_c25_s21,4,1.0
278170,bertopic,n15_c25_s21,36,1.0
278500,bertopic,n15_c25_s21,0,1.0
278699,bertopic,n15_c25_s21,-1,0.0
278876,bertopic,n15_c25_s21,14,1.0
278930,bertopic,n15_c25_s21,24,0.8303764905409513
278968,bertopic,n15_c25_s21,55,1.0
279066,bertopic,n15_c25_s21,13,0.447304631005621
279107,bertopic,n15_c25_s21,65,1.0
279342,bertopic,n15_c25_s21,5,0.564508878127735
279487,bertopic,n15_c25_s21,25,1.0
279624,bertopic,n15_c25_s21,25,0.9237398495060308
279773,bertopic,n15_c25_s21,24,0.4044761560246485
279801,bertopic,n15_c25_s21,-1,0.0
279842,bertopic,n15_c25_s21,-1,0.0
280414,bertopic,n15_c25_s21,-1,0.0
280476,bertopic,n15_c25_s21,-1,0.0
280938,bertopic,n15_c25_s21,25,0.26334020380529255
281139,bertopic,n15_c25_s21,34,0.48343244744820923
281215,bertopic,n15_c25_s21,3,0.8390442644666465
281244,bertopic,n15_c25_s21,10,0.7881719916207812
281296,bertopic,n15_c25_s21,41,0.8165301012882112
281469,bertopic,n15_c25_s21,-1,0.0
281526,bertopic,n15_c25_s21,2,1.0
282008,bertopic,n15_c25_s21,-1,0.0
282105,bertopic,n15_c25_s21,1,1.0
282502,bertopic,n15_c25_s21,26,1.0
282508,bertopic,n15_c25_s21,19,0.8117137698112145
282696,bertopic,n15_c25_s21,3,1.0
282727,bertopic,n15_c25_s21,0,1.0
282743,bertopic,n15_c25_s21,28,0.3247991498856159
283226,bertopic,n15_c25_s21,8,0.40623984437845484
283308,bertopic,n15_c25_s21,-1,0.0
283323,bertopic,n15_c25_s21,29,1.0
283337,bertopic,n15_c25_s21,-1,0.0
283403,bertopic,n15_c25_s21,15,0.45306527916217154
283427,bertopic,n15_c25_s21,65,1.0
283649,bertopic,n15_c25_s21,13,0.276442459799801
283716,bertopic,n15_c25_s21,-1,0.0
284006,bertopic,n15_c25_s21,16,0.5009495840457946
284035,bertopic,n15_c25_s21,36,0.49687422011140164
284262,bertopic,n15_c25_s21,22,0.25331221099723616
284378,bertopic,n15_c25_s21,2,1.0
284391,bertopic,n15_c25_s21,26,1.0
284496,bertopic,n15_c25_s21,13,0.276442459799801
284573,bertopic,n15_c25_s21,16,0.8370473950892305
284716,bertopic,n15_c25_s21,5,1.0
285007,bertopic,n15_c25_s21,31,0.9989869710719809
285032,bertopic,n15_c25_s21,0,0.756653837608655
285141,bertopic,n15_c25_s21,1,1.0
285322,bertopic,n15_c25_s21,23,0.23771470871612574
285389,bertopic,n15_c25_s21,20,0.9223726494411285
285400,bertopic,n15_c25_s21,1,1.0
285480,bertopic,n15_c25_s21,-1,0.0
285595,bertopic,n15_c25_s21,41,1.0
285731,bertopic,n15_c25_s21,0,0.6022779427667817
285945,bertopic,n15_c25_s21,55,1.0
285958,bertopic,n15_c25_s21,3,1.0
286008,bertopic,n15_c25_s21,2,1.0
286093,bertopic,n15_c25_s21,5,0.70835424485547
286250,bertopic,n15_c25_s21,13,0.276442459799801
286485,bertopic,n15_c25_s21,57,1.0
286607,bertopic,n15_c25_s21,36,0.3149353740380804
286784,bertopic,n15_c25_s21,2,1.0
287079,bertopic,n15_c25_s21,6,1.0
287116,bertopic,n15_c25_s21,58,1.0
287307,bertopic,n15_c25_s21,39,1.0
287325,bertopic,n15_c25_s21,50,1.0
287328,bertopic,n15_c25_s21,67,1.0
287500,bertopic,n15_c25_s21,31,1.0
287635,bertopic,n15_c25_s21,1,1.0
287701,bertopic,n15_c25_s21,41,0.6828396164676271
287807,bertopic,n15_c25_s21,7,0.6277707906000721
287881,bertopic,n15_c25_s21,12,1.0
287927,bertopic,n15_c25_s21,-1,0.0
287999,bertopic,n15_c25_s21,-1,0.0
288070,bertopic,n15_c25_s21,-1,0.0
288524,bertopic,n15_c25_s21,2,1.0
288652,bertopic,n15_c25_s21,2,1.0
288688,bertopic,n15_c25_s21,26,1.0
288709,bertopic,n15_c25_s21,6,0.8219216026248987
288752,bertopic,n15_c25_s21,2,1.0
288928,bertopic,n15_c25_s21,33,1.0
288948,bertopic,n15_c25_s21,25,0.8832523218621937
289081,bertopic,n15_c25_s21,0,1.0
289279,bertopic,n15_c25_s21,11,1.0
289310,bertopic,n15_c25_s21,2,1.0
289482,bertopic,n15_c25_s21,2,0.6457291677222434
289554,bertopic,n15_c25_s21,17,0.9666182616079372
289750,bertopic,n15_c25_s21,19,0.6106088070804361
289753,bertopic,n15_c25_s21,7,0.6820575490318245
289819,bertopic,n15_c25_s21,21,0.532176340911337
289928,bertopic,n15_c25_s21,9,0.5971698429579462
289949,bertopic,n15_c25_s21,54,1.0
290103,bertopic,n15_c25_s21,18,0.42133600966856116
290240,bertopic,n15_c25_s21,56,0.8537089235078132
290286,bertopic,n15_c25_s21,2,1.0
290433,bertopic,n15_c25_s21,2,1.0
290447,bertopic,n15_c25_s21,11,1.0
290670,bertopic,n15_c25_s21,10,0.5749229954948349
290728,bertopic,n15_c25_s21,11,1.0
290740,bertopic,n15_c25_s21,4,0.7117294153450735
290799,bertopic,n15_c25_s21,29,0.33348591265642064
290847,bertopic,n15_c25_s21,2,1.0
290951,bertopic,n15_c25_s21,2,1.0
290971,bertopic,n15_c25_s21,12,0.40887871712177776
291003,bertopic,n15_c25_s21,1,1.0
291311,bertopic,n15_c25_s21,17,0.9232426828260618
291465,bertopic,n15_c25_s21,2,1.0
291469,bertopic,n15_c25_s21,9,0.12502910290306787
291644,bertopic,n15_c25_s21,2,0.7921735239512555
291740,bertopic,n15_c25_s21,2,1.0
291787,bertopic,n15_c25_s21,1,0.845361094809191
291865,bertopic,n15_c25_s21,13,1.0
291971,bertopic,n15_c25_s21,13,0.26363483583774944
292278,bertopic,n15_c25_s21,3,0.7702060696287435
292381,bertopic,n15_c25_s21,11,0.9086553412211489
292625,bertopic,n15_c25_s21,61,1.0
292777,bertopic,n15_c25_s21,17,0.966274479918071
292944,bertopic,n15_c25_s21,21,0.9224116935203275
293006,bertopic,n15_c25_s21,16,0.8370473950892305
293055,bertopic,n15_c25_s21,3,0.7654859982895919
293144,bertopic,n15_c25_s21,17,0.8793084842032695
293149,bertopic,n15_c25_s21,16,0.8338947253209706
293442,bertopic,n15_c25_s21,16,0.7558681541934588
293482,bertopic,n15_c25_s21,25,1.0
293571,bertopic,n15_c25_s21,21,0.7954885296183847
293607,bertopic,n15_c25_s21,6,1.0
293754,bertopic,n15_c25_s21,29,0.8252547891435635
293904,bertopic,n15_c25_s21,11,1.0
293916,bertopic,n15_c25_s21,5,1.0
293943,bertopic,n15_c25_s21,2,1.0
293980,bertopic,n15_c25_s21,2,1.0
294024,bertopic,n15_c25_s21,29,1.0
294181,bertopic,n15_c25_s21,2,1.0
294214,bertopic,n15_c25_s21,2,1.0
294306,bertopic,n15_c25_s21,7,0.38989556130333075
294412,bertopic,n15_c25_s21,24,0.4922034767137841
294513,bertopic,n15_c25_s21,37,1.0
294516,bertopic,n15_c25_s21,33,1.0
294540,bertopic,n15_c25_s21,23,0.9026653633599633
294595,bertopic,n15_c25_s21,39,0.35821567535316595
294697,bertopic,n15_c25_s21,10,0.39823143596542615
294717,bertopic,n15_c25_s21,50,1.0
294871,bertopic,n15_c25_s21,2,0.9976325009380533
294959,bertopic,n15_c25_s21,4,1.0
295238,bertopic,n15_c25_s21,0,1.0
295253,bertopic,n15_c25_s21,-1,0.0
295275,bertopic,n15_c25_s21,10,1.0
295347,bertopic,n15_c25_s21,16,0.8370473950892305
295405,bertopic,n15_c25_s21,2,1.0
295441,bertopic,n15_c25_s21,-1,0.0
295462,bertopic,n15_c25_s21,-1,0.0
295506,bertopic,n15_c25_s21,1,1.0
295555,bertopic,n15_c25_s21,11,1.0
296047,bertopic,n15_c25_s21,16,0.8370473950892305
296462,bertopic,n15_c25_s21,21,1.0
296558,bertopic,n15_c25_s21,31,0.5721948579445966
296601,bertopic,n15_c25_s21,-1,0.0
296717,bertopic,n15_c25_s21,9,0.12502910290306787
296721,bertopic,n15_c25_s21,11,0.7493257543621815
297015,bertopic,n15_c25_s21,17,1.0
297137,bertopic,n15_c25_s21,9,0.14540449193620775
297138,bertopic,n15_c25_s21,39,0.6017134831609523
297149,bertopic,n15_c25_s21,12,0.26403762942886827
297435,bertopic,n15_c25_s21,42,0.21679528869995707
297577,bertopic,n15_c25_s21,15,1.0
297705,bertopic,n15_c25_s21,0,0.9684564711037045
297813,bertopic,n15_c25_s21,2,0.7644892630993604
297824,bertopic,n15_c25_s21,22,0.25331221099723616
297878,bertopic,n15_c25_s21,-1,0.0
297905,bertopic,n15_c25_s21,41,0.716119194079826
298230,bertopic,n15_c25_s21,29,1.0
298271,bertopic,n15_c25_s21,0,0.47954917750408205
298300,bertopic,n15_c25_s21,2,1.0
298532,bertopic,n15_c25_s21,2,1.0
298582,bertopic,n15_c25_s21,2,1.0
298583,bertopic,n15_c25_s21,3,1.0
298652,bertopic,n15_c25_s21,16,1.0
298717,bertopic,n15_c25_s21,-1,0.0
298775,bertopic,n15_c25_s21,2,1.0
298935,bertopic,n15_c25_s21,11,1.0
299073,bertopic,n15_c25_s21,-1,0.0
299082,bertopic,n15_c25_s21,8,0.3711500745285703
299154,bertopic,n15_c25_s21,-1,0.0
299159,bertopic,n15_c25_s21,-1,0.0
299373,bertopic,n15_c25_s21,31,0.9436742421610511
299586,bertopic,n15_c25_s21,-1,0.0
299631,bertopic,n15_c25_s21,2,1.0
299915,bertopic,n15_c25_s21,13,0.447304631005621
299994,bertopic,n15_c25_s21,20,1.0
300016,bertopic,n15_c25_s21,0,1.0
300047,bertopic,n15_c25_s21,-1,0.0
300086,bertopic,n15_c25_s21,-1,0.0
300101,bertopic,n15_c25_s21,2,1.0
300397,bertopic,n15_c25_s21,12,0.4442419278565934
300514,bertopic,n15_c25_s21,16,1.0
300559,bertopic,n15_c25_s21,50,1.0
300570,bertopic,n15_c25_s21,10,0.7127865214451031
300624,bertopic,n15_c25_s21,29,1.0
301071,bertopic,n15_c25_s21,9,0.12502910290306787
301249,bertopic,n15_c25_s21,11,0.44591308632989485
301330,bertopic,n15_c25_s21,31,1.0
301671,bertopic,n15_c25_s21,3,0.8685238735988771
301907,bertopic,n15_c25_s21,9,0.12502910290306787
302217,bertopic,n15_c25_s21,2,1.0
302281,bertopic,n15_c25_s21,4,1.0
302405,bertopic,n15_c25_s21,42,1.0
302408,bertopic,n15_c25_s21,-1,0.0
302599,bertopic,n15_c25_s21,15,0.27872502387190184
302663,bertopic,n15_c25_s21,10,0.39242689659011043
302705,bertopic,n15_c25_s21,2,1.0
302791,bertopic,n15_c25_s21,8,1.0
302848,bertopic,n15_c25_s21,4,0.7261531167632727
303160,bertopic,n15_c25_s21,14,0.64028776099379
303179,bertopic,n15_c25_s21,1,1.0
303299,bertopic,n15_c25_s21,2,1.0
303375,bertopic,n15_c25_s21,25,1.0
303382,bertopic,n15_c25_s21,1,0.8310282893609023
303394,bertopic,n15_c25_s21,-1,0.0
303521,bertopic,n15_c25_s21,-1,0.0
303529,bertopic,n15_c25_s21,-1,0.0
303560,bertopic,n15_c25_s21,1,1.0
303629,bertopic,n15_c25_s21,54,0.801784180646153
303704,bertopic,n15_c25_s21,25,1.0
303767,bertopic,n15_c25_s21,-1,0.0
303901,bertopic,n15_c25_s21,9,0.14540449193620775
303912,bertopic,n15_c25_s21,30,0.44471664732893007
304183,bertopic,n15_c25_s21,2,1.0
304215,bertopic,n15_c25_s21,1,1.0
304595,bertopic,n15_c25_s21,44,0.5658656328810678
304662,bertopic,n15_c25_s21,56,1.0
305079,bertopic,n15_c25_s21,44,0.5622864382939554
305231,bertopic,n15_c25_s21,31,1.0
305320,bertopic,n15_c25_s21,44,1.0
305337,bertopic,n15_c25_s21,2,1.0
305647,bertopic,n15_c25_s21,0,0.47954917750408205
305707,bertopic,n15_c25_s21,2,1.0
306128,bertopic,n15_c25_s21,61,1.0
306196,bertopic,n15_c25_s21,6,0.14036532925403494
306237,bertopic,n15_c25_s21,20,0.7240015307779899
306352,bertopic,n15_c25_s21,-1,0.0
306457,bertopic,n15_c25_s21,54,1.0
306580,bertopic,n15_c25_s21,1,1.0
306934,bertopic,n15_c25_s21,-1,0.0
307195,bertopic,n15_c25_s21,34,1.0
307481,bertopic,n15_c25_s21,2,1.0
307846,bertopic,n15_c25_s21,44,1.0
307852,bertopic,n15_c25_s21,44,1.0
308189,bertopic,n15_c25_s21,-1,0.0
308198,bertopic,n15_c25_s21,1,1.0
308290,bertopic,n15_c25_s21,47,1.0
308415,bertopic,n15_c25_s21,3,0.9985311631993565
308424,bertopic,n15_c25_s21,0,1.0
308545,bertopic,n15_c25_s21,17,1.0
308877,bertopic,n15_c25_s21,2,1.0
308967,bertopic,n15_c25_s21,6,1.0
308992,bertopic,n15_c25_s21,25,1.0
309067,bertopic,n15_c25_s21,17,1.0
309411,bertopic,n15_c25_s21,47,0.349977656111206
309482,bertopic,n15_c25_s21,46,1.0
309687,bertopic,n15_c25_s21,2,1.0
309756,bertopic,n15_c25_s21,33,1.0
310163,bertopic,n15_c25_s21,46,1.0
310334,bertopic,n15_c25_s21,39,1.0
310375,bertopic,n15_c25_s21,-1,0.0
310529,bertopic,n15_c25_s21,10,1.0
310598,bertopic,n15_c25_s21,11,1.0
310642,bertopic,n15_c25_s21,-1,0.0
310732,bertopic,n15_c25_s21,11,1.0
310742,bertopic,n15_c25_s21,26,1.0
310752,bertopic,n15_c25_s21,-1,0.0
310869,bertopic,n15_c25_s21,0,1.0
310995,bertopic,n15_c25_s21,45,1.0
311481,bertopic,n15_c25_s21,0,1.0
311548,bertopic,n15_c25_s21,5,1.0
311781,bertopic,n15_c25_s21,56,1.0
311805,bertopic,n15_c25_s21,51,1.0
312254,bertopic,n15_c25_s21,45,1.0
312348,bertopic,n15_c25_s21,2,1.0
312498,bertopic,n15_c25_s21,2,1.0
312612,bertopic,n15_c25_s21,25,0.7619361895893572
312634,bertopic,n15_c25_s21,2,0.8335071730290856
312658,bertopic,n15_c25_s21,33,1.0
312769,bertopic,n15_c25_s21,2,1.0
312837,bertopic,n15_c25_s21,2,1.0
312987,bertopic,n15_c25_s21,23,0.23771470871612574
313259,bertopic,n15_c25_s21,-1,0.0
313318,bertopic,n15_c25_s21,40,1.0
313507,bertopic,n15_c25_s21,6,1.0
313981,bertopic,n15_c25_s21,17,0.8076482031432547
314101,bertopic,n15_c25_s21,52,1.0
314390,bertopic,n15_c25_s21,0,1.0
314446,bertopic,n15_c25_s21,-1,0.0
314671,bertopic,n15_c25_s21,56,0.20046872330954024
314706,bertopic,n15_c25_s21,3,1.0
315542,bertopic,n15_c25_s21,8,0.40119382938916803
315673,bertopic,n15_c25_s21,23,0.23771470871612574
315877,bertopic,n15_c25_s21,-1,0.0
316052,bertopic,n15_c25_s21,-1,0.0
316171,bertopic,n15_c25_s21,15,0.49813005637893215
316231,bertopic,n15_c25_s21,8,0.31298742566964505
316234,bertopic,n15_c25_s21,-1,0.0
316449,bertopic,n15_c25_s21,3,0.9087943893307063
316451,bertopic,n15_c25_s21,51,0.987556418212953
316457,bertopic,n15_c25_s21,67,1.0
316465,bertopic,n15_c25_s21,-1,0.0
316477,bertopic,n15_c25_s21,9,0.14540449193620775
316531,bertopic,n15_c25_s21,8,1.0
316772,bertopic,n15_c25_s21,51,1.0
316929,bertopic,n15_c25_s21,0,1.0
316952,bertopic,n15_c25_s21,4,1.0
316989,bertopic,n15_c25_s21,15,0.49813005637893215
317007,bertopic,n15_c25_s21,11,1.0
317029,bertopic,n15_c25_s21,9,0.12502910290306787
318527,bertopic,n15_c25_s21,17,0.8348922096769438
318923,bertopic,n15_c25_s21,13,0.8364240623642684
319099,bertopic,n15_c25_s21,6,1.0
319625,bertopic,n15_c25_s21,1,1.0
319687,bertopic,n15_c25_s21,0,1.0
319944,bertopic,n15_c25_s21,10,0.3466598300891627
320180,bertopic,n15_c25_s21,0,0.793531092040968
320374,bertopic,n15_c25_s21,0,1.0
320404,bertopic,n15_c25_s21,26,1.0
320542,bertopic,n15_c25_s21,-1,0.0
320592,bertopic,n15_c25_s21,26,0.3178694574852729
321221,bertopic,n15_c25_s21,69,1.0
321544,bertopic,n15_c25_s21,-1,0.0
321565,bertopic,n15_c25_s21,-1,0.0
321694,bertopic,n15_c25_s21,-1,0.0
321707,bertopic,n15_c25_s21,21,0.7964732834414531
321762,bertopic,n15_c25_s21,3,1.0
321777,bertopic,n15_c25_s21,-1,0.0
321831,bertopic,n15_c25_s21,3,1.0
322070,bertopic,n15_c25_s21,45,1.0
322214,bertopic,n15_c25_s21,25,0.619313739910892
322428,bertopic,n15_c25_s21,-1,0.0
322442,bertopic,n15_c25_s21,17,0.8298591007334705
322618,bertopic,n15_c25_s21,36,0.3149353740380804
322884,bertopic,n15_c25_s21,14,0.64028776099379
323085,bertopic,n15_c25_s21,54,1.0
323182,bertopic,n15_c25_s21,41,1.0
323509,bertopic,n15_c25_s21,-1,0.0
324094,bertopic,n15_c25_s21,1,1.0
324551,bertopic,n15_c25_s21,45,1.0
325167,bertopic,n15_c25_s21,3,1.0
325597,bertopic,n15_c25_s21,8,0.41230794989739755
326466,bertopic,n15_c25_s21,11,1.0
326500,bertopic,n15_c25_s21,14,1.0
326560,bertopic,n15_c25_s21,31,1.0
326616,bertopic,n15_c25_s21,-1,0.0
326789,bertopic,n15_c25_s21,8,0.502710291113613
326794,bertopic,n15_c25_s21,1,0.7873060530026704
326797,bertopic,n15_c25_s21,25,0.6672837418912375
326822,bertopic,n15_c25_s21,8,0.39755938849625344
326969,bertopic,n15_c25_s21,4,1.0
326987,bertopic,n15_c25_s21,26,0.7220471460662232
327071,bertopic,n15_c25_s21,-1,0.0
327155,bertopic,n15_c25_s21,11,1.0
327629,bertopic,n15_c25_s21,-1,0.0
328646,bertopic,n15_c25_s21,65,1.0
328851,bertopic,n15_c25_s21,39,1.0
328868,bertopic,n15_c25_s21,25,0.258959108987741
329041,bertopic,n15_c25_s21,-1,0.0
329043,bertopic,n15_c25_s21,38,0.06454695222252088
329447,bertopic,n15_c25_s21,6,1.0
329479,bertopic,n15_c25_s21,1,0.5642096767916738
329613,bertopic,n15_c25_s21,6,1.0
329624,bertopic,n15_c25_s21,15,0.7919047427090438
329829,bertopic,n15_c25_s21,13,1.0
330378,bertopic,n15_c25_s21,14,0.64028776099379
330757,bertopic,n15_c25_s21,12,0.4201681001300689
331768,bertopic,n15_c25_s21,21,0.914699467168344
331820,bertopic,n15_c25_s21,4,1.0
331878,bertopic,n15_c25_s21,-1,0.0
331937,bertopic,n15_c25_s21,-1,0.0
331985,bertopic,n15_c25_s21,2,1.0
332045,bertopic,n15_c25_s21,18,0.4255271665920487
332413,bertopic,n15_c25_s21,-1,0.0
332451,bertopic,n15_c25_s21,0,1.0
332482,bertopic,n15_c25_s21,1,1.0
332513,bertopic,n15_c25_s21,1,1.0
332617,bertopic,n15_c25_s21,50,1.0
332966,bertopic,n15_c25_s21,54,1.0
332986,bertopic,n15_c25_s21,-1,0.0
333021,bertopic,n15_c25_s21,15,0.6675967652123224
333260,bertopic,n15_c25_s21,1,1.0
333571,bertopic,n15_c25_s21,8,0.3119206448774395
333687,bertopic,n15_c25_s21,2,1.0
334172,bertopic,n15_c25_s21,-1,0.0
334243,bertopic,n15_c25_s21,7,0.38989556130333075
334550,bertopic,n15_c25_s21,-1,0.0
334772,bertopic,n15_c25_s21,1,1.0
335061,bertopic,n15_c25_s21,55,0.9596221657954104
335114,bertopic,n15_c25_s21,25,0.6629518543435149
335173,bertopic,n15_c25_s21,14,0.64028776099379
335239,bertopic,n15_c25_s21,37,0.4620686316905569
335401,bertopic,n15_c25_s21,7,0.37518127264499074
335766,bertopic,n15_c25_s21,0,1.0
335884,bertopic,n15_c25_s21,8,0.3773680673478808
336033,bertopic,n15_c25_s21,5,0.3552337380235652
336178,bertopic,n15_c25_s21,3,1.0
336531,bertopic,n15_c25_s21,30,0.7564636374150482
336535,bertopic,n15_c25_s21,0,0.9113768864397291
336591,bertopic,n15_c25_s21,9,0.14540449193620775
336692,bertopic,n15_c25_s21,55,1.0
336733,bertopic,n15_c25_s21,23,1.0
336896,bertopic,n15_c25_s21,25,1.0
337401,bertopic,n15_c25_s21,3,1.0
337596,bertopic,n15_c25_s21,-1,0.0
337610,bertopic,n15_c25_s21,29,0.3692443270501445
337631,bertopic,n15_c25_s21,29,1.0
337681,bertopic,n15_c25_s21,-1,0.0
337828,bertopic,n15_c25_s21,51,1.0
338070,bertopic,n15_c25_s21,1,1.0
338209,bertopic,n15_c25_s21,-1,0.0
338319,bertopic,n15_c25_s21,4,1.0
338777,bertopic,n15_c25_s21,4,1.0
338781,bertopic,n15_c25_s21,25,0.816820182395826
339209,bertopic,n15_c25_s21,34,1.0
339230,bertopic,n15_c25_s21,31,0.7648065592246029
339345,bertopic,n15_c25_s21,8,0.8290825455073587
339780,bertopic,n15_c25_s21,-1,0.0
340103,bertopic,n15_c25_s21,6,0.14036532925403494
340376,bertopic,n15_c25_s21,-1,0.0
340571,bertopic,n15_c25_s21,8,0.4675033267648524
341178,bertopic,n15_c25_s21,41,0.7578902898489607
341476,bertopic,n15_c25_s21,15,1.0
341738,bertopic,n15_c25_s21,33,1.0
342345,bertopic,n15_c25_s21,0,1.0
342417,bertopic,n15_c25_s21,8,0.3436407889059078
342509,bertopic,n15_c25_s21,26,1.0
342627,bertopic,n15_c25_s21,9,0.14540449193620775
342826,bertopic,n15_c25_s21,2,1.0
342831,bertopic,n15_c25_s21,55,0.9030706207635956
343034,bertopic,n15_c25_s21,10,1.0
343735,bertopic,n15_c25_s21,30,0.39092584894660537
343816,bertopic,n15_c25_s21,8,0.3091765799185423
343921,bertopic,n15_c25_s21,23,1.0
344002,bertopic,n15_c25_s21,3,1.0
344068,bertopic,n15_c25_s21,4,1.0
344195,bertopic,n15_c25_s21,3,1.0
344196,bertopic,n15_c25_s21,3,1.0
344864,bertopic,n15_c25_s21,14,0.6287245226791072
345405,bertopic,n15_c25_s21,-1,0.0
345444,bertopic,n15_c25_s21,33,0.4181689600397916
345565,bertopic,n15_c25_s21,11,1.0
345699,bertopic,n15_c25_s21,47,0.4276668115993043
345783,bertopic,n15_c25_s21,13,0.447304631005621
345794,bertopic,n15_c25_s21,18,1.0
345883,bertopic,n15_c25_s21,50,0.9905907793107668
345946,bertopic,n15_c25_s21,-1,0.0
346371,bertopic,n15_c25_s21,3,0.8639222528760498
346497,bertopic,n15_c25_s21,-1,0.0
346840,bertopic,n15_c25_s21,3,1.0
346847,bertopic,n15_c25_s21,-1,0.0
346872,bertopic,n15_c25_s21,3,1.0
346929,bertopic,n15_c25_s21,-1,0.0
347086,bertopic,n15_c25_s21,-1,0.0
347156,bertopic,n15_c25_s21,58,1.0
347335,bertopic,n15_c25_s21,8,0.3091765799185423
347407,bertopic,n15_c25_s21,11,1.0
347424,bertopic,n15_c25_s21,0,1.0
347437,bertopic,n15_c25_s21,40,1.0
347523,bertopic,n15_c25_s21,29,0.8966368412529278
347559,bertopic,n15_c25_s21,65,1.0
347605,bertopic,n15_c25_s21,-1,0.0
347990,bertopic,n15_c25_s21,0,1.0
347991,bertopic,n15_c25_s21,54,1.0
348236,bertopic,n15_c25_s21,-1,0.0
348757,bertopic,n15_c25_s21,69,1.0
349002,bertopic,n15_c25_s21,0,1.0
349026,bertopic,n15_c25_s21,51,1.0
349135,bertopic,n15_c25_s21,1,1.0
349140,bertopic,n15_c25_s21,-1,0.0
349185,bertopic,n15_c25_s21,13,0.447304631005621
349223,bertopic,n15_c25_s21,3,1.0
349359,bertopic,n15_c25_s21,-1,0.0
349388,bertopic,n15_c25_s21,-1,0.0
349460,bertopic,n15_c25_s21,13,1.0
349636,bertopic,n15_c25_s21,-1,0.0
349639,bertopic,n15_c25_s21,29,0.2946084985528519
349700,bertopic,n15_c25_s21,3,0.7992141652514655
349833,bertopic,n15_c25_s21,3,1.0
349844,bertopic,n15_c25_s21,17,0.8328314551737569
349959,bertopic,n15_c25_s21,11,1.0
350083,bertopic,n15_c25_s21,8,1.0
350165,bertopic,n15_c25_s21,2,0.9578710105775187
350181,bertopic,n15_c25_s21,-1,0.0
350222,bertopic,n15_c25_s21,55,1.0
350316,bertopic,n15_c25_s21,3,1.0
350352,bertopic,n15_c25_s21,54,1.0
350557,bertopic,n15_c25_s21,3,1.0
350743,bertopic,n15_c25_s21,8,0.5456728642434314
350829,bertopic,n15_c25_s21,65,1.0
351208,bertopic,n15_c25_s21,36,0.3149353740380804
351226,bertopic,n15_c25_s21,32,0.11225521232720008
351568,bertopic,n15_c25_s21,26,1.0
352192,bertopic,n15_c25_s21,11,0.9086553412211489
352193,bertopic,n15_c25_s21,-1,0.0
352236,bertopic,n15_c25_s21,3,0.900410492709346
352407,bertopic,n15_c25_s21,19,0.6858136256759726
352440,bertopic,n15_c25_s21,10,0.8055480808890545
352743,bertopic,n15_c25_s21,54,1.0
352773,bertopic,n15_c25_s21,33,1.0
352880,bertopic,n15_c25_s21,41,1.0
353145,bertopic,n15_c25_s21,16,0.5333571851526104
353146,bertopic,n15_c25_s21,3,0.8676556260264175
353420,bertopic,n15_c25_s21,13,1.0
353637,bertopic,n15_c25_s21,-1,0.0
353654,bertopic,n15_c25_s21,14,0.64028776099379
353673,bertopic,n15_c25_s21,3,1.0
353749,bertopic,n15_c25_s21,3,1.0
353850,bertopic,n15_c25_s21,13,0.9860313815178232
354103,bertopic,n15_c25_s21,23,1.0
354136,bertopic,n15_c25_s21,3,1.0
354258,bertopic,n15_c25_s21,-1,0.0
354378,bertopic,n15_c25_s21,13,0.5881546630241128
354406,bertopic,n15_c25_s21,23,1.0
354527,bertopic,n15_c25_s21,-1,0.0
354544,bertopic,n15_c25_s21,0,0.8024031626362537
354997,bertopic,n15_c25_s21,24,1.0
355001,bertopic,n15_c25_s21,20,0.7055127230966822
355024,bertopic,n15_c25_s21,53,1.0
355166,bertopic,n15_c25_s21,29,1.0
355343,bertopic,n15_c25_s21,3,0.7803583311325969
355357,bertopic,n15_c25_s21,41,1.0
355382,bertopic,n15_c25_s21,62,0.9231877433754865
355616,bertopic,n15_c25_s21,3,1.0
355630,bertopic,n15_c25_s21,3,1.0
355774,bertopic,n15_c25_s21,14,0.565136311921165
355792,bertopic,n15_c25_s21,1,1.0
355796,bertopic,n15_c25_s21,0,0.6536611757157941
356281,bertopic,n15_c25_s21,-1,0.0
356855,bertopic,n15_c25_s21,18,1.0
356857,bertopic,n15_c25_s21,7,0.8683444275199819
358357,bertopic,n15_c25_s21,-1,0.0
358395,bertopic,n15_c25_s21,3,0.8107207820814707
358889,bertopic,n15_c25_s21,17,0.9254954721513289
358925,bertopic,n15_c25_s21,24,1.0
358977,bertopic,n15_c25_s21,-1,0.0
359100,bertopic,n15_c25_s21,54,1.0
359205,bertopic,n15_c25_s21,11,1.0
359210,bertopic,n15_c25_s21,1,0.5642096767916738
359607,bertopic,n15_c25_s21,13,1.0
359623,bertopic,n15_c25_s21,58,1.0
359729,bertopic,n15_c25_s21,7,0.7808119400056419
359944,bertopic,n15_c25_s21,40,1.0
360267,bertopic,n15_c25_s21,3,0.9144133311883457
360683,bertopic,n15_c25_s21,54,1.0
360913,bertopic,n15_c25_s21,26,0.9957196909491559
361045,bertopic,n15_c25_s21,12,1.0
361123,bertopic,n15_c25_s21,-1,0.0
361392,bertopic,n15_c25_s21,4,1.0
361594,bertopic,n15_c25_s21,-1,0.0
361804,bertopic,n15_c25_s21,48,1.0
361821,bertopic,n15_c25_s21,0,1.0
361869,bertopic,n15_c25_s21,3,0.7853569898642518
361975,bertopic,n15_c25_s21,11,1.0
362027,bertopic,n15_c25_s21,60,1.0
362116,bertopic,n15_c25_s21,29,0.3692443270501445
362266,bertopic,n15_c25_s21,33,0.4181689600397916
362434,bertopic,n15_c25_s21,0,0.6192816752513325
362435,bertopic,n15_c25_s21,50,0.6327793881951519
362600,bertopic,n15_c25_s21,8,0.3091765799185423
362613,bertopic,n15_c25_s21,-1,0.0
362730,bertopic,n15_c25_s21,3,1.0
362890,bertopic,n15_c25_s21,-1,0.0
362994,bertopic,n15_c25_s21,58,1.0
363081,bertopic,n15_c25_s21,1,1.0
363240,bertopic,n15_c25_s21,43,1.0
363272,bertopic,n15_c25_s21,45,1.0
363322,bertopic,n15_c25_s21,0,0.752914741585559
363461,bertopic,n15_c25_s21,-1,0.0
363508,bertopic,n15_c25_s21,8,0.3091765799185423
363524,bertopic,n15_c25_s21,-1,0.0
363606,bertopic,n15_c25_s21,26,0.2655567303708855
363617,bertopic,n15_c25_s21,23,0.42650586289917475
363767,bertopic,n15_c25_s21,40,1.0
363817,bertopic,n15_c25_s21,3,0.8288319040813302
363954,bertopic,n15_c25_s21,22,1.0
363959,bertopic,n15_c25_s21,-1,0.0
363969,bertopic,n15_c25_s21,22,1.0
364193,bertopic,n15_c25_s21,19,1.0
364226,bertopic,n15_c25_s21,-1,0.0
364252,bertopic,n15_c25_s21,-1,0.0
364285,bertopic,n15_c25_s21,0,0.7380300331347317
364293,bertopic,n15_c25_s21,-1,0.0
364313,bertopic,n15_c25_s21,19,1.0
364340,bertopic,n15_c25_s21,8,0.3091765799185423
364349,bertopic,n15_c25_s21,-1,0.0
364369,bertopic,n15_c25_s21,-1,0.0
364415,bertopic,n15_c25_s21,8,0.45938485306802496
364554,bertopic,n15_c25_s21,3,1.0
364562,bertopic,n15_c25_s21,-1,0.0
364587,bertopic,n15_c25_s21,3,0.8971617220718189
364612,bertopic,n15_c25_s21,3,0.8747874137425333
364613,bertopic,n15_c25_s21,0,0.9516358199115965
364845,bertopic,n15_c25_s21,34,1.0
364986,bertopic,n15_c25_s21,3,1.0
365176,bertopic,n15_c25_s21,5,0.7154310758546168
365354,bertopic,n15_c25_s21,3,1.0
365449,bertopic,n15_c25_s21,-1,0.0
365468,bertopic,n15_c25_s21,21,1.0
365730,bertopic,n15_c25_s21,25,1.0
365767,bertopic,n15_c25_s21,15,1.0
365801,bertopic,n15_c25_s21,12,0.45357730994899365
365804,bertopic,n15_c25_s21,0,1.0
365926,bertopic,n15_c25_s21,5,0.4276489840092175
366285,bertopic,n15_c25_s21,12,1.0
366460,bertopic,n15_c25_s21,-1,0.0
366529,bertopic,n15_c25_s21,29,1.0
366938,bertopic,n15_c25_s21,8,0.3785986758837842
366960,bertopic,n15_c25_s21,1,1.0
367212,bertopic,n15_c25_s21,23,1.0
367554,bertopic,n15_c25_s21,14,0.6036055063355561
367848,bertopic,n15_c25_s21,12,0.45357730994899365
367851,bertopic,n15_c25_s21,0,1.0
367852,bertopic,n15_c25_s21,0,1.0
368018,bertopic,n15_c25_s21,3,0.8945203218882474
368020,bertopic,n15_c25_s21,-1,0.0
368530,bertopic,n15_c25_s21,0,1.0
368560,bertopic,n15_c25_s21,5,1.0
368648,bertopic,n15_c25_s21,0,0.5118959535152804
368729,bertopic,n15_c25_s21,18,1.0
368776,bertopic,n15_c25_s21,3,0.9517178162343999
368900,bertopic,n15_c25_s21,-1,0.0
369104,bertopic,n15_c25_s21,22,1.0
369148,bertopic,n15_c25_s21,0,1.0
369697,bertopic,n15_c25_s21,-1,0.0
370001,bertopic,n15_c25_s21,12,0.9947190038090153
370438,bertopic,n15_c25_s21,12,0.2598470216002713
370542,bertopic,n15_c25_s21,31,0.8898549665078185
370556,bertopic,n15_c25_s21,31,0.9095863104045231
370979,bertopic,n15_c25_s21,-1,0.0
370995,bertopic,n15_c25_s21,18,0.4255271665920487
371086,bertopic,n15_c25_s21,0,1.0
371300,bertopic,n15_c25_s21,-1,0.0
371747,bertopic,n15_c25_s21,8,1.0
371976,bertopic,n15_c25_s21,3,0.8793597514974227
371981,bertopic,n15_c25_s21,-1,0.0
372026,bertopic,n15_c25_s21,3,1.0
372075,bertopic,n15_c25_s21,-1,0.0
372130,bertopic,n15_c25_s21,65,1.0
372378,bertopic,n15_c25_s21,1,1.0
372396,bertopic,n15_c25_s21,-1,0.0
372397,bertopic,n15_c25_s21,48,1.0
372435,bertopic,n15_c25_s21,3,0.9270272583107033
372668,bertopic,n15_c25_s21,-1,0.0
372672,bertopic,n15_c25_s21,0,1.0
372699,bertopic,n15_c25_s21,22,0.8835249235980762
372804,bertopic,n15_c25_s21,11,1.0
372987,bertopic,n15_c25_s21,11,1.0
373063,bertopic,n15_c25_s21,1,1.0
373168,bertopic,n15_c25_s21,23,0.23771470871612574
373318,bertopic,n15_c25_s21,13,0.2622189868288866
373359,bertopic,n15_c25_s21,17,0.8659588993390813
373373,bertopic,n15_c25_s21,6,1.0
373419,bertopic,n15_c25_s21,10,1.0
373440,bertopic,n15_c25_s21,2,1.0
373453,bertopic,n15_c25_s21,39,1.0
373536,bertopic,n15_c25_s21,2,1.0
373541,bertopic,n15_c25_s21,31,1.0
373567,bertopic,n15_c25_s21,9,0.14540449193620775
373686,bertopic,n15_c25_s21,66,1.0
373970,bertopic,n15_c25_s21,3,1.0
374413,bertopic,n15_c25_s21,10,1.0
374489,bertopic,n15_c25_s21,1,1.0
374496,bertopic,n15_c25_s21,1,1.0
374611,bertopic,n15_c25_s21,29,0.8318114087853752
374634,bertopic,n15_c25_s21,3,1.0
374666,bertopic,n15_c25_s21,4,0.836542748668585
374801,bertopic,n15_c25_s21,39,0.8027647529093485
375062,bertopic,n15_c25_s21,6,0.23751362621404917
375111,bertopic,n15_c25_s21,32,0.11225521232720008
375119,bertopic,n15_c25_s21,30,1.0
375210,bertopic,n15_c25_s21,3,1.0
375223,bertopic,n15_c25_s21,2,0.8469778029231967
375243,bertopic,n15_c25_s21,9,0.12502910290306787
375381,bertopic,n15_c25_s21,3,1.0
375590,bertopic,n15_c25_s21,-1,0.0
375608,bertopic,n15_c25_s21,3,1.0
375682,bertopic,n15_c25_s21,3,0.9069217091729519
375820,bertopic,n15_c25_s21,24,0.4432590802541923
375824,bertopic,n15_c25_s21,8,0.3119206448774395
376330,bertopic,n15_c25_s21,-1,0.0
376554,bertopic,n15_c25_s21,56,1.0
376828,bertopic,n15_c25_s21,11,1.0
376939,bertopic,n15_c25_s21,-1,0.0
377253,bertopic,n15_c25_s21,1,1.0
377373,bertopic,n15_c25_s21,0,1.0
377897,bertopic,n15_c25_s21,14,0.7114587207131167
377918,bertopic,n15_c25_s21,37,0.392469527102628
377955,bertopic,n15_c25_s21,6,1.0
378167,bertopic,n15_c25_s21,1,1.0
378248,bertopic,n15_c25_s21,43,0.5797231682096201
378413,bertopic,n15_c25_s21,23,0.23771470871612574
378472,bertopic,n15_c25_s21,-1,0.0
378868,bertopic,n15_c25_s21,0,1.0
379171,bertopic,n15_c25_s21,3,1.0
379369,bertopic,n15_c25_s21,17,0.8602733454602425
379568,bertopic,n15_c25_s21,-1,0.0
379757,bertopic,n15_c25_s21,17,1.0
379842,bertopic,n15_c25_s21,4,0.7083329070291325
379954,bertopic,n15_c25_s21,64,1.0
380168,bertopic,n15_c25_s21,2,0.7401221881241496
380169,bertopic,n15_c25_s21,17,0.9445017331778217
380170,bertopic,n15_c25_s21,3,1.0
380179,bertopic,n15_c25_s21,5,1.0
380361,bertopic,n15_c25_s21,5,1.0
380406,bertopic,n15_c25_s21,-1,0.0
380732,bertopic,n15_c25_s21,3,1.0
381397,bertopic,n15_c25_s21,1,0.5642096767916738
381731,bertopic,n15_c25_s21,34,1.0
382628,bertopic,n15_c25_s21,-1,0.0
382913,bertopic,n15_c25_s21,-1,0.0
383177,bertopic,n15_c25_s21,16,0.30374745931357583
383402,bertopic,n15_c25_s21,34,1.0
383442,bertopic,n15_c25_s21,50,1.0
383664,bertopic,n15_c25_s21,11,1.0
384102,bertopic,n15_c25_s21,2,1.0
384199,bertopic,n15_c25_s21,3,0.9247070005934136
384438,bertopic,n15_c25_s21,15,0.32281283676902
384749,bertopic,n15_c25_s21,2,1.0
384797,bertopic,n15_c25_s21,18,0.4255271665920487
384900,bertopic,n15_c25_s21,2,0.8984778922385039
385053,bertopic,n15_c25_s21,31,1.0
385102,bertopic,n15_c25_s21,54,0.968078055189966
385220,bertopic,n15_c25_s21,17,0.9469643065047546
385277,bertopic,n15_c25_s21,11,1.0
385397,bertopic,n15_c25_s21,10,0.38224980215793203
385591,bertopic,n15_c25_s21,-1,0.0
385771,bertopic,n15_c25_s21,48,1.0
385791,bertopic,n15_c25_s21,2,1.0
385819,bertopic,n15_c25_s21,3,0.892659003615374
385918,bertopic,n15_c25_s21,6,1.0
386722,bertopic,n15_c25_s21,-1,0.0
387235,bertopic,n15_c25_s21,0,1.0
389475,bertopic,n15_c25_s21,6,1.0
390533,bertopic,n15_c25_s21,8,1.0
390564,bertopic,n15_c25_s21,12,0.40887871712177776
392330,bertopic,n15_c25_s21,58,1.0
393831,bertopic,n15_c25_s21,19,0.8117137698112145
394655,bertopic,n15_c25_s21,0,1.0
395842,bertopic,n15_c25_s21,-1,0.0
397292,bertopic,n15_c25_s21,3,0.7867039195335912
397671,bertopic,n15_c25_s21,9,0.534551049665921
398523,bertopic,n15_c25_s21,49,1.0
399236,bertopic,n15_c25_s21,47,1.0
399758,bertopic,n15_c25_s21,54,1.0
399794,bertopic,n15_c25_s21,1,1.0
399796,bertopic,n15_c25_s21,-1,0.0
399896,bertopic,n15_c25_s21,31,0.669824484539445
399942,bertopic,n15_c25_s21,15,0.8452951909555931
399951,bertopic,n15_c25_s21,9,0.12502910290306787
400011,bertopic,n15_c25_s21,10,1.0
400030,bertopic,n15_c25_s21,14,0.64028776099379
400052,bertopic,n15_c25_s21,-1,0.0
400095,bertopic,n15_c25_s21,11,1.0
400125,bertopic,n15_c25_s21,23,0.23771470871612574
400335,bertopic,n15_c25_s21,58,1.0
400337,bertopic,n15_c25_s21,33,1.0
400390,bertopic,n15_c25_s21,-1,0.0
400458,bertopic,n15_c25_s21,38,0.12104938553813605
400841,bertopic,n15_c25_s21,50,1.0
400868,bertopic,n15_c25_s21,1,0.845361094809191
400956,bertopic,n15_c25_s21,23,0.6474563178194377
400994,bertopic,n15_c25_s21,54,1.0
401406,bertopic,n15_c25_s21,0,1.0
401542,bertopic,n15_c25_s21,31,1.0
401596,bertopic,n15_c25_s21,41,0.7869235620206784
402065,bertopic,n15_c25_s21,-1,0.0
402458,bertopic,n15_c25_s21,20,0.36483217332286694
402907,bertopic,n15_c25_s21,8,0.3091765799185423
403133,bertopic,n15_c25_s21,-1,0.0
403359,bertopic,n15_c25_s21,1,1.0
403437,bertopic,n15_c25_s21,5,1.0
403993,bertopic,n15_c25_s21,9,0.12502910290306787
404356,bertopic,n15_c25_s21,34,1.0
404748,bertopic,n15_c25_s21,53,1.0
405026,bertopic,n15_c25_s21,-1,0.0
405270,bertopic,n15_c25_s21,25,1.0
405488,bertopic,n15_c25_s21,34,1.0
405909,bertopic,n15_c25_s21,40,1.0
406072,bertopic,n15_c25_s21,13,0.4037986418315619
406162,bertopic,n15_c25_s21,6,1.0
406192,bertopic,n15_c25_s21,10,0.5409625568462568
406273,bertopic,n15_c25_s21,34,0.5558172946430171
406310,bertopic,n15_c25_s21,13,0.276442459799801
406331,bertopic,n15_c25_s21,-1,0.0
406364,bertopic,n15_c25_s21,35,1.0
406509,bertopic,n15_c25_s21,1,0.9760439321188624
406638,bertopic,n15_c25_s21,17,1.0
406642,bertopic,n15_c25_s21,13,0.6276657034857657
406712,bertopic,n15_c25_s21,10,0.46277674198319974
406733,bertopic,n15_c25_s21,5,0.5047690753436119
406856,bertopic,n15_c25_s21,4,0.8832403208436341
406872,bertopic,n15_c25_s21,11,0.9086553412211489
407706,bertopic,n15_c25_s21,9,0.12502910290306787
408607,bertopic,n15_c25_s21,1,1.0
409005,bertopic,n15_c25_s21,39,0.3546379995449073
409869,bertopic,n15_c25_s21,24,0.37820299610028035
410378,bertopic,n15_c25_s21,2,0.7401221881241496
410422,bertopic,n15_c25_s21,30,0.4947485303771519
410469,bertopic,n15_c25_s21,50,0.12864796955098856
410583,bertopic,n15_c25_s21,25,1.0
410601,bertopic,n15_c25_s21,-1,0.0
410602,bertopic,n15_c25_s21,4,1.0
410639,bertopic,n15_c25_s21,17,0.7587808924056421
410714,bertopic,n15_c25_s21,9,0.14540449193620775
410730,bertopic,n15_c25_s21,-1,0.0
410770,bertopic,n15_c25_s21,10,0.7881719916207812
410793,bertopic,n15_c25_s21,25,1.0
410812,bertopic,n15_c25_s21,52,0.6894947387944823
410824,bertopic,n15_c25_s21,30,1.0
410850,bertopic,n15_c25_s21,69,1.0
410941,bertopic,n15_c25_s21,3,1.0
410967,bertopic,n15_c25_s21,0,1.0
411099,bertopic,n15_c25_s21,25,0.15830826094431272
411227,bertopic,n15_c25_s21,-1,0.0
411242,bertopic,n15_c25_s21,54,1.0
411446,bertopic,n15_c25_s21,0,1.0
411475,bertopic,n15_c25_s21,4,1.0
411549,bertopic,n15_c25_s21,23,0.9715988980665634
411566,bertopic,n15_c25_s21,9,0.14540449193620775
411571,bertopic,n15_c25_s21,14,0.6036055063355561
411583,bertopic,n15_c25_s21,1,1.0
411584,bertopic,n15_c25_s21,52,1.0
411605,bertopic,n15_c25_s21,15,0.6854418091907242
411714,bertopic,n15_c25_s21,50,1.0
412054,bertopic,n15_c25_s21,21,0.5332735971855508
412209,bertopic,n15_c25_s21,-1,0.0
412276,bertopic,n15_c25_s21,7,0.6277707906000721
412349,bertopic,n15_c25_s21,11,1.0
413027,bertopic,n15_c25_s21,6,1.0
413813,bertopic,n15_c25_s21,-1,0.0
413883,bertopic,n15_c25_s21,60,0.8964261194647947
414006,bertopic,n15_c25_s21,1,1.0
414031,bertopic,n15_c25_s21,0,1.0
414299,bertopic,n15_c25_s21,32,1.0
414612,bertopic,n15_c25_s21,15,0.49813005637893215
414743,bertopic,n15_c25_s21,66,1.0
415423,bertopic,n15_c25_s21,2,1.0
415781,bertopic,n15_c25_s21,2,1.0
415795,bertopic,n15_c25_s21,10,0.8611825779876284
415888,bertopic,n15_c25_s21,-1,0.0
415973,bertopic,n15_c25_s21,4,1.0
416061,bertopic,n15_c25_s21,-1,0.0
416180,bertopic,n15_c25_s21,30,0.36503564369660435
416309,bertopic,n15_c25_s21,32,0.11225521232720008
416588,bertopic,n15_c25_s21,11,1.0
416664,bertopic,n15_c25_s21,-1,0.0
416737,bertopic,n15_c25_s21,-1,0.0
416743,bertopic,n15_c25_s21,26,0.448853773568442
416754,bertopic,n15_c25_s21,50,1.0
416785,bertopic,n15_c25_s21,4,0.7117294153450735
416805,bertopic,n15_c25_s21,9,0.14540449193620775
416814,bertopic,n15_c25_s21,51,1.0
416834,bertopic,n15_c25_s21,0,1.0
416863,bertopic,n15_c25_s21,1,1.0
417199,bertopic,n15_c25_s21,-1,0.0
417221,bertopic,n15_c25_s21,42,0.853171061059718
417252,bertopic,n15_c25_s21,2,1.0
417296,bertopic,n15_c25_s21,-1,0.0
417325,bertopic,n15_c25_s21,14,0.7169628260500962
417779,bertopic,n15_c25_s21,11,1.0
417863,bertopic,n15_c25_s21,9,0.5908988148976061
418042,bertopic,n15_c25_s21,31,0.6352663367912403
418249,bertopic,n15_c25_s21,1,0.5642096767916738
418389,bertopic,n15_c25_s21,8,1.0
418544,bertopic,n15_c25_s21,50,1.0
418940,bertopic,n15_c25_s21,15,0.2662120421669881
419092,bertopic,n15_c25_s21,9,0.5971698429579462
419200,bertopic,n15_c25_s21,7,0.9151901709358928
419293,bertopic,n15_c25_s21,54,1.0
419579,bertopic,n15_c25_s21,39,1.0
419946,bertopic,n15_c25_s21,3,0.9466296637481678
420359,bertopic,n15_c25_s21,-1,0.0
421213,bertopic,n15_c25_s21,12,0.45357730994899365
421370,bertopic,n15_c25_s21,-1,0.0
421384,bertopic,n15_c25_s21,50,1.0
421399,bertopic,n15_c25_s21,14,1.0
421523,bertopic,n15_c25_s21,1,1.0
421641,bertopic,n15_c25_s21,17,0.7789454378683385
421682,bertopic,n15_c25_s21,0,0.47954917750408205
421828,bertopic,n15_c25_s21,21,0.5332735971855508
421981,bertopic,n15_c25_s21,31,1.0
422047,bertopic,n15_c25_s21,11,0.9086553412211489
422084,bertopic,n15_c25_s21,26,1.0
422272,bertopic,n15_c25_s21,66,1.0
422645,bertopic,n15_c25_s21,29,0.3125547244721071
424106,bertopic,n15_c25_s21,9,0.14540449193620775
424374,bertopic,n15_c25_s21,25,1.0
424711,bertopic,n15_c25_s21,3,0.8107218789715389
425154,bertopic,n15_c25_s21,0,1.0
425202,bertopic,n15_c25_s21,-1,0.0
425300,bertopic,n15_c25_s21,54,1.0
425664,bertopic,n15_c25_s21,21,0.914699467168344
425830,bertopic,n15_c25_s21,16,0.30374745931357583
426180,bertopic,n15_c25_s21,-1,0.0
426210,bertopic,n15_c25_s21,0,1.0
426230,bertopic,n15_c25_s21,-1,0.0
426323,bertopic,n15_c25_s21,4,0.6997749761472899
426452,bertopic,n15_c25_s21,-1,0.0
426476,bertopic,n15_c25_s21,61,1.0
426614,bertopic,n15_c25_s21,29,0.3125547244721071
426646,bertopic,n15_c25_s21,-1,0.0
426700,bertopic,n15_c25_s21,64,1.0
427023,bertopic,n15_c25_s21,10,0.6431187398703121
427185,bertopic,n15_c25_s21,4,1.0
427552,bertopic,n15_c25_s21,21,1.0
427604,bertopic,n15_c25_s21,64,0.744791751597848
427932,bertopic,n15_c25_s21,18,0.42133600966856116
427942,bertopic,n15_c25_s21,29,1.0
428456,bertopic,n15_c25_s21,10,1.0
428710,bertopic,n15_c25_s21,23,1.0
429070,bertopic,n15_c25_s21,14,0.565136311921165
429410,bertopic,n15_c25_s21,6,1.0
429420,bertopic,n15_c25_s21,69,1.0
429948,bertopic,n15_c25_s21,18,0.4255271665920487
429993,bertopic,n15_c25_s21,50,1.0
430143,bertopic,n15_c25_s21,2,1.0
430348,bertopic,n15_c25_s21,-1,0.0
430368,bertopic,n15_c25_s21,9,0.14540449193620775
430380,bertopic,n15_c25_s21,-1,0.0
430542,bertopic,n15_c25_s21,4,1.0
430739,bertopic,n15_c25_s21,13,0.32383853435330456
430874,bertopic,n15_c25_s21,18,0.6844744648754199
431240,bertopic,n15_c25_s21,15,0.6805671298914862
431280,bertopic,n15_c25_s21,-1,0.0
431405,bertopic,n15_c25_s21,0,1.0
431716,bertopic,n15_c25_s21,-1,0.0
431737,bertopic,n15_c25_s21,1,1.0
431838,bertopic,n15_c25_s21,1,1.0
431928,bertopic,n15_c25_s21,-1,0.0
431987,bertopic,n15_c25_s21,55,1.0
432036,bertopic,n15_c25_s21,10,0.4068697652965849
432064,bertopic,n15_c25_s21,14,0.6036055063355561
432081,bertopic,n15_c25_s21,10,1.0
432128,bertopic,n15_c25_s21,5,0.3749828852740976
432142,bertopic,n15_c25_s21,1,1.0
432188,bertopic,n15_c25_s21,15,0.45306527916217154
432201,bertopic,n15_c25_s21,39,0.36898716826557926
432273,bertopic,n15_c25_s21,2,1.0
432282,bertopic,n15_c25_s21,6,0.26588626435390644
432293,bertopic,n15_c25_s21,-1,0.0
432308,bertopic,n15_c25_s21,22,1.0
432405,bertopic,n15_c25_s21,31,1.0
432500,bertopic,n15_c25_s21,61,0.9015318910381767
432573,bertopic,n15_c25_s21,-1,0.0
432874,bertopic,n15_c25_s21,8,0.354402012346996
432956,bertopic,n15_c25_s21,33,1.0
433026,bertopic,n15_c25_s21,54,1.0
433050,bertopic,n15_c25_s21,48,1.0
433217,bertopic,n15_c25_s21,9,0.14540449193620775
433539,bertopic,n15_c25_s21,2,1.0
433811,bertopic,n15_c25_s21,36,0.3149353740380804
433844,bertopic,n15_c25_s21,23,0.23771470871612574
433901,bertopic,n15_c25_s21,65,1.0
434863,bertopic,n15_c25_s21,20,0.7035666822380038
435016,bertopic,n15_c25_s21,1,0.9822855793679965
435344,bertopic,n15_c25_s21,11,0.9749548833249843
435632,bertopic,n15_c25_s21,33,1.0
435705,bertopic,n15_c25_s21,-1,0.0
435972,bertopic,n15_c25_s21,17,0.8021606743697997
435994,bertopic,n15_c25_s21,-1,0.0
436015,bertopic,n15_c25_s21,22,0.5617685149162538
436192,bertopic,n15_c25_s21,-1,0.0
436354,bertopic,n15_c25_s21,4,1.0
436430,bertopic,n15_c25_s21,33,1.0
436472,bertopic,n15_c25_s21,34,0.8106551125979051
436500,bertopic,n15_c25_s21,-1,0.0
436545,bertopic,n15_c25_s21,26,0.5793565555233836
436747,bertopic,n15_c25_s21,9,0.14540449193620775
436820,bertopic,n15_c25_s21,52,1.0
436919,bertopic,n15_c25_s21,6,1.0
436961,bertopic,n15_c25_s21,14,0.8589141125190028
436965,bertopic,n15_c25_s21,4,1.0
437039,bertopic,n15_c25_s21,-1,0.0
437146,bertopic,n15_c25_s21,18,0.42133600966856116
437291,bertopic,n15_c25_s21,-1,0.0
437371,bertopic,n15_c25_s21,1,1.0
437429,bertopic,n15_c25_s21,14,0.565136311921165
437446,bertopic,n15_c25_s21,1,1.0
437461,bertopic,n15_c25_s21,-1,0.0
437471,bertopic,n15_c25_s21,5,0.6950935965240876
437519,bertopic,n15_c25_s21,15,0.5161438940128489
437537,bertopic,n15_c25_s21,4,0.7664269505749111
437582,bertopic,n15_c25_s21,15,0.45306527916217154
438876,bertopic,n15_c25_s21,2,1.0
438905,bertopic,n15_c25_s21,11,0.9086553412211489
438920,bertopic,n15_c25_s21,58,0.7313055260009242
439044,bertopic,n15_c25_s21,11,1.0
439481,bertopic,n15_c25_s21,33,1.0
439601,bertopic,n15_c25_s21,-1,0.0
439609,bertopic,n15_c25_s21,15,0.8931817080671995
439833,bertopic,n15_c25_s21,3,0.7733049335572765
439902,bertopic,n15_c25_s21,4,0.855739347404444
440280,bertopic,n15_c25_s21,22,0.25331221099723616
440299,bertopic,n15_c25_s21,7,0.41582945550050704
440355,bertopic,n15_c25_s21,17,0.787404911360316
440418,bertopic,n15_c25_s21,2,1.0
440443,bertopic,n15_c25_s21,11,1.0
440529,bertopic,n15_c25_s21,25,0.24531658614207183
440690,bertopic,n15_c25_s21,4,1.0
440719,bertopic,n15_c25_s21,1,1.0
440801,bertopic,n15_c25_s21,34,1.0
440806,bertopic,n15_c25_s21,15,0.47174658606551256
440908,bertopic,n15_c25_s21,3,0.9751012612556391
440919,bertopic,n15_c25_s21,13,0.46408897850694475
440924,bertopic,n15_c25_s21,8,0.3551103077110279
440955,bertopic,n15_c25_s21,3,1.0
441037,bertopic,n15_c25_s21,8,0.3857602170327451
441127,bertopic,n15_c25_s21,0,1.0
441312,bertopic,n15_c25_s21,14,1.0
441314,bertopic,n15_c25_s21,12,0.45357730994899365
441480,bertopic,n15_c25_s21,26,0.5908770051542396
441491,bertopic,n15_c25_s21,23,0.9715988980665634
441563,bertopic,n15_c25_s21,11,1.0
441624,bertopic,n15_c25_s21,26,0.8130837458058605
441717,bertopic,n15_c25_s21,21,0.914699467168344
441964,bertopic,n15_c25_s21,29,0.3125547244721071
442031,bertopic,n15_c25_s21,2,1.0
442054,bertopic,n15_c25_s21,6,1.0
442293,bertopic,n15_c25_s21,-1,0.0
442316,bertopic,n15_c25_s21,12,0.2680944648532792
442463,bertopic,n15_c25_s21,8,1.0
442476,bertopic,n15_c25_s21,4,1.0
442486,bertopic,n15_c25_s21,1,1.0
442635,bertopic,n15_c25_s21,43,0.5353746733623403
442647,bertopic,n15_c25_s21,19,1.0
442817,bertopic,n15_c25_s21,17,1.0
442842,bertopic,n15_c25_s21,10,0.4068697652965849
442873,bertopic,n15_c25_s21,0,0.9527263188839094
442900,bertopic,n15_c25_s21,3,0.9518642949579187
443029,bertopic,n15_c25_s21,9,0.345281754341546
443179,bertopic,n15_c25_s21,-1,0.0
443180,bertopic,n15_c25_s21,17,0.7776875250947044
443196,bertopic,n15_c25_s21,-1,0.0
443393,bertopic,n15_c25_s21,2,1.0
443401,bertopic,n15_c25_s21,17,1.0
443405,bertopic,n15_c25_s21,7,0.6277707906000721
443462,bertopic,n15_c25_s21,5,1.0
443555,bertopic,n15_c25_s21,1,1.0
443618,bertopic,n15_c25_s21,34,0.8525181023259586
443777,bertopic,n15_c25_s21,24,0.32825200280913774
443843,bertopic,n15_c25_s21,13,0.38399869104829104
443870,bertopic,n15_c25_s21,1,1.0
443871,bertopic,n15_c25_s21,1,1.0
444055,bertopic,n15_c25_s21,13,0.803334657039455
444057,bertopic,n15_c25_s21,17,1.0
444104,bertopic,n15_c25_s21,-1,0.0
444181,bertopic,n15_c25_s21,38,0.5321586199394172
444344,bertopic,n15_c25_s21,8,0.37735191806656837
444371,bertopic,n15_c25_s21,-1,0.0
444439,bertopic,n15_c25_s21,69,1.0
444561,bertopic,n15_c25_s21,29,0.3125547244721071
444803,bertopic,n15_c25_s21,49,1.0
444832,bertopic,n15_c25_s21,11,1.0
445494,bertopic,n15_c25_s21,3,1.0
445857,bertopic,n15_c25_s21,5,1.0
445867,bertopic,n15_c25_s21,14,0.6036055063355561
445956,bertopic,n15_c25_s21,6,1.0
446064,bertopic,n15_c25_s21,4,0.9923823733332545
446319,bertopic,n15_c25_s21,-1,0.0
446324,bertopic,n15_c25_s21,24,0.18856286579701645
446379,bertopic,n15_c25_s21,1,1.0
446490,bertopic,n15_c25_s21,15,1.0
446522,bertopic,n15_c25_s21,9,0.14540449193620775
446581,bertopic,n15_c25_s21,-1,0.0
446623,bertopic,n15_c25_s21,-1,0.0
446710,bertopic,n15_c25_s21,-1,0.0
446777,bertopic,n15_c25_s21,1,1.0
446902,bertopic,n15_c25_s21,19,0.5574844176917814
446927,bertopic,n15_c25_s21,-1,0.0
446956,bertopic,n15_c25_s21,32,0.11225521232720008
446957,bertopic,n15_c25_s21,49,1.0
446958,bertopic,n15_c25_s21,37,0.42327357372661434
447010,bertopic,n15_c25_s21,53,1.0
447073,bertopic,n15_c25_s21,9,0.12502910290306787
447095,bertopic,n15_c25_s21,17,0.9091303704019053
447123,bertopic,n15_c25_s21,11,1.0
447125,bertopic,n15_c25_s21,8,0.35798067451947124
447429,bertopic,n15_c25_s21,1,1.0
449355,bertopic,n15_c25_s21,31,0.767637346080199
449680,bertopic,n15_c25_s21,9,0.6490669954551053
450038,bertopic,n15_c25_s21,1,1.0
450056,bertopic,n15_c25_s21,50,1.0
450066,bertopic,n15_c25_s21,49,1.0
450128,bertopic,n15_c25_s21,9,0.12502910290306787
450227,bertopic,n15_c25_s21,23,1.0
450231,bertopic,n15_c25_s21,7,0.38989556130333075
450272,bertopic,n15_c25_s21,3,1.0
450292,bertopic,n15_c25_s21,42,1.0
450360,bertopic,n15_c25_s21,2,1.0
450364,bertopic,n15_c25_s21,8,0.9789450960986528
450446,bertopic,n15_c25_s21,0,1.0
450553,bertopic,n15_c25_s21,17,0.8012633823095298
450596,bertopic,n15_c25_s21,32,1.0
450715,bertopic,n15_c25_s21,3,1.0
450766,bertopic,n15_c25_s21,45,1.0
450804,bertopic,n15_c25_s21,33,0.4780482478495732
450805,bertopic,n15_c25_s21,55,1.0
451002,bertopic,n15_c25_s21,-1,0.0
451025,bertopic,n15_c25_s21,-1,0.0
451077,bertopic,n15_c25_s21,3,1.0
451223,bertopic,n15_c25_s21,21,1.0
453369,bertopic,n15_c25_s21,-1,0.0
453386,bertopic,n15_c25_s21,19,1.0
453392,bertopic,n15_c25_s21,10,0.5620185433721199
453457,bertopic,n15_c25_s21,-1,0.0
453459,bertopic,n15_c25_s21,9,0.12502910290306787
453483,bertopic,n15_c25_s21,15,0.45306527916217154
453595,bertopic,n15_c25_s21,7,0.38989556130333075
453643,bertopic,n15_c25_s21,0,1.0
453678,bertopic,n15_c25_s21,-1,0.0
453699,bertopic,n15_c25_s21,14,0.6036055063355561
453721,bertopic,n15_c25_s21,-1,0.0
453738,bertopic,n15_c25_s21,-1,0.0
453778,bertopic,n15_c25_s21,-1,0.0
453786,bertopic,n15_c25_s21,9,0.14540449193620775
453843,bertopic,n15_c25_s21,4,0.9602937514178723
453858,bertopic,n15_c25_s21,38,1.0
454168,bertopic,n15_c25_s21,-1,0.0
454675,bertopic,n15_c25_s21,32,1.0
455316,bertopic,n15_c25_s21,54,1.0
455374,bertopic,n15_c25_s21,10,0.6681098655835503
455404,bertopic,n15_c25_s21,44,1.0
455502,bertopic,n15_c25_s21,8,0.37673544536660963
455676,bertopic,n15_c25_s21,4,0.9337271224221361
455693,bertopic,n15_c25_s21,15,0.7614094347426588
456011,bertopic,n15_c25_s21,30,1.0
456920,bertopic,n15_c25_s21,47,1.0
457247,bertopic,n15_c25_s21,-1,0.0
457271,bertopic,n15_c25_s21,15,1.0
457301,bertopic,n15_c25_s21,23,0.9715988980665634
457323,bertopic,n15_c25_s21,1,1.0
457352,bertopic,n15_c25_s21,8,0.4091918778192822
457417,bertopic,n15_c25_s21,-1,0.0
457430,bertopic,n15_c25_s21,25,1.0
457438,bertopic,n15_c25_s21,2,1.0
457513,bertopic,n15_c25_s21,6,0.24595739456006482
457530,bertopic,n15_c25_s21,-1,0.0
457574,bertopic,n15_c25_s21,12,1.0
457646,bertopic,n15_c25_s21,65,1.0
457650,bertopic,n15_c25_s21,32,1.0
457678,bertopic,n15_c25_s21,30,0.5101925190139491
457682,bertopic,n15_c25_s21,4,1.0
457758,bertopic,n15_c25_s21,-1,0.0
458664,bertopic,n15_c25_s21,21,1.0
459503,bertopic,n15_c25_s21,2,1.0
459535,bertopic,n15_c25_s21,7,1.0
459544,bertopic,n15_c25_s21,5,1.0
459576,bertopic,n15_c25_s21,12,1.0
459584,bertopic,n15_c25_s21,-1,0.0
459605,bertopic,n15_c25_s21,3,1.0
459618,bertopic,n15_c25_s21,11,0.7090145618427641
459658,bertopic,n15_c25_s21,3,1.0
459684,bertopic,n15_c25_s21,19,0.5574844176917814
459724,bertopic,n15_c25_s21,9,0.5899430461785464
459733,bertopic,n15_c25_s21,15,1.0
459735,bertopic,n15_c25_s21,38,1.0
459768,bertopic,n15_c25_s21,39,1.0
459774,bertopic,n15_c25_s21,11,1.0
459887,bertopic,n15_c25_s21,4,1.0
459888,bertopic,n15_c25_s21,33,0.8439086049158945
459900,bertopic,n15_c25_s21,-1,0.0
459918,bertopic,n15_c25_s21,5,0.953107221936565
459969,bertopic,n15_c25_s21,-1,0.0
460287,bertopic,n15_c25_s21,0,1.0
461040,bertopic,n15_c25_s21,18,1.0
461287,bertopic,n15_c25_s21,6,1.0
461333,bertopic,n15_c25_s21,1,1.0
461337,bertopic,n15_c25_s21,49,1.0
461387,bertopic,n15_c25_s21,2,1.0
461399,bertopic,n15_c25_s21,-1,0.0
461405,bertopic,n15_c25_s21,11,1.0
461467,bertopic,n15_c25_s21,50,1.0
461530,bertopic,n15_c25_s21,4,0.8745598792209561
461544,bertopic,n15_c25_s21,-1,0.0
461612,bertopic,n15_c25_s21,29,0.3125547244721071
461658,bertopic,n15_c25_s21,-1,0.0
461704,bertopic,n15_c25_s21,13,0.5988366737521107
461751,bertopic,n15_c25_s21,4,1.0
461759,bertopic,n15_c25_s21,18,0.5774410906021088
462095,bertopic,n15_c25_s21,6,0.14036532925403494
463196,bertopic,n15_c25_s21,0,1.0
463323,bertopic,n15_c25_s21,1,0.845361094809191
463443,bertopic,n15_c25_s21,-1,0.0
463533,bertopic,n15_c25_s21,23,0.9715988980665634
463575,bertopic,n15_c25_s21,32,1.0
463653,bertopic,n15_c25_s21,12,1.0
463679,bertopic,n15_c25_s21,-1,0.0
463689,bertopic,n15_c25_s21,17,0.7910213263742656
463804,bertopic,n15_c25_s21,17,0.9383610808497828
463935,bertopic,n15_c25_s21,-1,0.0
464032,bertopic,n15_c25_s21,21,0.914699467168344
464041,bertopic,n15_c25_s21,9,0.14540449193620775
464042,bertopic,n15_c25_s21,-1,0.0
464082,bertopic,n15_c25_s21,19,0.8117137698112145
464092,bertopic,n15_c25_s21,4,1.0
464100,bertopic,n15_c25_s21,2,1.0
464111,bertopic,n15_c25_s21,34,0.7314181387920988
464208,bertopic,n15_c25_s21,31,1.0
464536,bertopic,n15_c25_s21,54,1.0
465432,bertopic,n15_c25_s21,18,0.8892664768754037
465781,bertopic,n15_c25_s21,-1,0.0
465844,bertopic,n15_c25_s21,7,0.38989556130333075
465866,bertopic,n15_c25_s21,-1,0.0
465913,bertopic,n15_c25_s21,17,0.8628889531995716
465926,bertopic,n15_c25_s21,38,1.0
465945,bertopic,n15_c25_s21,-1,0.0
466029,bertopic,n15_c25_s21,4,1.0
466125,bertopic,n15_c25_s21,1,1.0
466164,bertopic,n15_c25_s21,50,1.0
466207,bertopic,n15_c25_s21,4,0.7117294153450735
466216,bertopic,n15_c25_s21,1,1.0
466336,bertopic,n15_c25_s21,21,0.7460274866422874
466399,bertopic,n15_c25_s21,1,0.5642096767916738
466437,bertopic,n15_c25_s21,1,1.0
466467,bertopic,n15_c25_s21,8,0.38797471529055044
466476,bertopic,n15_c25_s21,-1,0.0
466492,bertopic,n15_c25_s21,4,1.0
466520,bertopic,n15_c25_s21,54,1.0
467327,bertopic,n15_c25_s21,38,0.2306385033751061
467945,bertopic,n15_c25_s21,9,0.12502910290306787
468316,bertopic,n15_c25_s21,21,1.0
468557,bertopic,n15_c25_s21,15,0.49813005637893215
468562,bertopic,n15_c25_s21,26,1.0
468595,bertopic,n15_c25_s21,47,1.0
468651,bertopic,n15_c25_s21,12,0.6578930805512075
468652,bertopic,n15_c25_s21,0,0.7036494894975481
469100,bertopic,n15_c25_s21,1,1.0
469225,bertopic,n15_c25_s21,3,1.0
469920,bertopic,n15_c25_s21,-1,0.0
471063,bertopic,n15_c25_s21,-1,0.0
471085,bertopic,n15_c25_s21,40,1.0
471416,bertopic,n15_c25_s21,4,1.0
471430,bertopic,n15_c25_s21,5,0.8074219816184595
471445,bertopic,n15_c25_s21,-1,0.0
471638,bertopic,n15_c25_s21,19,1.0
471661,bertopic,n15_c25_s21,-1,0.0
471675,bertopic,n15_c25_s21,-1,0.0
471703,bertopic,n15_c25_s21,48,1.0
471759,bertopic,n15_c25_s21,0,1.0
471912,bertopic,n15_c25_s21,17,0.8793084842032695
471933,bertopic,n15_c25_s21,17,0.7958246434304155
471939,bertopic,n15_c25_s21,61,1.0
471973,bertopic,n15_c25_s21,4,1.0
473216,bertopic,n15_c25_s21,-1,0.0
473286,bertopic,n15_c25_s21,37,0.42327357372661434
473793,bertopic,n15_c25_s21,7,0.38989556130333075
474289,bertopic,n15_c25_s21,48,1.0
474337,bertopic,n15_c25_s21,64,1.0
474487,bertopic,n15_c25_s21,33,0.9272282537450327
474538,bertopic,n15_c25_s21,3,0.7831878399527293
474898,bertopic,n15_c25_s21,25,0.515896331451765
475795,bertopic,n15_c25_s21,1,0.5642096767916738
476332,bertopic,n15_c25_s21,21,0.70592098241181
476927,bertopic,n15_c25_s21,6,0.5535317314915402
476963,bertopic,n15_c25_s21,-1,0.0
476968,bertopic,n15_c25_s21,18,0.4734850252454452
476978,bertopic,n15_c25_s21,67,1.0
477077,bertopic,n15_c25_s21,36,1.0
477088,bertopic,n15_c25_s21,10,0.8225982915189746
477101,bertopic,n15_c25_s21,26,1.0
477106,bertopic,n15_c25_s21,9,0.4801766558793086
477235,bertopic,n15_c25_s21,-1,0.0
477305,bertopic,n15_c25_s21,8,1.0
477370,bertopic,n15_c25_s21,25,0.31422606175458817
477437,bertopic,n15_c25_s21,-1,0.0
477459,bertopic,n15_c25_s21,15,0.45306527916217154
477539,bertopic,n15_c25_s21,36,0.3149353740380804
477635,bertopic,n15_c25_s21,32,0.11225521232720008
477658,bertopic,n15_c25_s21,37,1.0
477660,bertopic,n15_c25_s21,57,1.0
477682,bertopic,n15_c25_s21,21,0.9028202954717457
478016,bertopic,n15_c25_s21,11,0.9086553412211489
478817,bertopic,n15_c25_s21,10,0.40660122724901593
478943,bertopic,n15_c25_s21,55,0.5544285880069907
479036,bertopic,n15_c25_s21,39,1.0
479099,bertopic,n15_c25_s21,66,1.0
479410,bertopic,n15_c25_s21,10,0.6298775177350523
479415,bertopic,n15_c25_s21,3,1.0
479431,bertopic,n15_c25_s21,54,1.0
479438,bertopic,n15_c25_s21,9,0.12502910290306787
479522,bertopic,n15_c25_s21,7,0.5753813270205684
479581,bertopic,n15_c25_s21,-1,0.0
479583,bertopic,n15_c25_s21,2,1.0
479614,bertopic,n15_c25_s21,5,0.9031506435433037
479619,bertopic,n15_c25_s21,5,0.3769708358134397
479651,bertopic,n15_c25_s21,51,0.6195930203657287
479838,bertopic,n15_c25_s21,1,0.5642096767916738
479873,bertopic,n15_c25_s21,54,1.0
479921,bertopic,n15_c25_s21,29,0.4097894356450266
479926,bertopic,n15_c25_s21,36,0.3149353740380804
479980,bertopic,n15_c25_s21,14,0.64028776099379
479986,bertopic,n15_c25_s21,-1,0.0
480028,bertopic,n15_c25_s21,-1,0.0
480768,bertopic,n15_c25_s21,49,1.0
480783,bertopic,n15_c25_s21,1,0.697447208172974
481646,bertopic,n15_c25_s21,0,1.0
481749,bertopic,n15_c25_s21,1,1.0
481767,bertopic,n15_c25_s21,31,1.0
481820,bertopic,n15_c25_s21,-1,0.0
482152,bertopic,n15_c25_s21,3,0.8288389279040531
482238,bertopic,n15_c25_s21,3,1.0
482241,bertopic,n15_c25_s21,1,1.0
482319,bertopic,n15_c25_s21,-1,0.0
482353,bertopic,n15_c25_s21,54,1.0
482421,bertopic,n15_c25_s21,17,0.966274479918071
482627,bertopic,n15_c25_s21,3,1.0
483784,bertopic,n15_c25_s21,12,1.0
483838,bertopic,n15_c25_s21,12,0.337588753501001
483988,bertopic,n15_c25_s21,-1,0.0
484073,bertopic,n15_c25_s21,-1,0.0
484079,bertopic,n15_c25_s21,-1,0.0
484115,bertopic,n15_c25_s21,11,1.0
484157,bertopic,n15_c25_s21,1,0.46839273057557407
484220,bertopic,n15_c25_s21,-1,0.0
484288,bertopic,n15_c25_s21,10,1.0
484435,bertopic,n15_c25_s21,13,0.276442459799801
484439,bertopic,n15_c25_s21,15,0.49813005637893215
484456,bertopic,n15_c25_s21,25,0.7493077842594724
484608,bertopic,n15_c25_s21,39,1.0
484629,bertopic,n15_c25_s21,1,1.0
484751,bertopic,n15_c25_s21,24,0.3903195266321034
484858,bertopic,n15_c25_s21,-1,0.0
485518,bertopic,n15_c25_s21,-1,0.0
486011,bertopic,n15_c25_s21,11,1.0
486798,bertopic,n15_c25_s21,25,0.20668869309363716
486860,bertopic,n15_c25_s21,3,0.9977009958992203
486861,bertopic,n15_c25_s21,29,0.3125547244721071
486877,bertopic,n15_c25_s21,0,1.0
486978,bertopic,n15_c25_s21,53,1.0
487012,bertopic,n15_c25_s21,23,0.23771470871612574
487016,bertopic,n15_c25_s21,10,0.38106829253817825
487085,bertopic,n15_c25_s21,-1,0.0
487216,bertopic,n15_c25_s21,41,0.8581188034053947
487977,bertopic,n15_c25_s21,15,0.49813005637893215
488172,bertopic,n15_c25_s21,2,1.0
488824,bertopic,n15_c25_s21,18,0.7329420833404766
488825,bertopic,n15_c25_s21,60,1.0
488844,bertopic,n15_c25_s21,-1,0.0
488874,bertopic,n15_c25_s21,30,1.0
488913,bertopic,n15_c25_s21,1,1.0
489064,bertopic,n15_c25_s21,1,1.0
489107,bertopic,n15_c25_s21,16,0.5006715546536336
489114,bertopic,n15_c25_s21,57,1.0
489163,bertopic,n15_c25_s21,30,1.0
489221,bertopic,n15_c25_s21,-1,0.0
489234,bertopic,n15_c25_s21,-1,0.0
489263,bertopic,n15_c25_s21,3,0.9332782813498732
489337,bertopic,n15_c25_s21,-1,0.0
489439,bertopic,n15_c25_s21,33,1.0
489482,bertopic,n15_c25_s21,23,0.23771470871612574
489530,bertopic,n15_c25_s21,57,1.0
489559,bertopic,n15_c25_s21,9,0.1368485788479394
489653,bertopic,n15_c25_s21,22,0.28415101945725213
489735,bertopic,n15_c25_s21,9,0.12615449710444954
489819,bertopic,n15_c25_s21,57,1.0
491067,bertopic,n15_c25_s21,-1,0.0
491375,bertopic,n15_c25_s21,-1,0.0
491428,bertopic,n15_c25_s21,2,1.0
491542,bertopic,n15_c25_s21,11,1.0
491548,bertopic,n15_c25_s21,-1,0.0
491598,bertopic,n15_c25_s21,1,0.5642096767916738
491620,bertopic,n15_c25_s21,7,0.6996295423802236
491822,bertopic,n15_c25_s21,6,1.0
492212,bertopic,n15_c25_s21,0,1.0
493979,bertopic,n15_c25_s21,2,1.0
494027,bertopic,n15_c25_s21,-1,0.0
494031,bertopic,n15_c25_s21,-1,0.0
494115,bertopic,n15_c25_s21,4,1.0
494161,bertopic,n15_c25_s21,5,1.0
494229,bertopic,n15_c25_s21,7,1.0
494282,bertopic,n15_c25_s21,5,0.42363225149181405
494525,bertopic,n15_c25_s21,2,1.0
494626,bertopic,n15_c25_s21,54,1.0
494723,bertopic,n15_c25_s21,14,0.7114587207131167
496131,bertopic,n15_c25_s21,39,1.0
496220,bertopic,n15_c25_s21,-1,0.0
496252,bertopic,n15_c25_s21,10,1.0
496366,bertopic,n15_c25_s21,55,1.0
496445,bertopic,n15_c25_s21,31,1.0
496447,bertopic,n15_c25_s21,50,1.0
496606,bertopic,n15_c25_s21,-1,0.0
496752,bertopic,n15_c25_s21,-1,0.0
496800,bertopic,n15_c25_s21,41,0.6533738204006607
496813,bertopic,n15_c25_s21,-1,0.0
496913,bertopic,n15_c25_s21,14,0.6438364361371712
496952,bertopic,n15_c25_s21,12,1.0
496962,bertopic,n15_c25_s21,-1,0.0
497038,bertopic,n15_c25_s21,31,1.0
497100,bertopic,n15_c25_s21,32,1.0
497255,bertopic,n15_c25_s21,-1,0.0
497274,bertopic,n15_c25_s21,5,1.0
497296,bertopic,n15_c25_s21,-1,0.0
497304,bertopic,n15_c25_s21,42,1.0
497322,bertopic,n15_c25_s21,11,0.9086553412211489
497392,bertopic,n15_c25_s21,-1,0.0
497413,bertopic,n15_c25_s21,-1,0.0
497497,bertopic,n15_c25_s21,22,0.5617685149162538
497505,bertopic,n15_c25_s21,4,1.0
497555,bertopic,n15_c25_s21,-1,0.0
497666,bertopic,n15_c25_s21,21,0.5745451404130024
497718,bertopic,n15_c25_s21,55,1.0
497727,bertopic,n15_c25_s21,9,0.12502910290306787
497750,bertopic,n15_c25_s21,-1,0.0
497856,bertopic,n15_c25_s21,13,0.276442459799801
497874,bertopic,n15_c25_s21,22,0.25331221099723616
497890,bertopic,n15_c25_s21,17,0.8793084842032695
497893,bertopic,n15_c25_s21,25,1.0
498063,bertopic,n15_c25_s21,34,0.3537354031442162
498085,bertopic,n15_c25_s21,-1,0.0
498088,bertopic,n15_c25_s21,30,0.3481037818734156
498101,bertopic,n15_c25_s21,41,0.7411079080066983
498246,bertopic,n15_c25_s21,-1,0.0
498337,bertopic,n15_c25_s21,8,0.6822733746671129
498671,bertopic,n15_c25_s21,9,0.6123352137706131
498912,bertopic,n15_c25_s21,50,1.0
498918,bertopic,n15_c25_s21,2,1.0
498964,bertopic,n15_c25_s21,15,0.42168888797219295
498969,bertopic,n15_c25_s21,1,1.0
499000,bertopic,n15_c25_s21,-1,0.0
499097,bertopic,n15_c25_s21,21,0.7916397049611729
499113,bertopic,n15_c25_s21,19,0.5574844176917814
499154,bertopic,n15_c25_s21,2,0.9805213692581222
499189,bertopic,n15_c25_s21,56,1.0
499248,bertopic,n15_c25_s21,-1,0.0
499278,bertopic,n15_c25_s21,1,1.0
499333,bertopic,n15_c25_s21,9,0.12502910290306787
499356,bertopic,n15_c25_s21,-1,0.0
499390,bertopic,n15_c25_s21,18,0.4915021705063602
499418,bertopic,n15_c25_s21,-1,0.0
499439,bertopic,n15_c25_s21,13,0.276442459799801
499463,bertopic,n15_c25_s21,7,0.3727496273006081
500081,bertopic,n15_c25_s21,-1,0.0
500196,bertopic,n15_c25_s21,0,1.0
500279,bertopic,n15_c25_s21,41,0.6096439200972766
500333,bertopic,n15_c25_s21,18,0.40786675702029873
500345,bertopic,n15_c25_s21,8,0.34357168307494473
500537,bertopic,n15_c25_s21,32,0.11225521232720008
502006,bertopic,n15_c25_s21,53,0.7497950899502205
503632,bertopic,n15_c25_s21,-1,0.0
503778,bertopic,n15_c25_s21,41,0.7578902898489607
505906,bertopic,n15_c25_s21,-1,0.0
506635,bertopic,n15_c25_s21,1,0.6881924135687528
506955,bertopic,n15_c25_s21,8,0.3091765799185423
507122,bertopic,n15_c25_s21,69,1.0
508115,bertopic,n15_c25_s21,60,1.0
508869,bertopic,n15_c25_s21,-1,0.0
508937,bertopic,n15_c25_s21,2,1.0
509506,bertopic,n15_c25_s21,16,1.0
511170,bertopic,n15_c25_s21,22,0.25331221099723616
511179,bertopic,n15_c25_s21,15,1.0
511252,bertopic,n15_c25_s21,55,0.7939370640670098
511331,bertopic,n15_c25_s21,13,0.3553944263106384
511345,bertopic,n15_c25_s21,13,0.8314972124320109
511399,bertopic,n15_c25_s21,25,0.6086789145712643
511565,bertopic,n15_c25_s21,7,0.5724147491993798
511588,bertopic,n15_c25_s21,22,0.25331221099723616
511730,bertopic,n15_c25_s21,-1,0.0
511777,bertopic,n15_c25_s21,-1,0.0
511797,bertopic,n15_c25_s21,46,1.0
511823,bertopic,n15_c25_s21,1,1.0
511827,bertopic,n15_c25_s21,-1,0.0
511961,bertopic,n15_c25_s21,60,0.13636723475626733
511962,bertopic,n15_c25_s21,20,0.5262561255426038
512005,bertopic,n15_c25_s21,20,0.5828926210537311
512013,bertopic,n15_c25_s21,20,0.48627799128155214
512039,bertopic,n15_c25_s21,1,1.0
512057,bertopic,n15_c25_s21,20,0.38693678955511185
512300,bertopic,n15_c25_s21,10,0.39242689659011043
512473,bertopic,n15_c25_s21,0,1.0
512660,bertopic,n15_c25_s21,34,0.2980709805496044
512733,bertopic,n15_c25_s21,37,0.42327357372661434
512832,bertopic,n15_c25_s21,1,0.46839273057557407
512852,bertopic,n15_c25_s21,-1,0.0
512924,bertopic,n15_c25_s21,58,1.0
513063,bertopic,n15_c25_s21,30,0.33937489409288263
513118,bertopic,n15_c25_s21,-1,0.0
513363,bertopic,n15_c25_s21,5,0.8417087346534172
513460,bertopic,n15_c25_s21,61,1.0
513500,bertopic,n15_c25_s21,3,1.0
513642,bertopic,n15_c25_s21,8,0.3785986758837842
513775,bertopic,n15_c25_s21,1,1.0
513805,bertopic,n15_c25_s21,-1,0.0
513841,bertopic,n15_c25_s21,12,1.0
514057,bertopic,n15_c25_s21,4,1.0
514133,bertopic,n15_c25_s21,37,1.0
514176,bertopic,n15_c25_s21,9,0.1773925368276176
514182,bertopic,n15_c25_s21,37,1.0
514664,bertopic,n15_c25_s21,37,1.0
514787,bertopic,n15_c25_s21,20,0.4094462333577411
514805,bertopic,n15_c25_s21,42,0.6399219887416726
514832,bertopic,n15_c25_s21,10,0.6681098655835503
514860,bertopic,n15_c25_s21,8,1.0
514938,bertopic,n15_c25_s21,4,1.0
514960,bertopic,n15_c25_s21,-1,0.0
514974,bertopic,n15_c25_s21,-1,0.0
515042,bertopic,n15_c25_s21,16,0.3386413965073318
515080,bertopic,n15_c25_s21,4,0.712837943151883
515136,bertopic,n15_c25_s21,8,0.3785986758837842
515159,bertopic,n15_c25_s21,31,0.8482161193227684
515219,bertopic,n15_c25_s21,19,0.8117137698112145
515272,bertopic,n15_c25_s21,-1,0.0
515699,bertopic,n15_c25_s21,-1,0.0
515842,bertopic,n15_c25_s21,5,0.9727824249667189
515927,bertopic,n15_c25_s21,61,1.0
515958,bertopic,n15_c25_s21,12,0.40887871712177776
516092,bertopic,n15_c25_s21,19,1.0
516109,bertopic,n15_c25_s21,0,1.0
516293,bertopic,n15_c25_s21,25,1.0
516330,bertopic,n15_c25_s21,-1,0.0
516367,bertopic,n15_c25_s21,19,0.9380278419411371
516403,bertopic,n15_c25_s21,7,0.4019013096313646
516408,bertopic,n15_c25_s21,29,0.32331456983822243
516409,bertopic,n15_c25_s21,1,0.46839273057557407
516421,bertopic,n15_c25_s21,7,0.7119650040160269
516440,bertopic,n15_c25_s21,12,0.45357730994899365
516488,bertopic,n15_c25_s21,-1,0.0
517090,bertopic,n15_c25_s21,-1,0.0
517138,bertopic,n15_c25_s21,8,0.3119206448774395
517204,bertopic,n15_c25_s21,61,1.0
517420,bertopic,n15_c25_s21,0,1.0
517505,bertopic,n15_c25_s21,31,1.0
517550,bertopic,n15_c25_s21,3,1.0
517674,bertopic,n15_c25_s21,16,0.30374745931357583
517758,bertopic,n15_c25_s21,53,1.0
517821,bertopic,n15_c25_s21,0,1.0
517822,bertopic,n15_c25_s21,16,0.30374745931357583
517838,bertopic,n15_c25_s21,1,1.0
517852,bertopic,n15_c25_s21,16,0.30374745931357583
517981,bertopic,n15_c25_s21,1,1.0
518213,bertopic,n15_c25_s21,-1,0.0
518246,bertopic,n15_c25_s21,1,1.0
518263,bertopic,n15_c25_s21,1,1.0
518483,bertopic,n15_c25_s21,-1,0.0
518526,bertopic,n15_c25_s21,1,1.0
518600,bertopic,n15_c25_s21,14,0.7114587207131167
518770,bertopic,n15_c25_s21,33,0.26366207532525915
518930,bertopic,n15_c25_s21,1,0.46839273057557407
519054,bertopic,n15_c25_s21,57,0.7299086304973015
519122,bertopic,n15_c25_s21,-1,0.0
519227,bertopic,n15_c25_s21,30,0.31611976152403076
519285,bertopic,n15_c25_s21,10,0.5620185433721199
519442,bertopic,n15_c25_s21,12,1.0
519454,bertopic,n15_c25_s21,10,0.559091712928864
519497,bertopic,n15_c25_s21,37,0.46191810778221076
519678,bertopic,n15_c25_s21,22,0.8190203704383932
519737,bertopic,n15_c25_s21,0,1.0
519768,bertopic,n15_c25_s21,36,0.3149353740380804
520270,bertopic,n15_c25_s21,24,0.45592788494341047
520379,bertopic,n15_c25_s21,3,1.0
520436,bertopic,n15_c25_s21,-1,0.0
520508,bertopic,n15_c25_s21,-1,0.0
520596,bertopic,n15_c25_s21,1,1.0
520696,bertopic,n15_c25_s21,-1,0.0
520721,bertopic,n15_c25_s21,-1,0.0
521362,bertopic,n15_c25_s21,61,0.9894339537530942
521484,bertopic,n15_c25_s21,24,0.4922034767137841
521891,bertopic,n15_c25_s21,56,1.0
521904,bertopic,n15_c25_s21,8,0.3785986758837842
522426,bertopic,n15_c25_s21,0,1.0
522438,bertopic,n15_c25_s21,0,1.0
522469,bertopic,n15_c25_s21,19,0.5574844176917814
522791,bertopic,n15_c25_s21,18,0.5102036750939251
523019,bertopic,n15_c25_s21,14,0.9339888638680376
523222,bertopic,n15_c25_s21,0,1.0
523316,bertopic,n15_c25_s21,-1,0.0
523377,bertopic,n15_c25_s21,14,0.7114587207131167
523538,bertopic,n15_c25_s21,0,1.0
523850,bertopic,n15_c25_s21,0,1.0
523908,bertopic,n15_c25_s21,24,1.0
524036,bertopic,n15_c25_s21,6,0.8518820898863089
524145,bertopic,n15_c25_s21,55,1.0
524190,bertopic,n15_c25_s21,38,1.0
524511,bertopic,n15_c25_s21,25,1.0
524536,bertopic,n15_c25_s21,1,1.0
524630,bertopic,n15_c25_s21,56,1.0
524757,bertopic,n15_c25_s21,0,1.0
524928,bertopic,n15_c25_s21,-1,0.0
524986,bertopic,n15_c25_s21,13,1.0
525124,bertopic,n15_c25_s21,12,1.0
525133,bertopic,n15_c25_s21,67,0.8841510111089561
525139,bertopic,n15_c25_s21,30,0.7762555769881773
525194,bertopic,n15_c25_s21,-1,0.0
525300,bertopic,n15_c25_s21,61,1.0
525367,bertopic,n15_c25_s21,15,0.45306527916217154
525409,bertopic,n15_c25_s21,5,0.4641972645860276
525412,bertopic,n15_c25_s21,12,0.6842709397164974
525456,bertopic,n15_c25_s21,5,1.0
525516,bertopic,n15_c25_s21,38,1.0
525732,bertopic,n15_c25_s21,3,1.0
525922,bertopic,n15_c25_s21,31,0.8407921420481279
525979,bertopic,n15_c25_s21,25,0.25071400601814486
526042,bertopic,n15_c25_s21,26,0.9741196905175502
526238,bertopic,n15_c25_s21,-1,0.0
526366,bertopic,n15_c25_s21,53,1.0
526532,bertopic,n15_c25_s21,6,1.0
526678,bertopic,n15_c25_s21,13,0.8187316072315391
526726,bertopic,n15_c25_s21,12,1.0
526886,bertopic,n15_c25_s21,0,1.0
526947,bertopic,n15_c25_s21,21,0.5332735971855508
526953,bertopic,n15_c25_s21,12,1.0
526970,bertopic,n15_c25_s21,-1,0.0
527032,bertopic,n15_c25_s21,-1,0.0
527100,bertopic,n15_c25_s21,20,0.9826388300638691
527102,bertopic,n15_c25_s21,20,0.7187682073160238
527245,bertopic,n15_c25_s21,38,1.0
527272,bertopic,n15_c25_s21,7,0.5418661800044094
527358,bertopic,n15_c25_s21,37,1.0
527538,bertopic,n15_c25_s21,51,1.0
527542,bertopic,n15_c25_s21,19,1.0
527555,bertopic,n15_c25_s21,18,0.42133600966856116
527579,bertopic,n15_c25_s21,21,1.0
527763,bertopic,n15_c25_s21,-1,0.0
527928,bertopic,n15_c25_s21,37,0.42327357372661434
528014,bertopic,n15_c25_s21,57,1.0
528219,bertopic,n15_c25_s21,30,1.0
528257,bertopic,n15_c25_s21,1,1.0
528287,bertopic,n15_c25_s21,14,1.0
528469,bertopic,n15_c25_s21,61,1.0
528560,bertopic,n15_c25_s21,7,0.5753813270205684
528562,bertopic,n15_c25_s21,6,0.8798921820322506
528614,bertopic,n15_c25_s21,38,0.8460229556890556
528663,bertopic,n15_c25_s21,8,0.3785986758837842
528701,bertopic,n15_c25_s21,7,0.6277707906000721
528715,bertopic,n15_c25_s21,7,0.6277707906000721
528747,bertopic,n15_c25_s21,0,1.0
528750,bertopic,n15_c25_s21,12,0.36309030427961675
528769,bertopic,n15_c25_s21,0,1.0
528783,bertopic,n15_c25_s21,0,1.0
528784,bertopic,n15_c25_s21,0,1.0
528785,bertopic,n15_c25_s21,0,1.0
528799,bertopic,n15_c25_s21,0,0.9188291028439773
528806,bertopic,n15_c25_s21,0,1.0
528994,bertopic,n15_c25_s21,1,1.0
529019,bertopic,n15_c25_s21,67,1.0
529024,bertopic,n15_c25_s21,30,1.0
529054,bertopic,n15_c25_s21,0,1.0
529298,bertopic,n15_c25_s21,-1,0.0
529411,bertopic,n15_c25_s21,8,0.3314428655783931
529430,bertopic,n15_c25_s21,-1,0.0
529729,bertopic,n15_c25_s21,-1,0.0
530150,bertopic,n15_c25_s21,15,1.0
530361,bertopic,n15_c25_s21,61,1.0
530398,bertopic,n15_c25_s21,31,0.6634858534450258
530405,bertopic,n15_c25_s21,0,1.0
530436,bertopic,n15_c25_s21,-1,0.0
530451,bertopic,n15_c25_s21,38,0.07888709874085008
530462,bertopic,n15_c25_s21,4,1.0
530489,bertopic,n15_c25_s21,-1,0.0
530549,bertopic,n15_c25_s21,26,0.9750910703378973
530658,bertopic,n15_c25_s21,3,1.0
530817,bertopic,n15_c25_s21,-1,0.0
530840,bertopic,n15_c25_s21,-1,0.0
530871,bertopic,n15_c25_s21,15,0.45306527916217154
530990,bertopic,n15_c25_s21,6,1.0
531039,bertopic,n15_c25_s21,12,0.28488462229615624
531051,bertopic,n15_c25_s21,24,0.4922034767137841
531151,bertopic,n15_c25_s21,7,0.38989556130333075
531339,bertopic,n15_c25_s21,25,1.0
531459,bertopic,n15_c25_s21,67,1.0
531474,bertopic,n15_c25_s21,20,0.5796162706090396
531490,bertopic,n15_c25_s21,1,1.0
531522,bertopic,n15_c25_s21,16,0.296124363658799
531531,bertopic,n15_c25_s21,1,1.0
531537,bertopic,n15_c25_s21,1,1.0
531554,bertopic,n15_c25_s21,12,0.8786910116493186
531594,bertopic,n15_c25_s21,26,0.8260559597397337
531597,bertopic,n15_c25_s21,17,0.7897615759006312
531615,bertopic,n15_c25_s21,26,0.7656081221999158
531744,bertopic,n15_c25_s21,-1,0.0
531745,bertopic,n15_c25_s21,26,1.0
531801,bertopic,n15_c25_s21,1,1.0
531894,bertopic,n15_c25_s21,26,1.0
531964,bertopic,n15_c25_s21,26,1.0
531978,bertopic,n15_c25_s21,7,0.6277707906000721
531987,bertopic,n15_c25_s21,-1,0.0
532013,bertopic,n15_c25_s21,0,1.0
532151,bertopic,n15_c25_s21,13,0.818428695940511
532231,bertopic,n15_c25_s21,0,1.0
532235,bertopic,n15_c25_s21,5,1.0
532242,bertopic,n15_c25_s21,4,1.0
532245,bertopic,n15_c25_s21,38,0.07418432034378762
532266,bertopic,n15_c25_s21,5,1.0
532268,bertopic,n15_c25_s21,7,0.3685748034576252
532278,bertopic,n15_c25_s21,46,1.0
532325,bertopic,n15_c25_s21,7,1.0
532346,bertopic,n15_c25_s21,15,1.0
532373,bertopic,n15_c25_s21,7,0.5141684775299001
532416,bertopic,n15_c25_s21,7,0.6277707906000721
532425,bertopic,n15_c25_s21,19,0.5319483598677017
532443,bertopic,n15_c25_s21,-1,0.0
532449,bertopic,n15_c25_s21,19,0.89699346611756
532513,bertopic,n15_c25_s21,-1,0.0
532573,bertopic,n15_c25_s21,25,1.0
532644,bertopic,n15_c25_s21,25,1.0
532654,bertopic,n15_c25_s21,7,0.8683444275199819
532663,bertopic,n15_c25_s21,25,0.34236986619215193
532672,bertopic,n15_c25_s21,19,0.5574844176917814
532693,bertopic,n15_c25_s21,0,1.0
532716,bertopic,n15_c25_s21,-1,0.0
532781,bertopic,n15_c25_s21,1,1.0
532782,bertopic,n15_c25_s21,0,1.0
532799,bertopic,n15_c25_s21,-1,0.0
532812,bertopic,n15_c25_s21,18,0.42133600966856116
532823,bertopic,n15_c25_s21,-1,0.0
532828,bertopic,n15_c25_s21,7,0.6237989699079418
532896,bertopic,n15_c25_s21,47,0.8825888577013021
532914,bertopic,n15_c25_s21,35,0.42806192776315904
532953,bertopic,n15_c25_s21,-1,0.0
533057,bertopic,n15_c25_s21,17,0.9681674652807783
533058,bertopic,n15_c25_s21,14,0.7190263246684423
533085,bertopic,n15_c25_s21,1,1.0
533196,bertopic,n15_c25_s21,17,0.8793084842032695
533242,bertopic,n15_c25_s21,0,1.0
533250,bertopic,n15_c25_s21,0,1.0
533262,bertopic,n15_c25_s21,-1,0.0
533285,bertopic,n15_c25_s21,10,0.5620185433721199
533288,bertopic,n15_c25_s21,-1,0.0
533306,bertopic,n15_c25_s21,-1,0.0
533407,bertopic,n15_c25_s21,34,0.32554691605500474
533428,bertopic,n15_c25_s21,-1,0.0
533642,bertopic,n15_c25_s21,-1,0.0
533835,bertopic,n15_c25_s21,-1,0.0
533845,bertopic,n15_c25_s21,19,0.8117137698112145
533871,bertopic,n15_c25_s21,60,1.0
533882,bertopic,n15_c25_s21,11,0.9086553412211489
533917,bertopic,n15_c25_s21,10,0.5465984545487771
533998,bertopic,n15_c25_s21,27,1.0
534007,bertopic,n15_c25_s21,12,0.40887871712177776
534077,bertopic,n15_c25_s21,7,0.5733786220657768
534195,bertopic,n15_c25_s21,-1,0.0
534290,bertopic,n15_c25_s21,26,1.0
534308,bertopic,n15_c25_s21,10,0.5620185433721199
534363,bertopic,n15_c25_s21,21,0.46674335211999934
534382,bertopic,n15_c25_s21,13,0.276442459799801
534472,bertopic,n15_c25_s21,55,1.0
534489,bertopic,n15_c25_s21,16,0.3296431417414366
534509,bertopic,n15_c25_s21,1,1.0
534534,bertopic,n15_c25_s21,-1,0.0
534575,bertopic,n15_c25_s21,3,1.0
534716,bertopic,n15_c25_s21,10,0.5194418893470301
534884,bertopic,n15_c25_s21,-1,0.0
534886,bertopic,n15_c25_s21,61,1.0
534985,bertopic,n15_c25_s21,2,1.0
535092,bertopic,n15_c25_s21,29,0.3125547244721071
535101,bertopic,n15_c25_s21,2,1.0
535122,bertopic,n15_c25_s21,26,0.7663525730440881
535230,bertopic,n15_c25_s21,61,1.0
535237,bertopic,n15_c25_s21,26,1.0
535242,bertopic,n15_c25_s21,20,1.0
535311,bertopic,n15_c25_s21,13,0.32270225553391063
535323,bertopic,n15_c25_s21,61,1.0
535451,bertopic,n15_c25_s21,26,0.9840272243291855
535473,bertopic,n15_c25_s21,18,1.0
535564,bertopic,n15_c25_s21,5,1.0
535633,bertopic,n15_c25_s21,-1,0.0
535724,bertopic,n15_c25_s21,57,1.0
535802,bertopic,n15_c25_s21,52,1.0
535817,bertopic,n15_c25_s21,2,1.0
535879,bertopic,n15_c25_s21,7,0.37830947759883593
535909,bertopic,n15_c25_s21,15,1.0
536024,bertopic,n15_c25_s21,25,0.9895826503923077
536518,bertopic,n15_c25_s21,-1,0.0
536545,bertopic,n15_c25_s21,69,1.0
536605,bertopic,n15_c25_s21,8,0.35275696366242854
536618,bertopic,n15_c25_s21,-1,0.0
536920,bertopic,n15_c25_s21,17,1.0
536999,bertopic,n15_c25_s21,19,1.0
537046,bertopic,n15_c25_s21,14,1.0
537187,bertopic,n15_c25_s21,2,1.0
537251,bertopic,n15_c25_s21,-1,0.0
537257,bertopic,n15_c25_s21,0,1.0
537353,bertopic,n15_c25_s21,4,1.0
537401,bertopic,n15_c25_s21,11,1.0
537422,bertopic,n15_c25_s21,58,1.0
537437,bertopic,n15_c25_s21,5,0.3786450583500177
537486,bertopic,n15_c25_s21,6,1.0
537540,bertopic,n15_c25_s21,-1,0.0
537622,bertopic,n15_c25_s21,5,1.0
537714,bertopic,n15_c25_s21,18,0.42133600966856116
537741,bertopic,n15_c25_s21,31,0.976365812523089
538018,bertopic,n15_c25_s21,38,0.07412910028617921
538067,bertopic,n15_c25_s21,1,1.0
538170,bertopic,n15_c25_s21,6,1.0
538222,bertopic,n15_c25_s21,2,0.7401221881241496
538244,bertopic,n15_c25_s21,17,0.784066713816908
538337,bertopic,n15_c25_s21,32,1.0
538458,bertopic,n15_c25_s21,38,0.487437772291648
538473,bertopic,n15_c25_s21,-1,0.0
538492,bertopic,n15_c25_s21,2,1.0
538519,bertopic,n15_c25_s21,20,1.0
538680,bertopic,n15_c25_s21,20,0.48702944520363844
538689,bertopic,n15_c25_s21,30,0.800127184602242
538703,bertopic,n15_c25_s21,0,1.0
538717,bertopic,n15_c25_s21,12,0.26840098333535967
538770,bertopic,n15_c25_s21,32,1.0
538792,bertopic,n15_c25_s21,-1,0.0
538833,bertopic,n15_c25_s21,25,1.0
538838,bertopic,n15_c25_s21,1,1.0
538955,bertopic,n15_c25_s21,2,1.0
539051,bertopic,n15_c25_s21,2,1.0
539052,bertopic,n15_c25_s21,1,1.0
539101,bertopic,n15_c25_s21,1,1.0
539223,bertopic,n15_c25_s21,30,1.0
539365,bertopic,n15_c25_s21,42,1.0
539369,bertopic,n15_c25_s21,42,1.0
539540,bertopic,n15_c25_s21,61,1.0
539737,bertopic,n15_c25_s21,2,0.7401221881241496
539863,bertopic,n15_c25_s21,8,0.3091765799185423
539927,bertopic,n15_c25_s21,1,1.0
540126,bertopic,n15_c25_s21,21,0.860082604994769
540219,bertopic,n15_c25_s21,-1,0.0
540367,bertopic,n15_c25_s21,5,1.0
540368,bertopic,n15_c25_s21,21,0.8933709086152016
540442,bertopic,n15_c25_s21,6,1.0
540451,bertopic,n15_c25_s21,10,0.5367139795543249
540477,bertopic,n15_c25_s21,1,0.46839273057557407
540534,bertopic,n15_c25_s21,1,1.0
540630,bertopic,n15_c25_s21,21,0.47428031488902544
540669,bertopic,n15_c25_s21,23,0.9850725092050499
540693,bertopic,n15_c25_s21,14,0.7114587207131167
540869,bertopic,n15_c25_s21,14,0.64028776099379
540895,bertopic,n15_c25_s21,0,0.6421097202147751
540914,bertopic,n15_c25_s21,61,1.0
540964,bertopic,n15_c25_s21,18,0.42133600966856116
541045,bertopic,n15_c25_s21,1,1.0
541104,bertopic,n15_c25_s21,25,0.1301683288833522
541137,bertopic,n15_c25_s21,5,1.0
541162,bertopic,n15_c25_s21,23,0.9802895401909544
541211,bertopic,n15_c25_s21,34,0.5583939313570209
541339,bertopic,n15_c25_s21,-1,0.0
541374,bertopic,n15_c25_s21,3,0.819881589987674
541385,bertopic,n15_c25_s21,-1,0.0
541402,bertopic,n15_c25_s21,31,0.5214320634813788
541424,bertopic,n15_c25_s21,30,0.3910243372290697
541446,bertopic,n15_c25_s21,31,0.8307035208975512
541518,bertopic,n15_c25_s21,-1,0.0
541556,bertopic,n15_c25_s21,7,0.38989556130333075
541586,bertopic,n15_c25_s21,7,0.38989556130333075
541848,bertopic,n15_c25_s21,-1,0.0
541900,bertopic,n15_c25_s21,-1,0.0
541933,bertopic,n15_c25_s21,55,1.0
541967,bertopic,n15_c25_s21,16,0.8183236624742943
542073,bertopic,n15_c25_s21,7,0.38989556130333075
542075,bertopic,n15_c25_s21,21,1.0
542164,bertopic,n15_c25_s21,19,0.7283785682591598
542345,bertopic,n15_c25_s21,30,0.829642404203509
542423,bertopic,n15_c25_s21,0,1.0
542446,bertopic,n15_c25_s21,0,1.0
542542,bertopic,n15_c25_s21,6,1.0
542770,bertopic,n15_c25_s21,-1,0.0
542814,bertopic,n15_c25_s21,13,0.447304631005621
542853,bertopic,n15_c25_s21,5,1.0
542860,bertopic,n15_c25_s21,10,0.4192781398509533
542911,bertopic,n15_c25_s21,15,0.7988752011485558
542917,bertopic,n15_c25_s21,0,0.47954917750408205
542927,bertopic,n15_c25_s21,0,1.0
543061,bertopic,n15_c25_s21,0,0.7059240557209341
543074,bertopic,n15_c25_s21,37,0.44231836865417457
543199,bertopic,n15_c25_s21,-1,0.0
543253,bertopic,n15_c25_s21,13,0.276442459799801
543527,bertopic,n15_c25_s21,6,1.0
543631,bertopic,n15_c25_s21,0,0.8566980474021403
543752,bertopic,n15_c25_s21,5,1.0
543798,bertopic,n15_c25_s21,4,1.0
543801,bertopic,n15_c25_s21,-1,0.0
543888,bertopic,n15_c25_s21,7,1.0
543931,bertopic,n15_c25_s21,22,0.6239139310095225
543982,bertopic,n15_c25_s21,32,1.0
544171,bertopic,n15_c25_s21,16,0.4905701567439387
544222,bertopic,n15_c25_s21,21,1.0
544370,bertopic,n15_c25_s21,20,1.0
544383,bertopic,n15_c25_s21,0,1.0
544495,bertopic,n15_c25_s21,13,0.3837938706300921
544549,bertopic,n15_c25_s21,32,1.0
544691,bertopic,n15_c25_s21,1,1.0
544717,bertopic,n15_c25_s21,50,1.0
544815,bertopic,n15_c25_s21,0,1.0
544945,bertopic,n15_c25_s21,7,0.4113920592967542
545076,bertopic,n15_c25_s21,21,0.914699467168344
545090,bertopic,n15_c25_s21,18,1.0
545113,bertopic,n15_c25_s21,2,1.0
545349,bertopic,n15_c25_s21,2,1.0
545356,bertopic,n15_c25_s21,2,1.0
545373,bertopic,n15_c25_s21,-1,0.0
545605,bertopic,n15_c25_s21,11,0.4078705984606701
545612,bertopic,n15_c25_s21,3,0.9793273828215687
545631,bertopic,n15_c25_s21,1,0.8613683040560635
545646,bertopic,n15_c25_s21,25,0.9332214525347962
545698,bertopic,n15_c25_s21,52,1.0
545713,bertopic,n15_c25_s21,44,0.17602587499027145
545815,bertopic,n15_c25_s21,8,0.9924851794185617
545913,bertopic,n15_c25_s21,-1,0.0
545996,bertopic,n15_c25_s21,6,1.0
546020,bertopic,n15_c25_s21,11,1.0
546031,bertopic,n15_c25_s21,-1,0.0
546045,bertopic,n15_c25_s21,2,1.0
546051,bertopic,n15_c25_s21,-1,0.0
546058,bertopic,n15_c25_s21,22,0.5617685149162538
546154,bertopic,n15_c25_s21,-1,0.0
546160,bertopic,n15_c25_s21,0,1.0
546207,bertopic,n15_c25_s21,15,0.2902285563529499
546245,bertopic,n15_c25_s21,18,0.7159265955101185
546308,bertopic,n15_c25_s21,1,0.5642096767916738
546320,bertopic,n15_c25_s21,-1,0.0
546374,bertopic,n15_c25_s21,7,0.3743545845892714
546490,bertopic,n15_c25_s21,1,1.0
546531,bertopic,n15_c25_s21,7,0.5689323632758274
546575,bertopic,n15_c25_s21,4,1.0
546698,bertopic,n15_c25_s21,49,1.0
546719,bertopic,n15_c25_s21,1,1.0
546846,bertopic,n15_c25_s21,21,0.51016579925465
546848,bertopic,n15_c25_s21,49,1.0
547261,bertopic,n15_c25_s21,67,1.0
547350,bertopic,n15_c25_s21,6,1.0
547354,bertopic,n15_c25_s21,21,0.918155522309656
547487,bertopic,n15_c25_s21,44,0.5935723708095432
547492,bertopic,n15_c25_s21,1,1.0
547511,bertopic,n15_c25_s21,-1,0.0
547560,bertopic,n15_c25_s21,11,1.0
547575,bertopic,n15_c25_s21,10,0.4751911170893691
547684,bertopic,n15_c25_s21,-1,0.0
547687,bertopic,n15_c25_s21,18,0.42133600966856116
547776,bertopic,n15_c25_s21,3,1.0
547821,bertopic,n15_c25_s21,21,1.0
547826,bertopic,n15_c25_s21,-1,0.0
547863,bertopic,n15_c25_s21,0,0.47954917750408205
547928,bertopic,n15_c25_s21,0,1.0
547959,bertopic,n15_c25_s21,6,1.0
548026,bertopic,n15_c25_s21,58,1.0
548152,bertopic,n15_c25_s21,44,0.3230331881867944
548169,bertopic,n15_c25_s21,53,1.0
548254,bertopic,n15_c25_s21,44,1.0
548362,bertopic,n15_c25_s21,1,1.0
548526,bertopic,n15_c25_s21,55,1.0
548559,bertopic,n15_c25_s21,7,0.755925471354764
548607,bertopic,n15_c25_s21,5,1.0
548636,bertopic,n15_c25_s21,7,0.9829595718086763
548701,bertopic,n15_c25_s21,49,1.0
548736,bertopic,n15_c25_s21,46,1.0
548773,bertopic,n15_c25_s21,33,1.0
548800,bertopic,n15_c25_s21,18,1.0
548878,bertopic,n15_c25_s21,-1,0.0
548965,bertopic,n15_c25_s21,18,1.0
548981,bertopic,n15_c25_s21,7,1.0
549015,bertopic,n15_c25_s21,49,1.0
549049,bertopic,n15_c25_s21,25,1.0
549108,bertopic,n15_c25_s21,-1,0.0
549122,bertopic,n15_c25_s21,7,0.6277707906000721
549135,bertopic,n15_c25_s21,-1,0.0
549219,bertopic,n15_c25_s21,-1,0.0
549236,bertopic,n15_c25_s21,-1,0.0
549255,bertopic,n15_c25_s21,21,0.5332735971855508
549333,bertopic,n15_c25_s21,7,1.0
549355,bertopic,n15_c25_s21,-1,0.0
549361,bertopic,n15_c25_s21,10,0.5194418893470301
549367,bertopic,n15_c25_s21,1,1.0
549379,bertopic,n15_c25_s21,-1,0.0
549443,bertopic,n15_c25_s21,3,0.8489102423666995
549469,bertopic,n15_c25_s21,2,0.9882635110701922
549481,bertopic,n15_c25_s21,17,1.0
549579,bertopic,n15_c25_s21,7,0.7236470234290522
549605,bertopic,n15_c25_s21,-1,0.0
549711,bertopic,n15_c25_s21,1,1.0
549737,bertopic,n15_c25_s21,49,1.0
549751,bertopic,n15_c25_s21,10,0.5394714274186994
549914,bertopic,n15_c25_s21,6,1.0
550064,bertopic,n15_c25_s21,1,1.0
550072,bertopic,n15_c25_s21,23,0.9715988980665634
550080,bertopic,n15_c25_s21,3,1.0
550108,bertopic,n15_c25_s21,60,1.0
550249,bertopic,n15_c25_s21,18,0.42133600966856116
550273,bertopic,n15_c25_s21,2,1.0
550330,bertopic,n15_c25_s21,2,1.0
550411,bertopic,n15_c25_s21,0,0.7283566974588598
550444,bertopic,n15_c25_s21,0,1.0
550450,bertopic,n15_c25_s21,2,1.0
550480,bertopic,n15_c25_s21,2,1.0
550483,bertopic,n15_c25_s21,2,1.0
550508,bertopic,n15_c25_s21,2,0.8335071730290856
550534,bertopic,n15_c25_s21,2,1.0
550553,bertopic,n15_c25_s21,2,0.8335071730290856
550590,bertopic,n15_c25_s21,55,1.0
550666,bertopic,n15_c25_s21,2,1.0
550820,bertopic,n15_c25_s21,32,0.11225521232720008
550836,bertopic,n15_c25_s21,-1,0.0
550872,bertopic,n15_c25_s21,7,0.8027099781236458
550901,bertopic,n15_c25_s21,-1,0.0
551022,bertopic,n15_c25_s21,11,1.0
551073,bertopic,n15_c25_s21,-1,0.0
551081,bertopic,n15_c25_s21,5,0.6425004468566569
551096,bertopic,n15_c25_s21,18,0.542911626135644
551207,bertopic,n15_c25_s21,52,1.0
551265,bertopic,n15_c25_s21,13,0.4111758987548365
551280,bertopic,n15_c25_s21,1,1.0
551297,bertopic,n15_c25_s21,-1,0.0
551395,bertopic,n15_c25_s21,-1,0.0
551428,bertopic,n15_c25_s21,18,1.0
551481,bertopic,n15_c25_s21,-1,0.0
551515,bertopic,n15_c25_s21,-1,0.0
551580,bertopic,n15_c25_s21,7,0.6233390488537686
551582,bertopic,n15_c25_s21,-1,0.0
551586,bertopic,n15_c25_s21,30,1.0
551716,bertopic,n15_c25_s21,21,1.0
551754,bertopic,n15_c25_s21,1,1.0
551912,bertopic,n15_c25_s21,1,1.0
552002,bertopic,n15_c25_s21,21,0.914699467168344
552020,bertopic,n15_c25_s21,10,0.4068697652965849
552086,bertopic,n15_c25_s21,12,0.474934916809822
552104,bertopic,n15_c25_s21,-1,0.0
552167,bertopic,n15_c25_s21,45,1.0
552188,bertopic,n15_c25_s21,45,1.0
552206,bertopic,n15_c25_s21,-1,0.0
552207,bertopic,n15_c25_s21,45,0.9805487051672266
552221,bertopic,n15_c25_s21,2,1.0
552260,bertopic,n15_c25_s21,6,1.0
552364,bertopic,n15_c25_s21,45,0.969498996775277
552399,bertopic,n15_c25_s21,31,0.9436742421610511
552421,bertopic,n15_c25_s21,-1,0.0
552476,bertopic,n15_c25_s21,14,0.8805583164248454
552500,bertopic,n15_c25_s21,1,1.0
552506,bertopic,n15_c25_s21,26,0.3943793981057401
552513,bertopic,n15_c25_s21,25,0.20686932857902823
552543,bertopic,n15_c25_s21,-1,0.0
552561,bertopic,n15_c25_s21,30,0.31893883518861915
552584,bertopic,n15_c25_s21,-1,0.0
552663,bertopic,n15_c25_s21,25,0.3331355300484503
552667,bertopic,n15_c25_s21,45,0.9752310314855228
552725,bertopic,n15_c25_s21,7,0.8359156711135558
552737,bertopic,n15_c25_s21,7,0.9461538991658779
552741,bertopic,n15_c25_s21,0,1.0
552761,bertopic,n15_c25_s21,1,1.0
552791,bertopic,n15_c25_s21,6,0.9382217250795195
553200,bertopic,n15_c25_s21,64,1.0
553205,bertopic,n15_c25_s21,11,1.0
553270,bertopic,n15_c25_s21,3,1.0
553278,bertopic,n15_c25_s21,1,1.0
553460,bertopic,n15_c25_s21,21,0.5332735971855508
553484,bertopic,n15_c25_s21,0,0.7890342829313892
553628,bertopic,n15_c25_s21,4,0.8484688003595431
553802,bertopic,n15_c25_s21,4,0.9393300039442952
553941,bertopic,n15_c25_s21,4,0.9833288367382184
553997,bertopic,n15_c25_s21,18,1.0
554009,bertopic,n15_c25_s21,0,0.8319629691091661
554062,bertopic,n15_c25_s21,1,0.6504629611399889
554121,bertopic,n15_c25_s21,-1,0.0
554126,bertopic,n15_c25_s21,43,0.5901228754658008
554133,bertopic,n15_c25_s21,-1,0.0
554230,bertopic,n15_c25_s21,3,1.0
554294,bertopic,n15_c25_s21,64,1.0
554391,bertopic,n15_c25_s21,55,0.49509044297275645
554442,bertopic,n15_c25_s21,5,0.6265187279073985
554492,bertopic,n15_c25_s21,57,1.0
554543,bertopic,n15_c25_s21,-1,0.0
554685,bertopic,n15_c25_s21,51,1.0
554745,bertopic,n15_c25_s21,69,1.0
554759,bertopic,n15_c25_s21,7,0.4285056767490966
554820,bertopic,n15_c25_s21,43,1.0
554844,bertopic,n15_c25_s21,6,1.0
555019,bertopic,n15_c25_s21,23,0.23771470871612574
555048,bertopic,n15_c25_s21,1,1.0
555056,bertopic,n15_c25_s21,65,0.9737482271123337
555062,bertopic,n15_c25_s21,-1,0.0
555506,bertopic,n15_c25_s21,0,1.0
555549,bertopic,n15_c25_s21,-1,0.0
555641,bertopic,n15_c25_s21,-1,0.0
555737,bertopic,n15_c25_s21,11,1.0
555783,bertopic,n15_c25_s21,10,0.3489490898114141
555870,bertopic,n15_c25_s21,29,0.31505893410124863
555933,bertopic,n15_c25_s21,-1,0.0
555969,bertopic,n15_c25_s21,-1,0.0
556008,bertopic,n15_c25_s21,47,0.5941047735586608
556034,bertopic,n15_c25_s21,-1,0.0
556197,bertopic,n15_c25_s21,23,1.0
556377,bertopic,n15_c25_s21,3,1.0
556380,bertopic,n15_c25_s21,31,1.0
556557,bertopic,n15_c25_s21,6,0.14036532925403494
556570,bertopic,n15_c25_s21,-1,0.0
556585,bertopic,n15_c25_s21,19,1.0
556622,bertopic,n15_c25_s21,-1,0.0
556635,bertopic,n15_c25_s21,1,1.0
556708,bertopic,n15_c25_s21,-1,0.0
556751,bertopic,n15_c25_s21,4,1.0
556948,bertopic,n15_c25_s21,1,1.0
556974,bertopic,n15_c25_s21,35,1.0
557015,bertopic,n15_c25_s21,64,1.0
557078,bertopic,n15_c25_s21,1,1.0
557122,bertopic,n15_c25_s21,21,0.5332735971855508
557176,bertopic,n15_c25_s21,19,0.6489487679610879
557244,bertopic,n15_c25_s21,30,0.6104746058742992
557262,bertopic,n15_c25_s21,-1,0.0
557284,bertopic,n15_c25_s21,1,1.0
557350,bertopic,n15_c25_s21,0,1.0
557442,bertopic,n15_c25_s21,61,1.0
557857,bertopic,n15_c25_s21,23,1.0
557868,bertopic,n15_c25_s21,13,0.4378462809264129
557988,bertopic,n15_c25_s21,49,1.0
557996,bertopic,n15_c25_s21,1,1.0
558178,bertopic,n15_c25_s21,36,0.3149353740380804
558413,bertopic,n15_c25_s21,6,1.0
558564,bertopic,n15_c25_s21,53,1.0
558652,bertopic,n15_c25_s21,7,0.5988864394733745
558731,bertopic,n15_c25_s21,-1,0.0
558769,bertopic,n15_c25_s21,23,0.9715988980665634
558896,bertopic,n15_c25_s21,-1,0.0
558940,bertopic,n15_c25_s21,13,1.0
559059,bertopic,n15_c25_s21,0,1.0
559407,bertopic,n15_c25_s21,11,1.0
559507,bertopic,n15_c25_s21,65,1.0
559536,bertopic,n15_c25_s21,7,1.0
559585,bertopic,n15_c25_s21,0,1.0
559597,bertopic,n15_c25_s21,20,1.0
559815,bertopic,n15_c25_s21,25,0.14611695345952624
559853,bertopic,n15_c25_s21,1,1.0
559866,bertopic,n15_c25_s21,3,1.0
559920,bertopic,n15_c25_s21,41,0.9834602407085818
560010,bertopic,n15_c25_s21,-1,0.0
560052,bertopic,n15_c25_s21,0,1.0
560283,bertopic,n15_c25_s21,0,1.0
560291,bertopic,n15_c25_s21,4,0.7409299175330301
560327,bertopic,n15_c25_s21,13,0.8710560806797416
560330,bertopic,n15_c25_s21,49,0.1618734958766454
560368,bertopic,n15_c25_s21,21,1.0
560409,bertopic,n15_c25_s21,25,0.36646875632518583
560436,bertopic,n15_c25_s21,56,1.0
560649,bertopic,n15_c25_s21,15,0.33094491330335374
560713,bertopic,n15_c25_s21,1,1.0
560910,bertopic,n15_c25_s21,64,1.0
561017,bertopic,n15_c25_s21,0,1.0
561059,bertopic,n15_c25_s21,-1,0.0
561102,bertopic,n15_c25_s21,9,0.5459444088515775
561262,bertopic,n15_c25_s21,1,1.0
561342,bertopic,n15_c25_s21,-1,0.0
561402,bertopic,n15_c25_s21,13,0.6424495046466518
562011,bertopic,n15_c25_s21,16,0.42524456897090307
562096,bertopic,n15_c25_s21,1,1.0
562373,bertopic,n15_c25_s21,-1,0.0
562627,bertopic,n15_c25_s21,6,1.0
562656,bertopic,n15_c25_s21,2,1.0
562705,bertopic,n15_c25_s21,64,1.0
562713,bertopic,n15_c25_s21,7,0.38989556130333075
562777,bertopic,n15_c25_s21,64,1.0
562962,bertopic,n15_c25_s21,5,0.8997304181718808
563028,bertopic,n15_c25_s21,18,1.0
563043,bertopic,n15_c25_s21,10,0.7086776429023056
563237,bertopic,n15_c25_s21,7,0.7583839016487156
563310,bertopic,n15_c25_s21,23,1.0
563428,bertopic,n15_c25_s21,-1,0.0
563562,bertopic,n15_c25_s21,24,1.0
563606,bertopic,n15_c25_s21,23,1.0
563716,bertopic,n15_c25_s21,1,1.0
563736,bertopic,n15_c25_s21,9,0.5057200598445017
563774,bertopic,n15_c25_s21,1,0.5642096767916738
563870,bertopic,n15_c25_s21,6,0.5535317314915402
564061,bertopic,n15_c25_s21,0,1.0
564110,bertopic,n15_c25_s21,6,0.14036532925403494
564294,bertopic,n15_c25_s21,35,0.8562372399117699
564426,bertopic,n15_c25_s21,33,0.6969799037977242
564476,bertopic,n15_c25_s21,14,0.6036055063355561
564562,bertopic,n15_c25_s21,23,0.9715988980665634
564695,bertopic,n15_c25_s21,60,1.0
564808,bertopic,n15_c25_s21,33,0.4181689600397916
564887,bertopic,n15_c25_s21,12,0.9941305700581476
564981,bertopic,n15_c25_s21,6,1.0
565085,bertopic,n15_c25_s21,19,0.645216388720827
565323,bertopic,n15_c25_s21,0,1.0
565485,bertopic,n15_c25_s21,45,0.9805487051672266
565529,bertopic,n15_c25_s21,1,1.0
565598,bertopic,n15_c25_s21,-1,0.0
565654,bertopic,n15_c25_s21,4,0.5956420291586868
565790,bertopic,n15_c25_s21,3,0.7587871770000687
565832,bertopic,n15_c25_s21,0,1.0
565873,bertopic,n15_c25_s21,23,1.0
565886,bertopic,n15_c25_s21,19,0.623121780871734
565964,bertopic,n15_c25_s21,-1,0.0
566067,bertopic,n15_c25_s21,14,0.6036055063355561
566139,bertopic,n15_c25_s21,-1,0.0
566214,bertopic,n15_c25_s21,-1,0.0
566438,bertopic,n15_c25_s21,8,1.0
566451,bertopic,n15_c25_s21,-1,0.0
566478,bertopic,n15_c25_s21,3,1.0
566626,bertopic,n15_c25_s21,5,1.0
566687,bertopic,n15_c25_s21,52,1.0
566735,bertopic,n15_c25_s21,-1,0.0
566827,bertopic,n15_c25_s21,1,1.0
566929,bertopic,n15_c25_s21,-1,0.0
567016,bertopic,n15_c25_s21,0,1.0
567033,bertopic,n15_c25_s21,0,1.0
567038,bertopic,n15_c25_s21,0,1.0
567040,bertopic,n15_c25_s21,0,1.0
567094,bertopic,n15_c25_s21,-1,0.0
567137,bertopic,n15_c25_s21,0,1.0
567141,bertopic,n15_c25_s21,0,1.0
567285,bertopic,n15_c25_s21,-1,0.0
567617,bertopic,n15_c25_s21,1,1.0
567672,bertopic,n15_c25_s21,65,1.0
567805,bertopic,n15_c25_s21,5,1.0
568002,bertopic,n15_c25_s21,0,1.0
568156,bertopic,n15_c25_s21,-1,0.0
568166,bertopic,n15_c25_s21,48,1.0
568243,bertopic,n15_c25_s21,-1,0.0
568292,bertopic,n15_c25_s21,-1,0.0
568837,bertopic,n15_c25_s21,33,0.22327707519534556
568992,bertopic,n15_c25_s21,33,0.4829486227835996
569009,bertopic,n15_c25_s21,67,1.0
569044,bertopic,n15_c25_s21,13,0.4150052124847505
569205,bertopic,n15_c25_s21,-1,0.0
569354,bertopic,n15_c25_s21,1,1.0
569480,bertopic,n15_c25_s21,13,0.276442459799801
569506,bertopic,n15_c25_s21,6,0.25510208953727587
569629,bertopic,n15_c25_s21,1,1.0
570603,bertopic,n15_c25_s21,1,0.9840616107695555
571389,bertopic,n15_c25_s21,36,1.0
576920,bertopic,n15_c25_s21,37,1.0
577338,bertopic,n15_c25_s21,16,0.6868999383189356
578713,bertopic,n15_c25_s21,15,0.45306527916217154
582036,bertopic,n15_c25_s21,31,1.0
586844,bertopic,n15_c25_s21,-1,0.0
587422,bertopic,n15_c25_s21,12,1.0
589437,bertopic,n15_c25_s21,16,0.43002453653063144
590150,bertopic,n15_c25_s21,-1,0.0
592051,bertopic,n15_c25_s21,3,1.0
598866,bertopic,n15_c25_s21,6,0.14036532925403494
600392,bertopic,n15_c25_s21,2,0.7401221881241496
600706,bertopic,n15_c25_s21,31,0.6359868270210064
602727,bertopic,n15_c25_s21,15,0.6988379794824596
602851,bertopic,n15_c25_s21,-1,0.0
603832,bertopic,n15_c25_s21,0,1.0
604489,bertopic,n15_c25_s21,-1,0.0
608360,bertopic,n15_c25_s21,10,0.3259603831719234
608599,bertopic,n15_c25_s21,5,0.6064383764152902
609335,bertopic,n15_c25_s21,11,1.0
610962,bertopic,n15_c25_s21,14,1.0
614593,bertopic,n15_c25_s21,41,0.988907343555054
615041,bertopic,n15_c25_s21,45,1.0
617701,bertopic,n15_c25_s21,36,0.3149353740380804
619719,bertopic,n15_c25_s21,-1,0.0
620069,bertopic,n15_c25_s21,3,1.0
622146,bertopic,n15_c25_s21,57,0.6215890053340241
623162,bertopic,n15_c25_s21,10,1.0
623174,bertopic,n15_c25_s21,18,0.9277122381258843
624005,bertopic,n15_c25_s21,57,0.6444129042122914
625400,bertopic,n15_c25_s21,32,1.0
627373,bertopic,n15_c25_s21,19,0.8733162692943361
629330,bertopic,n15_c25_s21,31,0.8463403321708216
635355,bertopic,n15_c25_s21,-1,0.0
636059,bertopic,n15_c25_s21,5,0.45292666033985396
641233,bertopic,n15_c25_s21,-1,0.0
641254,bertopic,n15_c25_s21,6,1.0
641306,bertopic,n15_c25_s21,17,0.8793084842032695
645141,bertopic,n15_c25_s21,55,1.0
646775,bertopic,n15_c25_s21,17,0.8793084842032695
646853,bertopic,n15_c25_s21,23,1.0
647749,bertopic,n15_c25_s21,4,1.0
647793,bertopic,n15_c25_s21,4,1.0
648284,bertopic,n15_c25_s21,3,0.9706823913038831
649738,bertopic,n15_c25_s21,29,0.7526730907414828
650217,bertopic,n15_c25_s21,1,1.0
650310,bertopic,n15_c25_s21,5,1.0
650337,bertopic,n15_c25_s21,5,0.6074289790314762
650456,bertopic,n15_c25_s21,14,0.7114587207131167
650686,bertopic,n15_c25_s21,12,0.40887871712177776
650941,bertopic,n15_c25_s21,-1,0.0
651000,bertopic,n15_c25_s21,17,1.0
651240,bertopic,n15_c25_s21,-1,0.0
651890,bertopic,n15_c25_s21,58,1.0
654131,bertopic,n15_c25_s21,35,0.5078430654467733
654463,bertopic,n15_c25_s21,11,1.0
654552,bertopic,n15_c25_s21,-1,0.0
654648,bertopic,n15_c25_s21,-1,0.0
656038,bertopic,n15_c25_s21,42,0.5823734140938466
656246,bertopic,n15_c25_s21,23,0.23771470871612574
657205,bertopic,n15_c25_s21,15,1.0
657566,bertopic,n15_c25_s21,5,1.0
658037,bertopic,n15_c25_s21,8,0.9601859776763391
658203,bertopic,n15_c25_s21,66,1.0
658396,bertopic,n15_c25_s21,-1,0.0
658987,bertopic,n15_c25_s21,2,0.7738499808016045
659058,bertopic,n15_c25_s21,1,1.0
659235,bertopic,n15_c25_s21,4,1.0
659272,bertopic,n15_c25_s21,2,1.0
659284,bertopic,n15_c25_s21,0,1.0
659365,bertopic,n15_c25_s21,58,0.8696743289655448
659788,bertopic,n15_c25_s21,10,1.0
659832,bertopic,n15_c25_s21,0,1.0
660079,bertopic,n15_c25_s21,49,0.6975696311072173
660113,bertopic,n15_c25_s21,24,0.8205583579146896
660369,bertopic,n15_c25_s21,0,1.0
660608,bertopic,n15_c25_s21,45,0.7798963680493588
660755,bertopic,n15_c25_s21,3,1.0
660895,bertopic,n15_c25_s21,19,0.7258936152530853
660904,bertopic,n15_c25_s21,10,1.0
661062,bertopic,n15_c25_s21,42,1.0
661200,bertopic,n15_c25_s21,0,1.0
661215,bertopic,n15_c25_s21,16,0.4698079757555253
661574,bertopic,n15_c25_s21,55,1.0
661725,bertopic,n15_c25_s21,22,0.514568364219989
662701,bertopic,n15_c25_s21,-1,0.0
663919,bertopic,n15_c25_s21,10,0.4068697652965849
665315,bertopic,n15_c25_s21,-1,0.0
666200,bertopic,n15_c25_s21,58,1.0
666810,bertopic,n15_c25_s21,5,0.9322259204351294
667190,bertopic,n15_c25_s21,8,1.0
667860,bertopic,n15_c25_s21,42,1.0
669845,bertopic,n15_c25_s21,4,1.0
669848,bertopic,n15_c25_s21,16,0.5939764134666129
669937,bertopic,n15_c25_s21,-1,0.0
669941,bertopic,n15_c25_s21,4,1.0
670968,bertopic,n15_c25_s21,8,1.0
671140,bertopic,n15_c25_s21,40,0.7476722893354734
671264,bertopic,n15_c25_s21,19,0.5574844176917814
671332,bertopic,n15_c25_s21,3,0.792020792043468
671530,bertopic,n15_c25_s21,27,1.0
671716,bertopic,n15_c25_s21,4,1.0
671874,bertopic,n15_c25_s21,-1,0.0
672187,bertopic,n15_c25_s21,8,0.3091765799185423
672188,bertopic,n15_c25_s21,8,1.0
672208,bertopic,n15_c25_s21,-1,0.0
672216,bertopic,n15_c25_s21,-1,0.0
672224,bertopic,n15_c25_s21,19,0.5725978276723116
672255,bertopic,n15_c25_s21,8,0.3091765799185423
672259,bertopic,n15_c25_s21,17,0.75697022621938
672266,bertopic,n15_c25_s21,3,0.8444883925740627
672285,bertopic,n15_c25_s21,11,0.989827156387635
672350,bertopic,n15_c25_s21,8,0.3091765799185423
672648,bertopic,n15_c25_s21,-1,0.0
672738,bertopic,n15_c25_s21,66,1.0
672889,bertopic,n15_c25_s21,3,1.0
673275,bertopic,n15_c25_s21,11,1.0
673442,bertopic,n15_c25_s21,4,0.5780289275598705
673580,bertopic,n15_c25_s21,-1,0.0
674506,bertopic,n15_c25_s21,3,1.0
674842,bertopic,n15_c25_s21,18,0.8517233527935842
675026,bertopic,n15_c25_s21,0,1.0
675108,bertopic,n15_c25_s21,43,0.4193837750273779
675446,bertopic,n15_c25_s21,-1,0.0
675822,bertopic,n15_c25_s21,-1,0.0
675946,bertopic,n15_c25_s21,-1,0.0
677283,bertopic,n15_c25_s21,3,0.8751336232935703
678454,bertopic,n15_c25_s21,38,1.0
678786,bertopic,n15_c25_s21,5,0.9322259204351294
679255,bertopic,n15_c25_s21,23,1.0
679282,bertopic,n15_c25_s21,-1,0.0
680093,bertopic,n15_c25_s21,-1,0.0
681005,bertopic,n15_c25_s21,-1,0.0
681256,bertopic,n15_c25_s21,0,0.47954917750408205
682450,bertopic,n15_c25_s21,56,1.0
682792,bertopic,n15_c25_s21,14,1.0
682795,bertopic,n15_c25_s21,19,0.8394232116272101
684367,bertopic,n15_c25_s21,0,1.0
684523,bertopic,n15_c25_s21,8,0.3091765799185423
684662,bertopic,n15_c25_s21,-1,0.0
685773,bertopic,n15_c25_s21,-1,0.0
686017,bertopic,n15_c25_s21,0,1.0
686476,bertopic,n15_c25_s21,4,1.0
686825,bertopic,n15_c25_s21,1,0.46839273057557407
686901,bertopic,n15_c25_s21,-1,0.0
687371,bertopic,n15_c25_s21,-1,0.0
687392,bertopic,n15_c25_s21,-1,0.0
687573,bertopic,n15_c25_s21,53,0.5598602888055924
687672,bertopic,n15_c25_s21,31,1.0
687861,bertopic,n15_c25_s21,-1,0.0
688223,bertopic,n15_c25_s21,38,0.7305915453802728
688427,bertopic,n15_c25_s21,4,0.8185583060343299
689217,bertopic,n15_c25_s21,1,0.46839273057557407
689930,bertopic,n15_c25_s21,66,1.0
690064,bertopic,n15_c25_s21,3,0.8522394606308809
690689,bertopic,n15_c25_s21,1,0.9962125691420649
691058,bertopic,n15_c25_s21,-1,0.0
692064,bertopic,n15_c25_s21,22,1.0
692103,bertopic,n15_c25_s21,42,0.3406002434938516
693494,bertopic,n15_c25_s21,7,1.0
693639,bertopic,n15_c25_s21,43,0.41361691808857315
693796,bertopic,n15_c25_s21,22,0.32416348856737615
694629,bertopic,n15_c25_s21,41,1.0
695507,bertopic,n15_c25_s21,0,1.0
695646,bertopic,n15_c25_s21,16,0.40591028710838184
695834,bertopic,n15_c25_s21,32,1.0
696932,bertopic,n15_c25_s21,66,1.0
697017,bertopic,n15_c25_s21,19,0.6928136490031364
697046,bertopic,n15_c25_s21,10,0.4068697652965849
697183,bertopic,n15_c25_s21,-1,0.0
697295,bertopic,n15_c25_s21,7,0.6277707906000721
697643,bertopic,n15_c25_s21,32,1.0
697663,bertopic,n15_c25_s21,5,0.6875562990078568
697849,bertopic,n15_c25_s21,22,1.0
698280,bertopic,n15_c25_s21,13,1.0
698457,bertopic,n15_c25_s21,49,1.0
699032,bertopic,n15_c25_s21,-1,0.0
699594,bertopic,n15_c25_s21,3,1.0
699720,bertopic,n15_c25_s21,21,0.7924926124795499
701079,bertopic,n15_c25_s21,38,1.0
703683,bertopic,n15_c25_s21,12,0.40887871712177776
703890,bertopic,n15_c25_s21,67,1.0
704137,bertopic,n15_c25_s21,3,1.0
704168,bertopic,n15_c25_s21,69,1.0
704790,bertopic,n15_c25_s21,-1,0.0
704909,bertopic,n15_c25_s21,33,0.48753680338081296
704931,bertopic,n15_c25_s21,0,1.0
706120,bertopic,n15_c25_s21,-1,0.0
707021,bertopic,n15_c25_s21,-1,0.0
707393,bertopic,n15_c25_s21,6,1.0
707539,bertopic,n15_c25_s21,7,0.38989556130333075
708274,bertopic,n15_c25_s21,32,1.0
709574,bertopic,n15_c25_s21,18,1.0
710220,bertopic,n15_c25_s21,14,0.5728647063615413
710778,bertopic,n15_c25_s21,6,1.0
710990,bertopic,n15_c25_s21,-1,0.0
711238,bertopic,n15_c25_s21,2,1.0
711327,bertopic,n15_c25_s21,16,1.0
711526,bertopic,n15_c25_s21,37,1.0
711747,bertopic,n15_c25_s21,53,1.0
713563,bertopic,n15_c25_s21,3,1.0
713863,bertopic,n15_c25_s21,14,1.0
714598,bertopic,n15_c25_s21,-1,0.0
715089,bertopic,n15_c25_s21,4,1.0
715332,bertopic,n15_c25_s21,2,1.0
715731,bertopic,n15_c25_s21,2,1.0
716169,bertopic,n15_c25_s21,11,0.6668863513603382
717048,bertopic,n15_c25_s21,0,1.0
718752,bertopic,n15_c25_s21,25,0.8755675287862118
719093,bertopic,n15_c25_s21,25,1.0
719149,bertopic,n15_c25_s21,2,0.7401221881241496
719493,bertopic,n15_c25_s21,13,1.0
720256,bertopic,n15_c25_s21,21,0.7303453849859949
720997,bertopic,n15_c25_s21,55,1.0
721187,bertopic,n15_c25_s21,2,0.8335071730290856
721633,bertopic,n15_c25_s21,-1,0.0
722331,bertopic,n15_c25_s21,6,0.5535317314915402
723845,bertopic,n15_c25_s21,13,0.8404378058518328
725574,bertopic,n15_c25_s21,1,1.0
725605,bertopic,n15_c25_s21,0,1.0
725827,bertopic,n15_c25_s21,6,1.0
727150,bertopic,n15_c25_s21,5,0.989483894505688
727347,bertopic,n15_c25_s21,38,1.0
727745,bertopic,n15_c25_s21,3,1.0
728317,bertopic,n15_c25_s21,34,1.0
729085,bertopic,n15_c25_s21,22,0.5617685149162538
729270,bertopic,n15_c25_s21,41,1.0
730351,bertopic,n15_c25_s21,1,1.0
730651,bertopic,n15_c25_s21,20,0.6348068237779602
731051,bertopic,n15_c25_s21,15,1.0
734258,bertopic,n15_c25_s21,-1,0.0
735258,bertopic,n15_c25_s21,19,0.5574844176917814
735350,bertopic,n15_c25_s21,45,1.0
735597,bertopic,n15_c25_s21,10,0.5662336164318383
736369,bertopic,n15_c25_s21,0,1.0
736628,bertopic,n15_c25_s21,65,0.8786629635457104
736713,bertopic,n15_c25_s21,-1,0.0
737005,bertopic,n15_c25_s21,25,0.1827030369715877
737083,bertopic,n15_c25_s21,15,0.7032710789942807
737896,bertopic,n15_c25_s21,1,1.0
738247,bertopic,n15_c25_s21,19,1.0
738462,bertopic,n15_c25_s21,32,1.0
738524,bertopic,n15_c25_s21,-1,0.0
738718,bertopic,n15_c25_s21,49,1.0
739406,bertopic,n15_c25_s21,38,1.0
739497,bertopic,n15_c25_s21,-1,0.0
740804,bertopic,n15_c25_s21,6,1.0
741068,bertopic,n15_c25_s21,0,1.0
741213,bertopic,n15_c25_s21,3,1.0
742014,bertopic,n15_c25_s21,21,0.8947560217213125
742272,bertopic,n15_c25_s21,0,0.47954917750408205
742408,bertopic,n15_c25_s21,3,0.8651981273102947
743015,bertopic,n15_c25_s21,7,0.8697212840602108
743992,bertopic,n15_c25_s21,22,1.0
744328,bertopic,n15_c25_s21,68,1.0
744612,bertopic,n15_c25_s21,4,1.0
744814,bertopic,n15_c25_s21,0,1.0
745242,bertopic,n15_c25_s21,7,0.3918833290666237
746933,bertopic,n15_c25_s21,1,1.0
747079,bertopic,n15_c25_s21,7,0.3839552396083693
748725,bertopic,n15_c25_s21,3,1.0
749422,bertopic,n15_c25_s21,-1,0.0
751604,bertopic,n15_c25_s21,8,0.3091765799185423
751753,bertopic,n15_c25_s21,37,1.0
752173,bertopic,n15_c25_s21,16,1.0
753032,bertopic,n15_c25_s21,15,0.49813005637893215
755679,bertopic,n15_c25_s21,-1,0.0
756819,bertopic,n15_c25_s21,25,0.15830826094431272
757036,bertopic,n15_c25_s21,7,1.0
757221,bertopic,n15_c25_s21,52,1.0
757276,bertopic,n15_c25_s21,-1,0.0
757335,bertopic,n15_c25_s21,2,1.0
758285,bertopic,n15_c25_s21,6,1.0
758405,bertopic,n15_c25_s21,7,1.0
759519,bertopic,n15_c25_s21,30,0.680990522948833
759725,bertopic,n15_c25_s21,-1,0.0
759807,bertopic,n15_c25_s21,21,0.4940514913471533
759838,bertopic,n15_c25_s21,-1,0.0
760498,bertopic,n15_c25_s21,38,0.6396426782815705
761422,bertopic,n15_c25_s21,11,0.96817551642875
761724,bertopic,n15_c25_s21,23,1.0
761897,bertopic,n15_c25_s21,1,1.0
762072,bertopic,n15_c25_s21,20,1.0
762193,bertopic,n15_c25_s21,21,1.0
762384,bertopic,n15_c25_s21,11,0.6546218071662255
763279,bertopic,n15_c25_s21,14,0.64028776099379
764188,bertopic,n15_c25_s21,38,0.6712266742741373
764314,bertopic,n15_c25_s21,-1,0.0
764835,bertopic,n15_c25_s21,0,0.6951882004450316
766713,bertopic,n15_c25_s21,14,1.0
766993,bertopic,n15_c25_s21,14,0.6036055063355561
767883,bertopic,n15_c25_s21,-1,0.0
769465,bertopic,n15_c25_s21,-1,0.0
770322,bertopic,n15_c25_s21,-1,0.0
771869,bertopic,n15_c25_s21,12,0.45357730994899365
771928,bertopic,n15_c25_s21,31,0.429483984653045
772136,bertopic,n15_c25_s21,7,0.6732030965029483
772217,bertopic,n15_c25_s21,46,0.37849322679244984
773372,bertopic,n15_c25_s21,-1,0.0
773611,bertopic,n15_c25_s21,67,1.0
774457,bertopic,n15_c25_s21,43,0.6716197549974019
774968,bertopic,n15_c25_s21,0,1.0
776924,bertopic,n15_c25_s21,31,1.0
777495,bertopic,n15_c25_s21,0,1.0
777620,bertopic,n15_c25_s21,-1,0.0
778092,bertopic,n15_c25_s21,26,0.30455604362293665
778468,bertopic,n15_c25_s21,-1,0.0
778870,bertopic,n15_c25_s21,6,1.0
779172,bertopic,n15_c25_s21,1,1.0
779958,bertopic,n15_c25_s21,60,1.0
780578,bertopic,n15_c25_s21,30,1.0
781275,bertopic,n15_c25_s21,32,0.11225521232720008
781432,bertopic,n15_c25_s21,2,0.924586860046663
781582,bertopic,n15_c25_s21,0,0.8531724659515796
782090,bertopic,n15_c25_s21,-1,0.0
782821,bertopic,n15_c25_s21,1,0.5642096767916738
783607,bertopic,n15_c25_s21,10,0.4068697652965849
784006,bertopic,n15_c25_s21,50,1.0
784090,bertopic,n15_c25_s21,0,1.0
784568,bertopic,n15_c25_s21,1,1.0
784877,bertopic,n15_c25_s21,14,1.0
785271,bertopic,n15_c25_s21,10,0.39242689659011043
786056,bertopic,n15_c25_s21,10,0.7309889582837515
786573,bertopic,n15_c25_s21,60,0.9379555106431169
788354,bertopic,n15_c25_s21,30,1.0
788517,bertopic,n15_c25_s21,56,0.7238883453199674
788620,bertopic,n15_c25_s21,7,0.8160202984121088
789059,bertopic,n15_c25_s21,2,0.6436205050974904
789077,bertopic,n15_c25_s21,6,0.9872340568470774
789163,bertopic,n15_c25_s21,5,0.98185455878374
790004,bertopic,n15_c25_s21,31,1.0
790446,bertopic,n15_c25_s21,56,0.7224906499101545
791899,bertopic,n15_c25_s21,-1,0.0
791926,bertopic,n15_c25_s21,0,1.0
792286,bertopic,n15_c25_s21,22,0.5241834425761144
792589,bertopic,n15_c25_s21,64,1.0
792727,bertopic,n15_c25_s21,0,1.0
793151,bertopic,n15_c25_s21,9,0.3504109287490857
793457,bertopic,n15_c25_s21,-1,0.0
793694,bertopic,n15_c25_s21,-1,0.0
794269,bertopic,n15_c25_s21,6,1.0
794318,bertopic,n15_c25_s21,16,0.30374745931357583
794584,bertopic,n15_c25_s21,21,1.0
794590,bertopic,n15_c25_s21,7,0.38989556130333075
794646,bertopic,n15_c25_s21,0,1.0
794905,bertopic,n15_c25_s21,-1,0.0
794972,bertopic,n15_c25_s21,0,1.0
795345,bertopic,n15_c25_s21,50,0.9255930374570385
795664,bertopic,n15_c25_s21,-1,0.0
795837,bertopic,n15_c25_s21,3,0.8327740968720205
795956,bertopic,n15_c25_s21,-1,0.0
796487,bertopic,n15_c25_s21,23,0.18197739537079347
797103,bertopic,n15_c25_s21,21,0.5332735971855508
797985,bertopic,n15_c25_s21,14,0.6130253607441873
798188,bertopic,n15_c25_s21,-1,0.0
798365,bertopic,n15_c25_s21,30,0.5715139132411553
798457,bertopic,n15_c25_s21,21,1.0
798666,bertopic,n15_c25_s21,-1,0.0
798803,bertopic,n15_c25_s21,5,1.0
801936,bertopic,n15_c25_s21,6,1.0
802290,bertopic,n15_c25_s21,13,0.9002050054476887
803132,bertopic,n15_c25_s21,1,1.0
803138,bertopic,n15_c25_s21,2,1.0
803194,bertopic,n15_c25_s21,3,1.0
803576,bertopic,n15_c25_s21,1,0.46839273057557407
804067,bertopic,n15_c25_s21,44,1.0
804529,bertopic,n15_c25_s21,1,1.0
804591,bertopic,n15_c25_s21,12,1.0
805419,bertopic,n15_c25_s21,17,0.9245804286904501
805485,bertopic,n15_c25_s21,-1,0.0
806530,bertopic,n15_c25_s21,14,1.0
806751,bertopic,n15_c25_s21,5,0.37187776412659806
807671,bertopic,n15_c25_s21,4,1.0
809437,bertopic,n15_c25_s21,26,0.4021662210547776
809730,bertopic,n15_c25_s21,49,1.0
809864,bertopic,n15_c25_s21,-1,0.0
810393,bertopic,n15_c25_s21,1,0.9484377685286364
811330,bertopic,n15_c25_s21,52,1.0
811461,bertopic,n15_c25_s21,46,1.0
811718,bertopic,n15_c25_s21,61,1.0
812041,bertopic,n15_c25_s21,0,1.0
812080,bertopic,n15_c25_s21,51,1.0
813514,bertopic,n15_c25_s21,0,1.0
813811,bertopic,n15_c25_s21,0,1.0
814041,bertopic,n15_c25_s21,-1,0.0
814542,bertopic,n15_c25_s21,30,0.943460285463595
815056,bertopic,n15_c25_s21,57,0.9549272145017844
816239,bertopic,n15_c25_s21,-1,0.0
816490,bertopic,n15_c25_s21,-1,0.0
816512,bertopic,n15_c25_s21,1,1.0
816686,bertopic,n15_c25_s21,0,1.0
817063,bertopic,n15_c25_s21,-1,0.0
817240,bertopic,n15_c25_s21,-1,0.0
817356,bertopic,n15_c25_s21,1,0.5642096767916738
818744,bertopic,n15_c25_s21,-1,0.0
819637,bertopic,n15_c25_s21,37,1.0
820417,bertopic,n15_c25_s21,7,0.7042689109918829
820499,bertopic,n15_c25_s21,7,1.0
820808,bertopic,n15_c25_s21,7,1.0
821259,bertopic,n15_c25_s21,6,1.0
822463,bertopic,n15_c25_s21,19,0.5574844176917814
823365,bertopic,n15_c25_s21,-1,0.0
823757,bertopic,n15_c25_s21,2,1.0
825847,bertopic,n15_c25_s21,35,1.0
826079,bertopic,n15_c25_s21,0,0.47954917750408205
826309,bertopic,n15_c25_s21,1,1.0
826448,bertopic,n15_c25_s21,14,0.8078724840068845
826583,bertopic,n15_c25_s21,-1,0.0
829336,bertopic,n15_c25_s21,17,0.8793084842032695
829401,bertopic,n15_c25_s21,2,1.0
829443,bertopic,n15_c25_s21,-1,0.0
829512,bertopic,n15_c25_s21,2,0.7401221881241496
829925,bertopic,n15_c25_s21,1,1.0
830755,bertopic,n15_c25_s21,61,1.0
830861,bertopic,n15_c25_s21,-1,0.0
831003,bertopic,n15_c25_s21,1,1.0
831140,bertopic,n15_c25_s21,7,0.5516902599925757
831455,bertopic,n15_c25_s21,22,0.25331221099723616
832164,bertopic,n15_c25_s21,17,1.0
832451,bertopic,n15_c25_s21,1,0.5642096767916738
832539,bertopic,n15_c25_s21,3,0.8627760918111028
833507,bertopic,n15_c25_s21,21,1.0
833652,bertopic,n15_c25_s21,52,1.0
833753,bertopic,n15_c25_s21,25,1.0
833755,bertopic,n15_c25_s21,3,1.0
834089,bertopic,n15_c25_s21,3,0.9987012614512865
834965,bertopic,n15_c25_s21,14,0.9042691055375013
835091,bertopic,n15_c25_s21,15,0.2665937104312607
836593,bertopic,n15_c25_s21,0,1.0
836771,bertopic,n15_c25_s21,20,0.5523169332987818
837069,bertopic,n15_c25_s21,7,0.38989556130333075
837722,bertopic,n15_c25_s21,31,1.0
837949,bertopic,n15_c25_s21,12,0.602680147913631
838913,bertopic,n15_c25_s21,4,1.0
839276,bertopic,n15_c25_s21,46,1.0
839417,bertopic,n15_c25_s21,67,1.0
839428,bertopic,n15_c25_s21,7,0.7359809645531654
839954,bertopic,n15_c25_s21,3,0.8386302890469883
840427,bertopic,n15_c25_s21,6,1.0
840576,bertopic,n15_c25_s21,34,0.6087979726035391
840991,bertopic,n15_c25_s21,48,1.0
841015,bertopic,n15_c25_s21,7,0.38166946111984407
842319,bertopic,n15_c25_s21,19,1.0
844378,bertopic,n15_c25_s21,0,1.0
845221,bertopic,n15_c25_s21,49,1.0
845621,bertopic,n15_c25_s21,1,1.0
845957,bertopic,n15_c25_s21,15,0.49813005637893215
846074,bertopic,n15_c25_s21,8,0.3091765799185423
846205,bertopic,n15_c25_s21,-1,0.0
846430,bertopic,n15_c25_s21,32,1.0
846635,bertopic,n15_c25_s21,5,1.0
846655,bertopic,n15_c25_s21,13,0.276442459799801
847418,bertopic,n15_c25_s21,3,1.0
848231,bertopic,n15_c25_s21,36,0.3149353740380804
848372,bertopic,n15_c25_s21,0,1.0
848879,bertopic,n15_c25_s21,18,1.0
850856,bertopic,n15_c25_s21,0,1.0
850916,bertopic,n15_c25_s21,7,1.0
851542,bertopic,n15_c25_s21,1,1.0
852157,bertopic,n15_c25_s21,1,1.0
852174,bertopic,n15_c25_s21,0,0.9081129235697896
852434,bertopic,n15_c25_s21,-1,0.0
854666,bertopic,n15_c25_s21,-1,0.0
855462,bertopic,n15_c25_s21,52,0.42929481036397465
856248,bertopic,n15_c25_s21,25,0.5161836156591638
858622,bertopic,n15_c25_s21,-1,0.0
858970,bertopic,n15_c25_s21,36,1.0
859505,bertopic,n15_c25_s21,-1,0.0
863262,bertopic,n15_c25_s21,56,1.0
864280,bertopic,n15_c25_s21,-1,0.0
865209,bertopic,n15_c25_s21,44,1.0
868781,bertopic,n15_c25_s21,24,1.0
869869,bertopic,n15_c25_s21,25,1.0
871970,bertopic,n15_c25_s21,58,1.0
873775,bertopic,n15_c25_s21,13,1.0
875499,bertopic,n15_c25_s21,35,1.0
876108,bertopic,n15_c25_s21,41,1.0
876480,bertopic,n15_c25_s21,1,1.0
876541,bertopic,n15_c25_s21,56,0.3189142543390305
877267,bertopic,n15_c25_s21,-1,0.0
878033,bertopic,n15_c25_s21,67,0.48900651932721506
881117,bertopic,n15_c25_s21,-1,0.0
882051,bertopic,n15_c25_s21,29,0.3158703616357621
882911,bertopic,n15_c25_s21,0,1.0
888566,bertopic,n15_c25_s21,20,0.7035666822380038
889190,bertopic,n15_c25_s21,-1,0.0
889993,bertopic,n15_c25_s21,16,1.0
890018,bertopic,n15_c25_s21,26,0.9393929169565168
890036,bertopic,n15_c25_s21,36,0.3149353740380804
891180,bertopic,n15_c25_s21,-1,0.0
891504,bertopic,n15_c25_s21,-1,0.0
892785,bertopic,n15_c25_s21,15,0.45306527916217154
893155,bertopic,n15_c25_s21,-1,0.0
894631,bertopic,n15_c25_s21,-1,0.0
895040,bertopic,n15_c25_s21,16,0.3987169439504248
896968,bertopic,n15_c25_s21,18,0.6438105244848032
898207,bertopic,n15_c25_s21,-1,0.0
898994,bertopic,n15_c25_s21,4,1.0
900355,bertopic,n15_c25_s21,-1,0.0
901198,bertopic,n15_c25_s21,34,0.916718820886081
903482,bertopic,n15_c25_s21,-1,0.0
903837,bertopic,n15_c25_s21,3,0.9347682680900674
904099,bertopic,n15_c25_s21,-1,0.0
906185,bertopic,n15_c25_s21,4,1.0
906511,bertopic,n15_c25_s21,-1,0.0
907428,bertopic,n15_c25_s21,30,1.0
907506,bertopic,n15_c25_s21,13,1.0
908241,bertopic,n15_c25_s21,1,1.0
909050,bertopic,n15_c25_s21,34,0.7330036438003416
909535,bertopic,n15_c25_s21,-1,0.0
910391,bertopic,n15_c25_s21,19,0.7709278412945468
910966,bertopic,n15_c25_s21,-1,0.0
911482,bertopic,n15_c25_s21,-1,0.0
912087,bertopic,n15_c25_s21,4,1.0
912459,bertopic,n15_c25_s21,51,1.0
912821,bertopic,n15_c25_s21,0,1.0
913484,bertopic,n15_c25_s21,2,1.0
913524,bertopic,n15_c25_s21,2,0.739563548716245
913700,bertopic,n15_c25_s21,15,0.6767241794376949
913708,bertopic,n15_c25_s21,1,1.0
914128,bertopic,n15_c25_s21,30,0.4348472880383965
914767,bertopic,n15_c25_s21,30,1.0
914838,bertopic,n15_c25_s21,-1,0.0
915745,bertopic,n15_c25_s21,-1,0.0
917093,bertopic,n15_c25_s21,18,0.42133600966856116
919888,bertopic,n15_c25_s21,37,0.4553505702291654
920139,bertopic,n15_c25_s21,67,1.0
920360,bertopic,n15_c25_s21,1,1.0
920513,bertopic,n15_c25_s21,-1,0.0
921356,bertopic,n15_c25_s21,0,1.0
921590,bertopic,n15_c25_s21,3,1.0
922266,bertopic,n15_c25_s21,0,1.0
923043,bertopic,n15_c25_s21,-1,0.0
923715,bertopic,n15_c25_s21,13,0.447304631005621
924953,bertopic,n15_c25_s21,6,1.0
925391,bertopic,n15_c25_s21,53,1.0
925961,bertopic,n15_c25_s21,1,1.0
926212,bertopic,n15_c25_s21,18,0.42133600966856116
926526,bertopic,n15_c25_s21,13,0.7337278913116654
926858,bertopic,n15_c25_s21,5,1.0
926992,bertopic,n15_c25_s21,38,1.0
927582,bertopic,n15_c25_s21,14,1.0
928473,bertopic,n15_c25_s21,40,1.0
929989,bertopic,n15_c25_s21,38,0.4856912891058183
931446,bertopic,n15_c25_s21,-1,0.0
931451,bertopic,n15_c25_s21,16,1.0
931661,bertopic,n15_c25_s21,-1,0.0
932266,bertopic,n15_c25_s21,0,1.0
932468,bertopic,n15_c25_s21,58,1.0
933784,bertopic,n15_c25_s21,19,0.6146371366544422
936437,bertopic,n15_c25_s21,-1,0.0
936494,bertopic,n15_c25_s21,25,0.7380553294320817
938557,bertopic,n15_c25_s21,3,0.9420586050078982
938810,bertopic,n15_c25_s21,3,0.8262377097314367
939062,bertopic,n15_c25_s21,-1,0.0
939431,bertopic,n15_c25_s21,-1,0.0
939974,bertopic,n15_c25_s21,1,1.0
940148,bertopic,n15_c25_s21,34,0.9050180913468739
942698,bertopic,n15_c25_s21,19,0.6334305837556626
943473,bertopic,n15_c25_s21,61,1.0
943536,bertopic,n15_c25_s21,2,1.0
944349,bertopic,n15_c25_s21,24,1.0
944415,bertopic,n15_c25_s21,1,1.0
946748,bertopic,n15_c25_s21,41,1.0
947165,bertopic,n15_c25_s21,53,1.0
947678,bertopic,n15_c25_s21,0,1.0
949593,bertopic,n15_c25_s21,3,0.8576524500755544
951771,bertopic,n15_c25_s21,1,1.0
951940,bertopic,n15_c25_s21,6,1.0
952202,bertopic,n15_c25_s21,51,1.0
952335,bertopic,n15_c25_s21,0,1.0
955033,bertopic,n15_c25_s21,2,1.0
955035,bertopic,n15_c25_s21,16,1.0
956899,bertopic,n15_c25_s21,-1,0.0
966254,bertopic,n15_c25_s21,23,1.0
966855,bertopic,n15_c25_s21,6,0.14036532925403494
967053,bertopic,n15_c25_s21,61,1.0
967464,bertopic,n15_c25_s21,22,1.0
967645,bertopic,n15_c25_s21,-1,0.0
968273,bertopic,n15_c25_s21,12,0.45357730994899365
968481,bertopic,n15_c25_s21,0,0.9457709303703248
968642,bertopic,n15_c25_s21,43,1.0
968857,bertopic,n15_c25_s21,-1,0.0
970440,bertopic,n15_c25_s21,-1,0.0
970571,bertopic,n15_c25_s21,20,0.6409784763251319
971340,bertopic,n15_c25_s21,6,1.0
971558,bertopic,n15_c25_s21,0,1.0
971958,bertopic,n15_c25_s21,31,0.9436742421610511
972573,bertopic,n15_c25_s21,23,1.0
973210,bertopic,n15_c25_s21,-1,0.0
975342,bertopic,n15_c25_s21,0,1.0
975444,bertopic,n15_c25_s21,15,0.70382520052518
975611,bertopic,n15_c25_s21,-1,0.0
975756,bertopic,n15_c25_s21,66,0.6915418510635373
976410,bertopic,n15_c25_s21,-1,0.0
978624,bertopic,n15_c25_s21,-1,0.0
979489,bertopic,n15_c25_s21,0,1.0
979552,bertopic,n15_c25_s21,7,1.0
979962,bertopic,n15_c25_s21,34,1.0
980182,bertopic,n15_c25_s21,34,0.4854347531027212
980581,bertopic,n15_c25_s21,31,1.0
980991,bertopic,n15_c25_s21,65,1.0
981047,bertopic,n15_c25_s21,36,1.0
981270,bertopic,n15_c25_s21,27,0.787932144363421
981287,bertopic,n15_c25_s21,53,1.0
981413,bertopic,n15_c25_s21,7,1.0
981727,bertopic,n15_c25_s21,38,1.0
982506,bertopic,n15_c25_s21,14,0.7114587207131167
983155,bertopic,n15_c25_s21,1,1.0
983284,bertopic,n15_c25_s21,11,0.9086553412211489
984215,bertopic,n15_c25_s21,15,0.23592515911729245
984662,bertopic,n15_c25_s21,13,0.644233594528501
986295,bertopic,n15_c25_s21,31,0.9108823752427774
986633,bertopic,n15_c25_s21,7,0.4772560109567422
986953,bertopic,n15_c25_s21,7,0.38989556130333075
987048,bertopic,n15_c25_s21,64,1.0
987253,bertopic,n15_c25_s21,6,0.9243694548843382
987483,bertopic,n15_c25_s21,24,1.0
987539,bertopic,n15_c25_s21,0,1.0
988656,bertopic,n15_c25_s21,-1,0.0
988691,bertopic,n15_c25_s21,6,1.0
988991,bertopic,n15_c25_s21,24,0.959839238794924
990161,bertopic,n15_c25_s21,1,1.0
990208,bertopic,n15_c25_s21,24,0.45962721177077365
991167,bertopic,n15_c25_s21,1,1.0
991269,bertopic,n15_c25_s21,0,1.0
991872,bertopic,n15_c25_s21,-1,0.0
991935,bertopic,n15_c25_s21,3,0.8069444570930464
992944,bertopic,n15_c25_s21,6,1.0
993158,bertopic,n15_c25_s21,-1,0.0
993844,bertopic,n15_c25_s21,1,1.0
994375,bertopic,n15_c25_s21,11,1.0
994611,bertopic,n15_c25_s21,6,0.7656613678249938
995628,bertopic,n15_c25_s21,2,1.0
996167,bertopic,n15_c25_s21,-1,0.0
996276,bertopic,n15_c25_s21,23,0.23771470871612574
996714,bertopic,n15_c25_s21,2,1.0
996931,bertopic,n15_c25_s21,-1,0.0
996940,bertopic,n15_c25_s21,-1,0.0
998870,bertopic,n15_c25_s21,21,0.914699467168344
998995,bertopic,n15_c25_s21,14,1.0
999286,bertopic,n15_c25_s21,10,0.39342719536376514
999384,bertopic,n15_c25_s21,46,1.0
999559,bertopic,n15_c25_s21,6,0.28467396642359605
999623,bertopic,n15_c25_s21,13,0.447304631005621
1000178,bertopic,n15_c25_s21,42,0.5355173606422193
1000189,bertopic,n15_c25_s21,31,0.6323374135930111
1000307,bertopic,n15_c25_s21,46,1.0
1000340,bertopic,n15_c25_s21,10,0.6122349503347663
1000380,bertopic,n15_c25_s21,1,0.7927520680222451
1000528,bertopic,n15_c25_s21,20,0.5066544688497469
1000611,bertopic,n15_c25_s21,40,1.0
1000749,bertopic,n15_c25_s21,17,0.8356536537813953
1001047,bertopic,n15_c25_s21,38,0.08218830115993644
1001274,bertopic,n15_c25_s21,24,0.4922034767137841
1001458,bertopic,n15_c25_s21,24,1.0
1002776,bertopic,n15_c25_s21,2,0.7401221881241496
1003046,bertopic,n15_c25_s21,3,1.0
1003287,bertopic,n15_c25_s21,19,0.6152048769115933
1003291,bertopic,n15_c25_s21,5,0.36457083962379405
1003352,bertopic,n15_c25_s21,6,0.5535317314915402
1003542,bertopic,n15_c25_s21,-1,0.0
1004826,bertopic,n15_c25_s21,6,0.14036532925403494
1005957,bertopic,n15_c25_s21,48,1.0
1006766,bertopic,n15_c25_s21,33,1.0
1008637,bertopic,n15_c25_s21,9,0.42445909330237064
1008724,bertopic,n15_c25_s21,1,1.0
1009546,bertopic,n15_c25_s21,0,1.0
1009940,bertopic,n15_c25_s21,0,1.0
1010256,bertopic,n15_c25_s21,4,1.0
1010446,bertopic,n15_c25_s21,-1,0.0
1010509,bertopic,n15_c25_s21,38,0.6877249178019168
1010772,bertopic,n15_c25_s21,23,0.4164989672257794
1011128,bertopic,n15_c25_s21,19,0.928481631416875
1011670,bertopic,n15_c25_s21,22,1.0
1011897,bertopic,n15_c25_s21,0,1.0
1011957,bertopic,n15_c25_s21,-1,0.0
1013214,bertopic,n15_c25_s21,45,0.9177592474538174
1013505,bertopic,n15_c25_s21,40,1.0
1013715,bertopic,n15_c25_s21,13,0.8366497162635491
1013753,bertopic,n15_c25_s21,-1,0.0
1014352,bertopic,n15_c25_s21,23,1.0
1014631,bertopic,n15_c25_s21,0,1.0
1015842,bertopic,n15_c25_s21,-1,0.0
1015982,bertopic,n15_c25_s21,-1,0.0
1016249,bertopic,n15_c25_s21,40,1.0
1016372,bertopic,n15_c25_s21,-1,0.0
1017197,bertopic,n15_c25_s21,38,1.0
1017852,bertopic,n15_c25_s21,-1,0.0
1018156,bertopic,n15_c25_s21,44,0.18677833059140744
1019074,bertopic,n15_c25_s21,46,0.951225659098158
1019171,bertopic,n15_c25_s21,32,0.11225521232720008
1019255,bertopic,n15_c25_s21,-1,0.0
1019557,bertopic,n15_c25_s21,22,0.9271899447567591
1019722,bertopic,n15_c25_s21,-1,0.0
1019745,bertopic,n15_c25_s21,1,1.0
1020533,bertopic,n15_c25_s21,53,1.0
1020889,bertopic,n15_c25_s21,5,1.0
1020917,bertopic,n15_c25_s21,17,0.8793084842032695
1020940,bertopic,n15_c25_s21,-1,0.0
1021384,bertopic,n15_c25_s21,21,1.0
1021736,bertopic,n15_c25_s21,14,0.64028776099379
1021989,bertopic,n15_c25_s21,45,1.0
1022416,bertopic,n15_c25_s21,30,0.589591898126387
1022856,bertopic,n15_c25_s21,10,0.5577371259511378
1022941,bertopic,n15_c25_s21,-1,0.0
1023622,bertopic,n15_c25_s21,0,1.0
1023669,bertopic,n15_c25_s21,1,1.0
1023726,bertopic,n15_c25_s21,0,1.0
1023811,bertopic,n15_c25_s21,12,0.4959550173491804
1023901,bertopic,n15_c25_s21,0,1.0
1024280,bertopic,n15_c25_s21,3,1.0
1024345,bertopic,n15_c25_s21,0,1.0
1025219,bertopic,n15_c25_s21,6,1.0
1025410,bertopic,n15_c25_s21,0,0.7417914211861029
1025600,bertopic,n15_c25_s21,61,1.0
1026708,bertopic,n15_c25_s21,0,1.0
1026799,bertopic,n15_c25_s21,0,1.0
1027124,bertopic,n15_c25_s21,16,0.3145489804820448
1028597,bertopic,n15_c25_s21,-1,0.0
1029189,bertopic,n15_c25_s21,0,1.0
1029846,bertopic,n15_c25_s21,-1,0.0
1029892,bertopic,n15_c25_s21,-1,0.0
1030051,bertopic,n15_c25_s21,0,1.0
1030230,bertopic,n15_c25_s21,0,1.0
1031034,bertopic,n15_c25_s21,42,1.0
1031347,bertopic,n15_c25_s21,-1,0.0
1031601,bertopic,n15_c25_s21,0,1.0
1032243,bertopic,n15_c25_s21,7,1.0
1032430,bertopic,n15_c25_s21,29,0.4083383957382999
1032439,bertopic,n15_c25_s21,66,1.0
1032462,bertopic,n15_c25_s21,4,1.0
1032772,bertopic,n15_c25_s21,0,1.0
1033027,bertopic,n15_c25_s21,23,0.23771470871612574
1033232,bertopic,n15_c25_s21,47,1.0
1033395,bertopic,n15_c25_s21,3,1.0
1034845,bertopic,n15_c25_s21,35,0.42806192776315904
1034900,bertopic,n15_c25_s21,66,1.0
1034953,bertopic,n15_c25_s21,24,0.30070131029029523
1035229,bertopic,n15_c25_s21,9,0.14540449193620775
1035289,bertopic,n15_c25_s21,11,1.0
1035310,bertopic,n15_c25_s21,10,0.963290943320702
1035367,bertopic,n15_c25_s21,3,1.0
1035380,bertopic,n15_c25_s21,8,0.5050614871071518
1035388,bertopic,n15_c25_s21,56,0.7058727609599912
1035429,bertopic,n15_c25_s21,23,1.0
1035544,bertopic,n15_c25_s21,13,0.276442459799801
1035994,bertopic,n15_c25_s21,69,1.0
1036613,bertopic,n15_c25_s21,0,1.0
1037469,bertopic,n15_c25_s21,39,0.5570723213847272
1037617,bertopic,n15_c25_s21,64,1.0
1038352,bertopic,n15_c25_s21,11,0.43673491105876644
1040208,bertopic,n15_c25_s21,0,1.0
1040297,bertopic,n15_c25_s21,49,1.0
1040352,bertopic,n15_c25_s21,0,1.0
1042129,bertopic,n15_c25_s21,14,0.565136311921165
1043663,bertopic,n15_c25_s21,64,1.0
1043877,bertopic,n15_c25_s21,1,1.0
1044229,bertopic,n15_c25_s21,5,1.0
1044609,bertopic,n15_c25_s21,17,0.8793084842032695
1044777,bertopic,n15_c25_s21,24,0.7979601232232987
1044904,bertopic,n15_c25_s21,0,1.0
1044974,bertopic,n15_c25_s21,-1,0.0
1044981,bertopic,n15_c25_s21,19,0.6486815164796347
1045140,bertopic,n15_c25_s21,44,1.0
1045154,bertopic,n15_c25_s21,24,1.0
1047012,bertopic,n15_c25_s21,32,1.0
1047052,bertopic,n15_c25_s21,27,0.42259530474507195
1048141,bertopic,n15_c25_s21,34,0.7674866215374972
1048375,bertopic,n15_c25_s21,60,1.0
1048410,bertopic,n15_c25_s21,29,0.3125547244721071
1048805,bertopic,n15_c25_s21,-1,0.0
1049420,bertopic,n15_c25_s21,14,0.6993992631574742
1050845,bertopic,n15_c25_s21,6,1.0
1051104,bertopic,n15_c25_s21,13,0.447304631005621
1053526,bertopic,n15_c25_s21,1,1.0
1053725,bertopic,n15_c25_s21,37,0.2477502124182926
1053754,bertopic,n15_c25_s21,20,0.545306630513448
1055222,bertopic,n15_c25_s21,41,1.0
1055609,bertopic,n15_c25_s21,36,1.0
1055813,bertopic,n15_c25_s21,3,1.0
1056195,bertopic,n15_c25_s21,6,0.5535317314915402
1056210,bertopic,n15_c25_s21,35,1.0
1056986,bertopic,n15_c25_s21,23,0.4815293385621968
1057503,bertopic,n15_c25_s21,1,1.0
1057649,bertopic,n15_c25_s21,52,1.0
1059360,bertopic,n15_c25_s21,31,0.29120314692962435
1059969,bertopic,n15_c25_s21,0,1.0
1060043,bertopic,n15_c25_s21,-1,0.0
1060532,bertopic,n15_c25_s21,12,1.0
1060803,bertopic,n15_c25_s21,58,1.0
1061551,bertopic,n15_c25_s21,6,1.0
1061978,bertopic,n15_c25_s21,3,0.8570695056957164
1062074,bertopic,n15_c25_s21,-1,0.0
1062739,bertopic,n15_c25_s21,-1,0.0
1062797,bertopic,n15_c25_s21,-1,0.0
1063424,bertopic,n15_c25_s21,21,1.0
1063437,bertopic,n15_c25_s21,0,0.47954917750408205
1063454,bertopic,n15_c25_s21,20,0.3848580246404181
1063476,bertopic,n15_c25_s21,5,0.36740968069802715
1064404,bertopic,n15_c25_s21,1,1.0
1065299,bertopic,n15_c25_s21,26,0.9133765811737486
1065448,bertopic,n15_c25_s21,1,1.0
1066123,bertopic,n15_c25_s21,0,1.0
1066522,bertopic,n15_c25_s21,26,0.7642328508364196
1067578,bertopic,n15_c25_s21,15,0.45306527916217154
1067693,bertopic,n15_c25_s21,0,1.0
1069084,bertopic,n15_c25_s21,-1,0.0
1069106,bertopic,n15_c25_s21,22,0.29984830653861916
1069254,bertopic,n15_c25_s21,1,0.5642096767916738
1069513,bertopic,n15_c25_s21,14,0.7114587207131167
1069835,bertopic,n15_c25_s21,-1,0.0
1069840,bertopic,n15_c25_s21,0,1.0
1070162,bertopic,n15_c25_s21,17,0.8793084842032695
1070665,bertopic,n15_c25_s21,-1,0.0
1070969,bertopic,n15_c25_s21,42,1.0
1071080,bertopic,n15_c25_s21,18,0.42133600966856116
1071107,bertopic,n15_c25_s21,7,0.4066280586344143
1071215,bertopic,n15_c25_s21,1,1.0
1072037,bertopic,n15_c25_s21,-1,0.0
1072289,bertopic,n15_c25_s21,20,0.3794390810962875
1072551,bertopic,n15_c25_s21,6,0.24116792795896771
1072623,bertopic,n15_c25_s21,14,0.7114587207131167
1073104,bertopic,n15_c25_s21,3,1.0
1073234,bertopic,n15_c25_s21,-1,0.0
1073292,bertopic,n15_c25_s21,16,0.8370473950892305
1073802,bertopic,n15_c25_s21,1,1.0
1074110,bertopic,n15_c25_s21,-1,0.0
1074238,bertopic,n15_c25_s21,7,0.497263326926049
1076235,bertopic,n15_c25_s21,-1,0.0
1076466,bertopic,n15_c25_s21,18,1.0
1076467,bertopic,n15_c25_s21,29,0.8240549527816995
1076495,bertopic,n15_c25_s21,-1,0.0
1076705,bertopic,n15_c25_s21,7,0.6820575490318245
1077122,bertopic,n15_c25_s21,8,0.3119206448774395
1077485,bertopic,n15_c25_s21,19,0.8294920678379245
1078023,bertopic,n15_c25_s21,31,0.3647707761314002
1078248,bertopic,n15_c25_s21,2,1.0
1078560,bertopic,n15_c25_s21,-1,0.0
1078592,bertopic,n15_c25_s21,11,0.6265469127594119
1079076,bertopic,n15_c25_s21,0,1.0
1079790,bertopic,n15_c25_s21,0,0.6885644450227082
1080149,bertopic,n15_c25_s21,14,1.0
1080614,bertopic,n15_c25_s21,0,1.0
1080759,bertopic,n15_c25_s21,13,0.5037770291545183
1080788,bertopic,n15_c25_s21,38,0.6662298909420905
1080884,bertopic,n15_c25_s21,0,1.0
1081001,bertopic,n15_c25_s21,3,1.0
1081342,bertopic,n15_c25_s21,1,0.7776409388872825
1081892,bertopic,n15_c25_s21,8,1.0
1082238,bertopic,n15_c25_s21,3,1.0
1083077,bertopic,n15_c25_s21,3,0.9756600599532688
1083556,bertopic,n15_c25_s21,0,1.0
1084556,bertopic,n15_c25_s21,1,1.0
1084685,bertopic,n15_c25_s21,14,1.0
1084698,bertopic,n15_c25_s21,7,0.38989556130333075
1084727,bertopic,n15_c25_s21,16,1.0
1084772,bertopic,n15_c25_s21,18,0.5303891338753481
1085540,bertopic,n15_c25_s21,18,0.42133600966856116
1086110,bertopic,n15_c25_s21,16,1.0
1086352,bertopic,n15_c25_s21,17,1.0
1087088,bertopic,n15_c25_s21,3,1.0
1087763,bertopic,n15_c25_s21,30,0.317085619837905
1087979,bertopic,n15_c25_s21,6,1.0
1088031,bertopic,n15_c25_s21,1,1.0
1088610,bertopic,n15_c25_s21,19,0.5562686627712919
1088726,bertopic,n15_c25_s21,19,0.7417074867086789
1089680,bertopic,n15_c25_s21,0,1.0
1089743,bertopic,n15_c25_s21,7,0.5971030043065518
1089980,bertopic,n15_c25_s21,-1,0.0
1090059,bertopic,n15_c25_s21,-1,0.0
1090082,bertopic,n15_c25_s21,10,0.7004666913600791
1090851,bertopic,n15_c25_s21,60,1.0
1091144,bertopic,n15_c25_s21,42,0.6978045549187061
1091597,bertopic,n15_c25_s21,19,0.5420658981736424
1091700,bertopic,n15_c25_s21,19,1.0
1092044,bertopic,n15_c25_s21,1,0.46839273057557407
1092137,bertopic,n15_c25_s21,46,1.0
1092142,bertopic,n15_c25_s21,23,0.6258326454386437
1093059,bertopic,n15_c25_s21,36,1.0
1093801,bertopic,n15_c25_s21,31,0.9436742421610511
1094257,bertopic,n15_c25_s21,47,0.7530990058002369
1094353,bertopic,n15_c25_s21,53,1.0
1095314,bertopic,n15_c25_s21,47,0.7504962686479453
1095730,bertopic,n15_c25_s21,22,0.25331221099723616
1095744,bertopic,n15_c25_s21,-1,0.0
1095794,bertopic,n15_c25_s21,25,1.0
1096069,bertopic,n15_c25_s21,13,1.0
1096200,bertopic,n15_c25_s21,-1,0.0
1096241,bertopic,n15_c25_s21,20,0.43931045101523586
1096298,bertopic,n15_c25_s21,-1,0.0
1096461,bertopic,n15_c25_s21,37,0.42327357372661434
1096507,bertopic,n15_c25_s21,60,0.7715958590059294
1096572,bertopic,n15_c25_s21,-1,0.0
1096749,bertopic,n15_c25_s21,0,1.0
1097185,bertopic,n15_c25_s21,1,0.46839273057557407
1097300,bertopic,n15_c25_s21,14,0.64028776099379
1097409,bertopic,n15_c25_s21,3,1.0
1097521,bertopic,n15_c25_s21,37,0.42327357372661434
1097866,bertopic,n15_c25_s21,1,1.0
1098259,bertopic,n15_c25_s21,8,0.3405942481837101
1098545,bertopic,n15_c25_s21,-1,0.0
1098819,bertopic,n15_c25_s21,37,1.0
1098963,bertopic,n15_c25_s21,37,1.0
1098982,bertopic,n15_c25_s21,-1,0.0
1099091,bertopic,n15_c25_s21,8,0.5426010418565639
1099235,bertopic,n15_c25_s21,10,0.6681098655835503
1099490,bertopic,n15_c25_s21,-1,0.0
1099494,bertopic,n15_c25_s21,-1,0.0
1099514,bertopic,n15_c25_s21,16,0.28666599945075083
1099526,bertopic,n15_c25_s21,19,0.8117137698112145
1099659,bertopic,n15_c25_s21,8,0.3089445119466295
1099789,bertopic,n15_c25_s21,-1,0.0
1099991,bertopic,n15_c25_s21,58,1.0
1100292,bertopic,n15_c25_s21,37,0.42327357372661434
1100313,bertopic,n15_c25_s21,18,1.0
1100338,bertopic,n15_c25_s21,1,0.46839273057557407
1100413,bertopic,n15_c25_s21,58,1.0
1100434,bertopic,n15_c25_s21,41,1.0
1100449,bertopic,n15_c25_s21,8,0.3112722521407619
1100552,bertopic,n15_c25_s21,29,0.30595858029188383
1100594,bertopic,n15_c25_s21,-1,0.0
1100861,bertopic,n15_c25_s21,-1,0.0
1100932,bertopic,n15_c25_s21,13,0.39303732352339904
1100975,bertopic,n15_c25_s21,0,1.0
1100995,bertopic,n15_c25_s21,8,0.3119206448774395
1101219,bertopic,n15_c25_s21,8,0.3785986758837842
1101347,bertopic,n15_c25_s21,0,1.0
1101600,bertopic,n15_c25_s21,1,1.0
1101650,bertopic,n15_c25_s21,8,1.0
1101774,bertopic,n15_c25_s21,14,0.7114587207131167
1101833,bertopic,n15_c25_s21,1,1.0
1102145,bertopic,n15_c25_s21,1,1.0
1102171,bertopic,n15_c25_s21,30,0.3199226289114877
1102209,bertopic,n15_c25_s21,12,0.8003709433726628
1102291,bertopic,n15_c25_s21,37,0.420282905054627
1102329,bertopic,n15_c25_s21,14,0.532285148278064
1102357,bertopic,n15_c25_s21,-1,0.0
1102380,bertopic,n15_c25_s21,46,0.8919622085804007
1102591,bertopic,n15_c25_s21,3,1.0
1102629,bertopic,n15_c25_s21,1,1.0
1102677,bertopic,n15_c25_s21,8,1.0
1102830,bertopic,n15_c25_s21,3,0.9741235129886714
1102838,bertopic,n15_c25_s21,-1,0.0
1102965,bertopic,n15_c25_s21,-1,0.0
1103065,bertopic,n15_c25_s21,-1,0.0
1103081,bertopic,n15_c25_s21,34,1.0
1103395,bertopic,n15_c25_s21,-1,0.0
1103566,bertopic,n15_c25_s21,17,0.9611133397641266
1103673,bertopic,n15_c25_s21,-1,0.0
1103695,bertopic,n15_c25_s21,56,1.0
1103889,bertopic,n15_c25_s21,0,1.0
1103910,bertopic,n15_c25_s21,0,1.0
1104481,bertopic,n15_c25_s21,18,0.42133600966856116
1104538,bertopic,n15_c25_s21,0,1.0
1105907,bertopic,n15_c25_s21,13,0.8366497162635491
1105913,bertopic,n15_c25_s21,34,1.0
1105941,bertopic,n15_c25_s21,12,0.8122913145149355
1105952,bertopic,n15_c25_s21,12,0.9904441726506981
1106184,bertopic,n15_c25_s21,5,1.0
1106279,bertopic,n15_c25_s21,-1,0.0
1106821,bertopic,n15_c25_s21,0,1.0
1107054,bertopic,n15_c25_s21,20,0.35075560895092056
1107129,bertopic,n15_c25_s21,21,0.5332735971855508
1107310,bertopic,n15_c25_s21,29,1.0
1107428,bertopic,n15_c25_s21,18,0.42133600966856116
1107525,bertopic,n15_c25_s21,12,0.7466392325921685
1107629,bertopic,n15_c25_s21,37,1.0
1108008,bertopic,n15_c25_s21,12,0.40887871712177776
1108317,bertopic,n15_c25_s21,0,0.940051897122632
1108557,bertopic,n15_c25_s21,7,0.6277707906000721
1108766,bertopic,n15_c25_s21,-1,0.0
1109432,bertopic,n15_c25_s21,5,0.9820287295985092
1109710,bertopic,n15_c25_s21,6,1.0
1109970,bertopic,n15_c25_s21,1,1.0
1110115,bertopic,n15_c25_s21,26,0.8423544333254401
1110127,bertopic,n15_c25_s21,4,0.6930419201707351
1110172,bertopic,n15_c25_s21,26,0.5758537344665217
1110269,bertopic,n15_c25_s21,26,0.8466191322316036
1110328,bertopic,n15_c25_s21,-1,0.0
1110439,bertopic,n15_c25_s21,3,1.0
1110451,bertopic,n15_c25_s21,0,1.0
1110625,bertopic,n15_c25_s21,-1,0.0
1110676,bertopic,n15_c25_s21,46,1.0
1110709,bertopic,n15_c25_s21,4,1.0
1110792,bertopic,n15_c25_s21,8,0.3526701667889304
1110901,bertopic,n15_c25_s21,0,1.0
1110981,bertopic,n15_c25_s21,2,1.0
1111001,bertopic,n15_c25_s21,35,0.3767829015729858
1111532,bertopic,n15_c25_s21,26,0.9966770866041097
1111947,bertopic,n15_c25_s21,0,0.7907144546788628
1112028,bertopic,n15_c25_s21,61,1.0
1112046,bertopic,n15_c25_s21,2,1.0
1112330,bertopic,n15_c25_s21,26,1.0
1112600,bertopic,n15_c25_s21,15,1.0
1112879,bertopic,n15_c25_s21,3,1.0
1113001,bertopic,n15_c25_s21,1,1.0
1113004,bertopic,n15_c25_s21,2,0.927100545874843
1113072,bertopic,n15_c25_s21,46,1.0
1113366,bertopic,n15_c25_s21,6,1.0
1113844,bertopic,n15_c25_s21,2,1.0
1113949,bertopic,n15_c25_s21,3,0.8775302594626563
1114316,bertopic,n15_c25_s21,2,1.0
1114352,bertopic,n15_c25_s21,2,0.7401221881241496
1114794,bertopic,n15_c25_s21,10,0.37358270646127784
1114827,bertopic,n15_c25_s21,2,0.6260546472833206
1114891,bertopic,n15_c25_s21,4,1.0
1114995,bertopic,n15_c25_s21,5,1.0
1115098,bertopic,n15_c25_s21,25,0.3330191004252722
1115154,bertopic,n15_c25_s21,5,1.0
1115204,bertopic,n15_c25_s21,-1,0.0
1115380,bertopic,n15_c25_s21,2,1.0
1115412,bertopic,n15_c25_s21,24,0.4922034767137841
1115576,bertopic,n15_c25_s21,2,1.0
1115643,bertopic,n15_c25_s21,2,1.0
1115941,bertopic,n15_c25_s21,21,1.0
1116089,bertopic,n15_c25_s21,2,1.0
1116562,bertopic,n15_c25_s21,13,0.4329659306618879
1116827,bertopic,n15_c25_s21,53,1.0
1116858,bertopic,n15_c25_s21,26,0.8357263765018625
1116913,bertopic,n15_c25_s21,6,1.0
1117195,bertopic,n15_c25_s21,16,0.5337977097189484
1117230,bertopic,n15_c25_s21,49,1.0
1117275,bertopic,n15_c25_s21,2,1.0
1117493,bertopic,n15_c25_s21,13,0.447304631005621
1117508,bertopic,n15_c25_s21,20,1.0
1117531,bertopic,n15_c25_s21,2,1.0
1117684,bertopic,n15_c25_s21,2,1.0
1117698,bertopic,n15_c25_s21,34,1.0
1118052,bertopic,n15_c25_s21,2,1.0
1118073,bertopic,n15_c25_s21,2,1.0
1118141,bertopic,n15_c25_s21,16,0.8370473950892305
1118205,bertopic,n15_c25_s21,10,0.5620185433721199
1118246,bertopic,n15_c25_s21,1,1.0
1118312,bertopic,n15_c25_s21,2,1.0
1118440,bertopic,n15_c25_s21,22,0.5617685149162538
1118480,bertopic,n15_c25_s21,4,1.0
1118533,bertopic,n15_c25_s21,7,1.0
1118668,bertopic,n15_c25_s21,1,1.0
1118759,bertopic,n15_c25_s21,2,1.0
1118824,bertopic,n15_c25_s21,1,1.0
1118923,bertopic,n15_c25_s21,3,1.0
1119095,bertopic,n15_c25_s21,2,1.0
1119264,bertopic,n15_c25_s21,2,1.0
1119296,bertopic,n15_c25_s21,1,1.0
1119321,bertopic,n15_c25_s21,44,1.0
1119376,bertopic,n15_c25_s21,11,0.37060498629525496
1119387,bertopic,n15_c25_s21,44,0.7330086728466864
1119504,bertopic,n15_c25_s21,52,0.5700991733566495
1119709,bertopic,n15_c25_s21,15,1.0
1119724,bertopic,n15_c25_s21,10,0.5664892081814688
1119732,bertopic,n15_c25_s21,44,1.0
1119837,bertopic,n15_c25_s21,44,1.0
1119949,bertopic,n15_c25_s21,-1,0.0
1120028,bertopic,n15_c25_s21,1,1.0
1120135,bertopic,n15_c25_s21,46,0.7615610274285538
1120334,bertopic,n15_c25_s21,14,0.64028776099379
1121077,bertopic,n15_c25_s21,8,0.4789002096414404
1121307,bertopic,n15_c25_s21,2,1.0
1121314,bertopic,n15_c25_s21,2,1.0
1121341,bertopic,n15_c25_s21,2,1.0
1121447,bertopic,n15_c25_s21,2,0.8335071730290856
1121643,bertopic,n15_c25_s21,4,0.6065981791477278
1121926,bertopic,n15_c25_s21,-1,0.0
1122060,bertopic,n15_c25_s21,28,0.30129717571618875
1122687,bertopic,n15_c25_s21,45,1.0
1122913,bertopic,n15_c25_s21,69,1.0
1123071,bertopic,n15_c25_s21,69,1.0
1123093,bertopic,n15_c25_s21,52,1.0
1124310,bertopic,n15_c25_s21,46,0.7569709015416209
1124347,bertopic,n15_c25_s21,69,1.0
1124353,bertopic,n15_c25_s21,12,0.25203716366496337
1124387,bertopic,n15_c25_s21,43,0.3815478388840961
1124797,bertopic,n15_c25_s21,12,0.40887871712177776
1124824,bertopic,n15_c25_s21,51,1.0
1124977,bertopic,n15_c25_s21,52,0.46034210305270656
1125019,bertopic,n15_c25_s21,0,1.0
1125021,bertopic,n15_c25_s21,5,0.758216708865447
1125760,bertopic,n15_c25_s21,-1,0.0
1126048,bertopic,n15_c25_s21,4,1.0
1126258,bertopic,n15_c25_s21,6,0.14036532925403494
1126719,bertopic,n15_c25_s21,1,1.0
1126733,bertopic,n15_c25_s21,1,1.0
1127164,bertopic,n15_c25_s21,44,0.13730235454985343
1127853,bertopic,n15_c25_s21,12,0.42403155100800355
1128790,bertopic,n15_c25_s21,56,1.0
1128885,bertopic,n15_c25_s21,64,1.0
1128919,bertopic,n15_c25_s21,1,1.0
1128965,bertopic,n15_c25_s21,0,1.0
1129054,bertopic,n15_c25_s21,2,1.0
1129221,bertopic,n15_c25_s21,1,1.0
1129241,bertopic,n15_c25_s21,3,1.0
1129745,bertopic,n15_c25_s21,4,1.0
1129847,bertopic,n15_c25_s21,1,1.0
1129929,bertopic,n15_c25_s21,3,0.8815815961060983
1130065,bertopic,n15_c25_s21,-1,0.0
1130119,bertopic,n15_c25_s21,2,1.0
1130131,bertopic,n15_c25_s21,64,1.0
1130323,bertopic,n15_c25_s21,46,1.0
1130384,bertopic,n15_c25_s21,1,1.0
1130842,bertopic,n15_c25_s21,9,0.3481406260375486
1130955,bertopic,n15_c25_s21,6,0.5535317314915402
1131856,bertopic,n15_c25_s21,22,1.0
1132014,bertopic,n15_c25_s21,45,0.879155483553953
1132074,bertopic,n15_c25_s21,4,1.0
1132163,bertopic,n15_c25_s21,51,1.0
1132406,bertopic,n15_c25_s21,29,0.3072417123271524
1132415,bertopic,n15_c25_s21,62,0.9088267766998741
1132790,bertopic,n15_c25_s21,24,0.17365667707106597
1133215,bertopic,n15_c25_s21,6,1.0
1133283,bertopic,n15_c25_s21,1,0.5642096767916738
1133321,bertopic,n15_c25_s21,11,1.0
1133411,bertopic,n15_c25_s21,0,1.0
1133518,bertopic,n15_c25_s21,0,1.0
1133697,bertopic,n15_c25_s21,-1,0.0
1133760,bertopic,n15_c25_s21,0,1.0
1133776,bertopic,n15_c25_s21,5,1.0
1133880,bertopic,n15_c25_s21,6,1.0
1134028,bertopic,n15_c25_s21,48,1.0
1134165,bertopic,n15_c25_s21,-1,0.0
1134199,bertopic,n15_c25_s21,6,1.0
1134222,bertopic,n15_c25_s21,0,0.9743442545929838
1134608,bertopic,n15_c25_s21,-1,0.0
1134753,bertopic,n15_c25_s21,12,0.3533571199204812
1134862,bertopic,n15_c25_s21,-1,0.0
1135019,bertopic,n15_c25_s21,6,0.23832155286188714
1135134,bertopic,n15_c25_s21,1,1.0
1135142,bertopic,n15_c25_s21,6,1.0
1136015,bertopic,n15_c25_s21,0,1.0
1136884,bertopic,n15_c25_s21,1,1.0
1137187,bertopic,n15_c25_s21,13,0.4346867446332615
1137490,bertopic,n15_c25_s21,14,0.7114587207131167
1137796,bertopic,n15_c25_s21,1,1.0
1138035,bertopic,n15_c25_s21,53,1.0
1138182,bertopic,n15_c25_s21,22,0.25331221099723616
1138623,bertopic,n15_c25_s21,-1,0.0
1138707,bertopic,n15_c25_s21,-1,0.0
1139842,bertopic,n15_c25_s21,3,0.8931039125925517
1140181,bertopic,n15_c25_s21,0,1.0
1140801,bertopic,n15_c25_s21,31,1.0
1141046,bertopic,n15_c25_s21,6,1.0
1141197,bertopic,n15_c25_s21,6,0.14036532925403494
1141638,bertopic,n15_c25_s21,25,1.0
1141813,bertopic,n15_c25_s21,34,0.6994797291669899
1141951,bertopic,n15_c25_s21,0,1.0
1142937,bertopic,n15_c25_s21,14,0.7114587207131167
1144824,bertopic,n15_c25_s21,49,1.0
1145165,bertopic,n15_c25_s21,21,1.0
1145638,bertopic,n15_c25_s21,20,0.7221864805764867
1146027,bertopic,n15_c25_s21,-1,0.0
1146042,bertopic,n15_c25_s21,45,1.0
1146152,bertopic,n15_c25_s21,38,1.0
1146252,bertopic,n15_c25_s21,12,0.5882509151263217
1146352,bertopic,n15_c25_s21,-1,0.0
1147158,bertopic,n15_c25_s21,19,0.8117137698112145
1147273,bertopic,n15_c25_s21,18,0.42133600966856116
1147402,bertopic,n15_c25_s21,-1,0.0
1147699,bertopic,n15_c25_s21,1,1.0
1148447,bertopic,n15_c25_s21,13,0.8202564586908253
1148547,bertopic,n15_c25_s21,45,1.0
1148606,bertopic,n15_c25_s21,0,1.0
1148875,bertopic,n15_c25_s21,10,0.5573773304251716
1149101,bertopic,n15_c25_s21,19,1.0
1149294,bertopic,n15_c25_s21,19,0.5574844176917814
1149383,bertopic,n15_c25_s21,10,0.4068697652965849
1150390,bertopic,n15_c25_s21,-1,0.0
1150687,bertopic,n15_c25_s21,13,0.8366497162635491
1151009,bertopic,n15_c25_s21,0,1.0
1151445,bertopic,n15_c25_s21,1,1.0
1151675,bertopic,n15_c25_s21,10,0.5962712804001218
1151793,bertopic,n15_c25_s21,-1,0.0
1154042,bertopic,n15_c25_s21,0,1.0
1154242,bertopic,n15_c25_s21,26,1.0
1154680,bertopic,n15_c25_s21,0,0.7176396224335209
1155302,bertopic,n15_c25_s21,15,0.49813005637893215
1156050,bertopic,n15_c25_s21,-1,0.0
1158781,bertopic,n15_c25_s21,-1,0.0
1159641,bertopic,n15_c25_s21,14,0.7114587207131167
1160696,bertopic,n15_c25_s21,36,0.3149353740380804
1161665,bertopic,n15_c25_s21,-1,0.0
1161789,bertopic,n15_c25_s21,67,1.0
1161895,bertopic,n15_c25_s21,-1,0.0
1162509,bertopic,n15_c25_s21,18,0.9948374976415814
1162778,bertopic,n15_c25_s21,22,0.25331221099723616
1163727,bertopic,n15_c25_s21,0,0.9097358962530943
1163846,bertopic,n15_c25_s21,2,1.0
1166428,bertopic,n15_c25_s21,-1,0.0
1166606,bertopic,n15_c25_s21,-1,0.0
1172193,bertopic,n15_c25_s21,27,0.3755745648636967
1173734,bertopic,n15_c25_s21,15,0.45306527916217154
1176583,bertopic,n15_c25_s21,36,1.0
1176973,bertopic,n15_c25_s21,20,0.37149989694802793
1177723,bertopic,n15_c25_s21,-1,0.0
1177972,bertopic,n15_c25_s21,18,0.42133600966856116
1178665,bertopic,n15_c25_s21,40,1.0
1179288,bertopic,n15_c25_s21,-1,0.0
1179930,bertopic,n15_c25_s21,22,0.5617685149162538
1180166,bertopic,n15_c25_s21,0,1.0
1180430,bertopic,n15_c25_s21,-1,0.0
1180915,bertopic,n15_c25_s21,18,0.508663296188549
1182632,bertopic,n15_c25_s21,16,1.0
1185968,bertopic,n15_c25_s21,33,0.4181689600397916
1189527,bertopic,n15_c25_s21,69,1.0
1189737,bertopic,n15_c25_s21,0,1.0
1190471,bertopic,n15_c25_s21,1,1.0
1191095,bertopic,n15_c25_s21,-1,0.0
1191971,bertopic,n15_c25_s21,26,1.0
1192253,bertopic,n15_c25_s21,14,0.734093351884642
1192680,bertopic,n15_c25_s21,-1,0.0
1193022,bertopic,n15_c25_s21,0,1.0
1196817,bertopic,n15_c25_s21,18,0.41533237215304813
1198108,bertopic,n15_c25_s21,-1,0.0
1200295,bertopic,n15_c25_s21,-1,0.0
1200453,bertopic,n15_c25_s21,36,0.3149353740380804
1200649,bertopic,n15_c25_s21,15,0.45306527916217154
1200694,bertopic,n15_c25_s21,15,0.2611727274321554
1202138,bertopic,n15_c25_s21,2,1.0
1202164,bertopic,n15_c25_s21,30,0.36503564369660435
1202753,bertopic,n15_c25_s21,-1,0.0
1203775,bertopic,n15_c25_s21,-1,0.0
1205723,bertopic,n15_c25_s21,43,1.0
1207633,bertopic,n15_c25_s21,18,0.4189723719524965
1208066,bertopic,n15_c25_s21,53,0.5971006756234689
1209971,bertopic,n15_c25_s21,7,0.6277707906000721
1213628,bertopic,n15_c25_s21,41,0.8202899327312009
1214551,bertopic,n15_c25_s21,61,1.0
1215205,bertopic,n15_c25_s21,1,1.0
1215569,bertopic,n15_c25_s21,16,0.4249209791482646
1215831,bertopic,n15_c25_s21,19,0.9183373829108907
1216753,bertopic,n15_c25_s21,20,0.7035666822380038
1217154,bertopic,n15_c25_s21,13,0.7353950874986682
1217384,bertopic,n15_c25_s21,18,1.0
1222251,bertopic,n15_c25_s21,4,1.0
1222276,bertopic,n15_c25_s21,5,1.0
1223277,bertopic,n15_c25_s21,4,1.0
1223412,bertopic,n15_c25_s21,1,1.0
1225916,bertopic,n15_c25_s21,51,1.0
1226995,bertopic,n15_c25_s21,18,0.6243452284869606
1227271,bertopic,n15_c25_s21,5,1.0
1227710,bertopic,n15_c25_s21,-1,0.0
1228096,bertopic,n15_c25_s21,19,0.5574844176917814
1228776,bertopic,n15_c25_s21,69,1.0
1229008,bertopic,n15_c25_s21,-1,0.0
1229988,bertopic,n15_c25_s21,4,1.0
1231622,bertopic,n15_c25_s21,31,0.3947463310896206
1231635,bertopic,n15_c25_s21,-1,0.0
1231901,bertopic,n15_c25_s21,5,1.0
1232008,bertopic,n15_c25_s21,24,1.0
1232174,bertopic,n15_c25_s21,2,1.0
1233088,bertopic,n15_c25_s21,21,0.6431611772213499
1233385,bertopic,n15_c25_s21,15,0.3364708359017722
1233422,bertopic,n15_c25_s21,4,1.0
1235322,bertopic,n15_c25_s21,2,1.0
1236378,bertopic,n15_c25_s21,4,1.0
1237031,bertopic,n15_c25_s21,-1,0.0
1237170,bertopic,n15_c25_s21,2,1.0
1237413,bertopic,n15_c25_s21,19,1.0
1237848,bertopic,n15_c25_s21,6,1.0
1237922,bertopic,n15_c25_s21,30,0.5524574215715671
1238889,bertopic,n15_c25_s21,19,0.9830933768880141
1238961,bertopic,n15_c25_s21,20,0.43813272144001253
1239523,bertopic,n15_c25_s21,5,0.9623701963451239
1240026,bertopic,n15_c25_s21,-1,0.0
1241291,bertopic,n15_c25_s21,-1,0.0
1242184,bertopic,n15_c25_s21,53,0.529191962671555
1245244,bertopic,n15_c25_s21,1,1.0
1248105,bertopic,n15_c25_s21,-1,0.0
1248204,bertopic,n15_c25_s21,24,0.4922034767137841
1248300,bertopic,n15_c25_s21,-1,0.0
1250399,bertopic,n15_c25_s21,3,1.0
1251753,bertopic,n15_c25_s21,-1,0.0
1252071,bertopic,n15_c25_s21,11,0.6335820469448036
1252327,bertopic,n15_c25_s21,5,1.0
1254524,bertopic,n15_c25_s21,12,0.40887871712177776
1256404,bertopic,n15_c25_s21,-1,0.0
1257472,bertopic,n15_c25_s21,12,0.29880306187434374
1260426,bertopic,n15_c25_s21,26,1.0
1261053,bertopic,n15_c25_s21,14,1.0
1261757,bertopic,n15_c25_s21,0,1.0
1262969,bertopic,n15_c25_s21,24,0.17513512231797676
1263492,bertopic,n15_c25_s21,25,0.15830826094431272
1264343,bertopic,n15_c25_s21,5,1.0
1264590,bertopic,n15_c25_s21,16,0.3798418887628423
1264716,bertopic,n15_c25_s21,-1,0.0
1266683,bertopic,n15_c25_s21,18,0.4658375712107842
1267035,bertopic,n15_c25_s21,20,0.37621169735839777
1267428,bertopic,n15_c25_s21,26,0.7533000107566938
1267998,bertopic,n15_c25_s21,0,1.0
1270171,bertopic,n15_c25_s21,-1,0.0
1271152,bertopic,n15_c25_s21,-1,0.0
1271406,bertopic,n15_c25_s21,47,1.0
1273521,bertopic,n15_c25_s21,25,0.15830826094431272
1274004,bertopic,n15_c25_s21,31,0.7647281655440878
1275243,bertopic,n15_c25_s21,19,0.5574844176917814
1275309,bertopic,n15_c25_s21,1,0.8540633105848101
1276979,bertopic,n15_c25_s21,24,0.4922034767137841
1277211,bertopic,n15_c25_s21,20,1.0
1277828,bertopic,n15_c25_s21,18,1.0
1278728,bertopic,n15_c25_s21,-1,0.0
1280692,bertopic,n15_c25_s21,2,1.0
1282492,bertopic,n15_c25_s21,-1,0.0
1282669,bertopic,n15_c25_s21,33,1.0
1283815,bertopic,n15_c25_s21,6,1.0
1285885,bertopic,n15_c25_s21,20,0.7035666822380038
1286087,bertopic,n15_c25_s21,50,1.0
1286957,bertopic,n15_c25_s21,19,0.6486815164796347
1288369,bertopic,n15_c25_s21,2,1.0
1293162,bertopic,n15_c25_s21,19,1.0
1293332,bertopic,n15_c25_s21,67,1.0
1293933,bertopic,n15_c25_s21,41,1.0
1295827,bertopic,n15_c25_s21,57,1.0
1295853,bertopic,n15_c25_s21,54,1.0
1295865,bertopic,n15_c25_s21,-1,0.0
1295888,bertopic,n15_c25_s21,14,0.6036055063355561
1296775,bertopic,n15_c25_s21,25,0.15830826094431272
1297875,bertopic,n15_c25_s21,0,1.0
1298653,bertopic,n15_c25_s21,18,1.0
1303438,bertopic,n15_c25_s21,1,1.0
1303474,bertopic,n15_c25_s21,19,0.9535648324294643
1304857,bertopic,n15_c25_s21,0,1.0
1305880,bertopic,n15_c25_s21,-1,0.0
1306813,bertopic,n15_c25_s21,-1,0.0
1307171,bertopic,n15_c25_s21,60,1.0
1311466,bertopic,n15_c25_s21,18,0.42133600966856116
1312605,bertopic,n15_c25_s21,5,1.0
1312667,bertopic,n15_c25_s21,52,1.0
1312787,bertopic,n15_c25_s21,7,0.8624917267973499
1313336,bertopic,n15_c25_s21,-1,0.0
1314141,bertopic,n15_c25_s21,0,0.47954917750408205
1314588,bertopic,n15_c25_s21,-1,0.0
1315353,bertopic,n15_c25_s21,-1,0.0
1316358,bertopic,n15_c25_s21,-1,0.0
1317422,bertopic,n15_c25_s21,1,1.0
1319309,bertopic,n15_c25_s21,-1,0.0
1319652,bertopic,n15_c25_s21,-1,0.0
1322468,bertopic,n15_c25_s21,52,1.0
1322941,bertopic,n15_c25_s21,19,0.5725978276723116
1325291,bertopic,n15_c25_s21,38,0.584635587523364
1326263,bertopic,n15_c25_s21,19,1.0
1326419,bertopic,n15_c25_s21,-1,0.0
1327705,bertopic,n15_c25_s21,12,0.45357730994899365
1328425,bertopic,n15_c25_s21,13,0.3433036093029057
1328433,bertopic,n15_c25_s21,22,0.25331221099723616
1328559,bertopic,n15_c25_s21,15,0.442831000262613
1328590,bertopic,n15_c25_s21,22,0.25331221099723616
1328629,bertopic,n15_c25_s21,21,0.41262959141820105
1328920,bertopic,n15_c25_s21,-1,0.0
1329456,bertopic,n15_c25_s21,-1,0.0
1330537,bertopic,n15_c25_s21,53,0.6615008823074828
1331105,bertopic,n15_c25_s21,3,0.7592390815004789
1331247,bertopic,n15_c25_s21,7,0.6682488277514251
1331568,bertopic,n15_c25_s21,30,0.30618111785483854
1331824,bertopic,n15_c25_s21,8,0.5737988663749097
1332132,bertopic,n15_c25_s21,41,1.0
1332151,bertopic,n15_c25_s21,7,0.8919839831834177
1333447,bertopic,n15_c25_s21,10,0.561161157719557
1333466,bertopic,n15_c25_s21,-1,0.0
1333612,bertopic,n15_c25_s21,41,0.9461885186506663
1333849,bertopic,n15_c25_s21,-1,0.0
1333894,bertopic,n15_c25_s21,3,1.0
1334215,bertopic,n15_c25_s21,12,0.8821571374170152
1334660,bertopic,n15_c25_s21,-1,0.0
1334867,bertopic,n15_c25_s21,-1,0.0
1334990,bertopic,n15_c25_s21,4,1.0
1335182,bertopic,n15_c25_s21,4,1.0
1335569,bertopic,n15_c25_s21,34,0.33367868016662716
1335873,bertopic,n15_c25_s21,-1,0.0
1336013,bertopic,n15_c25_s21,7,0.7870017802156638
1336227,bertopic,n15_c25_s21,26,0.3744597972734242
1336272,bertopic,n15_c25_s21,37,0.42327357372661434
1336457,bertopic,n15_c25_s21,11,0.8820659208363756
1336508,bertopic,n15_c25_s21,26,1.0
1336545,bertopic,n15_c25_s21,-1,0.0
1336635,bertopic,n15_c25_s21,34,0.41539910768433763
1336697,bertopic,n15_c25_s21,3,0.8928114784476606
1336889,bertopic,n15_c25_s21,7,1.0
1337777,bertopic,n15_c25_s21,2,1.0
1337833,bertopic,n15_c25_s21,-1,0.0
1337953,bertopic,n15_c25_s21,46,0.7409937057068846
1338185,bertopic,n15_c25_s21,2,1.0
1338187,bertopic,n15_c25_s21,0,1.0
1338591,bertopic,n15_c25_s21,17,1.0
1338720,bertopic,n15_c25_s21,-1,0.0
1339546,bertopic,n15_c25_s21,2,0.7401221881241496
1339717,bertopic,n15_c25_s21,37,0.42327357372661434
1339936,bertopic,n15_c25_s21,7,0.45718945156007973
1340018,bertopic,n15_c25_s21,-1,0.0
1340221,bertopic,n15_c25_s21,3,1.0
1340290,bertopic,n15_c25_s21,21,0.9879269714812458
1340354,bertopic,n15_c25_s21,-1,0.0
1340550,bertopic,n15_c25_s21,-1,0.0
1340579,bertopic,n15_c25_s21,3,0.7634057184285683
1340837,bertopic,n15_c25_s21,3,0.967067174491076
1340896,bertopic,n15_c25_s21,4,1.0
1341084,bertopic,n15_c25_s21,9,1.0
1341136,bertopic,n15_c25_s21,21,1.0
1341197,bertopic,n15_c25_s21,10,0.561161157719557
1341211,bertopic,n15_c25_s21,13,0.447304631005621
1341349,bertopic,n15_c25_s21,1,1.0
1341492,bertopic,n15_c25_s21,11,1.0
1341518,bertopic,n15_c25_s21,29,1.0
1341529,bertopic,n15_c25_s21,9,0.5315949496867454
1341600,bertopic,n15_c25_s21,9,0.28152376061594186
1341631,bertopic,n15_c25_s21,7,0.5989642591188064
1341648,bertopic,n15_c25_s21,2,0.9433286000142651
1341653,bertopic,n15_c25_s21,3,1.0
1341654,bertopic,n15_c25_s21,4,0.9571402147226313
1341717,bertopic,n15_c25_s21,0,0.44196271387922026
1341723,bertopic,n15_c25_s21,-1,0.0
1341731,bertopic,n15_c25_s21,48,1.0
1341735,bertopic,n15_c25_s21,11,0.5307303855283098
1341778,bertopic,n15_c25_s21,8,0.3119206448774395
1341855,bertopic,n15_c25_s21,9,0.6490669954551053
1341861,bertopic,n15_c25_s21,3,1.0
1341976,bertopic,n15_c25_s21,1,0.5642096767916738
1341980,bertopic,n15_c25_s21,9,0.5120906646608097
1341997,bertopic,n15_c25_s21,1,1.0
1342072,bertopic,n15_c25_s21,9,1.0
1342094,bertopic,n15_c25_s21,49,1.0
1342147,bertopic,n15_c25_s21,-1,0.0
1342200,bertopic,n15_c25_s21,2,1.0
1342209,bertopic,n15_c25_s21,-1,0.0
1342353,bertopic,n15_c25_s21,2,1.0
1342385,bertopic,n15_c25_s21,-1,0.0
1342387,bertopic,n15_c25_s21,44,0.8855430583231614
1342400,bertopic,n15_c25_s21,2,1.0
1342431,bertopic,n15_c25_s21,2,1.0
1342456,bertopic,n15_c25_s21,-1,0.0
1342504,bertopic,n15_c25_s21,9,1.0
1342820,bertopic,n15_c25_s21,53,1.0
1342923,bertopic,n15_c25_s21,9,0.6024828690839462
1343205,bertopic,n15_c25_s21,18,1.0
1343217,bertopic,n15_c25_s21,7,0.3832339865800405
1343397,bertopic,n15_c25_s21,9,1.0
1343705,bertopic,n15_c25_s21,55,1.0
1343918,bertopic,n15_c25_s21,14,1.0
1346153,bertopic,n15_c25_s21,19,0.5574844176917814
1347867,bertopic,n15_c25_s21,19,0.8117137698112145
1349045,bertopic,n15_c25_s21,-1,0.0
1350240,bertopic,n15_c25_s21,13,0.9094328324713248
1350512,bertopic,n15_c25_s21,36,0.9305385274948698
1350627,bertopic,n15_c25_s21,-1,0.0
1350933,bertopic,n15_c25_s21,0,1.0
1352422,bertopic,n15_c25_s21,1,1.0
1352426,bertopic,n15_c25_s21,23,0.9715988980665634
1352433,bertopic,n15_c25_s21,11,1.0
1352468,bertopic,n15_c25_s21,3,1.0
1352471,bertopic,n15_c25_s21,2,1.0
1352495,bertopic,n15_c25_s21,14,0.565136311921165
1352496,bertopic,n15_c25_s21,9,0.5176173537609937
1352515,bertopic,n15_c25_s21,3,0.7895192724052191
1352534,bertopic,n15_c25_s21,2,1.0
1352596,bertopic,n15_c25_s21,2,1.0
1352613,bertopic,n15_c25_s21,2,1.0
1352718,bertopic,n15_c25_s21,9,0.997656893317935
1352820,bertopic,n15_c25_s21,52,1.0
1352903,bertopic,n15_c25_s21,9,0.6490669954551053
1352958,bertopic,n15_c25_s21,11,1.0
1352995,bertopic,n15_c25_s21,9,0.6256623484931362
1353016,bertopic,n15_c25_s21,1,1.0
1353060,bertopic,n15_c25_s21,-1,0.0
1353072,bertopic,n15_c25_s21,1,1.0
1353120,bertopic,n15_c25_s21,9,0.7759289921187996
1353281,bertopic,n15_c25_s21,12,0.21314740200057966
1353290,bertopic,n15_c25_s21,3,0.9466857234411729
1353320,bertopic,n15_c25_s21,-1,0.0
1353323,bertopic,n15_c25_s21,9,0.6786041730504829
1353372,bertopic,n15_c25_s21,3,1.0
1353458,bertopic,n15_c25_s21,0,0.9646454949106692
1353520,bertopic,n15_c25_s21,9,1.0
1353567,bertopic,n15_c25_s21,11,1.0
1353575,bertopic,n15_c25_s21,5,1.0
1353735,bertopic,n15_c25_s21,9,0.5246859003295884
1353748,bertopic,n15_c25_s21,3,1.0
1353809,bertopic,n15_c25_s21,-1,0.0
1353844,bertopic,n15_c25_s21,9,0.48128056775923134
1353851,bertopic,n15_c25_s21,1,0.5915208752216805
1353908,bertopic,n15_c25_s21,9,1.0
1354016,bertopic,n15_c25_s21,3,1.0
1354033,bertopic,n15_c25_s21,9,1.0
1354073,bertopic,n15_c25_s21,4,1.0
1354115,bertopic,n15_c25_s21,4,0.6973841306880944
1354131,bertopic,n15_c25_s21,4,1.0
1354200,bertopic,n15_c25_s21,9,1.0
1354225,bertopic,n15_c25_s21,43,0.4709924483309548
1354386,bertopic,n15_c25_s21,9,0.11343123044964033
1354429,bertopic,n15_c25_s21,11,1.0
1354493,bertopic,n15_c25_s21,9,1.0
1354538,bertopic,n15_c25_s21,8,0.5755148582175784
1354555,bertopic,n15_c25_s21,9,0.8255819573286497
1354623,bertopic,n15_c25_s21,23,0.9715988980665634
1354630,bertopic,n15_c25_s21,3,0.9596200145773464
1354634,bertopic,n15_c25_s21,9,0.7246750129970254
1354764,bertopic,n15_c25_s21,10,0.3610131409726127
1354790,bertopic,n15_c25_s21,9,1.0
1354799,bertopic,n15_c25_s21,9,0.7964116837523555
1354892,bertopic,n15_c25_s21,-1,0.0
1354928,bertopic,n15_c25_s21,3,1.0
1355075,bertopic,n15_c25_s21,9,1.0
1355098,bertopic,n15_c25_s21,-1,0.0
1355148,bertopic,n15_c25_s21,9,1.0
1355189,bertopic,n15_c25_s21,11,1.0
1355212,bertopic,n15_c25_s21,9,0.8430745100087
1355277,bertopic,n15_c25_s21,0,1.0
1355289,bertopic,n15_c25_s21,-1,0.0
1355306,bertopic,n15_c25_s21,0,1.0
1355387,bertopic,n15_c25_s21,0,0.6530136600842876
1355464,bertopic,n15_c25_s21,11,0.749837584768639
1355474,bertopic,n15_c25_s21,3,0.9414383273962448
1355513,bertopic,n15_c25_s21,8,0.3785986758837842
1355600,bertopic,n15_c25_s21,0,1.0
1355641,bertopic,n15_c25_s21,36,0.3149353740380804
1355698,bertopic,n15_c25_s21,11,1.0
1355959,bertopic,n15_c25_s21,14,0.6475667411347235
1356010,bertopic,n15_c25_s21,4,0.7103803300837817
1356076,bertopic,n15_c25_s21,9,1.0
1356190,bertopic,n15_c25_s21,29,1.0
1356274,bertopic,n15_c25_s21,9,0.44282697145930194
1356290,bertopic,n15_c25_s21,46,1.0
1356495,bertopic,n15_c25_s21,46,1.0
1356519,bertopic,n15_c25_s21,9,0.8438640450166287
1356599,bertopic,n15_c25_s21,9,0.8599578845368508
1356604,bertopic,n15_c25_s21,56,1.0
1356627,bertopic,n15_c25_s21,-1,0.0
1356668,bertopic,n15_c25_s21,22,0.25331221099723616
1356670,bertopic,n15_c25_s21,6,1.0
1356825,bertopic,n15_c25_s21,3,0.8451690701867631
1356942,bertopic,n15_c25_s21,9,0.9999004382308121
1356967,bertopic,n15_c25_s21,9,1.0
1356975,bertopic,n15_c25_s21,4,1.0
1357163,bertopic,n15_c25_s21,-1,0.0
1357414,bertopic,n15_c25_s21,9,0.5587671740398742
1357473,bertopic,n15_c25_s21,24,0.48831444872499624
1357554,bertopic,n15_c25_s21,9,0.9632083280333136
1357652,bertopic,n15_c25_s21,3,1.0
1357665,bertopic,n15_c25_s21,64,1.0
1357813,bertopic,n15_c25_s21,9,0.8033525263598112
1357853,bertopic,n15_c25_s21,9,1.0
1357960,bertopic,n15_c25_s21,9,0.6490669954551053
1358114,bertopic,n15_c25_s21,-1,0.0
1358178,bertopic,n15_c25_s21,-1,0.0
1358210,bertopic,n15_c25_s21,7,0.41352614233385093
1358250,bertopic,n15_c25_s21,-1,0.0
1358624,bertopic,n15_c25_s21,6,1.0
1358742,bertopic,n15_c25_s21,60,1.0
1358818,bertopic,n15_c25_s21,9,1.0
1358971,bertopic,n15_c25_s21,0,1.0
1359310,bertopic,n15_c25_s21,0,1.0
1359637,bertopic,n15_c25_s21,14,0.565136311921165
1359667,bertopic,n15_c25_s21,-1,0.0
1359688,bertopic,n15_c25_s21,9,0.8053709978277954
1359697,bertopic,n15_c25_s21,9,1.0
1360008,bertopic,n15_c25_s21,-1,0.0
1360222,bertopic,n15_c25_s21,34,1.0
1360241,bertopic,n15_c25_s21,0,1.0
1360518,bertopic,n15_c25_s21,-1,0.0
1360532,bertopic,n15_c25_s21,5,1.0
1360803,bertopic,n15_c25_s21,9,1.0
1361392,bertopic,n15_c25_s21,9,0.8344319568760727
1361989,bertopic,n15_c25_s21,3,0.9289830694217
1362085,bertopic,n15_c25_s21,-1,0.0
1362270,bertopic,n15_c25_s21,23,1.0
1363598,bertopic,n15_c25_s21,17,0.8330816873220097
1364107,bertopic,n15_c25_s21,14,1.0
1364501,bertopic,n15_c25_s21,-1,0.0
1365761,bertopic,n15_c25_s21,-1,0.0
1365820,bertopic,n15_c25_s21,-1,0.0
1365942,bertopic,n15_c25_s21,64,1.0
1366210,bertopic,n15_c25_s21,1,1.0
1367076,bertopic,n15_c25_s21,46,1.0
1367334,bertopic,n15_c25_s21,13,1.0
1368672,bertopic,n15_c25_s21,37,1.0
1368830,bertopic,n15_c25_s21,51,1.0
1369052,bertopic,n15_c25_s21,1,1.0
1369207,bertopic,n15_c25_s21,47,1.0
1370009,bertopic,n15_c25_s21,29,0.3004232232682629
1370734,bertopic,n15_c25_s21,22,0.25331221099723616
1371099,bertopic,n15_c25_s21,19,0.5505997374235104
1372834,bertopic,n15_c25_s21,50,1.0
1373382,bertopic,n15_c25_s21,19,0.8984937640784495
1373517,bertopic,n15_c25_s21,17,1.0
1374213,bertopic,n15_c25_s21,38,0.8988020716103647
1374351,bertopic,n15_c25_s21,29,0.31180321168750497
1374888,bertopic,n15_c25_s21,3,0.9863113744420288
1375962,bertopic,n15_c25_s21,8,0.3119206448774395
1377305,bertopic,n15_c25_s21,16,0.30374745931357583
1378147,bertopic,n15_c25_s21,6,0.28059482952374226
1378625,bertopic,n15_c25_s21,53,1.0
1378806,bertopic,n15_c25_s21,1,1.0
1379129,bertopic,n15_c25_s21,22,0.25331221099723616
1379802,bertopic,n15_c25_s21,37,0.42327357372661434
1380129,bertopic,n15_c25_s21,43,0.3522187476431705
1381254,bertopic,n15_c25_s21,-1,0.0
1381696,bertopic,n15_c25_s21,37,0.46774369156269957
1381808,bertopic,n15_c25_s21,12,0.9693375762296681
1383057,bertopic,n15_c25_s21,0,1.0
1383889,bertopic,n15_c25_s21,42,0.2705670750605364
1385669,bertopic,n15_c25_s21,18,1.0
1386600,bertopic,n15_c25_s21,27,0.48784424074066657
1386891,bertopic,n15_c25_s21,0,0.8258091719318991
1386909,bertopic,n15_c25_s21,-1,0.0
1386978,bertopic,n15_c25_s21,-1,0.0
1387913,bertopic,n15_c25_s21,-1,0.0
1388481,bertopic,n15_c25_s21,25,1.0
1388627,bertopic,n15_c25_s21,4,1.0
1389193,bertopic,n15_c25_s21,17,0.8733774155167354
1389237,bertopic,n15_c25_s21,15,0.3041344691127581
1389776,bertopic,n15_c25_s21,-1,0.0
1389785,bertopic,n15_c25_s21,0,1.0
1391001,bertopic,n15_c25_s21,3,1.0
1391878,bertopic,n15_c25_s21,-1,0.0
1392171,bertopic,n15_c25_s21,7,0.38989556130333075
1392616,bertopic,n15_c25_s21,0,0.7798964644370455
1392742,bertopic,n15_c25_s21,40,1.0
1393021,bertopic,n15_c25_s21,3,1.0
1393149,bertopic,n15_c25_s21,0,1.0
1393280,bertopic,n15_c25_s21,38,1.0
1393391,bertopic,n15_c25_s21,-1,0.0
1393488,bertopic,n15_c25_s21,29,1.0
1393512,bertopic,n15_c25_s21,0,1.0
1393553,bertopic,n15_c25_s21,52,1.0
1393777,bertopic,n15_c25_s21,23,0.9715988980665634
1394418,bertopic,n15_c25_s21,0,0.8107667020928345
1394813,bertopic,n15_c25_s21,6,1.0
1395113,bertopic,n15_c25_s21,35,1.0
1396305,bertopic,n15_c25_s21,0,1.0
1396536,bertopic,n15_c25_s21,39,0.29535034703932395
1397992,bertopic,n15_c25_s21,0,1.0
1398139,bertopic,n15_c25_s21,-1,0.0
1398174,bertopic,n15_c25_s21,13,1.0
1398252,bertopic,n15_c25_s21,13,0.7416005212940447
1398346,bertopic,n15_c25_s21,34,1.0
1399933,bertopic,n15_c25_s21,38,1.0
1400276,bertopic,n15_c25_s21,8,0.3314428655783931
1401281,bertopic,n15_c25_s21,29,0.6602958841500409
1401776,bertopic,n15_c25_s21,15,1.0
1403499,bertopic,n15_c25_s21,12,1.0
1403543,bertopic,n15_c25_s21,-1,0.0
1403618,bertopic,n15_c25_s21,0,1.0
1403934,bertopic,n15_c25_s21,-1,0.0
1404262,bertopic,n15_c25_s21,21,0.5332735971855508
1404449,bertopic,n15_c25_s21,8,0.6672424443557138
1404526,bertopic,n15_c25_s21,20,0.9025503958921758
1405038,bertopic,n15_c25_s21,0,1.0
1405327,bertopic,n15_c25_s21,38,1.0
1406803,bertopic,n15_c25_s21,3,1.0
1407139,bertopic,n15_c25_s21,-1,0.0
1407233,bertopic,n15_c25_s21,22,0.5617685149162538
1407371,bertopic,n15_c25_s21,33,0.4181689600397916
1407589,bertopic,n15_c25_s21,6,1.0
1408074,bertopic,n15_c25_s21,6,1.0
1408639,bertopic,n15_c25_s21,39,0.9060435882587509
1408737,bertopic,n15_c25_s21,39,1.0
1409160,bertopic,n15_c25_s21,-1,0.0
1409834,bertopic,n15_c25_s21,6,1.0
1410309,bertopic,n15_c25_s21,38,1.0
1410817,bertopic,n15_c25_s21,0,1.0
1410862,bertopic,n15_c25_s21,0,1.0
1410997,bertopic,n15_c25_s21,0,1.0
1411119,bertopic,n15_c25_s21,0,1.0
1411519,bertopic,n15_c25_s21,30,1.0
1411756,bertopic,n15_c25_s21,6,1.0
1412149,bertopic,n15_c25_s21,0,1.0
1412424,bertopic,n15_c25_s21,35,0.9729660237631489
1412975,bertopic,n15_c25_s21,-1,0.0
1413114,bertopic,n15_c25_s21,-1,0.0
1413469,bertopic,n15_c25_s21,4,0.7717606398538164
1413886,bertopic,n15_c25_s21,34,1.0
1414377,bertopic,n15_c25_s21,17,0.8793084842032695
1414621,bertopic,n15_c25_s21,0,1.0
1414854,bertopic,n15_c25_s21,30,1.0
1418587,bertopic,n15_c25_s21,3,0.9334016087439426
1419130,bertopic,n15_c25_s21,-1,0.0
1419281,bertopic,n15_c25_s21,17,0.7982734053698404
1419373,bertopic,n15_c25_s21,6,1.0
1420150,bertopic,n15_c25_s21,41,0.6661554110898094
1420359,bertopic,n15_c25_s21,25,0.22320123729989363
1420676,bertopic,n15_c25_s21,-1,0.0
1421290,bertopic,n15_c25_s21,26,0.6018399105659352
1421554,bertopic,n15_c25_s21,10,0.4068697652965849
1421739,bertopic,n15_c25_s21,-1,0.0
1422211,bertopic,n15_c25_s21,-1,0.0
1422237,bertopic,n15_c25_s21,-1,0.0
1422305,bertopic,n15_c25_s21,1,1.0
1422445,bertopic,n15_c25_s21,29,1.0
1422449,bertopic,n15_c25_s21,7,0.5490358663773063
1422805,bertopic,n15_c25_s21,0,0.6979669664878198
1423023,bertopic,n15_c25_s21,-1,0.0
1423636,bertopic,n15_c25_s21,39,0.33123386035900837
1423827,bertopic,n15_c25_s21,0,1.0
1424324,bertopic,n15_c25_s21,46,1.0
1424560,bertopic,n15_c25_s21,7,0.6277707906000721
1424726,bertopic,n15_c25_s21,15,0.49813005637893215
1425329,bertopic,n15_c25_s21,13,0.9308499540964232
1425381,bertopic,n15_c25_s21,1,1.0
1425396,bertopic,n15_c25_s21,-1,0.0
1425918,bertopic,n15_c25_s21,0,0.6227243781198277
1426603,bertopic,n15_c25_s21,7,0.5774767862793261
1427271,bertopic,n15_c25_s21,4,1.0
1427504,bertopic,n15_c25_s21,0,1.0
1428060,bertopic,n15_c25_s21,53,1.0
1428577,bertopic,n15_c25_s21,3,1.0
1429008,bertopic,n15_c25_s21,35,1.0
1429314,bertopic,n15_c25_s21,35,1.0
1429483,bertopic,n15_c25_s21,-1,0.0
1429660,bertopic,n15_c25_s21,47,0.8321023128593154
1430221,bertopic,n15_c25_s21,19,0.8117137698112145
1430422,bertopic,n15_c25_s21,60,1.0
1431867,bertopic,n15_c25_s21,40,1.0
1433003,bertopic,n15_c25_s21,13,0.276442459799801
1433177,bertopic,n15_c25_s21,0,1.0
1433228,bertopic,n15_c25_s21,15,1.0
1433399,bertopic,n15_c25_s21,12,0.45357730994899365
1433559,bertopic,n15_c25_s21,1,1.0
1434021,bertopic,n15_c25_s21,-1,0.0
1434138,bertopic,n15_c25_s21,47,1.0
1435315,bertopic,n15_c25_s21,47,1.0
1435944,bertopic,n15_c25_s21,2,1.0
1435954,bertopic,n15_c25_s21,15,0.9533332746129994
1435966,bertopic,n15_c25_s21,5,1.0
1436002,bertopic,n15_c25_s21,2,1.0
1436096,bertopic,n15_c25_s21,29,0.3125547244721071
1436232,bertopic,n15_c25_s21,-1,0.0
1436382,bertopic,n15_c25_s21,4,1.0
1436761,bertopic,n15_c25_s21,4,1.0
1436769,bertopic,n15_c25_s21,26,1.0
1437201,bertopic,n15_c25_s21,42,1.0
1437730,bertopic,n15_c25_s21,15,0.7830255660531927
1438428,bertopic,n15_c25_s21,8,1.0
1438672,bertopic,n15_c25_s21,4,1.0
1439249,bertopic,n15_c25_s21,-1,0.0
1439868,bertopic,n15_c25_s21,6,1.0
1440498,bertopic,n15_c25_s21,3,1.0
1442827,bertopic,n15_c25_s21,3,1.0
1443154,bertopic,n15_c25_s21,4,0.7707073010372489
1443270,bertopic,n15_c25_s21,15,1.0
1443466,bertopic,n15_c25_s21,15,0.8333238209672165
1443642,bertopic,n15_c25_s21,15,0.9739915841196639
1443675,bertopic,n15_c25_s21,15,0.38259374911675476
1443679,bertopic,n15_c25_s21,15,1.0
1443967,bertopic,n15_c25_s21,15,0.9394714266387039
1444123,bertopic,n15_c25_s21,10,0.4068697652965849
1444388,bertopic,n15_c25_s21,16,0.30374745931357583
1444407,bertopic,n15_c25_s21,2,1.0
1444816,bertopic,n15_c25_s21,-1,0.0
1445155,bertopic,n15_c25_s21,3,0.9222482996854284
1445868,bertopic,n15_c25_s21,-1,0.0
1446344,bertopic,n15_c25_s21,4,1.0
1447236,bertopic,n15_c25_s21,-1,0.0
1447277,bertopic,n15_c25_s21,41,0.6774278054730234
1447518,bertopic,n15_c25_s21,11,1.0
1447668,bertopic,n15_c25_s21,2,1.0
1448206,bertopic,n15_c25_s21,2,1.0
1448247,bertopic,n15_c25_s21,46,0.37849322679244984
1448250,bertopic,n15_c25_s21,50,1.0
1448327,bertopic,n15_c25_s21,17,0.9281132799747774
1448611,bertopic,n15_c25_s21,-1,0.0
1448896,bertopic,n15_c25_s21,-1,0.0
1449283,bertopic,n15_c25_s21,0,1.0
1449372,bertopic,n15_c25_s21,-1,0.0
1449655,bertopic,n15_c25_s21,2,1.0
1449677,bertopic,n15_c25_s21,0,1.0
1449683,bertopic,n15_c25_s21,0,0.8344348704672626
1449805,bertopic,n15_c25_s21,-1,0.0
1449843,bertopic,n15_c25_s21,-1,0.0
1450043,bertopic,n15_c25_s21,2,0.9569341718278949
1450121,bertopic,n15_c25_s21,7,0.7153634069961625
1450731,bertopic,n15_c25_s21,34,0.9521850418255156
1450759,bertopic,n15_c25_s21,-1,0.0
1451103,bertopic,n15_c25_s21,-1,0.0
1451408,bertopic,n15_c25_s21,-1,0.0
1451509,bertopic,n15_c25_s21,6,0.5120444613936218
1451529,bertopic,n15_c25_s21,0,0.7303423814355396
1451625,bertopic,n15_c25_s21,6,1.0
1452133,bertopic,n15_c25_s21,31,0.8378555939364467
1453222,bertopic,n15_c25_s21,47,1.0
1453255,bertopic,n15_c25_s21,6,0.7983538455318316
1453330,bertopic,n15_c25_s21,47,1.0
1453464,bertopic,n15_c25_s21,1,1.0
1453989,bertopic,n15_c25_s21,2,0.7401221881241496
1454189,bertopic,n15_c25_s21,37,0.39506501090431084
1454199,bertopic,n15_c25_s21,35,0.42806192776315904
1454244,bertopic,n15_c25_s21,10,0.4068697652965849
1454277,bertopic,n15_c25_s21,35,1.0
1454429,bertopic,n15_c25_s21,4,1.0
1454947,bertopic,n15_c25_s21,8,0.8891337447319577
1454949,bertopic,n15_c25_s21,4,1.0
1455111,bertopic,n15_c25_s21,32,1.0
1455238,bertopic,n15_c25_s21,0,1.0
1455283,bertopic,n15_c25_s21,3,1.0
1455354,bertopic,n15_c25_s21,15,0.45306527916217154
1455402,bertopic,n15_c25_s21,2,1.0
1455720,bertopic,n15_c25_s21,47,0.8787558806245173
1455994,bertopic,n15_c25_s21,20,1.0
1456517,bertopic,n15_c25_s21,17,0.7739827478459161
1456665,bertopic,n15_c25_s21,5,1.0
1456962,bertopic,n15_c25_s21,12,0.19941108235477156
1457263,bertopic,n15_c25_s21,3,1.0
1457325,bertopic,n15_c25_s21,47,1.0
1457859,bertopic,n15_c25_s21,2,1.0
1457932,bertopic,n15_c25_s21,-1,0.0
1457983,bertopic,n15_c25_s21,1,1.0
1458072,bertopic,n15_c25_s21,2,1.0
1458241,bertopic,n15_c25_s21,47,1.0
1458262,bertopic,n15_c25_s21,39,0.7272351818272592
1458275,bertopic,n15_c25_s21,39,0.5892186234766386
1458437,bertopic,n15_c25_s21,22,0.5265819135666957
1458616,bertopic,n15_c25_s21,2,1.0
1458672,bertopic,n15_c25_s21,7,0.5279870202911634
1458964,bertopic,n15_c25_s21,8,1.0
1459015,bertopic,n15_c25_s21,30,1.0
1459678,bertopic,n15_c25_s21,-1,0.0
1459715,bertopic,n15_c25_s21,12,0.40887871712177776
1459749,bertopic,n15_c25_s21,42,0.926190061877042
1459777,bertopic,n15_c25_s21,42,1.0
1459845,bertopic,n15_c25_s21,5,0.8675353079591249
1459893,bertopic,n15_c25_s21,29,0.5634958003860028
1459929,bertopic,n15_c25_s21,42,1.0
1459987,bertopic,n15_c25_s21,-1,0.0
1460048,bertopic,n15_c25_s21,-1,0.0
1460075,bertopic,n15_c25_s21,42,0.2948204900887726
1460145,bertopic,n15_c25_s21,1,0.845361094809191
1460432,bertopic,n15_c25_s21,5,1.0
1460462,bertopic,n15_c25_s21,1,0.8208131753421539
1460518,bertopic,n15_c25_s21,-1,0.0
1461227,bertopic,n15_c25_s21,58,1.0
1461289,bertopic,n15_c25_s21,58,1.0
1461300,bertopic,n15_c25_s21,32,0.9946616478922056
1461315,bertopic,n15_c25_s21,14,0.7114587207131167
1461357,bertopic,n15_c25_s21,2,0.7401221881241496
1461797,bertopic,n15_c25_s21,3,0.8136506782856223
1461825,bertopic,n15_c25_s21,7,0.42940697411824
1461835,bertopic,n15_c25_s21,8,0.3091765799185423
1461873,bertopic,n15_c25_s21,31,0.984299283159796
1461916,bertopic,n15_c25_s21,-1,0.0
1462157,bertopic,n15_c25_s21,-1,0.0
1462192,bertopic,n15_c25_s21,27,0.3442612374153873
1462467,bertopic,n15_c25_s21,40,1.0
1464287,bertopic,n15_c25_s21,26,0.788578352139142
1464707,bertopic,n15_c25_s21,3,1.0
1465268,bertopic,n15_c25_s21,27,0.3837269385235905
1465580,bertopic,n15_c25_s21,47,1.0
1465862,bertopic,n15_c25_s21,50,0.2352568506309973
1467500,bertopic,n15_c25_s21,4,1.0
1468123,bertopic,n15_c25_s21,3,1.0
1468145,bertopic,n15_c25_s21,4,1.0
1468240,bertopic,n15_c25_s21,45,1.0
1468764,bertopic,n15_c25_s21,5,1.0
1469128,bertopic,n15_c25_s21,6,1.0
1471831,bertopic,n15_c25_s21,1,1.0
1472174,bertopic,n15_c25_s21,3,0.9469410514690866
1472393,bertopic,n15_c25_s21,5,0.8523041820204937
1472475,bertopic,n15_c25_s21,21,0.5332735971855508
1472765,bertopic,n15_c25_s21,0,0.6074506539347878
1473282,bertopic,n15_c25_s21,2,1.0
1473571,bertopic,n15_c25_s21,5,1.0
1473593,bertopic,n15_c25_s21,-1,0.0
1473646,bertopic,n15_c25_s21,4,1.0
1473689,bertopic,n15_c25_s21,-1,0.0
1473885,bertopic,n15_c25_s21,6,0.9298161674263323
1474107,bertopic,n15_c25_s21,31,0.7454968931905261
1474637,bertopic,n15_c25_s21,-1,0.0
1475061,bertopic,n15_c25_s21,-1,0.0
1475207,bertopic,n15_c25_s21,2,1.0
1475268,bertopic,n15_c25_s21,4,0.7968130318563781
1476126,bertopic,n15_c25_s21,-1,0.0
1476496,bertopic,n15_c25_s21,31,0.9049903726101828
1476625,bertopic,n15_c25_s21,2,1.0
1476870,bertopic,n15_c25_s21,14,0.64028776099379
1477069,bertopic,n15_c25_s21,34,0.9446671764286837
1477305,bertopic,n15_c25_s21,18,0.46092157076515733
1477493,bertopic,n15_c25_s21,4,0.6289880790937992
1477562,bertopic,n15_c25_s21,5,0.4857926263620002
1479172,bertopic,n15_c25_s21,31,0.7082000569430803
1479182,bertopic,n15_c25_s21,-1,0.0
1479188,bertopic,n15_c25_s21,-1,0.0
1479421,bertopic,n15_c25_s21,17,0.8874292408080838
1479744,bertopic,n15_c25_s21,21,0.8502516929938693
1479969,bertopic,n15_c25_s21,0,1.0
1480263,bertopic,n15_c25_s21,21,0.9248373643667729
1480343,bertopic,n15_c25_s21,-1,0.0
1480473,bertopic,n15_c25_s21,15,0.45306527916217154
1480689,bertopic,n15_c25_s21,2,1.0
1481916,bertopic,n15_c25_s21,1,1.0
1482195,bertopic,n15_c25_s21,6,1.0
1482391,bertopic,n15_c25_s21,-1,0.0
1482463,bertopic,n15_c25_s21,22,0.24343107812614329
1482515,bertopic,n15_c25_s21,2,1.0
1482810,bertopic,n15_c25_s21,0,1.0
1483028,bertopic,n15_c25_s21,40,1.0
1483236,bertopic,n15_c25_s21,2,1.0
1483699,bertopic,n15_c25_s21,47,1.0
1483702,bertopic,n15_c25_s21,47,1.0
1483857,bertopic,n15_c25_s21,15,1.0
1484827,bertopic,n15_c25_s21,0,0.6073595310097487
1484861,bertopic,n15_c25_s21,5,1.0
1485022,bertopic,n15_c25_s21,2,1.0
1485226,bertopic,n15_c25_s21,-1,0.0
1485402,bertopic,n15_c25_s21,13,0.276442459799801
1485515,bertopic,n15_c25_s21,2,1.0
1486206,bertopic,n15_c25_s21,5,1.0
1486828,bertopic,n15_c25_s21,1,1.0
1486861,bertopic,n15_c25_s21,6,1.0
1487166,bertopic,n15_c25_s21,51,1.0
1487279,bertopic,n15_c25_s21,-1,0.0
1487657,bertopic,n15_c25_s21,34,0.9052897503165265
1488073,bertopic,n15_c25_s21,50,0.18898939951199276
1488503,bertopic,n15_c25_s21,5,1.0
1489314,bertopic,n15_c25_s21,20,1.0
1489479,bertopic,n15_c25_s21,10,0.4068697652965849
1489556,bertopic,n15_c25_s21,1,1.0
1489671,bertopic,n15_c25_s21,6,0.29337107043411953
1489886,bertopic,n15_c25_s21,-1,0.0
1489966,bertopic,n15_c25_s21,4,1.0
1490025,bertopic,n15_c25_s21,-1,0.0
1490662,bertopic,n15_c25_s21,0,1.0
1490725,bertopic,n15_c25_s21,7,0.5045529146432977
1490887,bertopic,n15_c25_s21,15,0.26942560493060236
1491534,bertopic,n15_c25_s21,66,1.0
1491726,bertopic,n15_c25_s21,12,0.40887871712177776
1491889,bertopic,n15_c25_s21,1,1.0
1492240,bertopic,n15_c25_s21,-1,0.0
1492365,bertopic,n15_c25_s21,-1,0.0
1492483,bertopic,n15_c25_s21,0,0.9047466150804492
1492756,bertopic,n15_c25_s21,0,1.0
1492867,bertopic,n15_c25_s21,11,1.0
1492957,bertopic,n15_c25_s21,0,1.0
1493310,bertopic,n15_c25_s21,4,1.0
1493469,bertopic,n15_c25_s21,40,1.0
1493972,bertopic,n15_c25_s21,0,1.0
1494075,bertopic,n15_c25_s21,21,0.7307488080054072
1494496,bertopic,n15_c25_s21,10,0.4068697652965849
1494699,bertopic,n15_c25_s21,8,0.3091765799185423
1494894,bertopic,n15_c25_s21,40,1.0
1495194,bertopic,n15_c25_s21,1,1.0
1495228,bertopic,n15_c25_s21,42,1.0
1495233,bertopic,n15_c25_s21,2,1.0
1495239,bertopic,n15_c25_s21,7,0.37759287414297643
1495404,bertopic,n15_c25_s21,2,1.0
1495440,bertopic,n15_c25_s21,10,0.42814656219578767
1495553,bertopic,n15_c25_s21,-1,0.0
1495677,bertopic,n15_c25_s21,-1,0.0
1495775,bertopic,n15_c25_s21,4,1.0
1496266,bertopic,n15_c25_s21,-1,0.0
1496293,bertopic,n15_c25_s21,1,1.0
1496432,bertopic,n15_c25_s21,1,0.7492318239738445
1496436,bertopic,n15_c25_s21,11,0.3468544707657935
1496526,bertopic,n15_c25_s21,31,0.587457618670898
1496680,bertopic,n15_c25_s21,36,1.0
1496826,bertopic,n15_c25_s21,25,1.0
1497092,bertopic,n15_c25_s21,40,1.0
1497392,bertopic,n15_c25_s21,-1,0.0
1497441,bertopic,n15_c25_s21,27,0.36045747432562875
1497562,bertopic,n15_c25_s21,40,1.0
1497811,bertopic,n15_c25_s21,47,1.0
1498127,bertopic,n15_c25_s21,8,0.31573385563566153
1498364,bertopic,n15_c25_s21,-1,0.0
1498493,bertopic,n15_c25_s21,3,1.0
1498498,bertopic,n15_c25_s21,19,1.0
1498576,bertopic,n15_c25_s21,25,0.3459652041476289
1498626,bertopic,n15_c25_s21,8,0.3785986758837842
1498789,bertopic,n15_c25_s21,17,0.8793084842032695
1499016,bertopic,n15_c25_s21,-1,0.0
1499096,bertopic,n15_c25_s21,35,0.42806192776315904
1499112,bertopic,n15_c25_s21,22,0.5617685149162538
1499270,bertopic,n15_c25_s21,22,0.5617685149162538
1499361,bertopic,n15_c25_s21,58,0.9299813723673196
1499586,bertopic,n15_c25_s21,-1,0.0
1499672,bertopic,n15_c25_s21,0,1.0
1499709,bertopic,n15_c25_s21,64,1.0
1499813,bertopic,n15_c25_s21,-1,0.0
1499973,bertopic,n15_c25_s21,10,0.4068697652965849
1500095,bertopic,n15_c25_s21,0,1.0
1500173,bertopic,n15_c25_s21,0,0.8703814228651405
1500499,bertopic,n15_c25_s21,35,1.0
1500634,bertopic,n15_c25_s21,1,0.5642096767916738
1500676,bertopic,n15_c25_s21,42,0.35222273217030337
1500738,bertopic,n15_c25_s21,13,1.0
1500963,bertopic,n15_c25_s21,39,1.0
1501574,bertopic,n15_c25_s21,1,1.0
1501578,bertopic,n15_c25_s21,1,1.0
1502199,bertopic,n15_c25_s21,1,1.0
1502390,bertopic,n15_c25_s21,12,0.27580022236137985
1502766,bertopic,n15_c25_s21,17,0.8793084842032695
1502904,bertopic,n15_c25_s21,21,0.5332735971855508
1502922,bertopic,n15_c25_s21,4,0.8554491026729605
1503008,bertopic,n15_c25_s21,58,0.5656478990020489
1503312,bertopic,n15_c25_s21,1,1.0
1503519,bertopic,n15_c25_s21,5,0.870357278255823
1503634,bertopic,n15_c25_s21,49,1.0
1503852,bertopic,n15_c25_s21,0,1.0
1504597,bertopic,n15_c25_s21,17,0.8793084842032695
1504665,bertopic,n15_c25_s21,0,1.0
1504919,bertopic,n15_c25_s21,17,0.8793084842032695
1505312,bertopic,n15_c25_s21,0,1.0
1505383,bertopic,n15_c25_s21,3,1.0
1505704,bertopic,n15_c25_s21,40,1.0
1505868,bertopic,n15_c25_s21,14,1.0
1505959,bertopic,n15_c25_s21,12,0.9474281668366172
1506500,bertopic,n15_c25_s21,6,1.0
1507104,bertopic,n15_c25_s21,44,1.0
1507401,bertopic,n15_c25_s21,10,0.5367139795543249
1507627,bertopic,n15_c25_s21,10,0.4068697652965849
1507831,bertopic,n15_c25_s21,-1,0.0
1507969,bertopic,n15_c25_s21,44,1.0
1508022,bertopic,n15_c25_s21,40,1.0
1508136,bertopic,n15_c25_s21,5,1.0
1508674,bertopic,n15_c25_s21,5,1.0
1509113,bertopic,n15_c25_s21,-1,0.0
1509437,bertopic,n15_c25_s21,23,1.0
1509486,bertopic,n15_c25_s21,41,1.0
1509498,bertopic,n15_c25_s21,0,1.0
1509817,bertopic,n15_c25_s21,-1,0.0
1509923,bertopic,n15_c25_s21,3,1.0
1510125,bertopic,n15_c25_s21,41,1.0
1510588,bertopic,n15_c25_s21,2,1.0
1510958,bertopic,n15_c25_s21,44,1.0
1511533,bertopic,n15_c25_s21,40,1.0
1511673,bertopic,n15_c25_s21,47,1.0
1511859,bertopic,n15_c25_s21,-1,0.0
1511860,bertopic,n15_c25_s21,6,0.8307364151635581
1512573,bertopic,n15_c25_s21,-1,0.0
1512689,bertopic,n15_c25_s21,-1,0.0
1513723,bertopic,n15_c25_s21,3,1.0
1513871,bertopic,n15_c25_s21,46,1.0
1514186,bertopic,n15_c25_s21,25,0.5267580681840616
1514274,bertopic,n15_c25_s21,14,1.0
1514325,bertopic,n15_c25_s21,3,1.0
1514580,bertopic,n15_c25_s21,-1,0.0
1514606,bertopic,n15_c25_s21,15,0.7414723430489503
1515184,bertopic,n15_c25_s21,33,0.4181689600397916
1515210,bertopic,n15_c25_s21,10,0.3715059795577783
1515246,bertopic,n15_c25_s21,39,1.0
1515274,bertopic,n15_c25_s21,44,1.0
1515359,bertopic,n15_c25_s21,17,0.9611133397641266
1515570,bertopic,n15_c25_s21,24,0.1608817420908933
1515598,bertopic,n15_c25_s21,42,0.15407682727271677
1515749,bertopic,n15_c25_s21,-1,0.0
1515808,bertopic,n15_c25_s21,49,1.0
1516138,bertopic,n15_c25_s21,-1,0.0
1516280,bertopic,n15_c25_s21,2,1.0
1516649,bertopic,n15_c25_s21,25,0.9684610481364868
1516702,bertopic,n15_c25_s21,17,0.8793084842032695
1516736,bertopic,n15_c25_s21,19,0.932302933488268
1517627,bertopic,n15_c25_s21,-1,0.0
1517695,bertopic,n15_c25_s21,35,0.42806192776315904
1517727,bertopic,n15_c25_s21,48,0.7729804473623453
1517867,bertopic,n15_c25_s21,4,1.0
1517964,bertopic,n15_c25_s21,42,1.0
1518533,bertopic,n15_c25_s21,11,1.0
1519045,bertopic,n15_c25_s21,23,0.9715988980665634
1519200,bertopic,n15_c25_s21,1,1.0
1519498,bertopic,n15_c25_s21,60,1.0
1519584,bertopic,n15_c25_s21,0,0.8052776754001487
1519848,bertopic,n15_c25_s21,35,1.0
1520160,bertopic,n15_c25_s21,19,1.0
1520425,bertopic,n15_c25_s21,2,1.0
1520737,bertopic,n15_c25_s21,2,1.0
1520908,bertopic,n15_c25_s21,2,1.0
1520918,bertopic,n15_c25_s21,29,0.3125547244721071
1521008,bertopic,n15_c25_s21,40,1.0
1521252,bertopic,n15_c25_s21,2,1.0
1521557,bertopic,n15_c25_s21,36,0.28873973823095933
1521679,bertopic,n15_c25_s21,2,0.8335071730290856
1521726,bertopic,n15_c25_s21,2,1.0
1521733,bertopic,n15_c25_s21,2,0.8335071730290856
1522251,bertopic,n15_c25_s21,-1,0.0
1522969,bertopic,n15_c25_s21,0,1.0
1523554,bertopic,n15_c25_s21,0,1.0
1524302,bertopic,n15_c25_s21,-1,0.0
1524595,bertopic,n15_c25_s21,-1,0.0
1524652,bertopic,n15_c25_s21,13,0.32222551137245553
1524974,bertopic,n15_c25_s21,-1,0.0
1525140,bertopic,n15_c25_s21,33,1.0
1525270,bertopic,n15_c25_s21,4,0.7339838867794958
1525606,bertopic,n15_c25_s21,58,1.0
1525636,bertopic,n15_c25_s21,0,1.0
1526226,bertopic,n15_c25_s21,30,1.0
1526572,bertopic,n15_c25_s21,5,1.0
1526808,bertopic,n15_c25_s21,-1,0.0
1526886,bertopic,n15_c25_s21,-1,0.0
1527006,bertopic,n15_c25_s21,1,1.0
1527106,bertopic,n15_c25_s21,0,1.0
1527270,bertopic,n15_c25_s21,18,0.5186852819034289
1527880,bertopic,n15_c25_s21,21,0.914699467168344
1528242,bertopic,n15_c25_s21,13,1.0
1529188,bertopic,n15_c25_s21,3,1.0
1529305,bertopic,n15_c25_s21,14,0.565136311921165
1529625,bertopic,n15_c25_s21,2,1.0
1529644,bertopic,n15_c25_s21,45,1.0
1530080,bertopic,n15_c25_s21,69,1.0
1530590,bertopic,n15_c25_s21,1,1.0
1530603,bertopic,n15_c25_s21,47,1.0
1530720,bertopic,n15_c25_s21,0,1.0
1530764,bertopic,n15_c25_s21,69,1.0
1530838,bertopic,n15_c25_s21,30,0.3278930677192247
1531212,bertopic,n15_c25_s21,25,0.3552845102723335
1531260,bertopic,n15_c25_s21,-1,0.0
1531273,bertopic,n15_c25_s21,7,0.781962955897056
1531420,bertopic,n15_c25_s21,11,1.0
1531571,bertopic,n15_c25_s21,0,1.0
1532111,bertopic,n15_c25_s21,47,1.0
1532719,bertopic,n15_c25_s21,4,0.7117294153450735
1534162,bertopic,n15_c25_s21,43,0.8827343283297647
1534179,bertopic,n15_c25_s21,12,0.37691381361999615
1534504,bertopic,n15_c25_s21,-1,0.0
1534796,bertopic,n15_c25_s21,-1,0.0
1535832,bertopic,n15_c25_s21,0,1.0
1536549,bertopic,n15_c25_s21,3,0.8454761240358
1536697,bertopic,n15_c25_s21,34,0.5114448277125306
1537297,bertopic,n15_c25_s21,0,1.0
1537636,bertopic,n15_c25_s21,0,1.0
1537770,bertopic,n15_c25_s21,50,1.0
1537887,bertopic,n15_c25_s21,22,0.372888391135312
1538407,bertopic,n15_c25_s21,3,1.0
1538570,bertopic,n15_c25_s21,0,1.0
1538663,bertopic,n15_c25_s21,15,1.0
1538868,bertopic,n15_c25_s21,3,1.0
1539324,bertopic,n15_c25_s21,-1,0.0
1539331,bertopic,n15_c25_s21,-1,0.0
1539395,bertopic,n15_c25_s21,26,0.9598226186699867
1539403,bertopic,n15_c25_s21,4,1.0
1540711,bertopic,n15_c25_s21,0,1.0
1540756,bertopic,n15_c25_s21,-1,0.0
1540774,bertopic,n15_c25_s21,1,1.0
1540776,bertopic,n15_c25_s21,1,0.845361094809191
1540884,bertopic,n15_c25_s21,0,0.9464916548770896
1541021,bertopic,n15_c25_s21,47,1.0
1541093,bertopic,n15_c25_s21,0,1.0
1541238,bertopic,n15_c25_s21,4,1.0
1541869,bertopic,n15_c25_s21,57,1.0
1542070,bertopic,n15_c25_s21,47,1.0
1542322,bertopic,n15_c25_s21,35,0.42806192776315904
1542483,bertopic,n15_c25_s21,51,1.0
1542514,bertopic,n15_c25_s21,10,0.5404572786164356
1542601,bertopic,n15_c25_s21,11,1.0
1542888,bertopic,n15_c25_s21,13,0.5059553477495817
1542963,bertopic,n15_c25_s21,6,1.0
1542983,bertopic,n15_c25_s21,21,0.4081554684747055
1543175,bertopic,n15_c25_s21,43,0.6724477849795929
1543371,bertopic,n15_c25_s21,6,1.0
1543670,bertopic,n15_c25_s21,5,1.0
1543874,bertopic,n15_c25_s21,0,0.8039889379414701
1544114,bertopic,n15_c25_s21,0,1.0
1544170,bertopic,n15_c25_s21,-1,0.0
1544450,bertopic,n15_c25_s21,5,0.36124570160374136
1544451,bertopic,n15_c25_s21,1,1.0
1544501,bertopic,n15_c25_s21,-1,0.0
1544521,bertopic,n15_c25_s21,65,1.0
1545235,bertopic,n15_c25_s21,-1,0.0
1545283,bertopic,n15_c25_s21,14,0.565136311921165
1546012,bertopic,n15_c25_s21,0,1.0
1546283,bertopic,n15_c25_s21,0,1.0
1546486,bertopic,n15_c25_s21,0,1.0
1546803,bertopic,n15_c25_s21,3,1.0
1547028,bertopic,n15_c25_s21,1,1.0
1547799,bertopic,n15_c25_s21,-1,0.0
1547850,bertopic,n15_c25_s21,6,0.9525895855087392
1547868,bertopic,n15_c25_s21,-1,0.0
1548025,bertopic,n15_c25_s21,27,0.3122018447894282
1548624,bertopic,n15_c25_s21,-1,0.0
1549095,bertopic,n15_c25_s21,-1,0.0
1549163,bertopic,n15_c25_s21,14,1.0
1549742,bertopic,n15_c25_s21,6,1.0
1549766,bertopic,n15_c25_s21,8,0.3785986758837842
1549906,bertopic,n15_c25_s21,53,1.0
1550076,bertopic,n15_c25_s21,1,1.0
1550274,bertopic,n15_c25_s21,23,1.0
1551201,bertopic,n15_c25_s21,35,0.42806192776315904
1552027,bertopic,n15_c25_s21,70,1.0
1552042,bertopic,n15_c25_s21,6,0.14036532925403494
1552436,bertopic,n15_c25_s21,11,1.0
1552526,bertopic,n15_c25_s21,64,0.7038559194794457
1553823,bertopic,n15_c25_s21,4,1.0
1554221,bertopic,n15_c25_s21,52,0.9100448824762704
1554319,bertopic,n15_c25_s21,1,1.0
1554328,bertopic,n15_c25_s21,39,1.0
1554564,bertopic,n15_c25_s21,66,1.0
1554656,bertopic,n15_c25_s21,35,1.0
1554691,bertopic,n15_c25_s21,35,1.0
1555133,bertopic,n15_c25_s21,1,1.0
1555803,bertopic,n15_c25_s21,35,1.0
1555945,bertopic,n15_c25_s21,30,0.5795857101952442
1555952,bertopic,n15_c25_s21,1,1.0
1555957,bertopic,n15_c25_s21,39,0.42782423152161125
1556983,bertopic,n15_c25_s21,0,1.0
1557452,bertopic,n15_c25_s21,30,0.4811547221307423
1557814,bertopic,n15_c25_s21,0,1.0
1558294,bertopic,n15_c25_s21,45,0.7596788736007651
1558297,bertopic,n15_c25_s21,0,1.0
1558386,bertopic,n15_c25_s21,29,0.33409885688002217
1558528,bertopic,n15_c25_s21,-1,0.0
1558705,bertopic,n15_c25_s21,-1,0.0
1558919,bertopic,n15_c25_s21,4,1.0
1559241,bertopic,n15_c25_s21,35,0.4039562727422957
1559325,bertopic,n15_c25_s21,0,1.0
1559378,bertopic,n15_c25_s21,18,0.42133600966856116
1559538,bertopic,n15_c25_s21,44,0.2121225112133798
1559623,bertopic,n15_c25_s21,18,0.7080310354100167
1559836,bertopic,n15_c25_s21,12,0.45357730994899365
1560054,bertopic,n15_c25_s21,6,1.0
1560368,bertopic,n15_c25_s21,32,1.0
1561560,bertopic,n15_c25_s21,1,1.0
1561578,bertopic,n15_c25_s21,1,0.845361094809191
1562046,bertopic,n15_c25_s21,6,1.0
1562100,bertopic,n15_c25_s21,-1,0.0
1562779,bertopic,n15_c25_s21,39,1.0
1563006,bertopic,n15_c25_s21,31,0.33499015631908047
1563857,bertopic,n15_c25_s21,15,0.677860344473675
1564679,bertopic,n15_c25_s21,-1,0.0
1564741,bertopic,n15_c25_s21,19,0.6316664114004674
1565071,bertopic,n15_c25_s21,4,1.0
1565468,bertopic,n15_c25_s21,4,0.6790834083645807
1567458,bertopic,n15_c25_s21,22,0.8330778251396737
1567486,bertopic,n15_c25_s21,24,0.42819058738516125
1568134,bertopic,n15_c25_s21,11,0.9782819237847715
1568789,bertopic,n15_c25_s21,65,1.0
1568922,bertopic,n15_c25_s21,-1,0.0
1568979,bertopic,n15_c25_s21,65,1.0
1568982,bertopic,n15_c25_s21,0,1.0
1568998,bertopic,n15_c25_s21,36,1.0
1569529,bertopic,n15_c25_s21,20,0.7035666822380038
1570798,bertopic,n15_c25_s21,4,0.7060144223639556
1570810,bertopic,n15_c25_s21,1,0.7495412979488346
1571139,bertopic,n15_c25_s21,-1,0.0
1571143,bertopic,n15_c25_s21,36,1.0
1571368,bertopic,n15_c25_s21,5,1.0
1571604,bertopic,n15_c25_s21,51,0.42634429489091413
1571733,bertopic,n15_c25_s21,34,0.6902570642802589
1571748,bertopic,n15_c25_s21,1,0.5706836910041097
1572189,bertopic,n15_c25_s21,5,0.4765651135147138
1572248,bertopic,n15_c25_s21,18,1.0
1572346,bertopic,n15_c25_s21,47,1.0
1572459,bertopic,n15_c25_s21,5,0.7054417774929457
1572646,bertopic,n15_c25_s21,42,1.0
1572813,bertopic,n15_c25_s21,66,1.0
1573020,bertopic,n15_c25_s21,17,1.0
1573782,bertopic,n15_c25_s21,0,1.0
1573787,bertopic,n15_c25_s21,24,0.4922034767137841
1574359,bertopic,n15_c25_s21,42,1.0
1574564,bertopic,n15_c25_s21,1,1.0
1575547,bertopic,n15_c25_s21,31,0.8144803338707866
1576207,bertopic,n15_c25_s21,31,0.4781530856175273
1580503,bertopic,n15_c25_s21,53,1.0
1581015,bertopic,n15_c25_s21,0,0.8015310633941993
1581556,bertopic,n15_c25_s21,-1,0.0
1581904,bertopic,n15_c25_s21,24,0.4922034767137841
1582089,bertopic,n15_c25_s21,13,1.0
1582804,bertopic,n15_c25_s21,-1,0.0
1583328,bertopic,n15_c25_s21,40,1.0
1583384,bertopic,n15_c25_s21,1,0.9298703739772745
1583464,bertopic,n15_c25_s21,4,0.7729050462867016
1583692,bertopic,n15_c25_s21,18,0.4255271665920487
1584072,bertopic,n15_c25_s21,10,0.5913242201654033
1584290,bertopic,n15_c25_s21,-1,0.0
1584463,bertopic,n15_c25_s21,-1,0.0
1584561,bertopic,n15_c25_s21,-1,0.0
1584690,bertopic,n15_c25_s21,6,0.29007383581898055
1584702,bertopic,n15_c25_s21,0,0.47954917750408205
1584723,bertopic,n15_c25_s21,57,1.0
1585232,bertopic,n15_c25_s21,13,0.9910040311130258
1585252,bertopic,n15_c25_s21,1,1.0
1585805,bertopic,n15_c25_s21,24,0.8600748372255942
1586519,bertopic,n15_c25_s21,19,1.0
1587467,bertopic,n15_c25_s21,2,1.0
1588089,bertopic,n15_c25_s21,64,1.0
1588714,bertopic,n15_c25_s21,-1,0.0
1589034,bertopic,n15_c25_s21,-1,0.0
1590072,bertopic,n15_c25_s21,-1,0.0
1590296,bertopic,n15_c25_s21,23,0.6211113762705265
1590539,bertopic,n15_c25_s21,39,1.0
1590598,bertopic,n15_c25_s21,19,0.8117137698112145
1590801,bertopic,n15_c25_s21,47,0.8767927843020306
1590969,bertopic,n15_c25_s21,7,1.0
1591081,bertopic,n15_c25_s21,7,1.0
1591317,bertopic,n15_c25_s21,18,0.4255271665920487
1592648,bertopic,n15_c25_s21,23,1.0
1592996,bertopic,n15_c25_s21,66,1.0
1593360,bertopic,n15_c25_s21,33,0.2267842268788738
1593802,bertopic,n15_c25_s21,6,0.5535317314915402
1593842,bertopic,n15_c25_s21,6,0.5535317314915402
1593942,bertopic,n15_c25_s21,4,1.0
1594238,bertopic,n15_c25_s21,6,0.8339430557537262
1594886,bertopic,n15_c25_s21,19,0.5550996983625711
1595108,bertopic,n15_c25_s21,29,0.3125547244721071
1595174,bertopic,n15_c25_s21,6,0.14036532925403494
1595833,bertopic,n15_c25_s21,0,1.0
1596054,bertopic,n15_c25_s21,35,1.0
1596086,bertopic,n15_c25_s21,35,1.0
1596783,bertopic,n15_c25_s21,33,0.8237471132431999
1597618,bertopic,n15_c25_s21,47,1.0
1597802,bertopic,n15_c25_s21,0,0.7417914211861029
1598813,bertopic,n15_c25_s21,40,1.0
1599011,bertopic,n15_c25_s21,48,1.0
1601162,bertopic,n15_c25_s21,6,0.3136636506055221
1601255,bertopic,n15_c25_s21,-1,0.0
1601952,bertopic,n15_c25_s21,0,1.0
1602097,bertopic,n15_c25_s21,0,0.7121548595607208
1602124,bertopic,n15_c25_s21,0,0.7132287270124491
1602322,bertopic,n15_c25_s21,0,1.0
1603249,bertopic,n15_c25_s21,16,1.0
1603303,bertopic,n15_c25_s21,0,1.0
1603708,bertopic,n15_c25_s21,19,0.6227592522527055
1603749,bertopic,n15_c25_s21,-1,0.0
1604979,bertopic,n15_c25_s21,2,1.0
1605083,bertopic,n15_c25_s21,-1,0.0
1605481,bertopic,n15_c25_s21,6,0.5535317314915402
1605630,bertopic,n15_c25_s21,16,1.0
1606053,bertopic,n15_c25_s21,6,0.5535317314915402
1606367,bertopic,n15_c25_s21,19,0.9916129206795162
1606471,bertopic,n15_c25_s21,19,1.0
1607996,bertopic,n15_c25_s21,24,0.4922034767137841
1608050,bertopic,n15_c25_s21,24,0.4922034767137841
1608305,bertopic,n15_c25_s21,-1,0.0
1608343,bertopic,n15_c25_s21,-1,0.0
1608523,bertopic,n15_c25_s21,38,0.35565717614412296
1608611,bertopic,n15_c25_s21,-1,0.0
1608877,bertopic,n15_c25_s21,1,1.0
1608878,bertopic,n15_c25_s21,11,1.0
1609173,bertopic,n15_c25_s21,45,0.8515639042158308
1610786,bertopic,n15_c25_s21,10,0.6014606747796422
1611689,bertopic,n15_c25_s21,42,1.0
1612202,bertopic,n15_c25_s21,36,1.0
1612234,bertopic,n15_c25_s21,-1,0.0
1612259,bertopic,n15_c25_s21,-1,0.0
1612810,bertopic,n15_c25_s21,33,0.4181689600397916
1612909,bertopic,n15_c25_s21,53,1.0
1614015,bertopic,n15_c25_s21,20,0.7035666822380038
1614893,bertopic,n15_c25_s21,22,0.6902611196875106
1615227,bertopic,n15_c25_s21,22,1.0
1615573,bertopic,n15_c25_s21,22,1.0
1615715,bertopic,n15_c25_s21,53,1.0
1615722,bertopic,n15_c25_s21,-1,0.0
1615725,bertopic,n15_c25_s21,14,0.7114587207131167
1616337,bertopic,n15_c25_s21,-1,0.0
1616763,bertopic,n15_c25_s21,-1,0.0
1618925,bertopic,n15_c25_s21,22,1.0
1619965,bertopic,n15_c25_s21,-1,0.0
1620427,bertopic,n15_c25_s21,22,0.5617685149162538
1620477,bertopic,n15_c25_s21,19,0.8117137698112145
1620517,bertopic,n15_c25_s21,22,1.0
1620531,bertopic,n15_c25_s21,22,0.3959423066140946
1620652,bertopic,n15_c25_s21,-1,0.0
1620730,bertopic,n15_c25_s21,19,0.8117137698112145
1620782,bertopic,n15_c25_s21,39,0.7885196137377716
1621203,bertopic,n15_c25_s21,19,0.5574844176917814
1621700,bertopic,n15_c25_s21,2,1.0
1621877,bertopic,n15_c25_s21,18,0.4061760457082157
1622181,bertopic,n15_c25_s21,14,1.0
1622524,bertopic,n15_c25_s21,3,1.0
1622573,bertopic,n15_c25_s21,-1,0.0
1622698,bertopic,n15_c25_s21,0,1.0
1622930,bertopic,n15_c25_s21,-1,0.0
1624003,bertopic,n15_c25_s21,0,1.0
1624371,bertopic,n15_c25_s21,12,0.45357730994899365
1625072,bertopic,n15_c25_s21,-1,0.0
1625326,bertopic,n15_c25_s21,0,1.0
1626063,bertopic,n15_c25_s21,42,0.6239377424973023
1626112,bertopic,n15_c25_s21,2,1.0
1626193,bertopic,n15_c25_s21,4,1.0
1626305,bertopic,n15_c25_s21,5,0.4837486598615992
1626331,bertopic,n15_c25_s21,1,0.845361094809191
1626414,bertopic,n15_c25_s21,5,1.0
1626427,bertopic,n15_c25_s21,36,1.0
1626513,bertopic,n15_c25_s21,5,0.9195367413761826
1627048,bertopic,n15_c25_s21,5,1.0
1627976,bertopic,n15_c25_s21,-1,0.0
1628020,bertopic,n15_c25_s21,11,0.8306544487691273
1628061,bertopic,n15_c25_s21,6,1.0
1628085,bertopic,n15_c25_s21,6,1.0
1628354,bertopic,n15_c25_s21,-1,0.0
1628417,bertopic,n15_c25_s21,14,0.565136311921165
1628529,bertopic,n15_c25_s21,-1,0.0
1628847,bertopic,n15_c25_s21,0,1.0
1628863,bertopic,n15_c25_s21,0,1.0
1628928,bertopic,n15_c25_s21,0,1.0
1628955,bertopic,n15_c25_s21,0,1.0
1629053,bertopic,n15_c25_s21,23,1.0
1629082,bertopic,n15_c25_s21,22,1.0
1629201,bertopic,n15_c25_s21,0,1.0
1629324,bertopic,n15_c25_s21,0,1.0
1629357,bertopic,n15_c25_s21,24,0.17590453812352747
1629527,bertopic,n15_c25_s21,-1,0.0
1629581,bertopic,n15_c25_s21,0,1.0
1629804,bertopic,n15_c25_s21,5,0.9305565878686547
1630109,bertopic,n15_c25_s21,13,1.0
1630227,bertopic,n15_c25_s21,0,1.0
1630233,bertopic,n15_c25_s21,0,1.0
1630240,bertopic,n15_c25_s21,0,1.0
1630342,bertopic,n15_c25_s21,5,0.9327138135855138
1630541,bertopic,n15_c25_s21,42,1.0
1630643,bertopic,n15_c25_s21,-1,0.0
1631344,bertopic,n15_c25_s21,35,1.0
1631698,bertopic,n15_c25_s21,41,1.0
1631752,bertopic,n15_c25_s21,-1,0.0
1632025,bertopic,n15_c25_s21,0,1.0
1633050,bertopic,n15_c25_s21,22,1.0
1633094,bertopic,n15_c25_s21,0,1.0
1633144,bertopic,n15_c25_s21,22,0.9367000403807572
1633190,bertopic,n15_c25_s21,22,1.0
1633362,bertopic,n15_c25_s21,65,1.0
1633392,bertopic,n15_c25_s21,1,0.9737968305144363
1633401,bertopic,n15_c25_s21,65,1.0
1633413,bertopic,n15_c25_s21,22,1.0
1633448,bertopic,n15_c25_s21,0,1.0
1634199,bertopic,n15_c25_s21,11,1.0
1634480,bertopic,n15_c25_s21,5,0.9820287295985092
1634535,bertopic,n15_c25_s21,0,1.0
1634924,bertopic,n15_c25_s21,5,1.0
1635457,bertopic,n15_c25_s21,30,0.3728487474805666
1635558,bertopic,n15_c25_s21,-1,0.0
1635802,bertopic,n15_c25_s21,5,1.0
1635844,bertopic,n15_c25_s21,14,0.7114587207131167
1635991,bertopic,n15_c25_s21,0,1.0
1636083,bertopic,n15_c25_s21,0,1.0
1636243,bertopic,n15_c25_s21,0,1.0
1636404,bertopic,n15_c25_s21,0,1.0
1636431,bertopic,n15_c25_s21,0,1.0
1636592,bertopic,n15_c25_s21,0,1.0
1636718,bertopic,n15_c25_s21,0,1.0
1636835,bertopic,n15_c25_s21,33,0.4181689600397916
1637154,bertopic,n15_c25_s21,-1,0.0
1637297,bertopic,n15_c25_s21,33,0.4181689600397916
1637388,bertopic,n15_c25_s21,33,0.4181689600397916
1637480,bertopic,n15_c25_s21,48,1.0
1637484,bertopic,n15_c25_s21,48,1.0
1637670,bertopic,n15_c25_s21,11,1.0
1637750,bertopic,n15_c25_s21,0,1.0
1637917,bertopic,n15_c25_s21,0,1.0
1637962,bertopic,n15_c25_s21,-1,0.0
1638213,bertopic,n15_c25_s21,-1,0.0
1638474,bertopic,n15_c25_s21,0,0.5178835639703017
1638879,bertopic,n15_c25_s21,66,1.0
1640012,bertopic,n15_c25_s21,66,1.0
1641201,bertopic,n15_c25_s21,0,1.0
1641467,bertopic,n15_c25_s21,-1,0.0
1642038,bertopic,n15_c25_s21,6,0.268401450854766
1642741,bertopic,n15_c25_s21,33,0.6547913108224017
1642850,bertopic,n15_c25_s21,33,0.5920500957389809
1643225,bertopic,n15_c25_s21,33,0.4106954658467769
1643304,bertopic,n15_c25_s21,0,1.0
1643410,bertopic,n15_c25_s21,33,0.39838996725799164
1643593,bertopic,n15_c25_s21,67,1.0
1643672,bertopic,n15_c25_s21,67,1.0
1643689,bertopic,n15_c25_s21,67,1.0
1643801,bertopic,n15_c25_s21,13,0.2804865289475358
1643812,bertopic,n15_c25_s21,13,0.276442459799801
1644104,bertopic,n15_c25_s21,24,0.8597236534067274
1644107,bertopic,n15_c25_s21,33,0.8549260266963639
1644185,bertopic,n15_c25_s21,0,0.6385245283145027
1644238,bertopic,n15_c25_s21,24,1.0
1644289,bertopic,n15_c25_s21,41,1.0
1644777,bertopic,n15_c25_s21,40,1.0
1645053,bertopic,n15_c25_s21,-1,0.0
1645255,bertopic,n15_c25_s21,25,0.14948684688927566
1645318,bertopic,n15_c25_s21,25,0.15830826094431272
1645518,bertopic,n15_c25_s21,-1,0.0
1645809,bertopic,n15_c25_s21,23,1.0
1645828,bertopic,n15_c25_s21,0,1.0
1645964,bertopic,n15_c25_s21,25,0.15830826094431272
1646059,bertopic,n15_c25_s21,1,1.0
1646133,bertopic,n15_c25_s21,-1,0.0
1647389,bertopic,n15_c25_s21,6,0.24646724921077143
1647652,bertopic,n15_c25_s21,-1,0.0
1647853,bertopic,n15_c25_s21,39,0.6089879673952199
1648054,bertopic,n15_c25_s21,1,0.9809484502676584
1648219,bertopic,n15_c25_s21,-1,0.0
1648790,bertopic,n15_c25_s21,17,0.8271944209385506
1649210,bertopic,n15_c25_s21,1,1.0
1649646,bertopic,n15_c25_s21,19,0.9689759239331753
1649970,bertopic,n15_c25_s21,65,1.0
1650049,bertopic,n15_c25_s21,65,1.0
1650196,bertopic,n15_c25_s21,0,1.0
1650249,bertopic,n15_c25_s21,1,1.0
1650886,bertopic,n15_c25_s21,17,1.0
1651326,bertopic,n15_c25_s21,24,1.0
1651339,bertopic,n15_c25_s21,24,1.0
1651505,bertopic,n15_c25_s21,24,0.36894393991350033
1651781,bertopic,n15_c25_s21,24,1.0
1651888,bertopic,n15_c25_s21,24,1.0
1651889,bertopic,n15_c25_s21,24,0.7172133528516464
1651902,bertopic,n15_c25_s21,24,0.8830002542854989
1651924,bertopic,n15_c25_s21,24,1.0
1652591,bertopic,n15_c25_s21,0,0.7827429075585991
1653181,bertopic,n15_c25_s21,-1,0.0
1654123,bertopic,n15_c25_s21,36,1.0
1654397,bertopic,n15_c25_s21,19,0.7456645871159141
1654474,bertopic,n15_c25_s21,57,0.6151398025001523
1655065,bertopic,n15_c25_s21,10,0.8784717600209183
1655750,bertopic,n15_c25_s21,0,1.0
1656280,bertopic,n15_c25_s21,0,1.0
1656434,bertopic,n15_c25_s21,-1,0.0
1657720,bertopic,n15_c25_s21,4,1.0
1658202,bertopic,n15_c25_s21,57,1.0
1658204,bertopic,n15_c25_s21,58,1.0
1660561,bertopic,n15_c25_s21,30,0.36503564369660435
1660628,bertopic,n15_c25_s21,3,0.9579020507283931
1661755,bertopic,n15_c25_s21,1,1.0
1662908,bertopic,n15_c25_s21,12,1.0
1663598,bertopic,n15_c25_s21,0,1.0
1664651,bertopic,n15_c25_s21,-1,0.0
1664667,bertopic,n15_c25_s21,-1,0.0
1664914,bertopic,n15_c25_s21,15,0.49813005637893215
1665044,bertopic,n15_c25_s21,43,0.6008466868708634
1665218,bertopic,n15_c25_s21,6,1.0
1666448,bertopic,n15_c25_s21,1,1.0
1666522,bertopic,n15_c25_s21,23,0.23771470871612574
1666592,bertopic,n15_c25_s21,65,1.0
1666754,bertopic,n15_c25_s21,66,1.0
1667161,bertopic,n15_c25_s21,14,0.9142148375533371
1669889,bertopic,n15_c25_s21,-1,0.0
1671510,bertopic,n15_c25_s21,-1,0.0
1673964,bertopic,n15_c25_s21,4,0.9822202146705016
1674689,bertopic,n15_c25_s21,61,0.9649182396012118
1676225,bertopic,n15_c25_s21,4,1.0
1676319,bertopic,n15_c25_s21,4,0.8229279984582918
1676925,bertopic,n15_c25_s21,13,0.8539436222326197
1677219,bertopic,n15_c25_s21,64,1.0
1678071,bertopic,n15_c25_s21,30,0.6225503808923646
1679362,bertopic,n15_c25_s21,0,1.0
1681379,bertopic,n15_c25_s21,20,0.3491175186856984
1682395,bertopic,n15_c25_s21,20,1.0
1683078,bertopic,n15_c25_s21,4,1.0
1683091,bertopic,n15_c25_s21,16,0.8370473950892305
1683109,bertopic,n15_c25_s21,3,1.0
1683130,bertopic,n15_c25_s21,-1,0.0
1683707,bertopic,n15_c25_s21,-1,0.0
1684733,bertopic,n15_c25_s21,3,0.9507593069107985
1684815,bertopic,n15_c25_s21,17,0.7717887433511124
1685072,bertopic,n15_c25_s21,2,0.7401221881241496
1685266,bertopic,n15_c25_s21,42,1.0
1686021,bertopic,n15_c25_s21,-1,0.0
1686112,bertopic,n15_c25_s21,8,0.3119206448774395
1686355,bertopic,n15_c25_s21,12,1.0
1686518,bertopic,n15_c25_s21,-1,0.0
1687000,bertopic,n15_c25_s21,-1,0.0
1687424,bertopic,n15_c25_s21,-1,0.0
1688112,bertopic,n15_c25_s21,21,0.4779733724581867
1689823,bertopic,n15_c25_s21,0,1.0
1690809,bertopic,n15_c25_s21,13,1.0
1691665,bertopic,n15_c25_s21,20,0.9549245875327905
1691862,bertopic,n15_c25_s21,20,0.8608961520394037
1692560,bertopic,n15_c25_s21,-1,0.0
1693028,bertopic,n15_c25_s21,3,1.0
1693980,bertopic,n15_c25_s21,28,0.9241552538425609
1695724,bertopic,n15_c25_s21,-1,0.0
1697471,bertopic,n15_c25_s21,20,0.5044392085815885
1697669,bertopic,n15_c25_s21,6,1.0
1697963,bertopic,n15_c25_s21,28,1.0
1698281,bertopic,n15_c25_s21,6,1.0
1698411,bertopic,n15_c25_s21,37,0.42327357372661434
1698475,bertopic,n15_c25_s21,3,1.0
1698981,bertopic,n15_c25_s21,8,0.8449538642164174
1699396,bertopic,n15_c25_s21,26,0.970218423612641
1699699,bertopic,n15_c25_s21,2,1.0
1699718,bertopic,n15_c25_s21,-1,0.0
1700125,bertopic,n15_c25_s21,16,0.8112808805531633
1700225,bertopic,n15_c25_s21,28,0.40068652408161426
1700548,bertopic,n15_c25_s21,6,1.0
1700627,bertopic,n15_c25_s21,20,0.5228550181897715
1700716,bertopic,n15_c25_s21,1,1.0
1701825,bertopic,n15_c25_s21,3,0.8724059740143714
1702604,bertopic,n15_c25_s21,20,1.0
1702894,bertopic,n15_c25_s21,20,1.0
1703304,bertopic,n15_c25_s21,28,0.700599762534618
1704668,bertopic,n15_c25_s21,16,0.6542205129114859
1704740,bertopic,n15_c25_s21,28,0.596597790247651
1705265,bertopic,n15_c25_s21,52,1.0
1705327,bertopic,n15_c25_s21,-1,0.0
1706168,bertopic,n15_c25_s21,-1,0.0
1706486,bertopic,n15_c25_s21,16,0.30374745931357583
1706496,bertopic,n15_c25_s21,3,1.0
1706540,bertopic,n15_c25_s21,5,1.0
1706737,bertopic,n15_c25_s21,28,1.0
1707062,bertopic,n15_c25_s21,20,0.7308460156066965
1708593,bertopic,n15_c25_s21,5,1.0
1709044,bertopic,n15_c25_s21,3,0.7999343028465703
1709656,bertopic,n15_c25_s21,62,1.0
1709805,bertopic,n15_c25_s21,3,1.0
1709939,bertopic,n15_c25_s21,37,1.0
1710264,bertopic,n15_c25_s21,3,1.0
1710764,bertopic,n15_c25_s21,28,0.9293684319464544
1710933,bertopic,n15_c25_s21,16,0.8370473950892305
1711239,bertopic,n15_c25_s21,28,0.19897214405171804
1711692,bertopic,n15_c25_s21,-1,0.0
1712207,bertopic,n15_c25_s21,28,0.16528919051859997
1712797,bertopic,n15_c25_s21,1,0.46839273057557407
1713263,bertopic,n15_c25_s21,60,1.0
1714928,bertopic,n15_c25_s21,20,0.4834061777775809
1715015,bertopic,n15_c25_s21,20,0.6099148969622898
1715532,bertopic,n15_c25_s21,2,1.0
1715850,bertopic,n15_c25_s21,28,0.4848643865146732
1715958,bertopic,n15_c25_s21,20,0.6299195667918642
1716332,bertopic,n15_c25_s21,3,1.0
1717227,bertopic,n15_c25_s21,-1,0.0
1717561,bertopic,n15_c25_s21,20,1.0
1718260,bertopic,n15_c25_s21,26,1.0
1718954,bertopic,n15_c25_s21,28,0.9634150018123435
1719182,bertopic,n15_c25_s21,-1,0.0
1719361,bertopic,n15_c25_s21,39,0.3283477259562973
1719455,bertopic,n15_c25_s21,3,0.9744876358155978
1719954,bertopic,n15_c25_s21,28,0.21721555349133098
1720340,bertopic,n15_c25_s21,28,1.0
1720393,bertopic,n15_c25_s21,62,1.0
1722098,bertopic,n15_c25_s21,51,1.0
1722301,bertopic,n15_c25_s21,16,0.7927474116125964
1723071,bertopic,n15_c25_s21,3,1.0
1723124,bertopic,n15_c25_s21,26,0.28514456184999254
1723294,bertopic,n15_c25_s21,12,0.49133863734123945
1724660,bertopic,n15_c25_s21,-1,0.0
1725087,bertopic,n15_c25_s21,28,0.29338593908669647
1725177,bertopic,n15_c25_s21,-1,0.0
1726786,bertopic,n15_c25_s21,-1,0.0
1727314,bertopic,n15_c25_s21,16,1.0
1727348,bertopic,n15_c25_s21,62,0.8324336073533555
1727748,bertopic,n15_c25_s21,5,0.6658325713036276
1728274,bertopic,n15_c25_s21,-1,0.0
1728370,bertopic,n15_c25_s21,-1,0.0
1728791,bertopic,n15_c25_s21,-1,0.0
1729194,bertopic,n15_c25_s21,-1,0.0
1731850,bertopic,n15_c25_s21,-1,0.0
1732329,bertopic,n15_c25_s21,26,0.9750910703378973
1732611,bertopic,n15_c25_s21,37,1.0
1733429,bertopic,n15_c25_s21,0,1.0
1733690,bertopic,n15_c25_s21,28,0.3393626011119404
1734395,bertopic,n15_c25_s21,-1,0.0
1734997,bertopic,n15_c25_s21,62,1.0
1737105,bertopic,n15_c25_s21,11,0.6437671794157409
1737159,bertopic,n15_c25_s21,28,0.8703540957022508
1737367,bertopic,n15_c25_s21,3,1.0
1738246,bertopic,n15_c25_s21,20,1.0
1739309,bertopic,n15_c25_s21,28,0.3060321560822927
1740679,bertopic,n15_c25_s21,48,1.0
1740693,bertopic,n15_c25_s21,11,0.6118845357659887
1741399,bertopic,n15_c25_s21,62,1.0
1743180,bertopic,n15_c25_s21,-1,0.0
1743215,bertopic,n15_c25_s21,37,0.42327357372661434
1743803,bertopic,n15_c25_s21,3,1.0
1745237,bertopic,n15_c25_s21,20,0.5433940050688758
1745303,bertopic,n15_c25_s21,16,0.30374745931357583
1745896,bertopic,n15_c25_s21,0,1.0
1745972,bertopic,n15_c25_s21,31,0.7134407928304249
1746476,bertopic,n15_c25_s21,28,1.0
1746753,bertopic,n15_c25_s21,-1,0.0
1747022,bertopic,n15_c25_s21,0,1.0
1747741,bertopic,n15_c25_s21,-1,0.0
1748179,bertopic,n15_c25_s21,-1,0.0
1748483,bertopic,n15_c25_s21,16,0.30374745931357583
1748926,bertopic,n15_c25_s21,-1,0.0
1749111,bertopic,n15_c25_s21,5,1.0
1749433,bertopic,n15_c25_s21,52,0.8169107222031432
1749525,bertopic,n15_c25_s21,3,1.0
1749569,bertopic,n15_c25_s21,5,1.0
1749755,bertopic,n15_c25_s21,21,0.5332735971855508
1749859,bertopic,n15_c25_s21,3,0.9568113542906833
1749863,bertopic,n15_c25_s21,3,1.0
1750089,bertopic,n15_c25_s21,62,1.0
1750589,bertopic,n15_c25_s21,21,0.506199876885214
1750711,bertopic,n15_c25_s21,52,0.5021120589741326
1750919,bertopic,n15_c25_s21,4,1.0
1750939,bertopic,n15_c25_s21,16,0.8370473950892305
1751352,bertopic,n15_c25_s21,62,1.0
1752783,bertopic,n15_c25_s21,2,1.0
1753410,bertopic,n15_c25_s21,51,0.544719282797503
1754216,bertopic,n15_c25_s21,5,1.0
1756841,bertopic,n15_c25_s21,1,1.0
1757662,bertopic,n15_c25_s21,44,0.29979214371049123
1757765,bertopic,n15_c25_s21,28,0.3309294388146439
1757933,bertopic,n15_c25_s21,16,0.8289109690877476
1759498,bertopic,n15_c25_s21,28,0.16932162523966074
1759830,bertopic,n15_c25_s21,28,0.7286723115866008
1759873,bertopic,n15_c25_s21,28,1.0
1760552,bertopic,n15_c25_s21,16,1.0
1761953,bertopic,n15_c25_s21,20,0.8789396497812292
1762654,bertopic,n15_c25_s21,28,1.0
1762824,bertopic,n15_c25_s21,52,0.4936787176570713
1762994,bertopic,n15_c25_s21,35,0.42806192776315904
1763439,bertopic,n15_c25_s21,28,0.5995206409453722
1764269,bertopic,n15_c25_s21,69,1.0
1765393,bertopic,n15_c25_s21,28,1.0
1765897,bertopic,n15_c25_s21,21,0.7000471977510236
1765978,bertopic,n15_c25_s21,28,1.0
1766021,bertopic,n15_c25_s21,21,1.0
1766529,bertopic,n15_c25_s21,3,1.0
1766769,bertopic,n15_c25_s21,62,1.0
1766969,bertopic,n15_c25_s21,45,1.0
1767208,bertopic,n15_c25_s21,16,0.8370473950892305
1767405,bertopic,n15_c25_s21,1,0.7347565166661044
1767580,bertopic,n15_c25_s21,3,1.0
1768327,bertopic,n15_c25_s21,-1,0.0
1768788,bertopic,n15_c25_s21,62,1.0
1769257,bertopic,n15_c25_s21,16,1.0
1769738,bertopic,n15_c25_s21,2,0.8335071730290856
1770600,bertopic,n15_c25_s21,28,1.0
1770622,bertopic,n15_c25_s21,1,1.0
1771324,bertopic,n15_c25_s21,3,0.9033350301558295
1771782,bertopic,n15_c25_s21,28,0.4586512036293014
1772764,bertopic,n15_c25_s21,28,0.8374080046751325
1772835,bertopic,n15_c25_s21,20,0.5058057737631985
1772931,bertopic,n15_c25_s21,16,1.0
1773425,bertopic,n15_c25_s21,62,1.0
1774287,bertopic,n15_c25_s21,62,1.0
1774660,bertopic,n15_c25_s21,28,0.6242996079509742
1774761,bertopic,n15_c25_s21,16,1.0
1774912,bertopic,n15_c25_s21,-1,0.0
1775048,bertopic,n15_c25_s21,62,1.0
1775531,bertopic,n15_c25_s21,16,0.8370473950892305
1777220,bertopic,n15_c25_s21,29,1.0
1777819,bertopic,n15_c25_s21,3,1.0
1778040,bertopic,n15_c25_s21,16,0.8370473950892305
1778220,bertopic,n15_c25_s21,0,0.66567170666028
1778534,bertopic,n15_c25_s21,28,0.7197071898970332
1779124,bertopic,n15_c25_s21,62,1.0
1780784,bertopic,n15_c25_s21,16,1.0
1780870,bertopic,n15_c25_s21,28,0.2800002289631989
1781369,bertopic,n15_c25_s21,62,1.0
1781371,bertopic,n15_c25_s21,5,1.0
1781465,bertopic,n15_c25_s21,-1,0.0
1781567,bertopic,n15_c25_s21,13,0.4209984860012946
1781757,bertopic,n15_c25_s21,67,1.0
1782449,bertopic,n15_c25_s21,-1,0.0
1782773,bertopic,n15_c25_s21,-1,0.0
1782894,bertopic,n15_c25_s21,62,1.0
1783088,bertopic,n15_c25_s21,3,1.0
1783472,bertopic,n15_c25_s21,51,1.0
1784023,bertopic,n15_c25_s21,62,1.0
1784510,bertopic,n15_c25_s21,-1,0.0
1786605,bertopic,n15_c25_s21,0,1.0
1786860,bertopic,n15_c25_s21,1,0.7152346101989229
1787190,bertopic,n15_c25_s21,28,1.0
1787369,bertopic,n15_c25_s21,62,1.0
1787402,bertopic,n15_c25_s21,62,1.0
1788046,bertopic,n15_c25_s21,62,1.0
1788210,bertopic,n15_c25_s21,28,0.6033558550076491
1788249,bertopic,n15_c25_s21,3,1.0
1788658,bertopic,n15_c25_s21,28,1.0
1788669,bertopic,n15_c25_s21,16,1.0
1788823,bertopic,n15_c25_s21,16,0.36880783722187116
1789010,bertopic,n15_c25_s21,3,1.0
1789341,bertopic,n15_c25_s21,28,1.0
1790219,bertopic,n15_c25_s21,69,1.0
1790464,bertopic,n15_c25_s21,-1,0.0
1790795,bertopic,n15_c25_s21,3,1.0
1792141,bertopic,n15_c25_s21,8,1.0
1792754,bertopic,n15_c25_s21,3,1.0
1793048,bertopic,n15_c25_s21,28,0.6379727189737452
1793349,bertopic,n15_c25_s21,8,0.699513291191762
1793500,bertopic,n15_c25_s21,-1,0.0
1793650,bertopic,n15_c25_s21,28,1.0
1794330,bertopic,n15_c25_s21,-1,0.0
1794525,bertopic,n15_c25_s21,26,0.21892026731019992
1794830,bertopic,n15_c25_s21,3,0.9950271682609126
1794940,bertopic,n15_c25_s21,1,0.8634256260110017
1795442,bertopic,n15_c25_s21,16,0.5902218383353331
1795528,bertopic,n15_c25_s21,16,1.0
1795592,bertopic,n15_c25_s21,4,1.0
1795901,bertopic,n15_c25_s21,2,0.8335071730290856
1796159,bertopic,n15_c25_s21,62,1.0
1796275,bertopic,n15_c25_s21,45,1.0
1797065,bertopic,n15_c25_s21,-1,0.0
1797180,bertopic,n15_c25_s21,43,1.0
1797356,bertopic,n15_c25_s21,64,1.0
1798409,bertopic,n15_c25_s21,59,1.0
1798748,bertopic,n15_c25_s21,30,0.6714471124585538
1799072,bertopic,n15_c25_s21,4,1.0
1799196,bertopic,n15_c25_s21,36,0.3149353740380804
1799623,bertopic,n15_c25_s21,-1,0.0
1800294,bertopic,n15_c25_s21,3,1.0
1800390,bertopic,n15_c25_s21,62,1.0
1801977,bertopic,n15_c25_s21,59,1.0
1802483,bertopic,n15_c25_s21,45,1.0
1803579,bertopic,n15_c25_s21,28,1.0
1803645,bertopic,n15_c25_s21,3,1.0
1804034,bertopic,n15_c25_s21,20,1.0
1804666,bertopic,n15_c25_s21,1,1.0
1804998,bertopic,n15_c25_s21,-1,0.0
1805507,bertopic,n15_c25_s21,59,1.0
1806946,bertopic,n15_c25_s21,-1,0.0
1807432,bertopic,n15_c25_s21,49,0.15902160598619877
1807741,bertopic,n15_c25_s21,-1,0.0
1808525,bertopic,n15_c25_s21,59,1.0
1808878,bertopic,n15_c25_s21,3,1.0
1809279,bertopic,n15_c25_s21,59,1.0
1809745,bertopic,n15_c25_s21,28,0.828723804588782
1810050,bertopic,n15_c25_s21,3,1.0
1811161,bertopic,n15_c25_s21,-1,0.0
1811551,bertopic,n15_c25_s21,59,0.6523487203793952
1812418,bertopic,n15_c25_s21,3,1.0
1812560,bertopic,n15_c25_s21,3,1.0
1812849,bertopic,n15_c25_s21,6,0.5535317314915402
1812942,bertopic,n15_c25_s21,-1,0.0
1814127,bertopic,n15_c25_s21,59,1.0
1814492,bertopic,n15_c25_s21,28,0.3717966754515658
1814823,bertopic,n15_c25_s21,51,0.5129997310485277
1814857,bertopic,n15_c25_s21,59,1.0
1815057,bertopic,n15_c25_s21,59,1.0
1815347,bertopic,n15_c25_s21,0,1.0
1816307,bertopic,n15_c25_s21,59,0.4447040782291807
1816824,bertopic,n15_c25_s21,3,1.0
1817789,bertopic,n15_c25_s21,59,1.0
1817911,bertopic,n15_c25_s21,59,1.0
1819002,bertopic,n15_c25_s21,59,1.0
1819063,bertopic,n15_c25_s21,8,1.0
1819183,bertopic,n15_c25_s21,59,1.0
1819282,bertopic,n15_c25_s21,51,0.4915120211599766
1819310,bertopic,n15_c25_s21,59,1.0
1819353,bertopic,n15_c25_s21,3,1.0
1819427,bertopic,n15_c25_s21,59,1.0
1819806,bertopic,n15_c25_s21,59,1.0
1819857,bertopic,n15_c25_s21,59,1.0
1821007,bertopic,n15_c25_s21,59,1.0
1821156,bertopic,n15_c25_s21,59,0.40332633828418446
1821596,bertopic,n15_c25_s21,6,0.14036532925403494
1824215,bertopic,n15_c25_s21,59,1.0
1824347,bertopic,n15_c25_s21,59,1.0
1824634,bertopic,n15_c25_s21,59,1.0
1825156,bertopic,n15_c25_s21,59,0.409589784979472
1826482,bertopic,n15_c25_s21,59,0.3672201539068951
1828952,bertopic,n15_c25_s21,3,0.9628619661965022
1828997,bertopic,n15_c25_s21,28,1.0
1829044,bertopic,n15_c25_s21,16,0.8370473950892305
1829612,bertopic,n15_c25_s21,59,1.0
1830227,bertopic,n15_c25_s21,59,1.0
1832511,bertopic,n15_c25_s21,43,1.0
1833174,bertopic,n15_c25_s21,20,0.5480590486088102
1833629,bertopic,n15_c25_s21,-1,0.0
1833849,bertopic,n15_c25_s21,-1,0.0
1834610,bertopic,n15_c25_s21,65,1.0
1835823,bertopic,n15_c25_s21,33,0.22800444726057442
1836084,bertopic,n15_c25_s21,-1,0.0
1837582,bertopic,n15_c25_s21,59,1.0
1838801,bertopic,n15_c25_s21,59,1.0
1839338,bertopic,n15_c25_s21,59,1.0
1840067,bertopic,n15_c25_s21,-1,0.0
1840353,bertopic,n15_c25_s21,1,1.0
1841915,bertopic,n15_c25_s21,28,0.6889563609199105
1844676,bertopic,n15_c25_s21,28,0.732599797291066
1846581,bertopic,n15_c25_s21,16,0.8354789171385477
1848894,bertopic,n15_c25_s21,-1,0.0
1849673,bertopic,n15_c25_s21,28,0.38449493694391856
1850279,bertopic,n15_c25_s21,4,1.0
1850586,bertopic,n15_c25_s21,-1,0.0
1850605,bertopic,n15_c25_s21,29,0.387349665503208
1850613,bertopic,n15_c25_s21,48,1.0
1850656,bertopic,n15_c25_s21,54,1.0
1850658,bertopic,n15_c25_s21,4,0.59843016181853
1850698,bertopic,n15_c25_s21,-1,0.0
1850775,bertopic,n15_c25_s21,1,0.5642096767916738
1850805,bertopic,n15_c25_s21,28,1.0
1852817,bertopic,n15_c25_s21,62,1.0
1853776,bertopic,n15_c25_s21,0,1.0
1854231,bertopic,n15_c25_s21,1,1.0
1854565,bertopic,n15_c25_s21,32,0.11225521232720008
1855730,bertopic,n15_c25_s21,48,1.0
1857855,bertopic,n15_c25_s21,3,0.8850342329318731
1859703,bertopic,n15_c25_s21,16,0.8419742426341972
1859873,bertopic,n15_c25_s21,1,0.5642096767916738
1859986,bertopic,n15_c25_s21,28,1.0
1861945,bertopic,n15_c25_s21,16,0.8165344389799734
1864354,bertopic,n15_c25_s21,-1,0.0
1864798,bertopic,n15_c25_s21,1,1.0
1877554,bertopic,n15_c25_s21,12,0.40887871712177776
1877561,bertopic,n15_c25_s21,20,1.0
1878318,bertopic,n15_c25_s21,-1,0.0
1882764,bertopic,n15_c25_s21,20,0.5314310706266892
1887908,bertopic,n15_c25_s21,0,1.0
1898150,bertopic,n15_c25_s21,16,1.0
1903287,bertopic,n15_c25_s21,62,1.0
1903507,bertopic,n15_c25_s21,-1,0.0
1909651,bertopic,n15_c25_s21,37,1.0
1910159,bertopic,n15_c25_s21,10,0.5349672694266754
1910233,bertopic,n15_c25_s21,-1,0.0
1910817,bertopic,n15_c25_s21,-1,0.0
1911320,bertopic,n15_c25_s21,16,0.30374745931357583
1911491,bertopic,n15_c25_s21,1,1.0
1911514,bertopic,n15_c25_s21,16,0.30374745931357583
1912688,bertopic,n15_c25_s21,56,1.0
1912825,bertopic,n15_c25_s21,0,1.0
1913064,bertopic,n15_c25_s21,-1,0.0
1913151,bertopic,n15_c25_s21,0,1.0
1913394,bertopic,n15_c25_s21,1,1.0
1913513,bertopic,n15_c25_s21,0,1.0
1913582,bertopic,n15_c25_s21,0,1.0
1914067,bertopic,n15_c25_s21,67,1.0
1914123,bertopic,n15_c25_s21,13,0.5901606392271922
1914502,bertopic,n15_c25_s21,-1,0.0
1914556,bertopic,n15_c25_s21,38,1.0
1914857,bertopic,n15_c25_s21,12,1.0
1914916,bertopic,n15_c25_s21,13,1.0
1914999,bertopic,n15_c25_s21,20,0.9161352493710152
1915075,bertopic,n15_c25_s21,12,0.8636281637732701
1915304,bertopic,n15_c25_s21,67,1.0
1915804,bertopic,n15_c25_s21,0,1.0
1916053,bertopic,n15_c25_s21,30,1.0
1916441,bertopic,n15_c25_s21,-1,0.0
1917032,bertopic,n15_c25_s21,-1,0.0
1917329,bertopic,n15_c25_s21,12,0.30487282639572627
1917366,bertopic,n15_c25_s21,1,1.0
1917376,bertopic,n15_c25_s21,26,0.971112635259094
1917392,bertopic,n15_c25_s21,26,0.7420338455479303
1917662,bertopic,n15_c25_s21,26,0.8473986324169562
1917921,bertopic,n15_c25_s21,21,0.5332735971855508
1918072,bertopic,n15_c25_s21,-1,0.0
1918118,bertopic,n15_c25_s21,-1,0.0
1918149,bertopic,n15_c25_s21,1,1.0
1919027,bertopic,n15_c25_s21,12,0.40887871712177776
1919141,bertopic,n15_c25_s21,13,0.276442459799801
1919384,bertopic,n15_c25_s21,12,0.37441504134377895
1919642,bertopic,n15_c25_s21,5,0.5454660489661831
1919898,bertopic,n15_c25_s21,2,1.0
1920049,bertopic,n15_c25_s21,-1,0.0
1920139,bertopic,n15_c25_s21,-1,0.0
1920344,bertopic,n15_c25_s21,-1,0.0
1920462,bertopic,n15_c25_s21,64,1.0
1920552,bertopic,n15_c25_s21,0,1.0
1920614,bertopic,n15_c25_s21,2,1.0
1920979,bertopic,n15_c25_s21,2,1.0
1921087,bertopic,n15_c25_s21,-1,0.0
1921245,bertopic,n15_c25_s21,2,0.7401221881241496
1921288,bertopic,n15_c25_s21,2,1.0
1921294,bertopic,n15_c25_s21,2,1.0
1921486,bertopic,n15_c25_s21,2,1.0
1921595,bertopic,n15_c25_s21,2,1.0
1921610,bertopic,n15_c25_s21,12,0.26638669645805624
1921687,bertopic,n15_c25_s21,2,1.0
1921781,bertopic,n15_c25_s21,2,0.9884150799730034
1921794,bertopic,n15_c25_s21,2,0.7401221881241496
1921824,bertopic,n15_c25_s21,28,0.3069452811403457
1921913,bertopic,n15_c25_s21,11,0.9920557666907198
1922057,bertopic,n15_c25_s21,2,1.0
1922173,bertopic,n15_c25_s21,1,1.0
1922205,bertopic,n15_c25_s21,2,0.7401221881241496
1922459,bertopic,n15_c25_s21,21,0.6187108552405799
1922629,bertopic,n15_c25_s21,2,1.0
1922795,bertopic,n15_c25_s21,5,1.0
1922828,bertopic,n15_c25_s21,6,1.0
1922977,bertopic,n15_c25_s21,5,1.0
1923009,bertopic,n15_c25_s21,5,1.0
1923146,bertopic,n15_c25_s21,2,1.0
1923374,bertopic,n15_c25_s21,5,1.0
1923479,bertopic,n15_c25_s21,2,1.0
1923644,bertopic,n15_c25_s21,2,1.0
1923697,bertopic,n15_c25_s21,2,1.0
1924497,bertopic,n15_c25_s21,-1,0.0
1924855,bertopic,n15_c25_s21,5,1.0
1924864,bertopic,n15_c25_s21,2,0.9433516214670562
1925034,bertopic,n15_c25_s21,5,0.36740968069802715
1925150,bertopic,n15_c25_s21,2,1.0
1925327,bertopic,n15_c25_s21,2,1.0
1925452,bertopic,n15_c25_s21,5,0.36249264270594017
1925613,bertopic,n15_c25_s21,42,0.187954515712164
1927157,bertopic,n15_c25_s21,5,1.0
1927201,bertopic,n15_c25_s21,2,1.0
1927890,bertopic,n15_c25_s21,8,0.3119206448774395
1928474,bertopic,n15_c25_s21,44,1.0
1928645,bertopic,n15_c25_s21,12,0.9474281668366172
1928724,bertopic,n15_c25_s21,44,1.0
1929485,bertopic,n15_c25_s21,0,1.0
1929633,bertopic,n15_c25_s21,44,0.38618540059149786
1929760,bertopic,n15_c25_s21,2,1.0
1929763,bertopic,n15_c25_s21,2,1.0
1929767,bertopic,n15_c25_s21,2,1.0
1929768,bertopic,n15_c25_s21,2,0.8335071730290856
1930608,bertopic,n15_c25_s21,1,1.0
1931300,bertopic,n15_c25_s21,0,1.0
1931498,bertopic,n15_c25_s21,1,0.6093007496030438
1931996,bertopic,n15_c25_s21,43,1.0
1936683,bertopic,n15_c25_s21,32,0.11225521232720008
1945070,bertopic,n15_c25_s21,18,0.42133600966856116
1945313,bertopic,n15_c25_s21,70,1.0
1945319,bertopic,n15_c25_s21,14,0.565136311921165
1945374,bertopic,n15_c25_s21,3,0.7827954106098235
1945392,bertopic,n15_c25_s21,17,1.0
1945405,bertopic,n15_c25_s21,11,0.6919347455064982
1945418,bertopic,n15_c25_s21,54,1.0
1945429,bertopic,n15_c25_s21,1,0.9320726642844303
1945490,bertopic,n15_c25_s21,1,0.5642096767916738
1945530,bertopic,n15_c25_s21,4,1.0
1945546,bertopic,n15_c25_s21,13,0.5184442787976244
1945567,bertopic,n15_c25_s21,9,0.12502910290306787
1945611,bertopic,n15_c25_s21,70,1.0
1945733,bertopic,n15_c25_s21,23,0.23771470871612574
1946223,bertopic,n15_c25_s21,11,0.5322483256565987
1947980,bertopic,n15_c25_s21,35,0.32923603592210765
1948740,bertopic,n15_c25_s21,-1,0.0
1948741,bertopic,n15_c25_s21,7,0.5567556874814569
1949482,bertopic,n15_c25_s21,68,1.0
1949955,bertopic,n15_c25_s21,-1,0.0
1950075,bertopic,n15_c25_s21,22,0.25331221099723616
1950644,bertopic,n15_c25_s21,-1,0.0
1951609,bertopic,n15_c25_s21,27,1.0
1951771,bertopic,n15_c25_s21,46,1.0
1952739,bertopic,n15_c25_s21,-1,0.0
1953711,bertopic,n15_c25_s21,20,0.6891595559289392
1955309,bertopic,n15_c25_s21,35,1.0
1957301,bertopic,n15_c25_s21,-1,0.0
1960077,bertopic,n15_c25_s21,-1,0.0
1964448,bertopic,n15_c25_s21,10,0.6288564460839309
1965386,bertopic,n15_c25_s21,-1,0.0
1967155,bertopic,n15_c25_s21,27,0.8258291686287015
1967951,bertopic,n15_c25_s21,4,1.0
1970492,bertopic,n15_c25_s21,41,1.0
1970500,bertopic,n15_c25_s21,41,1.0
1970785,bertopic,n15_c25_s21,40,0.9274437356516326
1971369,bertopic,n15_c25_s21,16,0.30374745931357583
1975413,bertopic,n15_c25_s21,-1,0.0
1976203,bertopic,n15_c25_s21,-1,0.0
1977473,bertopic,n15_c25_s21,1,1.0
1977542,bertopic,n15_c25_s21,1,1.0
1978978,bertopic,n15_c25_s21,4,0.8166367114355663
1980594,bertopic,n15_c25_s21,-1,0.0
1983301,bertopic,n15_c25_s21,14,0.64028776099379
1985714,bertopic,n15_c25_s21,56,1.0
1985731,bertopic,n15_c25_s21,51,0.7911039172543428
1986698,bertopic,n15_c25_s21,56,1.0
1987308,bertopic,n15_c25_s21,3,1.0
1987373,bertopic,n15_c25_s21,0,1.0
1987812,bertopic,n15_c25_s21,-1,0.0
1987816,bertopic,n15_c25_s21,0,1.0
1988414,bertopic,n15_c25_s21,0,1.0
1988762,bertopic,n15_c25_s21,0,1.0
1988873,bertopic,n15_c25_s21,68,1.0
1988877,bertopic,n15_c25_s21,68,1.0
1989809,bertopic,n15_c25_s21,0,1.0
1989941,bertopic,n15_c25_s21,3,1.0
1990045,bertopic,n15_c25_s21,-1,0.0
1991285,bertopic,n15_c25_s21,0,1.0
1991332,bertopic,n15_c25_s21,3,1.0
1991560,bertopic,n15_c25_s21,8,0.6861554170178337
1991578,bertopic,n15_c25_s21,3,0.9846828339230257
1991582,bertopic,n15_c25_s21,14,0.64028776099379
1991685,bertopic,n15_c25_s21,-1,0.0
1991804,bertopic,n15_c25_s21,3,1.0
1992116,bertopic,n15_c25_s21,0,1.0
1992590,bertopic,n15_c25_s21,-1,0.0
1993112,bertopic,n15_c25_s21,-1,0.0
1993759,bertopic,n15_c25_s21,12,0.33658687279519256
1993811,bertopic,n15_c25_s21,15,0.45306527916217154
1994088,bertopic,n15_c25_s21,68,1.0
1994200,bertopic,n15_c25_s21,-1,0.0
1994540,bertopic,n15_c25_s21,3,1.0
1994982,bertopic,n15_c25_s21,1,1.0
1995093,bertopic,n15_c25_s21,22,0.25331221099723616
1996158,bertopic,n15_c25_s21,28,1.0
1996364,bertopic,n15_c25_s21,70,1.0
1997760,bertopic,n15_c25_s21,12,0.33634475344580483
1997762,bertopic,n15_c25_s21,12,0.4794131007518641
1997763,bertopic,n15_c25_s21,-1,0.0
1998455,bertopic,n15_c25_s21,4,0.902277593120526
1998813,bertopic,n15_c25_s21,6,1.0
1998814,bertopic,n15_c25_s21,6,1.0
1998925,bertopic,n15_c25_s21,0,1.0
1998992,bertopic,n15_c25_s21,0,1.0
1999136,bertopic,n15_c25_s21,0,1.0
1999406,bertopic,n15_c25_s21,9,0.31599053270924216
1999413,bertopic,n15_c25_s21,-1,0.0
1999416,bertopic,n15_c25_s21,-1,0.0
1999419,bertopic,n15_c25_s21,2,1.0
1999799,bertopic,n15_c25_s21,68,1.0
1999800,bertopic,n15_c25_s21,68,1.0
1999902,bertopic,n15_c25_s21,29,1.0
1999907,bertopic,n15_c25_s21,13,0.38827140665291443
2000287,bertopic,n15_c25_s21,0,1.0
2000408,bertopic,n15_c25_s21,20,0.4609771129265128
2001063,bertopic,n15_c25_s21,27,1.0
2001078,bertopic,n15_c25_s21,27,1.0
2001263,bertopic,n15_c25_s21,12,0.40887871712177776
2002133,bertopic,n15_c25_s21,20,0.6933256587199114
2002376,bertopic,n15_c25_s21,0,1.0
2002387,bertopic,n15_c25_s21,3,0.9254744718657313
2003038,bertopic,n15_c25_s21,12,1.0
2003363,bertopic,n15_c25_s21,0,0.9540510657798236
2003965,bertopic,n15_c25_s21,52,1.0
2005390,bertopic,n15_c25_s21,39,0.31603001170317035
2007388,bertopic,n15_c25_s21,3,1.0
2007389,bertopic,n15_c25_s21,3,1.0
2007445,bertopic,n15_c25_s21,30,1.0
2007592,bertopic,n15_c25_s21,4,1.0
2007707,bertopic,n15_c25_s21,0,1.0
2008279,bertopic,n15_c25_s21,3,1.0
2009227,bertopic,n15_c25_s21,14,0.7114587207131167
2009404,bertopic,n15_c25_s21,4,1.0
2009473,bertopic,n15_c25_s21,14,0.7114587207131167
2009559,bertopic,n15_c25_s21,17,0.777625334209838
2011091,bertopic,n15_c25_s21,15,0.4527307698246616
2011679,bertopic,n15_c25_s21,4,1.0
2013225,bertopic,n15_c25_s21,50,0.7577339801172651
2013501,bertopic,n15_c25_s21,4,1.0
2013569,bertopic,n15_c25_s21,56,1.0
2014497,bertopic,n15_c25_s21,-1,0.0
2014759,bertopic,n15_c25_s21,20,0.7044291397424295
2015012,bertopic,n15_c25_s21,55,0.7223142178651829
2015030,bertopic,n15_c25_s21,1,1.0
2015337,bertopic,n15_c25_s21,68,1.0
2015402,bertopic,n15_c25_s21,4,1.0
2015579,bertopic,n15_c25_s21,1,1.0
2015581,bertopic,n15_c25_s21,-1,0.0
2015910,bertopic,n15_c25_s21,26,0.9950933476912524
2016180,bertopic,n15_c25_s21,-1,0.0
2017225,bertopic,n15_c25_s21,14,0.64028776099379
2017594,bertopic,n15_c25_s21,4,1.0
2017937,bertopic,n15_c25_s21,12,0.31513909493385905
2017938,bertopic,n15_c25_s21,26,1.0
2017939,bertopic,n15_c25_s21,26,0.5860049814254749
2019441,bertopic,n15_c25_s21,29,1.0
2019516,bertopic,n15_c25_s21,1,1.0
2021619,bertopic,n15_c25_s21,5,1.0
2021983,bertopic,n15_c25_s21,0,1.0
2022527,bertopic,n15_c25_s21,-1,0.0
2023244,bertopic,n15_c25_s21,2,1.0
2023474,bertopic,n15_c25_s21,5,1.0
2024007,bertopic,n15_c25_s21,5,0.8562482391915017
2024008,bertopic,n15_c25_s21,5,1.0
2024011,bertopic,n15_c25_s21,5,0.8671830095486023
2024174,bertopic,n15_c25_s21,34,0.8297448261522412
2024289,bertopic,n15_c25_s21,68,1.0
2024401,bertopic,n15_c25_s21,13,0.276442459799801
2024482,bertopic,n15_c25_s21,19,0.5688296041161283
2024509,bertopic,n15_c25_s21,2,1.0
2024682,bertopic,n15_c25_s21,28,0.3350169623634392
2025132,bertopic,n15_c25_s21,-1,0.0
2025463,bertopic,n15_c25_s21,2,1.0
2026211,bertopic,n15_c25_s21,17,0.9371947917123951
2028370,bertopic,n15_c25_s21,55,1.0
2028405,bertopic,n15_c25_s21,-1,0.0
2028568,bertopic,n15_c25_s21,-1,0.0
2028611,bertopic,n15_c25_s21,27,0.803085523110213
2028764,bertopic,n15_c25_s21,57,1.0
2029014,bertopic,n15_c25_s21,68,1.0
2029290,bertopic,n15_c25_s21,2,0.7932222434321015
2029717,bertopic,n15_c25_s21,15,0.5837091436849273
2029718,bertopic,n15_c25_s21,15,0.7539198170683996
2030076,bertopic,n15_c25_s21,22,0.5560798109531772
2030240,bertopic,n15_c25_s21,27,1.0
2030242,bertopic,n15_c25_s21,27,0.9450889783494781
2030261,bertopic,n15_c25_s21,27,1.0
2031168,bertopic,n15_c25_s21,4,1.0
2031195,bertopic,n15_c25_s21,8,0.8007658233911031
2031196,bertopic,n15_c25_s21,-1,0.0
2031472,bertopic,n15_c25_s21,68,1.0
2031482,bertopic,n15_c25_s21,2,0.8571097333173497
2031483,bertopic,n15_c25_s21,15,1.0
2031486,bertopic,n15_c25_s21,5,1.0
2032150,bertopic,n15_c25_s21,2,1.0
2032154,bertopic,n15_c25_s21,69,1.0
2032266,bertopic,n15_c25_s21,2,1.0
2033352,bertopic,n15_c25_s21,6,1.0
2033927,bertopic,n15_c25_s21,1,1.0
2034218,bertopic,n15_c25_s21,68,1.0
2034219,bertopic,n15_c25_s21,68,1.0
2034220,bertopic,n15_c25_s21,68,1.0
2034376,bertopic,n15_c25_s21,-1,0.0
2034377,bertopic,n15_c25_s21,40,1.0
2034608,bertopic,n15_c25_s21,34,0.842562656635179
2035212,bertopic,n15_c25_s21,4,1.0
2035473,bertopic,n15_c25_s21,34,1.0
2036373,bertopic,n15_c25_s21,0,1.0
2036375,bertopic,n15_c25_s21,40,1.0
2036922,bertopic,n15_c25_s21,2,1.0
2036923,bertopic,n15_c25_s21,2,0.7654337437296334
2036924,bertopic,n15_c25_s21,5,1.0
2037033,bertopic,n15_c25_s21,1,1.0
2037304,bertopic,n15_c25_s21,57,1.0
2038117,bertopic,n15_c25_s21,42,1.0
2038130,bertopic,n15_c25_s21,42,1.0
2038366,bertopic,n15_c25_s21,-1,0.0
2038672,bertopic,n15_c25_s21,2,1.0
2039029,bertopic,n15_c25_s21,68,1.0
2039030,bertopic,n15_c25_s21,68,1.0
2039035,bertopic,n15_c25_s21,68,1.0
2039173,bertopic,n15_c25_s21,42,0.9064869663862725
2039175,bertopic,n15_c25_s21,42,0.918761629963387
2039530,bertopic,n15_c25_s21,2,1.0
2039950,bertopic,n15_c25_s21,2,1.0
2039969,bertopic,n15_c25_s21,5,0.4008618591558514
2040358,bertopic,n15_c25_s21,27,0.8296433491831413
2040360,bertopic,n15_c25_s21,27,0.6364095478481991
2040363,bertopic,n15_c25_s21,-1,0.0
2040365,bertopic,n15_c25_s21,1,1.0
2040367,bertopic,n15_c25_s21,27,0.6724663336026034
2040368,bertopic,n15_c25_s21,27,1.0
2040369,bertopic,n15_c25_s21,27,0.3387560283450064
2040569,bertopic,n15_c25_s21,12,0.40887871712177776
2040735,bertopic,n15_c25_s21,12,0.40887871712177776
2041509,bertopic,n15_c25_s21,2,0.7401221881241496
2041628,bertopic,n15_c25_s21,14,0.7114587207131167
2042151,bertopic,n15_c25_s21,2,1.0
2042152,bertopic,n15_c25_s21,5,0.38409420466112926
2042154,bertopic,n15_c25_s21,2,0.7401221881241496
2042157,bertopic,n15_c25_s21,2,0.7401221881241496
2042158,bertopic,n15_c25_s21,2,1.0
2042316,bertopic,n15_c25_s21,11,1.0
2042976,bertopic,n15_c25_s21,3,1.0
2043450,bertopic,n15_c25_s21,17,0.8793084842032695
2043453,bertopic,n15_c25_s21,-1,0.0
2043934,bertopic,n15_c25_s21,37,0.35001511713028055
2044003,bertopic,n15_c25_s21,15,0.45306527916217154
2044156,bertopic,n15_c25_s21,-1,0.0
2044184,bertopic,n15_c25_s21,7,0.9151901709358928
2044257,bertopic,n15_c25_s21,68,1.0
2044423,bertopic,n15_c25_s21,4,1.0
2044436,bertopic,n15_c25_s21,40,0.8147139406729581
2045872,bertopic,n15_c25_s21,21,0.7493778709505662
2046239,bertopic,n15_c25_s21,3,1.0
2047211,bertopic,n15_c25_s21,5,1.0
2047219,bertopic,n15_c25_s21,5,1.0
2047320,bertopic,n15_c25_s21,1,1.0
2047539,bertopic,n15_c25_s21,-1,0.0
2048315,bertopic,n15_c25_s21,-1,0.0
2049150,bertopic,n15_c25_s21,68,1.0
2050124,bertopic,n15_c25_s21,21,1.0
2050252,bertopic,n15_c25_s21,14,0.64028776099379
2050630,bertopic,n15_c25_s21,12,0.40887871712177776
2051044,bertopic,n15_c25_s21,-1,0.0
2051060,bertopic,n15_c25_s21,4,0.8891485750870518
2051915,bertopic,n15_c25_s21,2,1.0
2052862,bertopic,n15_c25_s21,6,1.0
2053100,bertopic,n15_c25_s21,29,0.4811777377957557
2053572,bertopic,n15_c25_s21,15,0.9659082818280618
2053691,bertopic,n15_c25_s21,68,1.0
2053719,bertopic,n15_c25_s21,-1,0.0
2054476,bertopic,n15_c25_s21,2,1.0
2054776,bertopic,n15_c25_s21,34,1.0
2055852,bertopic,n15_c25_s21,29,1.0
2056125,bertopic,n15_c25_s21,-1,0.0
2056550,bertopic,n15_c25_s21,5,1.0
2056757,bertopic,n15_c25_s21,8,0.4898097444761664
2057845,bertopic,n15_c25_s21,4,0.6129810563760056
2058363,bertopic,n15_c25_s21,11,1.0
2058406,bertopic,n15_c25_s21,22,0.5617685149162538
2058433,bertopic,n15_c25_s21,4,1.0
2058922,bertopic,n15_c25_s21,14,0.7114587207131167
2059350,bertopic,n15_c25_s21,21,0.914699467168344
2059784,bertopic,n15_c25_s21,8,0.8493933332854021
2060050,bertopic,n15_c25_s21,27,1.0
2060367,bertopic,n15_c25_s21,16,1.0
2060632,bertopic,n15_c25_s21,0,1.0
2061242,bertopic,n15_c25_s21,2,1.0
2062317,bertopic,n15_c25_s21,-1,0.0
2062938,bertopic,n15_c25_s21,3,1.0
2063072,bertopic,n15_c25_s21,68,1.0
2063227,bertopic,n15_c25_s21,11,0.3393877222671764
2063228,bertopic,n15_c25_s21,-1,0.0
2063522,bertopic,n15_c25_s21,-1,0.0
2063675,bertopic,n15_c25_s21,1,1.0
2063954,bertopic,n15_c25_s21,2,1.0
2064159,bertopic,n15_c25_s21,22,0.5617685149162538
2064339,bertopic,n15_c25_s21,3,1.0
2064505,bertopic,n15_c25_s21,4,1.0
2065168,bertopic,n15_c25_s21,-1,0.0
2065425,bertopic,n15_c25_s21,4,1.0
2065523,bertopic,n15_c25_s21,27,1.0
2065880,bertopic,n15_c25_s21,4,1.0
2066166,bertopic,n15_c25_s21,3,1.0
2066291,bertopic,n15_c25_s21,-1,0.0
2066373,bertopic,n15_c25_s21,3,1.0
2066451,bertopic,n15_c25_s21,3,1.0
2067016,bertopic,n15_c25_s21,3,1.0
2067515,bertopic,n15_c25_s21,4,1.0
2067699,bertopic,n15_c25_s21,-1,0.0
2067894,bertopic,n15_c25_s21,68,1.0
2068031,bertopic,n15_c25_s21,10,0.33996335874180905
2068606,bertopic,n15_c25_s21,44,1.0
2068811,bertopic,n15_c25_s21,22,0.570405283038455
2068903,bertopic,n15_c25_s21,-1,0.0
2069482,bertopic,n15_c25_s21,44,1.0
2069818,bertopic,n15_c25_s21,29,0.700038593462881
2069830,bertopic,n15_c25_s21,-1,0.0
2070092,bertopic,n15_c25_s21,0,0.47954917750408205
2070126,bertopic,n15_c25_s21,3,0.8443861087541119
2070198,bertopic,n15_c25_s21,34,0.8464282643678234
2070252,bertopic,n15_c25_s21,-1,0.0
2070261,bertopic,n15_c25_s21,3,0.9338897441678524
2070336,bertopic,n15_c25_s21,27,1.0
2070644,bertopic,n15_c25_s21,67,1.0
2070739,bertopic,n15_c25_s21,1,1.0
2070740,bertopic,n15_c25_s21,2,1.0
2070741,bertopic,n15_c25_s21,1,1.0
2070892,bertopic,n15_c25_s21,7,0.5689323632758274
2070928,bertopic,n15_c25_s21,-1,0.0
2072426,bertopic,n15_c25_s21,68,1.0
2072531,bertopic,n15_c25_s21,-1,0.0
2072532,bertopic,n15_c25_s21,-1,0.0
2074928,bertopic,n15_c25_s21,53,1.0
2074981,bertopic,n15_c25_s21,44,1.0
2074983,bertopic,n15_c25_s21,44,0.26730426696151693
2076397,bertopic,n15_c25_s21,3,1.0
2076827,bertopic,n15_c25_s21,42,1.0
2076872,bertopic,n15_c25_s21,10,0.33755424977715726
2078495,bertopic,n15_c25_s21,2,1.0
2078807,bertopic,n15_c25_s21,46,1.0
2079697,bertopic,n15_c25_s21,27,0.45017184761129025
2080208,bertopic,n15_c25_s21,1,1.0
2080520,bertopic,n15_c25_s21,52,1.0
2080524,bertopic,n15_c25_s21,-1,0.0
2080559,bertopic,n15_c25_s21,55,1.0
2080964,bertopic,n15_c25_s21,68,1.0
2081038,bertopic,n15_c25_s21,34,1.0
2081158,bertopic,n15_c25_s21,-1,0.0
2081268,bertopic,n15_c25_s21,4,0.6923394699257069
2081505,bertopic,n15_c25_s21,2,1.0
2081635,bertopic,n15_c25_s21,-1,0.0
2082839,bertopic,n15_c25_s21,27,0.7940177671927743
2082840,bertopic,n15_c25_s21,27,0.979224108646215
2083475,bertopic,n15_c25_s21,2,0.8335071730290856
2083552,bertopic,n15_c25_s21,2,1.0
2083754,bertopic,n15_c25_s21,-1,0.0
2083779,bertopic,n15_c25_s21,2,1.0
2083848,bertopic,n15_c25_s21,2,0.8335071730290856
2084534,bertopic,n15_c25_s21,27,0.738555013365644
2084870,bertopic,n15_c25_s21,-1,0.0
2084875,bertopic,n15_c25_s21,27,0.9441076778643099
2085254,bertopic,n15_c25_s21,3,1.0
2085345,bertopic,n15_c25_s21,30,0.32397727575630403
2085382,bertopic,n15_c25_s21,-1,0.0
2085383,bertopic,n15_c25_s21,-1,0.0
2085405,bertopic,n15_c25_s21,0,1.0
2085623,bertopic,n15_c25_s21,-1,0.0
2085747,bertopic,n15_c25_s21,3,1.0
2086233,bertopic,n15_c25_s21,3,1.0
2086322,bertopic,n15_c25_s21,21,0.914699467168344
2086458,bertopic,n15_c25_s21,27,1.0
2086745,bertopic,n15_c25_s21,27,0.7175846386010037
2087273,bertopic,n15_c25_s21,-1,0.0
2087489,bertopic,n15_c25_s21,2,0.8772380578020894
2087557,bertopic,n15_c25_s21,27,0.9541870674820994
2087571,bertopic,n15_c25_s21,0,1.0
2087572,bertopic,n15_c25_s21,0,1.0
2087621,bertopic,n15_c25_s21,3,1.0
2087788,bertopic,n15_c25_s21,3,1.0
2087950,bertopic,n15_c25_s21,-1,0.0
2088184,bertopic,n15_c25_s21,69,1.0
2088185,bertopic,n15_c25_s21,-1,0.0
2088188,bertopic,n15_c25_s21,69,1.0
2088189,bertopic,n15_c25_s21,30,1.0
2088286,bertopic,n15_c25_s21,1,1.0
2088386,bertopic,n15_c25_s21,27,1.0
2088411,bertopic,n15_c25_s21,27,1.0
2088466,bertopic,n15_c25_s21,14,0.565136311921165
2088611,bertopic,n15_c25_s21,19,0.8011729343421204
2088722,bertopic,n15_c25_s21,27,1.0
2089535,bertopic,n15_c25_s21,-1,0.0
2090286,bertopic,n15_c25_s21,0,1.0
2093107,bertopic,n15_c25_s21,0,1.0
2093714,bertopic,n15_c25_s21,-1,0.0
2093845,bertopic,n15_c25_s21,6,1.0
2094139,bertopic,n15_c25_s21,-1,0.0
2094453,bertopic,n15_c25_s21,27,0.9902187664470812
2094577,bertopic,n15_c25_s21,27,1.0
2094582,bertopic,n15_c25_s21,-1,0.0
2095270,bertopic,n15_c25_s21,4,1.0
2095462,bertopic,n15_c25_s21,21,0.5332735971855508
2096702,bertopic,n15_c25_s21,7,0.42940697411824
2096779,bertopic,n15_c25_s21,-1,0.0
2097577,bertopic,n15_c25_s21,5,1.0
2097674,bertopic,n15_c25_s21,1,1.0
2097712,bertopic,n15_c25_s21,-1,0.0
2098828,bertopic,n15_c25_s21,24,0.6981206206927024
2099736,bertopic,n15_c25_s21,-1,0.0
2100693,bertopic,n15_c25_s21,4,1.0
2101432,bertopic,n15_c25_s21,4,1.0
2102016,bertopic,n15_c25_s21,27,0.7845241015691232
2102637,bertopic,n15_c25_s21,7,0.5202598060744718
2103764,bertopic,n15_c25_s21,41,1.0
2103914,bertopic,n15_c25_s21,27,1.0
2104181,bertopic,n15_c25_s21,66,1.0
2105529,bertopic,n15_c25_s21,8,0.5388902957264585
2106385,bertopic,n15_c25_s21,68,1.0
2106386,bertopic,n15_c25_s21,68,0.9499734785829526
2106496,bertopic,n15_c25_s21,3,1.0
2106680,bertopic,n15_c25_s21,41,1.0
2106820,bertopic,n15_c25_s21,1,1.0
2107672,bertopic,n15_c25_s21,-1,0.0
2107801,bertopic,n15_c25_s21,-1,0.0
2108028,bertopic,n15_c25_s21,-1,0.0
2108304,bertopic,n15_c25_s21,27,0.9392283901124138
2109054,bertopic,n15_c25_s21,36,0.3149353740380804
2109302,bertopic,n15_c25_s21,23,1.0
2110285,bertopic,n15_c25_s21,34,1.0
2111097,bertopic,n15_c25_s21,5,0.8713284468928297
2111098,bertopic,n15_c25_s21,12,0.45357730994899365
2112280,bertopic,n15_c25_s21,57,1.0
2114346,bertopic,n15_c25_s21,4,0.6412500844546355
2117367,bertopic,n15_c25_s21,27,0.9589076498320673
2117965,bertopic,n15_c25_s21,65,1.0
2119976,bertopic,n15_c25_s21,3,0.9668788441463886
2120551,bertopic,n15_c25_s21,5,0.79282425705901
2120569,bertopic,n15_c25_s21,8,1.0
2120993,bertopic,n15_c25_s21,7,0.6536356650359717
2121720,bertopic,n15_c25_s21,4,0.7943242115269223
2121738,bertopic,n15_c25_s21,4,1.0
2122258,bertopic,n15_c25_s21,27,1.0
2122262,bertopic,n15_c25_s21,27,0.35295585055969075
2122631,bertopic,n15_c25_s21,10,0.7087674106924583
2123001,bertopic,n15_c25_s21,-1,0.0
2123541,bertopic,n15_c25_s21,40,0.5602488966819801
2124983,bertopic,n15_c25_s21,-1,0.0
2125414,bertopic,n15_c25_s21,40,1.0
2125946,bertopic,n15_c25_s21,-1,0.0
2126187,bertopic,n15_c25_s21,23,0.6995748868420535
2128711,bertopic,n15_c25_s21,-1,0.0
2129151,bertopic,n15_c25_s21,27,0.7482094478026914
2129451,bertopic,n15_c25_s21,64,1.0
2129452,bertopic,n15_c25_s21,64,1.0
2129768,bertopic,n15_c25_s21,1,1.0
2130756,bertopic,n15_c25_s21,46,1.0
2131032,bertopic,n15_c25_s21,27,0.3758240217497582
2131071,bertopic,n15_c25_s21,46,0.9390948879562379
2131333,bertopic,n15_c25_s21,24,1.0
2131728,bertopic,n15_c25_s21,4,0.6981426976029775
2134018,bertopic,n15_c25_s21,66,1.0
2134131,bertopic,n15_c25_s21,4,0.8098859249475463
2134846,bertopic,n15_c25_s21,33,0.4181689600397916
2137522,bertopic,n15_c25_s21,-1,0.0
2139002,bertopic,n15_c25_s21,-1,0.0
2139271,bertopic,n15_c25_s21,5,1.0
2139819,bertopic,n15_c25_s21,27,0.5328930208907822
2139832,bertopic,n15_c25_s21,22,1.0
2140049,bertopic,n15_c25_s21,3,1.0
2140167,bertopic,n15_c25_s21,-1,0.0
2140169,bertopic,n15_c25_s21,3,1.0
2141099,bertopic,n15_c25_s21,-1,0.0
2141765,bertopic,n15_c25_s21,45,0.8966518260652165
2142186,bertopic,n15_c25_s21,-1,0.0
2142632,bertopic,n15_c25_s21,4,0.8340025853388864
2142633,bertopic,n15_c25_s21,63,0.7526235708852602
2143076,bertopic,n15_c25_s21,4,1.0
2143209,bertopic,n15_c25_s21,-1,0.0
2144273,bertopic,n15_c25_s21,-1,0.0
2144775,bertopic,n15_c25_s21,27,1.0
2144781,bertopic,n15_c25_s21,27,0.8021645878556399
2144906,bertopic,n15_c25_s21,0,1.0
2145081,bertopic,n15_c25_s21,24,0.16584119291225247
2145129,bertopic,n15_c25_s21,61,0.8893395586248383
2147478,bertopic,n15_c25_s21,27,1.0
2147479,bertopic,n15_c25_s21,27,1.0
2147481,bertopic,n15_c25_s21,-1,0.0
2147483,bertopic,n15_c25_s21,-1,0.0
2147788,bertopic,n15_c25_s21,5,0.9820287295985092
2147793,bertopic,n15_c25_s21,-1,0.0
2149520,bertopic,n15_c25_s21,27,1.0
2149543,bertopic,n15_c25_s21,5,0.9820287295985092
2149836,bertopic,n15_c25_s21,66,1.0
2150869,bertopic,n15_c25_s21,22,1.0
2151907,bertopic,n15_c25_s21,5,1.0
2154569,bertopic,n15_c25_s21,3,0.9389303863957792
2154732,bertopic,n15_c25_s21,33,0.6297095719026093
2154885,bertopic,n15_c25_s21,3,1.0
2156785,bertopic,n15_c25_s21,0,1.0
2159159,bertopic,n15_c25_s21,27,1.0
2159180,bertopic,n15_c25_s21,70,1.0
2159712,bertopic,n15_c25_s21,42,1.0
2160028,bertopic,n15_c25_s21,-1,0.0
2161919,bertopic,n15_c25_s21,70,1.0
2162503,bertopic,n15_c25_s21,5,1.0
2162627,bertopic,n15_c25_s21,48,1.0
2162681,bertopic,n15_c25_s21,4,0.5913218553862274
2162877,bertopic,n15_c25_s21,70,1.0
2162951,bertopic,n15_c25_s21,70,1.0
2162976,bertopic,n15_c25_s21,58,1.0
2162990,bertopic,n15_c25_s21,-1,0.0
2163143,bertopic,n15_c25_s21,14,0.6036055063355561
2163236,bertopic,n15_c25_s21,-1,0.0
2163395,bertopic,n15_c25_s21,48,1.0
2163553,bertopic,n15_c25_s21,1,0.9298703739772745
2163644,bertopic,n15_c25_s21,1,1.0
2163683,bertopic,n15_c25_s21,14,0.565136311921165
2163686,bertopic,n15_c25_s21,70,1.0
2163786,bertopic,n15_c25_s21,57,1.0
2163794,bertopic,n15_c25_s21,20,0.5611817466597534
2163834,bertopic,n15_c25_s21,16,0.6332843189794479
2163839,bertopic,n15_c25_s21,13,1.0
2164487,bertopic,n15_c25_s21,70,1.0
2165196,bertopic,n15_c25_s21,70,1.0
2165527,bertopic,n15_c25_s21,57,1.0
2165918,bertopic,n15_c25_s21,-1,0.0
2166015,bertopic,n15_c25_s21,20,0.7035666822380038
2166447,bertopic,n15_c25_s21,70,1.0
2167891,bertopic,n15_c25_s21,70,1.0
2168655,bertopic,n15_c25_s21,57,1.0
2168938,bertopic,n15_c25_s21,-1,0.0
2168954,bertopic,n15_c25_s21,70,1.0
2168975,bertopic,n15_c25_s21,2,0.7264770781081644
2168979,bertopic,n15_c25_s21,2,1.0
2169334,bertopic,n15_c25_s21,1,1.0
2169579,bertopic,n15_c25_s21,-1,0.0
2169600,bertopic,n15_c25_s21,-1,0.0
2169622,bertopic,n15_c25_s21,-1,0.0
2169647,bertopic,n15_c25_s21,-1,0.0
2169648,bertopic,n15_c25_s21,3,1.0
2169704,bertopic,n15_c25_s21,8,0.3785986758837842
2169734,bertopic,n15_c25_s21,1,0.8634256260110017
2169845,bertopic,n15_c25_s21,4,0.7117294153450735
2169877,bertopic,n15_c25_s21,58,0.87973567900019
2170122,bertopic,n15_c25_s21,-1,0.0
2170128,bertopic,n15_c25_s21,2,1.0
2170246,bertopic,n15_c25_s21,4,0.7053867587652215
2170291,bertopic,n15_c25_s21,57,1.0
2170306,bertopic,n15_c25_s21,-1,0.0
2170354,bertopic,n15_c25_s21,0,1.0
2170365,bertopic,n15_c25_s21,70,1.0
2170366,bertopic,n15_c25_s21,70,1.0
2171003,bertopic,n15_c25_s21,17,0.7572424904481408
2171330,bertopic,n15_c25_s21,57,1.0
2171357,bertopic,n15_c25_s21,20,0.5939056364549918
2270064,bertopic,n15_c25_s21,0,1.0
2270568,bertopic,n15_c25_s21,0,1.0
2272889,bertopic,n15_c25_s21,5,1.0
2272891,bertopic,n15_c25_s21,0,1.0
2272915,bertopic,n15_c25_s21,8,0.41930084541082757
2272942,bertopic,n15_c25_s21,3,0.7957549130832968
2273245,bertopic,n15_c25_s21,0,1.0
2273570,bertopic,n15_c25_s21,12,0.7898340387218421
2277189,bertopic,n15_c25_s21,1,1.0
2277467,bertopic,n15_c25_s21,24,0.2580984097024618
2278541,bertopic,n15_c25_s21,24,0.2505506187233468
2280645,bertopic,n15_c25_s21,-1,0.0
2280776,bertopic,n15_c25_s21,-1,0.0
2280856,bertopic,n15_c25_s21,1,0.7989709072486524
2281139,bertopic,n15_c25_s21,0,1.0
2281140,bertopic,n15_c25_s21,-1,0.0
2281329,bertopic,n15_c25_s21,0,1.0
2281379,bertopic,n15_c25_s21,70,1.0
2281391,bertopic,n15_c25_s21,0,1.0
2281433,bertopic,n15_c25_s21,0,1.0
2281596,bertopic,n15_c25_s21,0,1.0
2282243,bertopic,n15_c25_s21,14,0.5958328398924732
2282417,bertopic,n15_c25_s21,39,1.0
2283293,bertopic,n15_c25_s21,0,1.0
2284109,bertopic,n15_c25_s21,1,1.0
2287359,bertopic,n15_c25_s21,22,0.3195840891493774
2288483,bertopic,n15_c25_s21,48,1.0
2289482,bertopic,n15_c25_s21,53,0.5013169829616398
2293266,bertopic,n15_c25_s21,-1,0.0
2293601,bertopic,n15_c25_s21,48,1.0
2293654,bertopic,n15_c25_s21,-1,0.0
2293728,bertopic,n15_c25_s21,9,0.12502910290306787
2293859,bertopic,n15_c25_s21,48,1.0
2295287,bertopic,n15_c25_s21,-1,0.0
2295356,bertopic,n15_c25_s21,32,1.0
2295524,bertopic,n15_c25_s21,32,1.0
2298894,bertopic,n15_c25_s21,17,1.0
2299116,bertopic,n15_c25_s21,13,0.955372060108937
2299401,bertopic,n15_c25_s21,17,1.0
2301712,bertopic,n15_c25_s21,32,1.0
2306157,bertopic,n15_c25_s21,0,1.0
2306633,bertopic,n15_c25_s21,0,1.0
2306647,bertopic,n15_c25_s21,32,1.0
2306688,bertopic,n15_c25_s21,54,1.0
2307453,bertopic,n15_c25_s21,-1,0.0
2307952,bertopic,n15_c25_s21,30,1.0
2308112,bertopic,n15_c25_s21,-1,0.0
2308238,bertopic,n15_c25_s21,-1,0.0
2308500,bertopic,n15_c25_s21,13,1.0
2308765,bertopic,n15_c25_s21,3,1.0
2308783,bertopic,n15_c25_s21,32,1.0
2308894,bertopic,n15_c25_s21,13,0.931229838886394
2309588,bertopic,n15_c25_s21,13,0.866964238757165
2310365,bertopic,n15_c25_s21,1,0.845361094809191
2310520,bertopic,n15_c25_s21,14,0.6036055063355561
2310833,bertopic,n15_c25_s21,-1,0.0
2311213,bertopic,n15_c25_s21,16,0.6707370895775246
2311647,bertopic,n15_c25_s21,-1,0.0
2311966,bertopic,n15_c25_s21,28,0.843266121844873
2312404,bertopic,n15_c25_s21,41,0.7749275701999464
2312451,bertopic,n15_c25_s21,13,0.573523342911537
2312509,bertopic,n15_c25_s21,32,1.0
2312748,bertopic,n15_c25_s21,8,0.3091765799185423
2312793,bertopic,n15_c25_s21,8,0.3091765799185423
2312825,bertopic,n15_c25_s21,-1,0.0
2312891,bertopic,n15_c25_s21,49,0.1327792494032321
2313111,bertopic,n15_c25_s21,-1,0.0
2313217,bertopic,n15_c25_s21,13,0.4560279706810594
2316602,bertopic,n15_c25_s21,5,1.0
2316736,bertopic,n15_c25_s21,-1,0.0
2316738,bertopic,n15_c25_s21,0,1.0
2316833,bertopic,n15_c25_s21,3,1.0
2317157,bertopic,n15_c25_s21,0,1.0
2317230,bertopic,n15_c25_s21,34,1.0
2317233,bertopic,n15_c25_s21,-1,0.0
2317316,bertopic,n15_c25_s21,1,1.0
2317425,bertopic,n15_c25_s21,0,0.8377749744672138
2317764,bertopic,n15_c25_s21,0,1.0
2318600,bertopic,n15_c25_s21,0,1.0
2318956,bertopic,n15_c25_s21,1,1.0
2322155,bertopic,n15_c25_s21,-1,0.0
2325883,bertopic,n15_c25_s21,36,1.0
2326309,bertopic,n15_c25_s21,9,0.5914526488284704
2328929,bertopic,n15_c25_s21,3,0.9457616126751532
2328989,bertopic,n15_c25_s21,41,0.8950976221885143
2335380,bertopic,n15_c25_s21,4,0.6247672355743119
2335404,bertopic,n15_c25_s21,9,0.5576360988083926
2335527,bertopic,n15_c25_s21,3,1.0
2335539,bertopic,n15_c25_s21,8,1.0
2335905,bertopic,n15_c25_s21,0,1.0
2335966,bertopic,n15_c25_s21,57,1.0
2338108,bertopic,n15_c25_s21,62,1.0
2340111,bertopic,n15_c25_s21,1,1.0
2340129,bertopic,n15_c25_s21,17,0.9061382619910805
2340150,bertopic,n15_c25_s21,-1,0.0
2340172,bertopic,n15_c25_s21,54,1.0
2340199,bertopic,n15_c25_s21,1,1.0
2340203,bertopic,n15_c25_s21,18,1.0
2340237,bertopic,n15_c25_s21,5,0.8072161090004148
2340317,bertopic,n15_c25_s21,9,0.4866330383646712
2340428,bertopic,n15_c25_s21,-1,0.0
2340431,bertopic,n15_c25_s21,-1,0.0
2342367,bertopic,n15_c25_s21,18,0.42133600966856116
2342503,bertopic,n15_c25_s21,32,1.0
2342771,bertopic,n15_c25_s21,32,1.0
2343374,bertopic,n15_c25_s21,43,1.0
2343508,bertopic,n15_c25_s21,32,1.0
2343565,bertopic,n15_c25_s21,36,0.29349121502141007
2344938,bertopic,n15_c25_s21,4,1.0
2345361,bertopic,n15_c25_s21,-1,0.0
2345603,bertopic,n15_c25_s21,24,1.0
2345623,bertopic,n15_c25_s21,40,1.0
2346721,bertopic,n15_c25_s21,66,1.0
2347222,bertopic,n15_c25_s21,4,1.0
2348972,bertopic,n15_c25_s21,27,0.5293476459636838
2349098,bertopic,n15_c25_s21,14,0.6036055063355561
2349311,bertopic,n15_c25_s21,70,1.0
2349589,bertopic,n15_c25_s21,-1,0.0
2351410,bertopic,n15_c25_s21,-1,0.0
2354025,bertopic,n15_c25_s21,-1,0.0
2355996,bertopic,n15_c25_s21,11,1.0
2356459,bertopic,n15_c25_s21,-1,0.0
2356771,bertopic,n15_c25_s21,0,1.0
2357998,bertopic,n15_c25_s21,58,1.0
2358210,bertopic,n15_c25_s21,40,1.0
2360205,bertopic,n15_c25_s21,5,0.785742806642887
2362843,bertopic,n15_c25_s21,43,1.0
2363066,bertopic,n15_c25_s21,36,1.0
2363378,bertopic,n15_c25_s21,53,0.8400167806360604
2364849,bertopic,n15_c25_s21,34,0.8927312738721548
2365043,bertopic,n15_c25_s21,41,1.0
2365286,bertopic,n15_c25_s21,32,1.0
2365313,bertopic,n15_c25_s21,8,0.8152029812975802
2369290,bertopic,n15_c25_s21,0,1.0
2369928,bertopic,n15_c25_s21,4,1.0
2371027,bertopic,n15_c25_s21,18,0.7362947821084447
2371097,bertopic,n15_c25_s21,7,0.39304168650326216
2371625,bertopic,n15_c25_s21,32,1.0
2371829,bertopic,n15_c25_s21,51,1.0
2372048,bertopic,n15_c25_s21,19,0.5849703819787293
2372255,bertopic,n15_c25_s21,0,1.0
2372313,bertopic,n15_c25_s21,32,0.11225521232720008
2372477,bertopic,n15_c25_s21,0,1.0
2372574,bertopic,n15_c25_s21,3,1.0
2372696,bertopic,n15_c25_s21,32,1.0
2373826,bertopic,n15_c25_s21,0,0.6661656786398809
2373879,bertopic,n15_c25_s21,0,1.0
2374166,bertopic,n15_c25_s21,0,1.0
2374258,bertopic,n15_c25_s21,18,0.4255271665920487
2374290,bertopic,n15_c25_s21,11,1.0
2374506,bertopic,n15_c25_s21,41,1.0
2374933,bertopic,n15_c25_s21,1,1.0
2375041,bertopic,n15_c25_s21,-1,0.0
2375087,bertopic,n15_c25_s21,0,1.0
2375109,bertopic,n15_c25_s21,51,1.0
2375163,bertopic,n15_c25_s21,19,0.6067830506847341
2375414,bertopic,n15_c25_s21,0,0.7899481508929256
2375692,bertopic,n15_c25_s21,7,0.3805203430577201
2375819,bertopic,n15_c25_s21,7,0.39816716931393176
2375864,bertopic,n15_c25_s21,18,0.7397673794438702
2376159,bertopic,n15_c25_s21,24,0.4922034767137841
2376309,bertopic,n15_c25_s21,35,1.0
2378135,bertopic,n15_c25_s21,4,1.0
2378797,bertopic,n15_c25_s21,3,1.0
2380582,bertopic,n15_c25_s21,32,1.0
2380656,bertopic,n15_c25_s21,9,0.5863746691769026
2383045,bertopic,n15_c25_s21,66,1.0
2383287,bertopic,n15_c25_s21,-1,0.0
2383384,bertopic,n15_c25_s21,1,1.0
2383536,bertopic,n15_c25_s21,1,1.0
2383635,bertopic,n15_c25_s21,5,0.7579756802743856
2384098,bertopic,n15_c25_s21,0,1.0
2384103,bertopic,n15_c25_s21,18,1.0
2384169,bertopic,n15_c25_s21,32,1.0
2384239,bertopic,n15_c25_s21,24,0.4922034767137841
2384377,bertopic,n15_c25_s21,22,0.9264154812349815
2384500,bertopic,n15_c25_s21,66,1.0
2386837,bertopic,n15_c25_s21,0,0.9115330402409306
2387301,bertopic,n15_c25_s21,1,1.0
2387742,bertopic,n15_c25_s21,36,0.4411562434512156
2389165,bertopic,n15_c25_s21,32,0.6375900960644431
2390815,bertopic,n15_c25_s21,1,1.0
2397146,bertopic,n15_c25_s21,9,1.0
2397438,bertopic,n15_c25_s21,43,0.8578819569220786
2397463,bertopic,n15_c25_s21,1,1.0
2397577,bertopic,n15_c25_s21,1,1.0
2397594,bertopic,n15_c25_s21,1,1.0
2397610,bertopic,n15_c25_s21,3,1.0
2398450,bertopic,n15_c25_s21,36,0.4647349209444296
2398470,bertopic,n15_c25_s21,32,0.7225827316628691
2398749,bertopic,n15_c25_s21,0,1.0
2399345,bertopic,n15_c25_s21,5,1.0
2399493,bertopic,n15_c25_s21,36,1.0
2400728,bertopic,n15_c25_s21,32,0.11225521232720008
2400805,bertopic,n15_c25_s21,1,1.0
2402176,bertopic,n15_c25_s21,15,0.3146932481311336
2402204,bertopic,n15_c25_s21,36,1.0
2404045,bertopic,n15_c25_s21,43,1.0
2404129,bertopic,n15_c25_s21,32,0.11225521232720008
2404400,bertopic,n15_c25_s21,-1,0.0
2407195,bertopic,n15_c25_s21,43,0.7144970996323435
2407216,bertopic,n15_c25_s21,5,0.9574126944345331
2407241,bertopic,n15_c25_s21,9,1.0
2407581,bertopic,n15_c25_s21,15,0.38832976541437136
2407670,bertopic,n15_c25_s21,32,0.11225521232720008
2407690,bertopic,n15_c25_s21,14,0.565136311921165
2407707,bertopic,n15_c25_s21,21,1.0
2407769,bertopic,n15_c25_s21,43,1.0
2407927,bertopic,n15_c25_s21,43,1.0
2408000,bertopic,n15_c25_s21,21,1.0
2408019,bertopic,n15_c25_s21,43,1.0
2408135,bertopic,n15_c25_s21,42,1.0
2408480,bertopic,n15_c25_s21,15,0.22876736983986673
2409088,bertopic,n15_c25_s21,1,1.0
2410619,bertopic,n15_c25_s21,43,1.0
2412161,bertopic,n15_c25_s21,-1,0.0
2412165,bertopic,n15_c25_s21,37,0.4002214657264929
2412178,bertopic,n15_c25_s21,0,0.47954917750408205
2412182,bertopic,n15_c25_s21,6,1.0
2412206,bertopic,n15_c25_s21,13,0.818428695940511
2412209,bertopic,n15_c25_s21,1,1.0
2426755,bertopic,n15_c25_s21,5,1.0
2427222,bertopic,n15_c25_s21,0,1.0
2427273,bertopic,n15_c25_s21,-1,0.0
2427301,bertopic,n15_c25_s21,5,1.0
2427303,bertopic,n15_c25_s21,5,0.9218841347688509
2428938,bertopic,n15_c25_s21,19,1.0
2429147,bertopic,n15_c25_s21,8,0.3785986758837842
2429728,bertopic,n15_c25_s21,-1,0.0
2430090,bertopic,n15_c25_s21,11,0.6358875271605832
2433620,bertopic,n15_c25_s21,-1,0.0
2434204,bertopic,n15_c25_s21,24,0.8148874580366096
2434220,bertopic,n15_c25_s21,24,0.29179693307015786
2434367,bertopic,n15_c25_s21,24,1.0
2434517,bertopic,n15_c25_s21,0,1.0
2434602,bertopic,n15_c25_s21,24,0.5373681901320388
2434747,bertopic,n15_c25_s21,-1,0.0
2435071,bertopic,n15_c25_s21,-1,0.0
2436427,bertopic,n15_c25_s21,10,0.6795494132937892
2436795,bertopic,n15_c25_s21,35,1.0
2437000,bertopic,n15_c25_s21,3,1.0
2437040,bertopic,n15_c25_s21,-1,0.0
2437205,bertopic,n15_c25_s21,0,1.0
2437333,bertopic,n15_c25_s21,8,0.3119206448774395
2437917,bertopic,n15_c25_s21,17,0.8793084842032695
2439532,bertopic,n15_c25_s21,-1,0.0
2439825,bertopic,n15_c25_s21,5,1.0
2440514,bertopic,n15_c25_s21,-1,0.0
2440714,bertopic,n15_c25_s21,48,1.0
2440726,bertopic,n15_c25_s21,10,0.9981146935362649
2440864,bertopic,n15_c25_s21,29,1.0
2441508,bertopic,n15_c25_s21,9,0.5971698429579462
2442039,bertopic,n15_c25_s21,0,1.0
2442324,bertopic,n15_c25_s21,1,0.8956818175603514
2443126,bertopic,n15_c25_s21,70,1.0
2443197,bertopic,n15_c25_s21,7,0.5753813270205684
2444063,bertopic,n15_c25_s21,0,1.0
2444414,bertopic,n15_c25_s21,39,1.0
2444562,bertopic,n15_c25_s21,39,1.0
2445643,bertopic,n15_c25_s21,29,1.0
2445779,bertopic,n15_c25_s21,1,1.0
2446163,bertopic,n15_c25_s21,33,1.0
2446207,bertopic,n15_c25_s21,29,1.0
2446707,bertopic,n15_c25_s21,48,1.0
2446937,bertopic,n15_c25_s21,-1,0.0
2448440,bertopic,n15_c25_s21,3,1.0
2448787,bertopic,n15_c25_s21,22,1.0
2448837,bertopic,n15_c25_s21,55,1.0
2449149,bertopic,n15_c25_s21,1,0.9052042839903536
2449317,bertopic,n15_c25_s21,-1,0.0
2450742,bertopic,n15_c25_s21,0,1.0
2450918,bertopic,n15_c25_s21,35,0.42806192776315904
2450942,bertopic,n15_c25_s21,9,0.14540449193620775
2451069,bertopic,n15_c25_s21,39,1.0
2451238,bertopic,n15_c25_s21,1,1.0
2451707,bertopic,n15_c25_s21,5,0.7843510987035359
2453409,bertopic,n15_c25_s21,1,1.0
2453412,bertopic,n15_c25_s21,3,1.0
2453436,bertopic,n15_c25_s21,0,1.0
2453440,bertopic,n15_c25_s21,0,1.0
2453472,bertopic,n15_c25_s21,36,1.0
2453563,bertopic,n15_c25_s21,27,0.5720749690856339
2453999,bertopic,n15_c25_s21,38,0.6662298909420905
2454383,bertopic,n15_c25_s21,-1,0.0
2454783,bertopic,n15_c25_s21,-1,0.0
2454893,bertopic,n15_c25_s21,22,0.25331221099723616
2455095,bertopic,n15_c25_s21,4,1.0
2455805,bertopic,n15_c25_s21,0,1.0
2456162,bertopic,n15_c25_s21,15,0.3533227344064626
2456211,bertopic,n15_c25_s21,0,1.0
2456407,bertopic,n15_c25_s21,43,0.9016687917906557
2456475,bertopic,n15_c25_s21,43,1.0
2456572,bertopic,n15_c25_s21,1,1.0
2456667,bertopic,n15_c25_s21,-1,0.0
2456678,bertopic,n15_c25_s21,2,0.6245883126115679
2456891,bertopic,n15_c25_s21,45,0.7751920784678915
2456907,bertopic,n15_c25_s21,-1,0.0
2456917,bertopic,n15_c25_s21,32,0.11225521232720008
2457481,bertopic,n15_c25_s21,9,0.9673283395969132
2457499,bertopic,n15_c25_s21,29,0.44489905674376407
2457671,bertopic,n15_c25_s21,4,1.0
2458041,bertopic,n15_c25_s21,50,0.13236614259164237
2458813,bertopic,n15_c25_s21,-1,0.0
2458874,bertopic,n15_c25_s21,6,0.30234435515827046
2458940,bertopic,n15_c25_s21,39,1.0
2460062,bertopic,n15_c25_s21,30,0.4206177085179209
2461404,bertopic,n15_c25_s21,41,1.0
2461532,bertopic,n15_c25_s21,57,1.0
2461657,bertopic,n15_c25_s21,43,1.0
2461933,bertopic,n15_c25_s21,28,1.0
2462082,bertopic,n15_c25_s21,28,0.44015567838985536
2462241,bertopic,n15_c25_s21,28,1.0
2462311,bertopic,n15_c25_s21,28,0.8087465152998022
2462399,bertopic,n15_c25_s21,16,0.42958055150425606
2462443,bertopic,n15_c25_s21,28,1.0
2462816,bertopic,n15_c25_s21,28,1.0
2463759,bertopic,n15_c25_s21,49,1.0
2465364,bertopic,n15_c25_s21,43,1.0
2469797,bertopic,n15_c25_s21,43,1.0
2469839,bertopic,n15_c25_s21,4,1.0
2470452,bertopic,n15_c25_s21,-1,0.0
2470763,bertopic,n15_c25_s21,32,1.0
2471051,bertopic,n15_c25_s21,1,1.0
2471126,bertopic,n15_c25_s21,18,0.4255271665920487
2471197,bertopic,n15_c25_s21,41,1.0
2471245,bertopic,n15_c25_s21,43,0.8827343283297647
2471320,bertopic,n15_c25_s21,43,1.0
2471611,bertopic,n15_c25_s21,18,0.4255271665920487
2471675,bertopic,n15_c25_s21,0,1.0
2472050,bertopic,n15_c25_s21,4,0.7117294153450735
2472160,bertopic,n15_c25_s21,41,0.8525791951652919
2472262,bertopic,n15_c25_s21,29,0.32475723337476436
2472373,bertopic,n15_c25_s21,0,0.7571391740397405
2473223,bertopic,n15_c25_s21,39,1.0
2476182,bertopic,n15_c25_s21,43,1.0
2476457,bertopic,n15_c25_s21,33,0.4181689600397916
2476681,bertopic,n15_c25_s21,7,0.8025874103742244
2477933,bertopic,n15_c25_s21,43,1.0
2477984,bertopic,n15_c25_s21,2,0.7718019938298887
2478332,bertopic,n15_c25_s21,43,1.0
2478365,bertopic,n15_c25_s21,43,1.0
2481534,bertopic,n15_c25_s21,3,1.0
2482132,bertopic,n15_c25_s21,34,0.3545170873106062
2482143,bertopic,n15_c25_s21,2,1.0
2483268,bertopic,n15_c25_s21,32,0.11225521232720008
2487361,bertopic,n15_c25_s21,-1,0.0
2487593,bertopic,n15_c25_s21,12,1.0
2487639,bertopic,n15_c25_s21,0,1.0
2488153,bertopic,n15_c25_s21,35,0.42806192776315904
2488235,bertopic,n15_c25_s21,39,0.9794441649193021
2489311,bertopic,n15_c25_s21,3,1.0
2490050,bertopic,n15_c25_s21,35,0.42806192776315904
2490256,bertopic,n15_c25_s21,62,0.9429721100807594
2490374,bertopic,n15_c25_s21,16,0.8008436281618512
2490394,bertopic,n15_c25_s21,16,0.8370473950892305
2490615,bertopic,n15_c25_s21,28,1.0
2490964,bertopic,n15_c25_s21,1,1.0
2491368,bertopic,n15_c25_s21,17,1.0
2491624,bertopic,n15_c25_s21,34,0.4285242642181133
2492654,bertopic,n15_c25_s21,29,1.0
2492682,bertopic,n15_c25_s21,-1,0.0
2492984,bertopic,n15_c25_s21,18,0.4255271665920487
2495670,bertopic,n15_c25_s21,41,1.0
2495753,bertopic,n15_c25_s21,11,0.5981841542530142
2496437,bertopic,n15_c25_s21,35,0.42806192776315904
2496686,bertopic,n15_c25_s21,32,1.0
2497267,bertopic,n15_c25_s21,1,1.0
2497282,bertopic,n15_c25_s21,3,1.0
2497327,bertopic,n15_c25_s21,-1,0.0
2497334,bertopic,n15_c25_s21,9,0.6420604345863479
2497852,bertopic,n15_c25_s21,9,0.6256623484931362
2497908,bertopic,n15_c25_s21,13,0.7660622813413323
2497961,bertopic,n15_c25_s21,-1,0.0
2497986,bertopic,n15_c25_s21,1,1.0
2497993,bertopic,n15_c25_s21,-1,0.0
2498009,bertopic,n15_c25_s21,-1,0.0
2498079,bertopic,n15_c25_s21,23,1.0
2498188,bertopic,n15_c25_s21,23,0.6865170592732127
2498734,bertopic,n15_c25_s21,18,0.4255271665920487
2498922,bertopic,n15_c25_s21,32,1.0
2499091,bertopic,n15_c25_s21,35,0.42806192776315904
2499942,bertopic,n15_c25_s21,66,0.6871632338947531
2500285,bertopic,n15_c25_s21,0,1.0
2500497,bertopic,n15_c25_s21,10,1.0
2500530,bertopic,n15_c25_s21,12,0.45357730994899365
2500706,bertopic,n15_c25_s21,-1,0.0
2500726,bertopic,n15_c25_s21,4,1.0
2502273,bertopic,n15_c25_s21,1,0.8416748047284228
2502519,bertopic,n15_c25_s21,23,0.9715988980665634
2503070,bertopic,n15_c25_s21,35,0.42806192776315904
2503265,bertopic,n15_c25_s21,35,0.42806192776315904
2503505,bertopic,n15_c25_s21,4,0.9131650839426864
2504193,bertopic,n15_c25_s21,4,0.9071564394203046
2505790,bertopic,n15_c25_s21,11,0.745788314814588
2506070,bertopic,n15_c25_s21,10,0.5865558772773278
2506145,bertopic,n15_c25_s21,-1,0.0
2506307,bertopic,n15_c25_s21,10,0.6938178554197028
2507251,bertopic,n15_c25_s21,13,0.276442459799801
2507567,bertopic,n15_c25_s21,24,0.2487875198288231
2509901,bertopic,n15_c25_s21,-1,0.0
2510621,bertopic,n15_c25_s21,54,1.0
2510995,bertopic,n15_c25_s21,19,1.0
2511010,bertopic,n15_c25_s21,11,0.708667142654476
2511029,bertopic,n15_c25_s21,1,0.845361094809191
2511062,bertopic,n15_c25_s21,24,0.4922034767137841
2511287,bertopic,n15_c25_s21,-1,0.0
2511445,bertopic,n15_c25_s21,19,1.0
2511759,bertopic,n15_c25_s21,24,0.23721107759571577
2511812,bertopic,n15_c25_s21,10,0.5765123211603459
2511822,bertopic,n15_c25_s21,-1,0.0
2511853,bertopic,n15_c25_s21,11,0.7289956734240581
2511970,bertopic,n15_c25_s21,23,1.0
2513420,bertopic,n15_c25_s21,46,1.0
2514037,bertopic,n15_c25_s21,-1,0.0
2514945,bertopic,n15_c25_s21,39,0.28022948802900705
2515340,bertopic,n15_c25_s21,-1,0.0
2515632,bertopic,n15_c25_s21,-1,0.0
2516641,bertopic,n15_c25_s21,0,1.0
2518257,bertopic,n15_c25_s21,39,1.0
2519411,bertopic,n15_c25_s21,0,1.0
2520643,bertopic,n15_c25_s21,18,1.0
2520666,bertopic,n15_c25_s21,19,0.8522166920073383
2521483,bertopic,n15_c25_s21,25,1.0
2523209,bertopic,n15_c25_s21,18,1.0
2523892,bertopic,n15_c25_s21,20,0.6866134211922345
2524988,bertopic,n15_c25_s21,-1,0.0
2524994,bertopic,n15_c25_s21,39,0.41645051170848413
2524995,bertopic,n15_c25_s21,-1,0.0
2525759,bertopic,n15_c25_s21,11,1.0
2525933,bertopic,n15_c25_s21,-1,0.0
2525935,bertopic,n15_c25_s21,46,0.3860548204237629
2526045,bertopic,n15_c25_s21,-1,0.0
2526358,bertopic,n15_c25_s21,-1,0.0
2526523,bertopic,n15_c25_s21,52,1.0
2527057,bertopic,n15_c25_s21,-1,0.0
2528000,bertopic,n15_c25_s21,-1,0.0
2528385,bertopic,n15_c25_s21,12,1.0
2532561,bertopic,n15_c25_s21,8,0.36265204712154175
2532644,bertopic,n15_c25_s21,-1,0.0
2532656,bertopic,n15_c25_s21,0,0.7964422264071623
2532713,bertopic,n15_c25_s21,-1,0.0
2534432,bertopic,n15_c25_s21,62,1.0
2534829,bertopic,n15_c25_s21,36,1.0
2536085,bertopic,n15_c25_s21,3,1.0
2536112,bertopic,n15_c25_s21,66,1.0
2536497,bertopic,n15_c25_s21,27,0.4067461291624052
2538025,bertopic,n15_c25_s21,-1,0.0
2540031,bertopic,n15_c25_s21,46,1.0
2540061,bertopic,n15_c25_s21,-1,0.0
2541974,bertopic,n15_c25_s21,39,0.43389088058965297
2546975,bertopic,n15_c25_s21,1,1.0
2547045,bertopic,n15_c25_s21,19,1.0
2547054,bertopic,n15_c25_s21,1,1.0
2547079,bertopic,n15_c25_s21,23,0.9715988980665634
2547081,bertopic,n15_c25_s21,-1,0.0
2547132,bertopic,n15_c25_s21,10,1.0
2547160,bertopic,n15_c25_s21,-1,0.0
2547346,bertopic,n15_c25_s21,52,1.0
2547383,bertopic,n15_c25_s21,4,1.0
2548547,bertopic,n15_c25_s21,4,1.0
2549327,bertopic,n15_c25_s21,5,1.0
2549502,bertopic,n15_c25_s21,13,0.276442459799801
2550955,bertopic,n15_c25_s21,52,1.0
2555405,bertopic,n15_c25_s21,11,1.0
2556252,bertopic,n15_c25_s21,4,0.75903558392012
2557196,bertopic,n15_c25_s21,46,1.0
2557271,bertopic,n15_c25_s21,-1,0.0
2557319,bertopic,n15_c25_s21,46,1.0
2557345,bertopic,n15_c25_s21,-1,0.0
2557367,bertopic,n15_c25_s21,11,1.0
2557605,bertopic,n15_c25_s21,-1,0.0
2558138,bertopic,n15_c25_s21,0,1.0
2559335,bertopic,n15_c25_s21,-1,0.0
2559394,bertopic,n15_c25_s21,33,0.4181689600397916
2559427,bertopic,n15_c25_s21,15,1.0
2559445,bertopic,n15_c25_s21,-1,0.0
2560526,bertopic,n15_c25_s21,20,1.0
2560688,bertopic,n15_c25_s21,28,0.656446255007273
2560843,bertopic,n15_c25_s21,18,0.8260667992691965
2561244,bertopic,n15_c25_s21,20,0.8974383515484166
2561717,bertopic,n15_c25_s21,18,0.8218185016199808
2562374,bertopic,n15_c25_s21,49,1.0
2562415,bertopic,n15_c25_s21,7,1.0
2562482,bertopic,n15_c25_s21,39,1.0
2562975,bertopic,n15_c25_s21,28,0.1970102365246433
2563153,bertopic,n15_c25_s21,28,0.339995216375516
2563258,bertopic,n15_c25_s21,-1,0.0
2563393,bertopic,n15_c25_s21,7,1.0
2564722,bertopic,n15_c25_s21,7,0.5971193065103576
2566397,bertopic,n15_c25_s21,2,0.8335071730290856
2566487,bertopic,n15_c25_s21,20,1.0
2566617,bertopic,n15_c25_s21,11,1.0
2568034,bertopic,n15_c25_s21,20,1.0
2568753,bertopic,n15_c25_s21,20,1.0
2568792,bertopic,n15_c25_s21,11,1.0
2569841,bertopic,n15_c25_s21,-1,0.0
2569845,bertopic,n15_c25_s21,15,0.49813005637893215
2569888,bertopic,n15_c25_s21,9,0.12502910290306787
2569929,bertopic,n15_c25_s21,9,0.12502910290306787
2570383,bertopic,n15_c25_s21,7,1.0
2571180,bertopic,n15_c25_s21,7,1.0
2571596,bertopic,n15_c25_s21,8,0.3091765799185423
2571959,bertopic,n15_c25_s21,47,1.0
2572038,bertopic,n15_c25_s21,7,1.0
2577011,bertopic,n15_c25_s21,33,1.0
2577975,bertopic,n15_c25_s21,-1,0.0
2580156,bertopic,n15_c25_s21,21,0.34425544797417723
2584460,bertopic,n15_c25_s21,4,1.0
2585256,bertopic,n15_c25_s21,9,0.12502910290306787
2585345,bertopic,n15_c25_s21,35,1.0
2585370,bertopic,n15_c25_s21,60,1.0
2585638,bertopic,n15_c25_s21,10,0.9919891303156556
2589596,bertopic,n15_c25_s21,17,0.7721398317697139
2589611,bertopic,n15_c25_s21,10,0.9899321135704255
2589710,bertopic,n15_c25_s21,10,0.7317073577137229
2589808,bertopic,n15_c25_s21,48,0.7875378909454291
2589857,bertopic,n15_c25_s21,10,1.0
2590419,bertopic,n15_c25_s21,28,0.548296143313525
2591450,bertopic,n15_c25_s21,-1,0.0
2591462,bertopic,n15_c25_s21,-1,0.0
2591536,bertopic,n15_c25_s21,15,0.49813005637893215
2593165,bertopic,n15_c25_s21,-1,0.0
2594634,bertopic,n15_c25_s21,10,1.0
2597251,bertopic,n15_c25_s21,-1,0.0
2597262,bertopic,n15_c25_s21,9,1.0
2597271,bertopic,n15_c25_s21,10,1.0
2597367,bertopic,n15_c25_s21,18,0.8456412489072425
2597439,bertopic,n15_c25_s21,0,0.9956128559338714
2598365,bertopic,n15_c25_s21,10,1.0
2598406,bertopic,n15_c25_s21,10,1.0
2600113,bertopic,n15_c25_s21,-1,0.0
2600586,bertopic,n15_c25_s21,10,0.975541337486799
2601172,bertopic,n15_c25_s21,48,0.6340340287890094
2601422,bertopic,n15_c25_s21,0,1.0
2603625,bertopic,n15_c25_s21,-1,0.0
2603806,bertopic,n15_c25_s21,1,1.0
2604483,bertopic,n15_c25_s21,4,1.0
2604962,bertopic,n15_c25_s21,56,1.0
2607422,bertopic,n15_c25_s21,-1,0.0
2608083,bertopic,n15_c25_s21,3,0.8043435540606338
2608302,bertopic,n15_c25_s21,10,0.9985908965519302
2608658,bertopic,n15_c25_s21,-1,0.0
2610131,bertopic,n15_c25_s21,48,0.5314091599765637
2610158,bertopic,n15_c25_s21,48,0.5057896177448729
2611816,bertopic,n15_c25_s21,9,0.5092417674760698
2612658,bertopic,n15_c25_s21,3,0.8175709632627216
2613031,bertopic,n15_c25_s21,-1,0.0
2613241,bertopic,n15_c25_s21,40,1.0
2613242,bertopic,n15_c25_s21,10,1.0
2615935,bertopic,n15_c25_s21,46,1.0
2616124,bertopic,n15_c25_s21,11,1.0
2616141,bertopic,n15_c25_s21,15,0.49813005637893215
2616428,bertopic,n15_c25_s21,60,1.0
2616491,bertopic,n15_c25_s21,10,0.6466435318252591
2616561,bertopic,n15_c25_s21,1,1.0
2616582,bertopic,n15_c25_s21,-1,0.0
2616608,bertopic,n15_c25_s21,33,1.0
2616643,bertopic,n15_c25_s21,40,1.0
2616745,bertopic,n15_c25_s21,48,0.6817591777272692
2617387,bertopic,n15_c25_s21,0,1.0
2617662,bertopic,n15_c25_s21,0,1.0
2618113,bertopic,n15_c25_s21,48,0.8648106077024583
2619892,bertopic,n15_c25_s21,48,0.826658003619675
2623860,bertopic,n15_c25_s21,-1,0.0
2623864,bertopic,n15_c25_s21,9,0.7509053871688767
2624058,bertopic,n15_c25_s21,0,1.0
2624922,bertopic,n15_c25_s21,10,0.5635807948158559
2624940,bertopic,n15_c25_s21,10,1.0
2624999,bertopic,n15_c25_s21,11,1.0
2625001,bertopic,n15_c25_s21,1,1.0
2625024,bertopic,n15_c25_s21,-1,0.0
2625083,bertopic,n15_c25_s21,40,1.0
2625148,bertopic,n15_c25_s21,48,0.5436709611022889
2625184,bertopic,n15_c25_s21,33,1.0
2625996,bertopic,n15_c25_s21,-1,0.0
2626013,bertopic,n15_c25_s21,12,0.45357730994899365
2626562,bertopic,n15_c25_s21,48,0.9350522444489363
2628178,bertopic,n15_c25_s21,0,1.0
2628491,bertopic,n15_c25_s21,1,1.0
2630605,bertopic,n15_c25_s21,23,0.9085956409331738
2630699,bertopic,n15_c25_s21,54,0.7665220411423602
2631118,bertopic,n15_c25_s21,26,0.331438583059882
2631313,bertopic,n15_c25_s21,0,1.0
2632728,bertopic,n15_c25_s21,17,1.0
2633781,bertopic,n15_c25_s21,16,0.3410997043629079
2634148,bertopic,n15_c25_s21,40,1.0
2634462,bertopic,n15_c25_s21,23,0.9373959403774463
2634583,bertopic,n15_c25_s21,0,1.0
2634599,bertopic,n15_c25_s21,42,0.6301797966607178
2634890,bertopic,n15_c25_s21,23,0.8875249174379787
2635271,bertopic,n15_c25_s21,14,0.8537831590761069
2635319,bertopic,n15_c25_s21,14,0.8070226570760871
2638979,bertopic,n15_c25_s21,23,0.9715988980665634
2638981,bertopic,n15_c25_s21,9,1.0
2638998,bertopic,n15_c25_s21,17,1.0
2640069,bertopic,n15_c25_s21,-1,0.0
2640096,bertopic,n15_c25_s21,23,0.8863129955333329
2640233,bertopic,n15_c25_s21,49,1.0
2640243,bertopic,n15_c25_s21,39,0.4972459635906412
2641130,bertopic,n15_c25_s21,40,1.0
2641148,bertopic,n15_c25_s21,10,0.6681098655835503
2643143,bertopic,n15_c25_s21,8,1.0
2643491,bertopic,n15_c25_s21,0,0.7578173711172225
2644906,bertopic,n15_c25_s21,28,1.0
2644951,bertopic,n15_c25_s21,3,1.0
2645149,bertopic,n15_c25_s21,16,0.6504208149798747
2645355,bertopic,n15_c25_s21,23,0.9500556090542143
2645374,bertopic,n15_c25_s21,62,1.0
2645390,bertopic,n15_c25_s21,28,1.0
2645862,bertopic,n15_c25_s21,1,0.9781962156353676
2646547,bertopic,n15_c25_s21,-1,0.0
2647339,bertopic,n15_c25_s21,4,0.901251920594887
2648435,bertopic,n15_c25_s21,16,0.451309307449693
2650143,bertopic,n15_c25_s21,-1,0.0
2650427,bertopic,n15_c25_s21,32,0.11225521232720008
2653529,bertopic,n15_c25_s21,16,0.46355837720802007
2655116,bertopic,n15_c25_s21,9,1.0
2655146,bertopic,n15_c25_s21,0,1.0
2655757,bertopic,n15_c25_s21,35,0.20197467412117723
2656186,bertopic,n15_c25_s21,16,0.4485827692274621
2658677,bertopic,n15_c25_s21,0,1.0
2662017,bertopic,n15_c25_s21,0,1.0
2662954,bertopic,n15_c25_s21,32,0.11225521232720008
2663084,bertopic,n15_c25_s21,60,1.0
2669279,bertopic,n15_c25_s21,9,0.6490669954551053
2669355,bertopic,n15_c25_s21,9,0.12502910290306787
2669468,bertopic,n15_c25_s21,10,0.33241051108597197
2669701,bertopic,n15_c25_s21,0,1.0
2670031,bertopic,n15_c25_s21,14,1.0
2671995,bertopic,n15_c25_s21,0,1.0
2672350,bertopic,n15_c25_s21,33,1.0
2674392,bertopic,n15_c25_s21,18,0.4255271665920487
2675013,bertopic,n15_c25_s21,0,1.0
2675183,bertopic,n15_c25_s21,10,1.0
2675771,bertopic,n15_c25_s21,3,0.9418384188717783
2676416,bertopic,n15_c25_s21,0,1.0
2676612,bertopic,n15_c25_s21,0,1.0
2677132,bertopic,n15_c25_s21,23,0.9040203981614998
2680179,bertopic,n15_c25_s21,-1,0.0
2680561,bertopic,n15_c25_s21,0,1.0
2683268,bertopic,n15_c25_s21,33,1.0
2687760,bertopic,n15_c25_s21,-1,0.0
2687766,bertopic,n15_c25_s21,4,1.0
2687926,bertopic,n15_c25_s21,0,1.0
2689613,bertopic,n15_c25_s21,1,1.0
2689671,bertopic,n15_c25_s21,0,1.0
2689695,bertopic,n15_c25_s21,23,0.9471457014947012
2689768,bertopic,n15_c25_s21,-1,0.0
2689814,bertopic,n15_c25_s21,16,0.6582473336188145
2689857,bertopic,n15_c25_s21,35,0.1858700383525099
2689916,bertopic,n15_c25_s21,0,1.0
2689917,bertopic,n15_c25_s21,1,1.0
2690024,bertopic,n15_c25_s21,14,0.9261444181004859
2690194,bertopic,n15_c25_s21,3,1.0
2690231,bertopic,n15_c25_s21,58,0.892942516353756
2690249,bertopic,n15_c25_s21,0,1.0
2690261,bertopic,n15_c25_s21,18,0.4191733436944153
2690277,bertopic,n15_c25_s21,60,1.0
2690325,bertopic,n15_c25_s21,49,0.16376125689687315
2690334,bertopic,n15_c25_s21,9,0.29029189546744805
2693080,bertopic,n15_c25_s21,18,0.4255271665920487
2693275,bertopic,n15_c25_s21,60,1.0
2694617,bertopic,n15_c25_s21,49,0.16718746210049193
2695528,bertopic,n15_c25_s21,0,1.0
2698761,bertopic,n15_c25_s21,0,1.0
2698785,bertopic,n15_c25_s21,60,1.0
2698807,bertopic,n15_c25_s21,3,0.8678049093216322
2698815,bertopic,n15_c25_s21,49,0.15941459257027693
2698842,bertopic,n15_c25_s21,9,1.0
2698984,bertopic,n15_c25_s21,1,0.845361094809191
2699021,bertopic,n15_c25_s21,7,0.4945617282959152
2699836,bertopic,n15_c25_s21,60,1.0
2699874,bertopic,n15_c25_s21,21,1.0
2699915,bertopic,n15_c25_s21,9,0.14540449193620775
2699934,bertopic,n15_c25_s21,1,0.845361094809191
2699981,bertopic,n15_c25_s21,54,1.0
2700077,bertopic,n15_c25_s21,-1,0.0
2700084,bertopic,n15_c25_s21,-1,0.0
2700223,bertopic,n15_c25_s21,49,0.16329755465788318
2700232,bertopic,n15_c25_s21,0,1.0
2700272,bertopic,n15_c25_s21,0,1.0
2700279,bertopic,n15_c25_s21,18,0.4255271665920487
2700547,bertopic,n15_c25_s21,49,0.1646730727021398
2700619,bertopic,n15_c25_s21,0,1.0
2700941,bertopic,n15_c25_s21,60,1.0
2701030,bertopic,n15_c25_s21,60,1.0
2702464,bertopic,n15_c25_s21,-1,0.0
2702608,bertopic,n15_c25_s21,1,0.845361094809191
2702666,bertopic,n15_c25_s21,1,0.845361094809191
2702728,bertopic,n15_c25_s21,1,0.845361094809191
2702831,bertopic,n15_c25_s21,1,0.845361094809191
2703100,bertopic,n15_c25_s21,7,1.0
2703167,bertopic,n15_c25_s21,1,0.845361094809191
2705197,bertopic,n15_c25_s21,-1,0.0
2705340,bertopic,n15_c25_s21,-1,0.0
2705854,bertopic,n15_c25_s21,40,1.0
2706102,bertopic,n15_c25_s21,29,0.642515649200045
2707779,bertopic,n15_c25_s21,12,0.45357730994899365
2708802,bertopic,n15_c25_s21,-1,0.0
2709830,bertopic,n15_c25_s21,-1,0.0
2710287,bertopic,n15_c25_s21,1,0.845361094809191
2710980,bertopic,n15_c25_s21,60,1.0
2713702,bertopic,n15_c25_s21,1,1.0
2713751,bertopic,n15_c25_s21,9,1.0
2713786,bertopic,n15_c25_s21,41,0.9224197723033706
2714741,bertopic,n15_c25_s21,17,1.0
2714751,bertopic,n15_c25_s21,-1,0.0
2714851,bertopic,n15_c25_s21,1,1.0
2715113,bertopic,n15_c25_s21,-1,0.0
2715544,bertopic,n15_c25_s21,1,1.0
2715594,bertopic,n15_c25_s21,40,1.0
2715697,bertopic,n15_c25_s21,-1,0.0
2715870,bertopic,n15_c25_s21,-1,0.0
2716305,bertopic,n15_c25_s21,12,0.45357730994899365
2716339,bertopic,n15_c25_s21,-1,0.0
2717304,bertopic,n15_c25_s21,34,1.0
2717851,bertopic,n15_c25_s21,35,0.42806192776315904
2717955,bertopic,n15_c25_s21,-1,0.0
2719984,bertopic,n15_c25_s21,39,1.0
2722280,bertopic,n15_c25_s21,27,1.0
2723598,bertopic,n15_c25_s21,-1,0.0
2723664,bertopic,n15_c25_s21,-1,0.0
2724071,bertopic,n15_c25_s21,1,0.845361094809191
2724468,bertopic,n15_c25_s21,4,1.0
2732227,bertopic,n15_c25_s21,32,0.11225521232720008
2735098,bertopic,n15_c25_s21,-1,0.0
2735919,bertopic,n15_c25_s21,64,0.7082052075019947
2735971,bertopic,n15_c25_s21,9,0.14540449193620775
2736091,bertopic,n15_c25_s21,9,0.59637989314762
2736175,bertopic,n15_c25_s21,1,1.0
2737855,bertopic,n15_c25_s21,32,0.11225521232720008
2741418,bertopic,n15_c25_s21,-1,0.0
2742487,bertopic,n15_c25_s21,70,1.0
2742517,bertopic,n15_c25_s21,3,1.0
2744196,bertopic,n15_c25_s21,18,0.4255271665920487
2747430,bertopic,n15_c25_s21,70,1.0
2747800,bertopic,n15_c25_s21,20,0.7035666822380038
2748634,bertopic,n15_c25_s21,-1,0.0
2749995,bertopic,n15_c25_s21,17,0.9436641497317307
2755458,bertopic,n15_c25_s21,70,1.0
2756434,bertopic,n15_c25_s21,70,1.0
2756499,bertopic,n15_c25_s21,1,1.0
2757091,bertopic,n15_c25_s21,-1,0.0
2757384,bertopic,n15_c25_s21,1,1.0
2772606,bertopic,n15_c25_s21,20,0.7035666822380038
2773959,bertopic,n15_c25_s21,1,0.845361094809191
2774572,bertopic,n15_c25_s21,40,1.0
2774746,bertopic,n15_c25_s21,-1,0.0
2775638,bertopic,n15_c25_s21,0,1.0
2781172,bertopic,n15_c25_s21,-1,0.0
2781301,bertopic,n15_c25_s21,48,1.0
2785307,bertopic,n15_c25_s21,70,1.0
2788190,bertopic,n15_c25_s21,1,0.845361094809191
2788229,bertopic,n15_c25_s21,1,1.0
2788276,bertopic,n15_c25_s21,1,1.0
2788348,bertopic,n15_c25_s21,-1,0.0
2788352,bertopic,n15_c25_s21,-1,0.0
2788503,bertopic,n15_c25_s21,64,0.8192599174140248
2788627,bertopic,n15_c25_s21,1,1.0
2788752,bertopic,n15_c25_s21,1,1.0
2788805,bertopic,n15_c25_s21,1,1.0
2788848,bertopic,n15_c25_s21,70,1.0
